title,label,Prediction
Pakistan army says state exploring how to integrate militant-linked groups,0,0
U.S. poised to lift sanctions on Sudan: official,0,0
Hurricane relief efforts delay deployment of U.S. troops to Afghanistan,0,0
Russia Saudi Arabia cement new friendship with king s visit,0,0
After British PM May s speech fiasco her party puzzles: Who next?,0,0
Libyan sides call Boris Johnson s bodies remark unacceptable ,0,0
Hacking attacks: a pre-election setback for Italy s 5-Star Movement,0,0
Cyprus says it agrees with Spain to postpone southern EU summit,0,0
Spain to make it easier for firms to move base from Catalonia as business alarm deepens,0,0
Russia hunting four people behind huge bomb hoax campaign,0,0
Spanish lender Sabadell to transfer legal base to Alicante - spokeswoman,0,0
Support for Austrian ruling party slips ahead of Oct. 15 vote: poll,0,0
Suicide bombing at southwest Pakistan shrine kills 18,0,0
U.S. condemns arrest of Istanbul consulate worker,0,0
 Trump dossier on Russia links now part of special counsel s probe: sources,0,0
Syria fighting worst since Aleppo air strikes deadly: aid agencies,0,0
U.S. officials cite need for caution in addressing Rohingya crisis,0,0
No decision yet on whether to go ahead with Monday s Catalan parliament session: Speaker,0,0
Libyans flee by boat amid terrible violence at home,0,0
Row over Pakistani paramilitary unit fuels political confusion,0,0
Spanish markets gain as investor nerves ease over Catalonia,0,0
Catalan uncertainty paralyzing regional investment Spain s economy minister says,0,0
Spain PM calls on Catalan leader to drop independence plans to avoid greater evils ,0,0
Factbox: Passport to Catalonia - how to achieve independence,0,0
Germany drops mass U.S. UK spying probe on lack of evidence,0,0
Erdogan says Turkey will close Iraq border and air space soon,0,0
Russia-Trump campaign collusion an open issue: U.S. Senate panel chiefs,0,0
Moscow Riyadh work together to unite Syria s opposition: Saudi minister,0,0
Sudan regrets U.S. putting it on trafficking list before sanctions decision,0,0
Saudi Arabia agrees to buy Russian S-400 air defense system: Arabiya TV,0,0
Two hurt after report of explosion near Glasgow Scotland,0,0
French troops conducting operations on Niger-Mali border after attack,0,0
Late UK PM Heath had questions to answer over child sex abuse claims -police,0,0
Northern Ireland: Life inside The Fountain,0,0
Islamic State driven out of last stronghold in northern Iraq,0,0
Hamas picks new deputy chief whom Israel blames for helping spark Gaza war,0,0
Catalan standoff touches separatist hearts beyond Spain,0,0
Belgium eyes British U.S. jets; French offer under legal scrutiny,0,0
Woman s murder prompts mass eviction of Syrians from Lebanese town,0,0
German spy agencies want right to destroy stolen data and hack back ,0,0
Venezuela s unrest food scarcity take psychological toll on children,0,0
Saudi king tells Putin Iraqi territorial integrity must be preserved,0,0
Saudi King Salman demands Iran stop meddling in Middle East: Ifax,0,0
Syrian rebels resist Jordan pressure to hand over border crossing,0,0
France offers to mediate between Baghdad and Kurds,0,0
UK top court seeks clarity on how to handle EU rulings after Brexit,0,0
Critic of Rwandan president to face criminal trial on Friday,0,0
EU executive not assessing impact of Catalan crisis on Spanish economy,0,0
Nerve agent VX found on shirts of women accused of North Korean murder expert says,0,0
Thai court issues second arrest warrant for fugitive former PM Yingluck,0,0
Turkish security forces kill five Kurdish militants in southwestern Turkey: NTV,0,0
Brazil s congress sets up fund to cover lack of campaign finance,0,0
Ukraine expels another Russian journalist over coverage,0,0
Turkey orders detention of 133 ministry workers in post-coup probe: Anadolu,0,0
Macron s sharp tongue throws French Twitter into a frenzy,0,0
British PM showed guts and grace in conference speech minister says,0,0
After speech fiasco UK minister says ruling Conservatives must stay cool,0,0
British PM May is not considering resigning after ruined speech Sky says,0,0
Danish inventor had murder videos on his computer: prosecutor,0,0
Australia creates photo ID database to help track terror suspects,0,0
Your gilded chariot awaits: Brunei sultan celebrates 50 years in power,0,0
Thousands queue to pay last respects to Thailand s late King Bhumibol,0,0
India struggles to rein in border flows of cattle and Rohingya,0,0
Russia says kills 7 Nusra Front field commanders in Syria air strike,0,0
Talks to form NZ coalition govt start no decision until after final count,0,0
Saudi king arrives in Moscow: Russian state TV,0,0
Chemical weapons watchdog found sarin used in March Syria attack: sources,0,0
U.S. Nigerien troops killed in ambush on patrol in Niger,0,0
Syrian opposition says Russian jets kill civilians fleeing across Euphrates,0,0
Amnesty International urges halt to Afghan refugee returns,0,0
Three U.S. Army Special Forces soldiers killed in Niger: New York Times,0,0
Maverick state governor takes aim at Mexican presidency,0,0
Brazil s Meirelles has hired media team ahead of 2018 election: sources,0,0
Ecuador president replaces vice president jailed in Odebrecht probe,0,0
Exclusive: European envoys take fight for Iran nuclear deal to U.S. Congress,0,0
Russia throws North Korea lifeline to stymie regime change,0,0
Brazil detains Italian fugitive Battisti leaving country,0,0
Catalonia moves to declare independence from Spain on Monday,0,0
Saudi Arabia arrests 46 for stirring divisions: state media,0,0
Spain says if Catalan leader wants talks he first needs to respect the law,0,0
Austria puts the squeeze on refugees with benefit cuts,0,0
Sudan expects U.S. to lift sanctions conditions met: state minister,0,0
Spanish PM seeks safety in numbers before playing Catalonia trump card,0,0
Russia says critically injures ex-Qaeda leader in Syria; group denies,0,0
Catalan leader backs mediation to resolve regional crisis,0,0
Khamenei says Iran Turkey must act against Kurdish secession: TV,0,0
Bangladesh destroys boats ferrying Rohingya from Myanmar,0,0
Syria s militant ex-Qaeda group denies leader injured in Russian strike,0,0
Mexico plans aid for Puerto Rico after Hurricane Maria,0,0
Abandoned by tourists Bali town counts cost of Indonesia volcano,0,0
London s Angel station reopens after suspect package scare,0,0
London s Angel underground station closed due to security alert,0,0
UK police alerted to suspect package in London s Islington area,0,0
 It s time to talk : EU again urges dialogue in Spain,0,0
Islamic State claims deadly attack on court in Libya s Misrata,0,0
First German immigration law on agenda as Merkel seeks coalition,0,0
Eastern Europe s nationalists feel vindicated by German vote,0,0
EU executive steps up action against Hungary over NGO law,0,0
Putin says military strike against North Korea not sure to succeed,0,0
Trump and Japan s Abe agree to keep pressure on North Korea,0,0
Iran sentences member of nuclear negotiating team to five years in jail: Tasnim,0,0
Trump to receive multiple options on Iran nuclear deal: Tillerson,0,0
Search ends for bodies in Mexico City after earthquake,0,0
U.N. panel calls on North Korea to end torture child labor,0,0
Tension grips Nigerian city as separatist leader goes missing,0,0
Nigeria anti-graft agency rejects ex-first lady s witch-hunt accusation,0,0
Italian government gets economy bill through Senate despite friction,0,0
Turkish judge finds 42 soldiers guilty of trying to kill Erdogan,0,0
Putin says Trump is listening to Russia s views on North Korea crisis,0,0
Russia s Putin says hasn t decided if he will run in 2018 election,0,0
Jailed Kremlin critic calls on Russians to protest on Putin s birthday,0,0
Prankster coughing fits mar Theresa May’s speech to activists,0,0
Mohammed Dahlan speaks about Palestinian unity and his back-room role,0,0
EU s Juncker courts eurosceptic easterners with dinner invite,0,0
Venezuela s Maduro thanks Putin for support in difficult times,0,0
Putin tells Maduro: we ll keep cooperating with you on economy,0,0
Russia raps Canada s Magnitsky bill ready to retaliate,0,0
Ireland moots possible special post-Brexit arrangements for itself Northern Ireland,0,0
UK employers already on edge over Labour worry about May s tinkering ,0,0
Strong chances of Brexit no deal but UK government may collapse: Scottish minister,0,0
Russia says IS attacks in Syria come from location near U.S. forces,0,0
City of Oxford strips Aung San Suu Kyi of human rights award,0,0
Top ANC official says party must act against corrupt members,0,0
Catalan head says already feels like the president of a free country: interview,0,0
Swedish court orders Bombardier employee to be released from custody,0,0
Catalan business lobby says worried by any declaration of independence,0,0
Britain s Boris Johnson jokes about dead bodies in Libya,0,0
Russia investigating IS claim about Russian hostages: RIA,0,0
Aid groups seek $434 million to help up to 1.2 million Rohingya Muslims fleeing Myanmar,0,0
Putin: Russia-U.S. ties may improve through joint fight against terror,0,0
Iran says Tehran Ankara to confront disintegration of Iraq Syria: TV,0,0
Turkey to take stronger steps in response to Iraqi Kurdish referendum: Erdogan,0,0
Irish PM prefers May abortion referendum to maximize student vote,0,0
German prosecutors accuse former far-right party leader of perjury,0,0
Saudi king leaves for Moscow crown prince in charge,0,0
State workers protest in Romania over social security payment shift,0,0
Philippines Duterte takes aim at graft agency head for query on his wealth,0,0
Putin on Iraqi Kurdistan says Moscow handles situation with care,0,0
Mood sours in ethnically split Cyprus over aid convoy spat,0,0
Prankster interrupts British PM May s keynote party speech,0,0
May confident of winning Brexit deal that works for Britain EU,0,0
Islamic State claims responsibility for attack in Libyan city of Misrata: statement,0,0
Iraqi forces in final assault to take Hawija from Islamic State,0,0
British PM May s voice repeatedly fails in keynote speech,0,0
OSCE watchdog criticizes German social media law as too broad,0,0
Tanzanian president discloses salary one of lowest among African leaders,0,0
UK PM May: We must fight for the political mainstream,0,0
The Reuters Graphic: The threat from Bali s angry volcano,0,0
East Timor president swears in first minority government,0,0
Rwanda charges critic of president with inciting insurrection,0,0
Exclusive: Cambodian opposition leader calls for sanctions on leadership,0,0
Germany: Rule of law must hold in Spain,0,0
Independence or bust: Catalan leader boxed in by his own angry base,0,0
Pro-independence parties want Catalan parliament to discuss independence on Monday: report,0,0
Trump praises response to Puerto Rico says crisis straining budget,0,0
Europe will do everything to preserve Iran nuclear deal: EU diplomat,0,0
Scooter fire in western Paris triggers Jordan explosion scare,0,0
Mongolia names biker enthusiast PM kick-starting IMF rescue package,0,0
U.N. experts on women and children s rights decry Myanmar atrocities,0,0
Spain s King condemns Catalan leaders as thousands take to streets,0,0
Spain s high court calls head of Catalan police to testify,0,0
Bomb blast in southeast Turkey kills four soldiers wounds four: governor,0,0
Majority of Germans want Merkel s conservatives FDP Greens to form govt,0,0
Trump Japan PM Abe to hold phone talks Wednesday: source,0,0
Rohingya refugees scoff at Myanmar s assurances on going home,0,0
Mattis says will try to work with Pakistan one more time ,0,0
Trump says Puerto Rico s debt will have to be wiped out,0,0
White House to request $29 billion for hurricane relief,0,0
Bombardier dispute risks Northern Irish peace Ireland to tell U.S.,0,0
Death toll in Puerto Rico from Hurricane Maria more than doubles to 34,0,0
Somali man charged in Canada attack was ordered deported from U.S.,0,0
UK Prince Charles s tour of southeast Asia leaves out Myanmar,0,0
U.S. expels 15 Cuban diplomats fuelling tensions with Havana,0,0
Defense Secretary Mattis suggests sticking with Iran nuclear deal,0,0
White House finalizing $29 billion request for disaster aid: AP,0,0
Saudi Arabia names Nabeel al-Amudi transport minister,0,0
France to lead investigation into A380 engine explosion,0,0
Storms to challenge Puerto Rico Virgin Islands credit quality: Moody s,0,0
Puigdemont says Catalonia to declare independence in matter of days : BBC,0,0
Greece overcomes forestry setback to develop Athens coastal resort,0,0
Trying to reset agenda UK s May sets out to tackle social injustice,0,0
Draft U.N. blacklist names Saudi coalition for killing children in Yemen,0,0
Boris Johnson gives PM May advice on Brexit while parading loyalty,0,0
EU parliament mauls UK s Brexit progress May urged to sack Boris ,0,0
Russia threatens retaliation over U.S. break-in at consulate,0,0
France backs tough anti-terrorism bill after wave of attacks,0,0
Trump says Puerto Rico has thrown budget out of whack ,0,0
House Speaker Ryan expects more emergency relief for hurricanes: Fox,0,0
Sen. McConnell says expects Puerto Rico funding request by mid-October,0,0
Democratic Senator Schumer to Trump: Stop blaming Puerto Ricans,0,0
Cuba decries U.S. expulsion of 15 diplomats,0,0
U.S. denies breaking into Russian diplomatic apartments in San Francisco,0,0
Dutch defense minister resigns over peacekeepers deaths in Mali,0,0
Spain s King Felipe says committed to Spanish unity amid Catalan crisis,0,0
Mattis says Iran fundamentally in compliance with nuclear deal,0,0
Turkey should follow West s lead on rights: author Orhan Pamuk,0,0
Poles dressed in black march in defense of women s rights,0,0
Vatican vows to seek truth about diplomat in child pornography case,0,0
UK PM May says Brexit will not mean a hard border with Ireland,0,0
Macron fights president of the rich tag after ending wealth tax,0,0
Law to let Museveni extend rule brought to Ugandan parliament,0,0
Iranian foreign minister urges regional cooperation after returning from Oman Qatar,0,0
Balkan leaders back Serbia s bid to join European Union,0,0
Iraq steps up retaliation against Kurdish independence vote with dollar ban,0,0
EU s diplomatic back channel in Pyongyang goes cold,0,0
Mattis plays down split between Trump Tillerson on North Korea,0,0
EU talks going well but there s too much gloom: UK s foreign minister,0,0
Saudi king heads to Russia with oil investment and Syria on agenda,0,0
Trade in focus at hearing for Trump s nominee as ambassador to India,0,0
Joy and relief greet Puerto Rico fuel deliveries after hurricane,0,0
French union rank and file urge their bosses to put pressure on Macron,0,0
Iraqi Kurds face more sanctions after calling elections,0,0
Austria s Social Democrats urge Facebook to unmask people behind smear campaign,0,0
Uzbekistan releases dissident arrests another,0,0
Palestinian cabinet convenes in Gaza in move to reconcile with Hamas,0,0
Kurdish rebel leader Talabani sought Iraqi unity as president,0,0
U.S. to decide soon on future of Taliban office in Qatar,0,0
Spanish court grants U.S. extradition for Russian hacking suspect,0,0
Tensions talks courts: three scenarios for Spain-Catalonia stand-off,0,0
Serbia accuses world of double standards over Catalonia and Kosovo,0,0
Islamic State releases video it says shows two Russians captured in Syria,0,0
Russian military denies report IS captured Russian soldiers in Syria: Ifax,0,0
Refugees health problems in Greece mostly unmet: medical charity,0,0
Turkey seeks to isolate Syria Idlib jihadists opposing truce,0,0
Five detained over wired explosives found in posh Paris neighborhood,0,0
Indian tycoon Mallya appears in UK court on new money-laundering accusations,0,0
Kurdish leader and ex-Iraqi president Jalal Talabani dies: state TV,0,0
Opposition leader s deputy flees Cambodia fearing for safety,0,0
Britain is ready to walk away with no deal on Brexit Davis says,0,0
Grenades thrown at homes of Ugandan MPs opposed to extending president s rule,0,0
U.N. says 78 000 civilians could be trapped in Iraq s Hawija,0,0
Israel sees Assad winning Syria war urges more U.S. involvement,0,0
Britain to limit acid sales after steep rise in assaults,0,0
Iraq parliament votes to halt transactions with Kurdistan: state TV,0,0
U.S. calls on Russia to release Crimean dissident: State Dept,0,0
Skirting Kurdish issue France says Iraq s Abadi Paris visit to boost ties,0,0
Pakistani activist targeted by blast vows to maintain effort to rein in Taliban,0,0
New walls now divide Germany president says,0,0
Young migrants face more dangers after reaching Italy,0,1
Factbox: Main elements in France s counter-terrorism bill,0,0
Sinn Fein eyes Northern Ireland power-sharing deal by end October,0,0
University of Nairobi closed as anger rises over police brutality,0,0
Four killed as militants attack airport security camp in Indian-controlled Kashmir,0,0
In latest twist in Japan election drama Tokyo s Koike says won t seek seat,0,0
Belgium withdraws residence permit of Salafist Saudi imam,0,0
Japan accepts 3 refugees in first half of 2017 despite record asylum seekers,0,0
Kremlin tells supporters of detained critic Navalny to shun illegal protests,0,0
Report on MH370 finds initially similar route on pilot s flight simulator,0,0
Islamic State claims attack on Damascus police station,0,0
Catalan leader calls for international mediation in Madrid stand-off,0,0
Catalans should be allowed to determine their own future-Scottish govt,0,0
Pakistan s ousted PM Sharif back with full force as party chief,0,0
Philippine police chief says won t stop cops from seeking church sanctuary,0,0
Britain s May says does not set red lines for ministers behavior,0,0
More than half of eligible Australians have so far voted in same-sex marriage ballot,0,0
Australia to fit warships with anti-missile defense systems,0,0
Top Myanmar official says young democracy facing challenges,0,0
Palestinian prime minister visits Gaza in move to reconcile with Hamas,0,0
U.S. Supreme Court rejects New Zealand-based internet mogul s appeal,0,0
Venezuela s Maduro approval rises to 23 percent after Trump sanctions: poll,0,0
Brazil s largest ever corruption probe nearing its end judge says,0,0
Ecuador judge orders arrest of vice president in Odebrecht probe,0,1
No-one can wreck our democracy Schaueble tells Germans,0,0
Civilians among dozens of casualties from clashes in Libyan smuggling hub,0,0
Agencies dither over who leads A380 engine explosion probe,0,0
Egypt arrests dozens in crackdown on gays,0,0
U.S. travel restrictions jeopardize rare exchanges with North Koreans,0,0
Trial of alleged ringleader of Benghazi attack begins in Washington,0,0
Canada defends refugee system as Somali immigrant charged in attack,0,0
At least 17 killed in Cameroon separatist clashes: Amnesty,0,0
State crackdown fuels independence push in Anglophone Cameroon,0,0
As sanctions bite North Korean workers leave Chinese border hub,0,0
Two women deny murdering North Korean leader s half-brother,0,0
Russian firm provides new internet connection to North Korea,0,0
U.S. will only talk to North Korea about freeing U.S. citizens: White House,0,0
Cambodia s detained opposition leader denies treason charges,0,0
London s East Croydon station to reopen after security check: police,0,0
Spain s Rajoy wants to work with other parties on Catalan question,0,0
Explosion wounds five Bahraini policemen: agency,0,0
Pakistan s ruling party nominates ousted PM Sharif to lead it,0,0
In rare official appearance Oman s ruler meets Iranian minister,0,0
Kremlin critic Navalny jailed for third time this year,0,0
Post-election critics hope Germany s hate speech law can be revised,0,0
Iran sends tanks to border with Iraq s Kurdish region Kurdish official says,0,0
 Just talk : Belgium offers Spain relationship advice,0,0
Uzbek dissident denies anti-government propaganda charges,0,0
Bangladesh Myanmar agree to draw up plan for refugee repatriation: minister,0,0
Myanmar tells U.N. Rohingya refugees can return from Bangladesh,0,0
U.S. urges EU hopeful Albania to get tough with big fish of crime,0,0
Business as usual for Thai tourism despite royal funeral this month,0,0
Boris and Brexit sour British PM Theresa May s party in Manchester,0,0
Factbox: How Catalan autonomy stacks up against other regions,0,0
Deadly twin suicide attack hits Damascus police station,0,0
Merkel s Bavarian allies insist on conservative unity before coalition talks,0,0
Some German parties reject far-right s candidate for parliamentary post,0,0
Mozambique s President Nyusi to run for re-election promises peace,0,0
Police fire teargas at Kenyan vote protesters,0,0
EU urges Spain to talk to Catalans condemns violence,0,0
Iraqi forces seize air base from Islamic state near Hawija,0,0
Capitalism is the only way UK finance minister says in challenge to Labour,0,0
Islamic State hostages strongholds stand between U.S.-backed forces and Raqqa s capture,0,0
Police order Berlin district evacuation after WW2 bomb find,0,0
Saudi king to start Russia visit on Thursday: state news agency,0,0
U.S. service member killed in Iraq IED blast: Pentagon,0,0
Hungary s opposition Socialists lose PM candidate ahead of 2018 vote,0,0
France s Macron backs Spain s constitutional unity in call to PM Rajoy,0,0
EU s Tusk appealed to Rajoy to avoid escalation in Catalonia,0,0
Saudi women can drive at last but some say price is silence,0,0
Uzbek dissident released from jail still faces charges,0,0
Denmark to send 55 soldiers to Kabul after deadly attack on convoy,0,0
Former leader of Germany s far-right planning to found new party,0,0
UK still hopeful of moving EU talks onto future ties: junior minister,0,0
Run or wait? Tokyo s Koike faces dilemma ahead of Oct. 22 poll,0,0
World Food Programme cuts rations for refugees in Kenya,0,0
Sri Lanka arrests Buddhist monk after protest against Rohingya Muslims,0,0
Most Filipinos believe drug war kills poor people only survey shows,0,0
Islamic State torches oil wells in northern Iraq: officials,0,0
Saudi sovereign fund to develop holy sites in Mecca Medina,0,0
Police questioned suspect in Marseille knife killings prior to attack,0,0
Hard choices for Syrian industrialists in ruins of Aleppo,0,0
Catalan commission to investigate claims of abuse during banned referendum,0,0
Two-thirds of Germans see persistent east-west divisions: poll,0,0
U.N. rights boss seeks probe into Catalonia violence political talks,0,0
Germany s Gabriel calls for talks between Catalonia Spain,0,0
France urges all sides in Cameroon to show restraint after eight killed,0,0
Ranks of world s refugees swell as asylum space shrinks: U.N.,0,0
Air strike kills seven Hezbollah fighters in Syria-sources,0,0
Russian security service says dismantles Islamic State sleeper cell,0,0
Trump to top U.S. diplomat: Don t bother talking to North Korea,0,0
Marseille attack suspect had shown Tunisian passport to police: prosecutor,0,0
Catalonia government says 893 injured in clashes during banned referendum,0,0
Germany on Catalonia independence vote: Separatism doesn t solve problems,0,0
Merkel s conservatives tied with SPD ahead of state vote: poll,0,0
Bangladesh Myanmar agree on working group for refugee plan: minister,0,0
Kyrgyzstan in talks on hosting second Russian military base: PM to agency,0,0
Catalonian vote is matter for Spain Britain urges restraint,0,0
Cambodia s Hun Sen urges arrests of opposition rebels in the city ,0,0
Britain frustrated by slow pace of Brexit talks: finance minister,0,0
Somali refugee faces terror charges in Canada stabbing car attacks,0,0
New Zealand s kingmaker to start talks with both major parties this week,0,0
Egypt s Hasm militants claim attack targeting Myanmar embassy,0,0
Canadian Sikh politician wins race to lead federal New Democrats,0,0
Catalan leader opens door to secession from Spain after vote,0,0
Canadian police say suspect in Edmonton attacks is Somali national,0,0
One eve of Gaza reconciliation Hamas frees Fatah men,0,0
 No rules : Russian activist s death a symbol of pre-election violence,0,0
Catalan government says 90 percent voted to leave Spain,0,0
Argentines march to demand answers on case of missing activist,0,0
From batons to barbecues Catalan vote exposes police divisions,0,0
Catalonia chief opens door to declaration of independence,0,0
Knifeman yelling Allahu Akbar shot dead after killing two in France,0,0
Islamic State claims Marseille knife attack that killed two people,0,0
Over 840 people injured in Catalonia during referendum: Catalonia regional government,0,0
Pro-independence groups unions call for general strike Oct. 3 in Catalonia,0,0
Barca closed soccer stadium to show support for Catalan voters: Bartomeu,0,0
Under pressure PM May says she can steer Britain through Brexit,0,0
There was no independence referendum in Catalonia today: Spain PM,0,0
Venezuela blasts Spain s Rajoy over repression in Catalonia,0,0
Gibraltar very concerned by violence in Catalonia chief minister says,0,0
At least eight dead amid Cameroon Anglophone protests,0,0
Britain worried by violence in Catalonia but says vote was not constitutional: Johnson,0,0
Britain s Boris Johnson says completely loyal to PM May,0,0
Port in Libya s Benghazi reopens after three-year closure due to clashes,0,0
Afghan security forces killed in friendly fire incident,0,0
Chastened Merkel faces pressure to embrace Macron on Europe,0,0
Anti-government chants ring out on anniversary of Ethiopian festival deaths,0,0
Britain will leave EU single market customs union as one nation-minister,0,0
Over 460 people injured in Catalonia during referendum: Barcelona mayor,0,0
Catalan leader accuses Spain of unjustified violence in referendum crackdown,0,0
Pro-business parties try to hem German Greens in with red lines,0,0
World Food Program seeks 75 million dollars for Rohingya crisis,0,0
Soldiers kill six in Cameroon amid secessionist protests: mayor,0,0
Austrian chancellor pledges to get to the bottom of smear campaign,0,0
Turkey no longer needs EU membership but won t quit talks - Erdogan,0,0
Colombia and ELN rebels begin first-ever ceasefire,0,0
First I do as same-sex marriage comes to Germany,0,0
Match North Korea overture with Iran offer Germany tells U.S.,0,0
U.S. directly communicating with North Korea seeks dialogue,0,0
Hezbollah says Israel pushing region to war,0,0
Pope wears refugee ID bracelet in appeal for help for migrants,0,0
Yemen Houthis say have shot down U.S. surveillance drone - state news agency,0,0
Tens of thousands march to defend Hong Kong s rule of law against China,0,0
Thirty-eight injured in police charges in Catalonia say emergency services,0,0
Syrian Observatory: Islamic State captures town from government,0,0
Tunisia rescues 140 migrants off its coast,0,0
Spanish police fire rubber bullets in Barcelona: media,0,0
 I am sorry British PM May says of botched election,0,0
British PM May says foreign minister Johnson supports her Brexit plans,0,0
Italy says to expel North Korea envoy over nuclear missile tests,0,0
Disapproval rating for Japan PM Abe exceeds support: Kyodo poll,0,0
Spain reluctantly forced to act in Catalan vote official says,0,0
Catalan leader casts vote in banned independence referendum,0,0
Police break into voting station where Catalan leader due to vote,0,0
Spanish police seize ballot boxes in Catalan referendum,0,0
Spanish national police deploy near Barcelona voting station: El Pais,0,0
Catalan government says voters may use any polling station in referendum,0,0
Ballot boxes voting papers appear at some polling stations for Catalan referendum,0,0
Polish cut in retirement age comes into force bucking European trend,0,0
Merkel allies fret over former East Germany s rightward shift,0,0
Catalans start to form queues to vote in independence referendum: witnesses,0,0
Convoy of Civil Guard police leave Barcelona port: Reuters witness,0,0
Thailand says closely watching Myanmar crisis ready to provide aid,0,0
U.S. accuses Iran Venezuela of human trafficking failings,0,0
Brazil s Lula extends lead in 2018 vote despite graft conviction: poll,0,0
Catalans prepare to defy Madrid in banned independence vote,0,0
Weak columns extra floors led to Mexico school collapse experts say,0,0
Syrian army allies seize more of Jordanian frontier: report,0,0
Hezbollah says Kurdish vote a step toward wider Mideast partition,0,0
Air France flight with engine damage makes emergency landing in Canada,0,0
Spain says most potential voting stations for Catalan vote closed,0,0
 Not appropriate envoy tells Britain s Boris over Kipling poem in Myanmar,0,0
Top Austrian Social Democrat steps down over election smear campaign,0,0
Thousands of anti-Catalan independence protesters gather in Barcelona,0,0
Iraqi PM presses case for Baghdad to receive Kurdistan oil revenue,0,0
Dozens arrested during neo-Nazi march in Sweden,0,0
Tens of thousands march for abortion rights in Ireland,0,0
Air strikes in Syria s rebel-held Idlib kill 28: Observatory,0,0
U.N. agrees international experts to probe Yemen war crimes,0,0
Kyrgyzstan accuses opposition MP of planning riots coup,0,0
Protesters clash with police at Turin s G7 labor meeting,0,0
Turkey opens military base in Mogadishu to train Somali soldiers,0,0
Saudi authorities pursue Twitter user over women s driving threat,0,0
Congo military plane crashes in Kinshasa killing 12: minister,0,0
U.S. gets warm words from China s Xi ahead of Trump visit,0,0
Turkey s Erdogan says Iraqi Kurdish authorities will pay price for vote,0,0
China says U.S. should respect concerns on Taiwan,0,0
Britain s Boris Johnson wants maximum two-year Brexit transition,0,0
U.S. probing to see if North Korea interested in dialogue: Tillerson,0,0
Tokyo s Koike reaches deal with opposition party ahead of Japan poll,0,0
Turkish police arrest suspect in killing of Syrian activist,0,0
Spanish police occupy Catalan tech hub before banned vote,0,0
Spain seals off more than half schools earmarked for Catalan poll,0,0
Egypt hunting down gays conducting forced anal exams - Amnesty,0,1
Catalans occupy voting stations to defy Madrid s order to stop referendum,0,0
Police to remove people from Catalan voting stations on Sunday: government source,0,0
Kenya watchdog says investigating police over actions at university,0,0
Iranian Iraqi government forces to hold joint border drills - Iran TV,0,0
Moscow denies Ukraine s accusation that it left troops in Belarus,0,0
German police arrest suspect over alleged supermarket extortion attempts,0,0
Macron s invitation to visit France not related to Kurdish referendum - Iraqi PM,0,0
Trump to visit Asia in November North Korea in spotlight,0,0
Afghan Shi ites fear further attacks on Ashura celebrations,0,0
North Korea seen moving missiles from development center: South Korean broadcaster,0,0
Fear driving Cambodian opposition MPs abroad party says,0,0
China s Xi says study capitalism but Marxism remains top,0,0
China s Chongqing vows purge of former leader s vile influence ,0,0
U.S. cuts staff in Cuba over mysterious injuries warns travelers,0,0
Cubans are heartbroken angry can t seek U.S. visas in Havana,0,0
 A better future - Britain s May tries to rally her Conservatives,0,0
Colombia s ELN rebel commander orders ceasefire beginning Sunday,0,0
Cameroon orders Anglophone region total lockdown for three days,0,0
Canada says has no plans to remove embassy staff from Cuba,0,0
Last flight departs as Iraq imposes ban for Kurdish independence vote,0,0
Iraq s Abadi accepts Macron invitation to come to discuss Kurds: Elysee source,0,0
Ugandan special forces accused of ejecting MPs from parliament,0,0
Syrian army and allies secure road after IS attack in Deir al-Zor: Hezbollah,0,0
Iraq plans to take control of Kurdistan region s border in coordination with Iran Turkey,0,0
Putin critic Navalny detained by police before pre-election rally,0,0
About 500 French children in jihadi-held areas of Iraq and Syria: official,0,0
Israeli nuclear whistleblower gets offer to live with wife in Oslo,0,0
Eastern Congo rebels aim to march on Kinshasa: spokesman,0,0
Cuba says U.S. decision to reduce Havana embassy staff is hasty ,0,0
U.S.-led forces acknowledge killing 50 more civilians in Iraq Syria,0,0
Blast hits Afghan capital near Shi ite mosque killing at least one,0,0
U.S. Justice Department Latin American countries charge 3 800 gang members,0,0
More than half of schools in Boko Haram s region are shut UNICEF says,0,0
More than 60 Rohingya feared drowned as U.S. steps up pressure on Myanmar,0,0
Rohingya Muslims say goodbye to their own after boat capsizes,0,0
Tanzania closes third newspaper since June as part of media crackdown,0,0
Spanish court orders Google to delete app used for Catalan independence vote,0,0
International air ban over Iraqi Kurdistan comes into effect,0,0
Merkel Macron pledge to lead EU forward post-Brexit,0,0
Talks on future EU-UK ties before divorce settled would weaken EU: Macron,0,0
Germany s far-right AfD has more immigrant MPs than Merkel s conservatives,0,0
Only miracles can move Brexit talks forward by October EU tells Britain,0,0
Plague outbreak in Madagascar kills 20: WHO,0,0
Germany s Merkel to name aide Altmaier as stand-in finance minister: sources,0,0
Germany s FDP look to fill Schaeuble s big shoes,0,0
Anti-Mugabe pastor acquitted in Zimbabwe of public violence charges,0,0
Turkish measures against Northern Iraq won t target civilians PM says,0,0
Macron says there is EU consensus for new reforms,0,0
Merkel wants clear line on eurozone reform in German coalition talks,0,0
The pope is writing a document on fake news - and that s the truth,0,0
U.N. aims to open Libyan transit center early next year - senior official,0,0
Islamic state claims suicide bombing near Kabul mosque: Amaq,0,0
Greece considers extradition of bitcoin fraud suspect wanted by U.S. and Russia,0,0
U.S. military aircraft crashes in Syria injuring two: officials,0,0
Russia says ready to work with North Korea to resolve missile crisis,0,0
Russia left troops in Belarus after wargames: Ukraine,0,0
UK court agrees to extradite suspect in Italy model kidnap plot,0,0
In Pakistan s coal rush some women drivers break cultural barriers,0,0
Storm-battered Antigua asks U.S. to settle 12-year old WTO bill,0,0
Yemen cholera cases could hit 1 million by year-end: Red Cross,0,0
With Budapest closer to Moscow Orban grants money to Russian Orthodox churches,0,0
Saudi man arrested after threatening women drivers,0,0
Iraq s top Shi ite cleric Sistani opposes secession of Kurdish region,0,0
Kurdistan region refuses to hand over border crossings to Iraqi government: Rudaw,0,0
Iran bans oil refinery products traffic with Iraqi Kurdistan: report,0,0
Stampede in India s financial capital kills at least 22,0,0
Lavrov: Russia-U.S. cooperation on Syria not without problems ,0,0
Russia s Putin says de facto conditions created for end to Syrian civil war,0,0
Burundi loses bid to stop U.N. atrocities investigation,0,0
Swiss strip refugee status from Libyan preacher,0,0
Russia accuses CNN International of violating Russian media law,0,0
Migrant smuggling crackdown triggered clashes in Libyan city: armed group head,0,0
South Africa court says cannot compel Zuma to set up influence-peddling inquiry,0,0
U.N. Human Rights Council extends Myanmar mission until September 2018,0,0
How blood money diplomacy and desperation are reuniting Palestine,0,0
China to prosecute former party boss of Chongqing,0,0
 Wave of humanity puts aid agencies to the test in Bangladesh,0,0
Myanmar ministers deliver aid to trapped Rohingya village,0,0
Putin complains Russian media abroad face unacceptable pressure,0,0
Haftar says force remains option in Libya but political solution best,0,0
Turkish military kills three PKK militants in north Iraq near border: sources,0,0
Britain unconditionally committed to EU s security says PM May,0,0
UK s May urges EU to respond in kind to new tone on Brexit talks,0,0
Women to plead not guilty in high-profile Kim Jong Nam murder trial,0,0
Furious Philippines decries West s joint stand on drug war killings,0,0
Uber Grab to tighten up on deliveries in Philippines amid drug concerns,0,0
Vietnam court sentences to death PetroVietnam ex-chairman in mass trial,0,0
China says one step forwards two steps back no good for Japan ties,0,0
Energised challenge by Tokyo governor exposes risk of PM Abe s snap poll decision,0,0
Turkey orders 117 soldiers detained over Gulen links: sources,0,0
Hoyer asked on German finmin post says extremely happy at EIB,0,0
Japan s defense chief warns of possible North Korea provocation on October 10,0,0
Militants attack Kabul airport during Mattis visit U.S. strike hits civilians,0,0
Militants attack Somali military base kill at least 15,0,0
Most Germans want three-way coalition of conservatives FDP and Greens: poll,0,0
Looming election may be nail in coffin for Japan s fiscal reform,0,0
China support for North Korea clampdown growing: U.S. official,0,0
Behind the bombast: North Korea s genteel foreign minister,0,0
South Korea expects more provocative acts by North Korea in mid-October,0,0
IAEA says North Korea s rapid weapons progress poses new global threat,0,0
Cuts hurt Mexico quake response outlook ahead of 2018 vote,0,0
Fear of volcanic eruption on Bali forces nearly 135 000 to flee to shelters,0,0
Turkey s Erdogan links fate of detained U.S. pastor to wanted cleric Gulen,0,0
Macron s EU vision will bolster Franco-German axis: Merkel,0,0
Russia and North Korea to discuss nuclear crisis in Moscow,0,0
World Bank approves $150 million disaster fund for Dominican Republic,0,0
British Columbia hires investigator to probe money laundering in casinos,0,0
Promoters of pop concerts other events may ditch Malaysia as hard-line Islam gets a grip,0,0
Trump congratulates Merkel on election win discusses Iran: White House,0,0
Islamic State set up Libyan desert army after losing Sirte: prosecutor,0,0
Munich prosecutors arrest ex-Porsche executive in Audi emissions probe: source,0,0
Catalan separatists call supporters onto streets for peaceful referendum day,0,0
Cameroon Anglophone regions to shut Nigeria border over protests,0,0
U.S. envoy to U.N. demands Myanmar prosecutions weapons curbs over Rohingya,0,0
Senate confirms Huntsman as ambassador to Russia,0,0
Compromise sought on U.N. Yemen inquiry as Saudi pressure mounts,0,0
Brexit talks warmer after May s speech but no closure,0,0
EU s Verhofstadt pokes fun at British PM May but says a Brexit deal can be done,0,0
Britain s May to press case with EU on security in Tallinn,0,0
U.S. air strike kills several Islamic State militants in Libya,0,0
Turkey raises oil threat after Iraqi Kurds back independence,0,0
Turkey s Erdogan calls Iraqi Kurdish referendum illegitimate,0,0
Islamic State s Baghdadi in undated audio urges militants to keep fighting,0,0
Nigeria to hold presidential and parliamentary election on Feb. 16 2019,0,0
U.S. willing if asked to facilitate talks between Kurds Baghdad: State Department,0,0
Myanmar violence could spread displace more Rohingya: U.N. chief,0,0
U.S. says countries should suspend providing weapons to Myanmar,0,0
Fincantieri Naval Group may exchange stakes in future military alliance,0,0
U.N. offers to help resolve Baghdad Kurdistan region crisis: Iraq foreign ministry,0,0
Pakistan ministry seeks ban on new party backed by prominent Islamist,0,0
Merkel s conservatives warned not to close off coalition options,0,0
Foreign powers could try to influence German coalition talks: spy chief,0,0
Loss of focus in fighting Islamic State after Kurdish referendum: coalition spokesman,0,0
Exclusive: From cyber unit to troops South Korea adds extra layer of Olympics security amid tensions,0,0
Iran may drop nuclear deal if U.S. withdraws foreign minister tells al Jazeera,0,0
U.S. envoy slams Russia for bid to shield Iran from IAEA inspections,0,0
EU s Verhofstadt says assumes a Brexit deal can be done with Britain,0,0
Syrian Observatory says IS cut Deir al-Zor road military source denies,0,0
Czech president s spokesman likens EU to Third Reich in outburst over spirit ingredient,0,0
Feeling left out under threat east Germans rebel with far-right vote,0,0
Lebanon sentences Islamist cleric to death for attacks on army,0,0
Macron s ideas can bolster Franco-German axis: Merkel,0,0
Congo naval boats battle rebels on Lake Tanganyika,0,0
Turkey stops training Iraqi Kurdish peshmerga after independence vote,0,0
Saudi women to be allowed to drive from age 18 same as men,0,0
Boat with 130 Rohingya refugee capsizes off Myanmar IOM says,0,0
Colombia s defense minister says drug policy must be long-term,0,0
French court jails woman who sent money to son killed in Syria,0,0
Tunisia foils the departure of 555 migrants to Europe in September,0,0
Senegal rebels issue warning over Astron s mineral sands mine,0,0
Russian hacker wanted by U.S. tells court he worked for Putin s party,0,0
U.N. agrees new team of experts for Burundi but EU and U.S. decry move,0,0
Seven killed by car bomb explosion in Mogadishu: police,0,0
UK business unions ally to urge Brexit citizenship deal,0,0
Brexit bill gives UK ministers excessively wide powers parliament committee says,0,0
Brazil poll shows Temer approval plummets on new graft charges,0,0
Egyptian court hands fresh life sentence to Muslim Brotherhood leader,0,0
U.S. student held in North Korea died of oxygen starved brain: coroner,0,0
Iraqi Shi’ite militias accused of rights abuses in Hawija operation,0,0
Extortionist seeking millions by poisoning supermarket food: German police,0,0
Protesters in Hong Kong demand full democracy on Occupy anniversary,0,0
Uzbek dissident charged with anti-government propaganda: report,0,0
Ahead of regional vote Merkel s conservatives neck-and-neck with Social Democrats,0,0
Russia tell U.S. to step back from dispute over military observation flights,0,0
European Parliament wants Britain to end discrimination against EU citizens: draft,0,0
Zimbabwe s Mugabe likens rivals to Judas for seeking his retirement,0,0
Turkey Iran Iraq may meet to discuss Kurdish Iraqi referendum: Turkey PM,0,0
Ukraine says ammo depot explosions huge blow to combat capability,0,0
France condemns Idlib offensive urges Russia to abide by de-escalation deals,0,0
Turkey calls on citizens to leave northern Iraq before flights suspended on Friday,0,0
Catalonia urges EU intervention in independence vote dispute,0,0
Egyptian air force strikes arms convoy at Libyan border,0,0
Philippine leader changes his tune with praise for U.S. allies ,0,0
Kenya s ruling party moves to amend election law ahead of vote re-run,0,0
U.N. denounces air raids on Idlib hospitals seeks protection system,0,0
Japan calls snap election as new party roils outlook,0,0
North Korea insists U.S. student Warmbier wasn t tortured,0,0
Turkish family of PakTurk Schools director abducted in Pakistan: rights group,0,0
Leaving nothing to chance China increases security social control before Congress,0,0
Turkey will deal with Iraqi central government PMs to meet soon: spokesman,0,0
Russia denies Syrian opposition allegation over civilian deaths,0,0
Speed over safety? China s food delivery industry warned over accidents,0,0
China says North Korean businesses in country will shut within 120 days of U.N. resolution,0,0
Thai junta leader says fugitive former PM Yingluck is in Dubai,0,0
Facebook Google Twitter asked to testify on Russian meddling,0,0
Suicide car bomb kills at least 12 Afghan police,0,0
China says wants deeper Singapore military ties raps Taiwan relations,0,0
Rising tension spurs Malaysia to ban travel to North Korea,0,0
Yemen Houthis say U.S. citizen kidnapped by unknown gunmen,0,0
Israel says it foiled planned ISIS-inspired attack at Jerusalem holy site,0,0
China says will protect sovereignty from any conflict on Korean peninsula,0,0
Tokyo Governor Koike: will examine steps to exit nuclear power dependence by 2030,0,0
Iraqi PM s office says Turkey agrees to deal only with Baghdad on oil exports,0,0
Qatar Airways cancels flights to northern Iraq: website,0,0
Taiwan to allow visa-free entry for visitors from Philippines,0,0
Youths charged with murder after fatal fire at Malaysian school,0,0
China says U.N. sanctions on North Korea allowed buffer period for coal seafood ban,0,0
El Salvador launches commission to find those missing from civil war,0,0
Mali president wants U.S. to reverse Chad travel ban,0,0
Far-right presidential hopeful aims to be Brazil s Trump,0,0
U.S. will phase out program for Central American child refugees,0,0
Hope evaporating a grim wait for relatives after Mexico quake,0,0
Mexico s Pena Nieto says disaster funds limited need to rework budget,0,0
Senator says Russian internet trolls stoked NFL debate,0,0
Trump administration proposes to cut refugee cap to 45 000,0,0
Venezuelan leader blasts Rajoy mocks Trump,0,0
Opposition says 150 civilians killed in Russian Syrian raids on Idlib,0,0
Western Sahara independence emissary refuses to leave Lima airport,0,0
Schaeuble to head German parliament unblocking coalition talks,0,0
Avocet s convoy in Burkina Faso strikes landmine killing two,0,0
Government will take over burned Myanmar land: minister,0,0
Baghdad piles pressure on Iraqi Kurds to reverse overwhelming independence vote,0,0
Rescue ship says Libyan coast guard shot at and boarded it seeking migrants,0,0
Russia says general killed in Syria held senior post in Assad s army,0,0
Rebels close in on east Congo city amid gunfire,0,0
Iraq Kurdish vote may benefit Syrian Kurds say their leaders,0,0
Facebook says deleted many fake accounts in German campaign,0,0
Dissident Uzbek writer held on return from exile: wife,0,0
Turkey says air force kills 13 in north Iraq air strike,0,0
Islamic State claims responsibility for rocket mortar fire on Kabul airport,0,0
U.S. air strike causes casualties as Mattis visits Afghan capital,0,0
 Rain begins with a single drop: Saudi women rejoice at end of driving ban,0,0
Norway government to rule in minority after centrists abandon talks,0,0
Qatar must protect workers from lethal heat rights group says,0,0
Interpol approves membership for State of Palestine over Israeli objections,0,0
After euro zone Germany s Schaeuble faces new challenge in far-right,0,0
NATO chief says Europe has interest in helping Afghanistan,0,0
 Red Scare puts pressure on Indonesian president,0,0
Iranians pour onto the streets to mourn soldier beheaded in Syria,0,0
Fugitive former Thai PM Yingluck gets five years jail in absentia,0,0
War and the prize: how some Nobel laureates turn away from peace,0,0
East Libyan government issues retaliatory entry ban against U.S. citizens,0,0
Angola’s Samakuva to step down as UNITA opposition party leader,0,0
Women drivers seen reviving Saudi car market,0,0
Vatican urges politicians to defend migrants not stereotype them,0,0
The economy of Wolfgang Schaeuble - at a glance,0,0
 Political mainstream Corbyn says Britain s Labour ready for government,0,0
UNHCR alarmed at violence against Rohingyas in Sri Lanka,0,0
14 people shot dead at Mexican drug rehab center,0,0
Russia jails Crimean dissident for speaking out against Moscow s rule,0,0
Lawmakers brawl in Uganda parliament for second day over presidential age limit,0,0
Turkey to suspend flights to Northern Iraq from Friday: statement,0,0
Cameroon illegally deported 100 000 Nigerian refugees: rights group,0,0
South Africa anti-Zuma protests harden ANC succession divides,0,0
Explosion in Mali kills three U.N. soldiers from Bangladesh,0,0
German FinMin Schaeuble ready to head parliament: senior conservative,0,0
Turkish nationalist leader says thousands ready to fight for Iraq Turkmen,0,0
Merkel welcomes a lot of material from Macron on EU reform,0,0
Germany s Schaeuble ready to leave Finance Minister job head Bundestag: CDU,0,0
Iraqi parliament asks leader Abadi to take back Kurd-held Kirkuk,0,0
Iraq sends delegation to Iran to coordinate military efforts ,0,0
Israel cuts jail term of soldier who killed prone Palestinian assailant,0,0
Thousands evacuated in Ukraine as ammunition depot explodes,0,0
In Japan new party challenges Abe with populist slogans; but little policy gap,0,0
Lawmakers fight in Uganda parliament for second day over term limit laws,0,0
EU border controls could be extended in crisis Commission says,0,0
Disclose your donors South African court tells political parties,0,0
Menacing Bali volcano throws tourists plans into jeopardy,0,0
Putin hails Russia s destruction of chemical weapons accuses U.S.,0,0
 Big question is whether Rohingya can go home: U.N. refugee chief,0,0
Slaughtered Hindus a testament to brutality of Myanmar s conflict,0,0
U.N. appalled at mass hangings in Iraq concerned more may follow,0,0
Eating leaves to survive in Myanmar s ethnic cleansing zone,0,0
PM May is driving Britain to cliff-edge Brexit: Labour leader,0,0
Islamic State attack west of Baghdad kills seven: security sources,0,0
Factbox: Saudi king lifts ban on women driving - but what about other rights?,0,0
Iraqi PM calls on Kurds to cancel independence referendum result,0,0
Merkel welcomes a lot of material from Macron for EU reform debate,0,0
France criticizes U.S. travel ban on Chadian ally urges reversal,0,0
Indian troops in firefight with rebels near border with Myanmar,0,0
UK counter-terrorism police arrest woman under official secrets act,0,0
Turkey s border with northern Iraq remains open for now minister says,0,0
Russia to retaliate against U.S. in military observation flights row: agencies,0,0
Indonesia prepares to divert Bali-bound flights in case of volcanic eruption,0,0
UK counter-terrorism police arrest 11 in far-right investigation,0,0
Saudi women rejoice at end of driving ban long backed by clerics,0,0
Fewer babies born in Singapore last year despite incentives,0,0
Half of Filipinos don t believe police accounts of drugs war deaths: poll,0,0
Kurdistan rejects Iraq s demand to hand over airports Baghdad readies air ban,0,0
U.S. Commerce Secretary says market access protectionism top China issues,0,0
Austria s Freedom Party expels official over Nazi allegations,0,0
China says Taiwan not a country Taiwan says China needs reality check,0,0
New Zealand s kingmaker party defers govt decision until October 7,0,0
Wife of vanished British lord at heart of murder mystery found dead,0,0
Trump: military option for North Korea not preferred but would be devastating ,0,0
China says military means not an option to resolve Korea situation,0,0
France says Iraqi Kurds against independence push urges Baghdad concessions,0,0
British banker to appeal conviction over HK double murders,0,0
Thai former PM Yingluck gets five-year jail term for negligence,0,0
Pakistan finance minister denies corruption charges,0,0
France says Trump method not best way to tackle North Korea crisis,0,0
Tillerson to discuss North Korea crisis trade in China,0,0
Kurdish independence vote damages U.S. efforts to preserve unified Iraq,0,0
Russia warns Iraq Kurds not to destabilize Middle East after Kurdish vote,0,0
New Zealand party leaders meet with caucuses to start negotiation talks,0,0
Saudi king decrees women be allowed to drive,0,0
Tokyo governor launches new party won t run for election herself,0,0
Cuba warns U.S. against hasty decisions in mysterious illness in diplomats,0,0
Brazil s top prosecutor says committed to Car Wash probe,0,0
Chile left-wing candidates could form alliance threatening market rally,0,0
Singaporean blogger released after winning U.S. ruling for asylum,0,0
After German election France s Macron paints sweeping vision for Europe,0,0
IAEA chief calls for clarity on disputed section of Iran nuclear deal,0,0
Top U.S. general says exiting Iran nuclear pact would make future deals tough,0,0
Saudi ambassador to U.S. says his society is ready to let women drive,0,0
Philippines Duterte wants U.S. help in fighting drugs blames triads,0,0
Commandos storm plane in Philippines-U.S. hijack simulation,0,0
Mexico in three-day countdown to search for earthquake survivors,0,0
North Korea s bark may be worse than bite in threat to shoot down U.S. bombers,0,0
Syria producing more energy after army recaptures gas fields - ministry,0,0
Rights group accuses Myanmar of crimes against humanity,0,0
Spanish police to take over Catalan polling stations to thwart independence vote,0,0
Trump Spanish PM Rajoy say they oppose Catalonia independence bid,0,0
U.S. welcomes royal order to allow Saudi women to drive,0,0
British police release three more men in London tube attack probe,0,0
Protesters force Rohingya refugees to flee Sri Lanka safe house,0,0
U.N. launches new plan to end Libya s post-revolution turmoil,0,0
Trump says U.S. totally prepared for military option in North Korea,0,0
Trump urges EU to sanction Maduro government in Venezuela,0,0
Macron s Europe speech draws mixed reaction in Berlin,0,0
 He can count on us: German SPD minister hails Macron s EU speech,0,0
Fistfights erupt in Uganda s parliament amid move to extend Museveni rule,0,0
Barzani says yes vote won independence referendum calls on Baghdad to engage in dialogue,0,0
No m lud: Brexit stymies EU judges English conversion,0,0
Angola’s first new president in 38 years vows to fight graft,0,0
U.S. Treasury sanctions 26 individuals nine banks over North Korea,0,0
Venezuela opposition won t attend scheduled talks with government,0,0
Iraq gives Kurdistan till Friday to hand over control of airports to avoid embargo,0,0
Under pressure to act against Kurds Iraq has limited options,0,0
Zimbabwe court frees activist pastor arrested for subversion,0,0
Ireland set to vote on loosening abortion laws in May or June,0,0
Two worlds of Labour Britain s opposition party struggles to unite,0,0
Swedish train derails after hitting armored vehicle four injured,0,0
Co-leader of Germany s far-right AfD to quit in major blow,0,0
Top U.S. general says North Korea military posture unchanged despite rhetoric,0,0
German FDP reject Macron s call to create joint euro zone budget,0,0
Iran vows to stand with Baghdad Ankara against Iraqi Kurds independence push,0,0
Dutch tourist group cuts South Africa visit short after armed bus robbery,0,0
France s Macron picked moment to put EU proposals to Germany,0,0
UAE law targets sexual harassment forced labor,0,0
Former Ivory Coast president Gbagbo to remain in detention for trial: ICC,0,0
Highlights: French President Macron s speech on the EU,0,0
France s Macron says euro zone needs its own budget a finance minister,0,0
EU s Juncker hails Macron speech as very European ,0,0
The new risk for Europe: an inward-looking Germany,0,0
Kenyan police disperse protests against election commission,0,0
Myanmar army Facebook posts covering key period of offensive hidden ,0,0
Alleged Islamic State recruiter goes on trial in Germany,0,0
German conservatives push Finance Minister Schaeuble to swap job,0,0
Brexit negotiations not ready for next stage yet EU s Tusk says,0,0
Russian bombers fire cruise missiles at Islamic State targets in Syria: RIA,0,0
Netanyahu congratulates Merkel sees anti-Semitism rising on left and right,0,0
Croatia jails Serb paramilitary commander for war crimes,0,0
Erdogan tells Iraqi Kurds they will go hungry if Turkey imposes sanctions,0,0
Kremlin after Kurdish vote says supports integrity of regional states,0,0
Turkish foreign minister says joint operation with Iraq on table after referendum,0,0
Number of new refugees from Myanmar in Bangladesh up to 480 000 - agencies,0,0
Danish minister republishes controversial Prophet cartoon on Facebook,0,0
Pakistan s ex-PM Sharif appears before anti-corruption court set to be indicted,0,0
Brexit blues? Britons stay cheerful in tumultuous 12 months,0,0
U.N. experts urge Aung San Suu Kyi to meet persecuted Rohingya,0,0
We can make Brexit a success if we are creative PM May tells EU s Tusk,0,0
Husband of far-right AfD co-leader to quit party lawmaker says,0,0
Palestinian gunman kills three Israeli guards at West Bank settlement,0,0
Puerto Rico evacuates area near crumbling dam asks for aid,0,0
Trump says Puerto Rico in trouble after hurricane debt must be dealt with ,0,0
Russian foreign ministry to meet visiting North Korean diplomat - RIA,0,0
Official sacked after Yoda image appears on Saudi textbook,0,0
Russia builds bridge to move troops across Syria s Euphrates river: TV,0,0
China says situation on Korean peninsula very dangerous,0,0
China s fuel exports to North Korea slow further - customs,0,0
Ramping up tensions over North Korea may have dangerous consequences - Kremlin,0,0
Mattis seeks Indian role in Afghanistan vows to fight militant shelters,0,0
Turkey s Erdogan says military economic options on table over Iraqi Kurdish referendum,0,0
China s Xi says will support Interpol raising its profile,0,0
Putin Merkel hold phone call after German polls: Kremlin,0,0
Iraqi soldiers join Turkish exercises near shared border: witness,0,0
U.S. keeps up diplomatic efforts to deal with North Korea crisis,0,0
Merkel strikes reserved tone ahead of Macron s Europe speech,0,0
Russian foreign ministry working behind scenes to resolve North Korea crisis: RIA,0,0
Mattis says no tolerance for terrorist sanctuaries will work with India,0,0
Russia denies it killed civilians in air strikes on Syria s Idlib,0,0
Damascus says Syrian Kurdish autonomy negotiable: report,0,0
China says war on Korean peninsula will have no winner,0,0
Second group of refugees to leave Australian camp for U.S. resettlement,0,0
Philippine presidential guard shot dead Duterte not nearby,0,0
Couple defy Hurricane Maria on roof to save pets - lots of them,0,0
Turkish court releases jailed journalist in opposition newspaper case,0,0
Supporters of South Korea ex-leader Park ask U.N. body to probe her detention conditions,0,0
Weakened dam looms as latest threat to Puerto Rico after hurricane,0,0
Multinationals in Puerto Rico respond to Hurricane Maria,0,0
Exclusive: Mexico unlikely to find more quake survivors emergency chief says,0,0
Turnout high as Iraqi Kurds defy threats to hold independence vote,0,0
Iraq refuses talks with Kurdistan about independence referendum results,0,0
North Korea moving airplanes boosting defense after U.S. bomber flight: Yonhap,0,0
 We have the tap : Turkey s Erdogan threatens oil flow from Iraq s Kurdish area,0,0
China busts underground bank in Guangzhou: China Daily,0,0
Battered Puerto Rico hospitals on life support after Hurricane Maria,0,0
Canada bans its agencies from sharing information that could lead to torture,0,0
Seven arrested in Egypt after raising rainbow flag at concert,0,0
European ambassadors to U.S. back Iran nuclear pact,0,0
Senate Democratic leader Schumer calls for speedy Puerto Rico relief,0,0
Trump travel ban on more solid ground as top court cancels hearing,0,0
Mexico City gets unsteadily back on its feet after quake,0,0
Brazil house speaker says Temer charges must be taken together,0,0
Maria likely to become tropical storm Tuesday night or Wednesday: NHC,0,0
Desperate travelers crowd Puerto Rico airport in hopes of seat out,0,0
Swiss war crimes inquiry into Assad s uncle stalled rights group says,0,0
Chelsea Manning says she was denied entry to Canada,0,0
U.S. citizen detained in Yemeni capital Sanaa: colleagues,0,0
Eighty percent of Puerto Rico power lines down: PREPA,0,0
China s U.N. envoy says North Korea U.S. rhetoric too dangerous ,0,0
Britain s Labour shifts on Brexit proposes staying in customs union,0,0
UK s Labour pledges infrastructure nationalization credit card cap,0,0
Notion U.S. has declared war on North Korea is absurd White House says,0,0
Venezuela doctors in protest urge stronger WHO stance on health crisis,0,0
Man found guilty under UK terrorism laws after refusing to reveal passwords,0,0
Iraq hangs 42 Sunni militants convicted of terrorism,0,0
Hopes and frustrations as Brexit talks resume after May speech,0,0
Japan s Abe announces snap election amid worries over North Korea,0,0
Tokyo Governor Koike to challenge Japanese PM Abe with new party,0,0
Japanese PM Abe says election won t distract him from tackling North Korea,0,0
Kurdistan supervisors begin counting votes in independence referendum,0,0
U.S.-backed alliance says Russian jets struck its fighters in east Syria,0,0
Syrian militias aim to push Islamic State out of Raqqa within a month,0,0
Myanmar finds more bodies in mass grave; U.N. seeks rapid aid increase,0,0
Polish president backs down in judicial reform spat,0,0
Merkel hangs on to power but bleeds support to surging far right,0,0
Jews around world alarmed by far-right breakthrough in Germany,0,0
Merkel tries to build coalition after vote that puts far right in parliament,0,0
Scenting power potential Merkel coalition partners edge closer on Europe,0,0
Netanyahu muzzles Israeli officials on Kurdish referendum,0,0
Moscow blames two-faced U.S. policy for Russian general s Syria death: RIA,0,0
Pentagon: Will provide Trump options if North Korea provocations continue,0,0
German conservative suggests job move for veteran finance min Schaeuble,0,0
Lithuania s Social Democrat MPs disobey party to stay in government,0,0
Austria s far right gives two cheers for German sister party s success,0,0
Factbox: Conservative liberal progressive: Merkel s Jamaica coalition puzzle,0,0
Game over for discredited Catalan referendum Spanish officials say,0,0
Kirkuk declares curfew after Iraqi Kurdish independence referendum,0,0
German industry see FDP revival boosting digital transition,0,0
Turkey turns off Kurdish Rudaw channel in wake of referendum,0,0
Police investigating militants search Brussels houses,0,0
EU calls for legal commission to vet new Polish judicial reform laws,0,0
Brooking no dissent Marine Le Pen takes grip on French far-right,0,0
Too early to say if UK has made sufficient progress in Brexit talks: Irish PM,0,0
Leadership of German far right splits hours after electoral success,0,0
After German election Macron to set out his vision for Europe,0,0
China s cyber watchdog imposes top fines on tech firms over censorship,0,0
Putin to meet Erdogan in Ankara on Sept 28: Kremlin,0,0
Russia denies it bombed U.S.-backed militias in Syria - RIA,0,0
Qatar Says Trump wants to fix Gulf crisis with dialogue,0,0
Brexit can be comfortably negotiated in two years: Johnson,0,0
Zimbabwe pastor on trial for subversion faces 20-year jail term,0,0
Turkey will take two steps if Germany takes one to normalize relations - foreign minister,0,0
British lesbian wins right to spousal visa in landmark Hong Kong case,0,0
Erdogan Putin discuss Iraqi Kurdish referendum - Turkish presidential sources,0,0
Philippines vows fair probe after Vietnamese fishermen killed,0,0
Germany s FDP says won t agree to Jamaica coalition at any price,0,0
Merkel: Open to coalition talks with FDP and Greens but also SPD,0,0
Turkey s foreign minister says Russian bombing in Syria s Idlib killing civilians,0,0
U.S. hopes for good deliverables during Trump s China visit,0,0
China urges restraint amid war of words between Trump and North Korea,0,0
Germany s FDP sees common ground with Greens on education digitization,0,0
Juncker to Merkel: EU needs stable German government to shape Europe,0,0
Russian Iranian presidents discuss Iraqi Kurdish vote - Rouhani s office,0,0
China s Xi tells Britain s May North Korea issue should be peacefully resolved,0,0
Iraqi PM orders security services to protect citizens being coerced in Kurdistan,0,0
Russian occupation of Crimea marked by grave human rights violations - U.N.,0,0
Berlin votes to keep Cold War era Tegel airport open,0,0
Qatar Foreign Minister: blockade pushing it closer to Iran economically,0,0
Bali s rumbling volcano spurs travel warnings from Australia Singapore,0,0
China jails former Tianjin mayor for 12 years over graft,0,0
Swedish court sentences Syrian asylum seeker to prison for posing with war dead,0,0
U.S.-backed SDF say attacked by Russian jets in east Syria,0,0
Ivory Coast accepts tribunal ruling in border dispute with Ghana,0,0
Russia s Putin may meet Venezuela s Maduro: Kremlin,0,0
Damascus rejects Iraqi Kurdish independence referendum,0,0
Tale of two cities: Kurdish vote lays bare political divisions,0,0
French unions block fuel depots in protest against labor reforms,0,0
British police arrest seventh man over bomb attack on London train,0,0
Malaysia s dissent on Myanmar statement reveals cracks in ASEAN facade,0,0
Trump slaps travel restrictions on N.Korea Venezuela in sweeping new ban,0,0
China says supports Iraq s unity as Kurds vote in referendum,0,0
Turkey vows to take all measures if Iraqi Kurdish referendum endangers security,0,0
Turkey blocks access from northern Iraq at Habur border gate: NTV,0,0
Turkey weighing border air space measures over Iraqi Kurdish referendum: PM,0,0
Turkey to form closer ties with Iraqi central government after referendum PM says,0,0
Turkey s Erdogan to discuss response to Iraqi referendum during Iran visit: PM,0,0
Insight: Rap and the Party: China taps youth culture to hook millennial cadres,0,0
China calls for restraint over North Korea tensions,0,0
New Zealand s nationalist kingmaker says has not yet contacted National or Labour leaders,0,0
One week to cross a street: how IS pinned down Filipino soldiers in Marawi,0,0
Cambodia s opposition puts out banners calling for leader s release,0,0
Chinese graft suspect returns from U.S. to surrender,0,0
U.N. medics see evidence of rape in Myanmar army cleansing campaign,0,0
Myanmar says bodies of 28 Hindu villagers found in Rakhine State,0,0
Mexicans turn to church as earthquake death toll hits 320,0,0
New Zealand Labour leader says will reach out to NZ First in next couple of days,0,0
Supreme Court has option to duck travel ban ruling,0,0
As Germans clip Merkel s wings Brussels braces for turbulence,0,0
German vote could doom Merkel-Macron deal on Europe,0,0
Kurds stick with independence vote never going back to Baghdad : Barzani,0,0
Ethnically divided Iraqi town fears fresh conflict after Kurds independence vote,0,0
U.S. air strikes kill 17 Islamic State militants in Libya: U.S. military,0,0
Macron says pursuing cooperation with Merkel that is vital for Europe,0,0
Incensed over refugees east Germans punish easterner Merkel,0,0
Iran says Guards attack Islamic State with drones in Eastern Syria,0,0
Germany s jubilant far-right has Merkel in its sights,0,0
Trump aide Greenblatt returning to Israel for peace talks: official,0,0
While wealthy Mexicans swamped by quake aid poor feel abandoned,0,0
Germany s Syrian refugees celebrate Merkel win but fear rise of far-right,0,1
German Social Democrats vow to rebuild in opposition after election drubbing,0,0
Hurdles high for Merkel in three-way Jamaica tie-up talks,0,0
Iraqi government asks Kurdistan regional government to hand over border posts airports in referendum dispute,0,0
Turkish Iranian presidents discuss Iraqi Kurdish referendum: Erdogan s office,0,0
Iraqi government asks foreign countries to stop oil trade with Kurdistan,0,0
Zimbabwean activist pastor arrested for criticizing Mugabe government,0,0
Russia says one its generals killed by mortar shelling in Syria: TASS,0,0
Highlights: Reactions to German national election,0,0
French Senate vote is blow to Macron Conservatives keep majority,0,0
France s Le Pen congratulates German far-right AfD,0,0
Merkel on track for fourth term after German election: exit poll,0,0
Six people believed injured in suspected London acid attack,0,0
Trump will do everything to avoid nuclear war with North Korea: Mnuchin,0,0
National celebrations open Saudi sports stadium to women for first time,0,0
London mayor says Britain should not host President Trump on state visit,0,0
Police have thwarted seven attacks since March: London mayor,0,0
Russia Syria intensify bombing of rebel-held Idlib witnesses say,0,0
I m no populist says new leader of Italy s 5-Star,0,0
Swiss voters reject raising women s retirement age,0,0
Catalan separatists take to the streets ahead of referendum,0,0
U.S. allied Syrian groups form civilian council to run Deir al-Zor,0,0
Turnout in German election slightly lower than 2013: official,0,0
Iran halts flights to Iraq s Kurdish region in retaliation for independence vote,0,0
Car bomber hits NATO convoy in Afghanistan civilians wounded,0,0
Iran halts flights to Iraqi Kurdistan at request of Baghdad: agency,0,0
Scrap plan for new banking tax London financiers tells UK opposition party,0,0
UK s Johnson opposes adopting any new EU rules during Brexit transition,0,0
Britain must stay in EU s single market after Brexit: Labour lawmakers,0,0
Not so fast Theresa: EU seeks divorce terms to stay friends,0,0
Kurdish city gassed by Saddam hopes referendum heralds better days,0,0
Kenya s chief prosecutor orders investigation into election board,0,0
Yemen s Hadi sees only a military solution to crisis: Arabiya TV,0,0
U.S cautions citizens of possible unrest during Kurdish independence referendum,0,0
Two-thirds of Japan voters oppose PM Abe calling snap election: Kyodo survey,0,0
From nursery to university: Emerging market investors buy into education,0,0
First refugees taken from offshore detention under U.S. refugee swap deal,0,0
Bodybuilder dies after celebrity Muay Thai match with ex-Singapore Idol contestant,0,0
Britain will diverge from EU regulations post-Brexit: minister,0,0
North Korea says rockets to U.S. inevitable as U.S. bombers fly off North Korean coast,0,0
Australian Hindus protest meat advertisement featuring Lord Ganesha,0,1
New Zealand s ruling party ahead after poll but kingmaker in no rush to decide,0,0
Taliban shut down clinics in southern Afghan province official says,0,0
Fears of dam collapse add to Puerto Rico s misery after hurricane,0,0
U.S.-backed forces capture big gas field in Syria s Deir al-Zor: senior commander,0,0
Deadly aftershock volcanic ash spread alarm in Mexico,0,0
Auditor says he was forced to quit Vatican after finding irregularities,0,0
Macron s popularity improving: poll,0,0
China to push for greater cooperation on graft terrorism at Interpol meeting,0,0
Thai junta leader backers fuel suspicions of plans to stay in power,0,0
New Zealand Labour leader says will not yet concede election,0,0
Syria s Moualem says victory within reach de-escalation zones temporary,0,0
Problems pile up for unlucky village near epicenter of Mexican quake,0,0
Mexico school collapse spurs doubts over building code for quakes,0,0
Despite undiplomatic discourse Trump s dance card is full,0,0
Iran tests new missile after U.S. criticizes arms program,0,0
One French soldier killed in Iraq-Syria area: French Presidency,0,0
Italy s 5-Star names youthful new leader as election nears,0,0
Three Kurdish fighters killed five wounded in blast south of oil city Kirkuk,0,0
France extremely concerned by Iran ballistic missile test,0,0
Court ruling favors Ghana in ocean border dispute with Ivory Coast,0,0
Russian suspect detained after arson attacks against last tsar film,0,0
Iraq asks U.N. for help to build new nuclear power reactor,0,0
UNHCR chief meets with Rohingya refugees in Bangladesh camp,0,0
Echoing France Germany says May offered nothing concrete on Brexit,0,0
UK s May sets out transition plan in bid to unlock Brexit talks,0,0
Kurdish government holds meetings in Baghdad on eve of independence vote,0,0
North Korea says rockets to U.S. inevitable after Trump dubs Kim rocket man ,0,0
Facing far-right gains Merkel Schulz urge undecided Germans to vote,0,0
Turkey extends troop deployment mandate pressures Iraqi Kurds on vote,0,0
U.S. bombers fly off North Korea s coast in show of force,0,0
China says North Korea quake not nuclear explosion,0,0
France s far-left leader urges French resistance against Macron,0,0
Few ideas less hope leave Syria crisis on back burner at U.N.,0,0
Turkish parliament extends mandate on troop deployment in Iraq Syria,0,0
Union leader shot dead near South African Lonmin mine second death in two weeks,0,0
Venezuela slams Canada sanctions says Ottawa submitting to Trump,0,0
Greek court s rejection of asylum appeals sets bad precedent: Amnesty,0,0
India at U.N. calls Pakistan pre-eminent export factory for terror ,0,0
Syrian migrant tells Germans: Cherish your democracy go vote!,0,0
Saudi Arabia condemns Myanmar government policy of repression ,0,0
Congo president says whoever killed U.N. experts will be punished,0,0
Germany calls May s Brexit speech disappointing ,0,0
Somalia s Puntland region captures weapons-laden boat from Yemen,0,0
Turkish and Iraqi militaries discuss Kurdish independence vote,0,0
New Zealand s ruling Nationals win most votes New Zealand First Party kingmaker,0,0
Spain Catalonia clash over policing as illegal independence vote nears,0,0
Magnitude 6.2 quake hits southeast of Oaxaca Mexico: USGS,0,0
Lithuania gets minority government as junior partner leaves,0,0
USGS says cannot confirm if North Korea quake natural or manmade,0,0
New Zealand National leader says will speak with kingmaker Peters in the next few days,0,0
U.S. army probes fake evacuation orders sent to U.S. military families in South Korea,0,0
Uzbekistan drops use of students teachers nurses as cotton-pickers: PM,0,0
CTBTO looking at unusual seismic activity in North Korea,0,0
Two seismic events in North Korea unlikely man-made: CTBTO,0,0
New Zealand s Ardern says National has more votes but race isn t over,0,0
New Zealand Green Party leader says wants to form coalition with Labour and New Zealand First,0,0
Korean seismic activity took place 50 km from prior tests: CTBTO,0,0
New Zealand First leader says his party holds balance of power in New Zealand elections,0,0
New Zealand Labour leader says no immediate talks with likely election kingmaker,0,0
Iraqi Kurdish referendum to trigger new crises says Turkish official,0,0
National Party leads in New Zealand polls; New Zealand First still likely kingmaker,0,0
Buddhist mistrust of foreign aid workers hampers relief for Myanmar s Rohingya,0,0
Bangladesh grants bail to two detained Myanmar journalists,0,0
New Zealand s ruling National ahead in early counting- electoral commission,0,0
Refugees reaching Zambia accuse DRC troops of killing civilians: U.N.,0,0
Moody s downgrades UK s rating on Brexit and growth fears,0,0
Damaged New Zealand fuel pipeline to be restarted Sunday: New Zealand Refining,0,0
U.S. challenged by rising North Korea tensions Russia urges calm,0,0
Tempers fray as search for survivors winds down after Mexico quake,0,0
Frida the rescue dog emerges as hero of Mexican earthquake,0,0
China s ruling party expels anti-graft ex-insurance officials citing graft,0,0
Hurricane Maria skirts Turks and Caicos as Puerto Rico endures fresh flooding,0,0
China tells Japan not to abandon dialogue over North Korea,0,0
Defying Trump Iran says will boost missile capabilities,0,0
Brazil army deploys in Rio slum as drug-related violence worsens,0,0
Despite tensions U.S. sees value in New START treaty with Russia,0,0
Germany s surging far-right promises to disrupt cozy parliament,0,0
UAE says Iran violates letter and spirit of nuclear deal,0,0
Hopes dimming under rubble Mexico woman s texts help save her,0,0
Colombian police seize 7 tons of cocaine at banana farm,0,0
Thirty-two years after quake angry Mexicans still wait for homes,0,0
Highlights: British PM May s main comments on Brexit,0,0
Turkey urges Iraqi Kurds to drop referendum cites sanctions,0,0
Kurds press historic independence vote despite regional fears,0,0
U.S. seeks urgent action on Myanmar U.N. eyes $200 million for refugees,0,0
Factbox: How U.S. multinationals in Puerto Rico are responding to Hurricane Maria,0,0
German political rivals agree: No lottery for me,0,0
Canada to impose sanctions on Venezuela s Maduro and top officials,0,0
Turkey wants Iraq s Kurdish region to drop referendum avoid sanctions,0,0
Britain says Moody s downgrade based on outdated Brexit view,0,0
Cuba urges U.S. not to politicize allegations of harmed diplomats,0,0
Storm Maria pitches Puerto Rico barrio into sunken Venice ,0,0
Three dead after Sudan clashes over Bashir visit to south Darfur: U.N.,0,0
Ship carrying migrants sinks off Turkish coast kills 15 - coast guard,0,0
Russia tells North Korea U.S. hot heads to calm down,0,0
Buckeye Partners Puerto Rico oil terminal still closed after Maria,0,0
N.Y. power company sends crew to aid Puerto Rico after hurricane,0,0
Spain sends more police to block Catalonia referendum,0,0
Facebook to overhaul political ads after threat of U.S. regulation,0,0
Shelling across Pakistan-India border kills six civilians wounds 30,0,0
Head of G4S immigration unit at center of abuse scandal quits,0,0
EU leaders want clarity on citizens Brexit financial terms and Ireland,0,0
French President Macron to make EU reforms proposals on Tuesday,0,0
New Zealand goes to polls on Saturday ending tight volatile race,0,0
Monument to designer of AK-47 rifle scarred by sculptor s lapse,0,0
Rhetoric aside Latin America leaders say Trump listened on Venezuela,0,0
Trump dismisses Facebook ads controversy as part of Russia hoax ,0,0
Close but no hurrah: EU welcomes May Brexit speech but warily,0,0
Polish PM: want to ensure rights of Poles in UK in Brexit talks,0,0
Former head of Muslim Brotherhood dies in hospital: lawyer,0,0
Turkey calls on Barzani to cancel northern Iraq referendum,0,0
Uzbekistan pulls students teachers nurses from cotton fields: sources,0,0
U.S. special envoy says Kurdish referendum has a lot of risks ,0,0
Ireland says lot of work needed to move to next phase of Brexit talks,0,0
What s a dotard anyway? Kim s insult to Trump,0,0
DUP leader says Brexit transition should be kept to absolute minimum ,0,0
Iraq reconstruction conference in Kuwait planned for early 2018,0,0
Macron signs French labor reform decrees,0,0
Poland says full protection of EU citizens rights in UK key in Brexit,0,1
Gulf media promotes emigre Qatari royals as feud sours,0,0
Civilians leave IS-area in eastern Syria after evacuation deal: monitor,0,0
Instant View: UK s May calls for two-year transition after Brexit,0,0
Trump South Korea s Moon agree to boost defenses: White House,0,0
Cameroon Anglophone protests reignite with separatist tinge,0,0
Irish PM says May speech genuine effort to move things forward ,0,0
EU praises constructive spirit of May speech wants more clarity,0,0
UK PM May does not raise possibility of leaving EU before March 2019,0,0
Factbox: Iraq s Kurds to vote in historic referendum on independence,0,0
Kurds ready to pay any price for freedom Barzani says sticking by independence vote,0,0
Syrians vote in Kurdish-led regions of north,0,0
Bosnian experts find 86 skulls at scene of 90s war massacre,0,0
German election campaign largely unaffected by fake news or bots,0,0
 Even more concerned after May Brexit speech: senior EU lawmaker,0,0
Post-election conundrum awaits Germany s Merkel,0,0
Teenager appears in UK court charged with London bomb attack,0,0
Slovenian PM cancels Croatia visit over maritime dispute,0,0
UK not prepared to pay for EU single market access during transition: government source,0,0
A North Korea nuclear test over the Pacific? Logical terrifying,0,0
U.S. takes North Korea threat of H-bomb test seriously Trump official says,0,0
Russia supports Iraq s territorial integrity: Lavrov,0,0
Angry and invisible expat Britons await PM May in Florence  ,0,0
UK PM May says Brexit transition period to last around two years,0,1
Turkish missile deal with Russia reflects stormy relationship with NATO,0,0
Kenya not at risk of constitutional crisis ahead of election re-run: top legal official,0,0
PM May says EEA membership would not suit Britain after Brexit,0,0
UK PM May says Brexit talks have been at times tough but made progress,0,0
Romanian deputy PM Shhaideh investigated for abuse of office,0,0
Germany expels second Vietnamese diplomat over Cold War-style abduction,0,0
UK PM May wants to be a strong friend to the EU,0,0
Russian submarine fires cruise missiles at jihadi targets in Syria,0,0
Venezuela president brings Cuba donation in wake of hurricane,0,0
Smaller EU states need stronger voice not Brussels says Czech election favorite,0,0
Zambia fears humanitarian crisis as influx of Congo refugees escalates,0,0
British police feel strain from attacks after latest London bombing,0,0
Saudi cleric suspended over quarter-brain women drivers quip,0,0
India using chilli sprays stun grenades to dissuade Rohingya influx,0,0
Filipino bishops urge bell-ringing prayers to protest bloody drugs war,0,0
South African minister calls for ANC to discipline Zuma: report,0,0
In South Korea daily stresses outweigh North Korea missile worries,0,0
Trump says North Korea s Kim will be tested like never before ,0,0
China s ruling Communist Party expels former Gansu party boss for graft,0,0
Trump Ghani agree U.S. can help develop Afghanistan s rare earth minerals,0,0
Kremlin deeply concerned by rising tension on Korean peninsula,0,0
Kenyan president says Supreme Court election ruling was coup ,0,0
Australian court rules senator was British citizen when nominated,0,0
Thai authorities close in on Yingluck s escape accomplices,0,0
Syrian activist and daughter murdered in Istanbul home: Turkish police,0,0
U.S. Navy carrier drills with Japanese navy amid North Korean tension,0,0
Tunisian navy rescues 78 migrants off coast,0,0
Rockets hit Damascus airport area in probable Israeli attack: report,0,0
Japan court rules Tepco liable over Fukushima: media,0,0
Roadside bomb kills four in Thailand s troubled south: security official,0,0
China urges North Korea to stop persisting on a dangerous course,0,0
China welcomes Myanmars efforts to alleviate situation in Rakhine,0,0
Iran unveils a ballistic missile with range of 2 000 km: Tasnim news,0,0
Britain will meet its Brexit financial obligations: minister,0,0
British police release two men in Parsons Green attack probe,0,0
Fearing far-right surge Merkel tells Germans to vote on Sunday,0,0
China calls for restraint when asked about North Korea hydrogen bomb threat,0,0
Spain police detain man accused of link to Barcelona attacks,0,0
Australia okays use of China drones in non-classifed operations,0,0
Mexicans respond with faith and charity as hope fades for quake survivors,0,0
Australian police charge man for attacking former PM Abbott,0,0
Reliving China s Long March ahead of party congress,0,0
France to skip 2018 Winter Games if security not assured,0,0
Japan calls North Korea s behavior absolutely unacceptable ,0,0
Iran nuclear deal cannot be renegotiated: Rouhani,0,0
Russia says U.S. Iran sanctions undermine nuclear deal,0,0
Exclusive: Faulty devices help keep Iran in nuclear deal limits - report,0,0
Russia says will target U.S.-backed fighters in Syria if provoked,0,0
Mexicans race to save schoolgirl buried by quake; death toll at 237,0,0
Mexico politicians fear flunking quake test before 2018 vote,0,0
North Korea official says North may consider hydrogen bomb on Pacific Ocean: Yonhap,0,0
Citibanamex lowers Mexico 2017 GDP to 1.9 percent due to quake,0,0
Beijing government pulls winter construction ban from website,0,0
Facing crime wave residents in South Sudan capital pay police for protection,0,0
Argentina s Macri almost certain to run for re-election: adviser,0,0
North Korea s Kim says will make deranged Trump pay dearly for U.N. speech,0,0
Exclusive: Turkey to deploy troops inside Syria s Idlib - Erdogan,0,0
U.S. announces near $700 million in humanitarian aid to Syria,0,0
Guinea rioters burn down police buildings in mining town 17 wounded,0,0
Guatemala Congress again votes to maintain president s immunity,0,0
Nuclear weapons will not bring security for North Korea: Tillerson,0,0
U.S. pressing Suu Kyi Myanmar military over Rohingya: Haley,0,0
U.S. not ruling out possible oil embargo on Venezuela: Haley,0,0
Venezuelans face growing queues to buy gasoline,0,0
Thousands rally in Philippines warn of Duterte dictatorship ,0,0
Istanbul s Ataturk airport reopens after jet crash Turkish Airlines CEO says,0,0
Storm Maria brings fear pain and shock to Puerto Ricans,0,1
Trudeau confronts Canada s failure of indigenous people in U.N. speech,0,0
China urges North Korea not to go further in a dangerous direction ,0,0
Merkel s conservatives lead before Sunday vote far-right gains: poll,0,0
Catalan leader presses on with banned vote on split from Spain,0,0
WHERE IS THE OUTRAGE? INDIEGOGO HOSTS FUNDRAISER FOR BLACK MAN AND BANK ROBBER WHO MURDERED WHITE COP AND MARINE VETERAN [Video],1,1
BUSINESS OWNER LEARNS PAINFUL LESSON: Why Re-Distribution Of Earnings In The Workplace Doesn’t Work,1,0
SHOCKING HYPOCRISY: THE MOST RACIST INDUSTRY IN AMERICA,1,1
WHY WOULD OBAMA’S SEND THEIR DAUGHTER TO NYC TO INTERN With A Self Described Sexual Predator Of Her Little Sister?,1,1
OH THE IRONY! PLANNED PARENTHOOD USES A FAMOUS CARTOON CHARACTER TO DEFEND ABORTION,1,1
BREAKING: LA SHOOTER ADMITTED HE WAS OBAMA SUPPORTER…Media Still Attempts To Make Tea Party Connection,1,1
HULK HOGAN IS KICKED TO CURB BY WWE FOR SPECULATION OVER RACIST COMMENTS,1,1
DISABLED MAN WITH CANE CONFRONTS 3 PUNKS STANDING ON AMERICAN FLAG ON UCLA CAMPUS: What He Does Next Is Awesome! [VIDEO],1,1
[UPDATE] THESE 3 COMPANIES Have Demanded Their Names Be Removed From Baby Harvester Planned Parenthood’s List of 40 Major Company Donors,1,1
BLACK ESPN SPORTS ANNOUNCER GOES OFF ON DIVISIVE LEFTIST NARRATIVE: So what are we saying…That black lives matter only when we’re killed by somebody who’s not black? ,1,1
OBAMA LIGHTS UP WHITE HOUSE HOURS AFTER GAY MARRIAGE DECISION…Still Won’t Lower Flags For Unarmed Marines Murdered By Muslim Terrorist,1,0
[VIDEO] LEFTIST CNN HOST ACTUALLY SAID THIS: Chattanooga Terrorist Is GOOD LOOKING…This guy actually reminds me of Dzhokhar Tsarnaev ,1,1
[VIDEO] FOX News’ Greg Gutfield Asks If The Left Would Care If Planned Parenthood Was Selling Harvested Dolphin Organs,1,1
BREAKING STORY! TRUE EVIL EXPOSED: [Video] PLANNED PARENTHOOD DIRECTOR Caught On Video Selling Aborted Baby Parts,1,1
POPE TAKES COMMUNIST CRUCIFIX GIFT HOME: Says He Was Not Offended By It [VIDEO],1,1
‘IT’S ALL ABOUT THE KIDS’…JUST ASK THE UNIONS: Public Schools Are Broke While Shocking Number Of Chicago School Employees Make Six Figures Per Year,1,1
PREGNANT ‘Pro-Choice’ WOMAN ASKS $1 MILLION RANSOM FOR BABY: ‘How much would you pay to stop an abortion?’,1,1
FLORIDA CAR DEALER THREATENED WITH FINES FOR DISPLAYING AMERICAN FLAGS [Video],1,1
(VIDEO) YOU’LL BE PROUD! ONE VETERAN REMAINED AFTER FLAG BURNING EVENT IN NYC TO TAKE CARE OF BUSINESS,1,1
HIGH SCHOOL TEACHER SEEKS HELP FROM UNION AFTER BEING FIRED FOR STOMPING ON AMERICAN FLAG IN CLASS [Video],1,1
MILWAUKEE ART MUSEUM TO DISPLAY THIS HUGE PORTRAIT OF POPE FRANCIS MADE OF CONDOMS,1,1
SAY WHAT? RACIST GUN-TOTING FLAG STOMPER WHO CAUSED MONTH LONG MAN HUNT THREATENING: I am a terrorist toward white people IS RELEASED ON BOND,1,1
ABOVE THE LAW: OBAMA’S ‘HOPE’ ARTIST WANTED ON FELONY CHARGES IN DETROIT,1,1
ILLEGAL ALIEN DEPORTED 3 TIMES KILLS SPORTS JOURNALIST AND FATHER OF 4 DAY BEFORE FATHER’S DAY,1,1
[VIDEO] DOES SEEING TWO NAKED LESBIANS IN BED TOGETHER MAKE YOU WANT TO EAT YOGURT? Chobani Apparently Thinks It Does,1,1
[Video] MUSLIM MAN HITS GAY COUPLE OVER HEADS WITH CHAIR IN MANHATTAN: Why It Won’t Be Treated As A Hate Crime,1,1
[VIDEO] FAIRFAX VA BOARD VOTES TO TEACH STUDENTS GRADES K- 8 ABOUT GENDER IDENTITY AND GAY MARRIAGE In A Way Parents Cannot Opt out,1,1
FRANKLIN GRAHAM PULLING HUNDREDS OF MILLIONS FROM BANK USING TV AD [Video] TO PROMOTE GAY MARRIAGE AND ADOPTION,1,0
MARINE VET HAS ‘NO REGRETS’ OVER JAIL TIME For Spilling’ Coffee On These Disgusting Protestors,1,1
Police Commissioner Explains Why It’s Hard To Hire Black Cops In NYC,1,1
BRUCE JENNER CASHING IN BIG TIME WITH NEW IDENTITY: I’m the new ‘normal [VIDEO],1,1
IRONY: [VIDEO] FLAG STOMPIN’ RAPPER LIL WAYNE STARTS FIGHT At Stop The Violence Fundraiser,1,1
COLLEGE PROF DEVELOPS 10 Cracka Commandments TO HELP WHITE PRIVILEGED PEOPLE WITH IMMINENT Black Spring ,1,1
CHICAGO AREA SCHOOLS REPLACING BOOKS BY WHITE MALE AUTHORS With Books That Are more culturally relevant ,1,1
HIGH SCHOOL SHOWS STUDENTS RACIST Sh*t White People Say VIDEO AS PART OF MORNING ANNOUNCEMENTS,1,1
WHITE STUDENTS TURNED AWAY FROM Anti-Racism Event Because Black People Deserve A safe place Without White People,1,1
SWANKY NYC HOTEL TURNS AWAY NAVY OFFICER FOR WEARING UNIFORM [Video],1,1
PRO-LIFE LICENSE PLATE DEEMED ‘Patently Offensive’ BY FEDERAL APPEALS COURT,1,1
PREVIEW OF WHAT’S TO COME IN AMERICA: UK Immigration Officers Threatened and Bullied Into Submission By Crowd [VIDEO],1,1
BELGIAN MAYOR IS THREATENED BY ISLAMISTS: Convert To Islam Or Die,1,1
CLASSLESS HOLLYWOOD LIB ADDRESSES THOUSANDS AT COMMENCEMENT SPEECH…Drops F-Bomb In Whiny Opening Line,1,1
[VIDEO] SHOCKING ‘SILENCE OF THE LAMBS’ LIKE INTERVIEW WITH SERIAL MURDERER,1,1
LIB PROFESSOR AND HARVARD GRAD SAYS PEDOPHILIA IS NOT A CRIME…Read Why…,1,1
Gangs Involved In Huge Biker Brawl Have toned down their threats After Warning Police Of Retaliation And Threat To kill anyone in uniform ,1,1
FORMER NEW BLACK PANTHER ADVISOR AND MINISTER THREATENS: If Freddie Gray’s killers walk you will see cops being killed in broad daylight ,1,1
 Kill Him…Kill Him …GOOD SAMARITAN TRYING TO SAVE TEEN GIRL GETS BRUTALLY BEATEN [Video],1,1
7 DEAD OVER 200 INJURED IN AMTRAK CRASH And This Passenger Has The Audacity To Complain About This…,1,1
THIS IS RICH! ACLU WANTS INVESTIGATION INTO HOLLYWOOD SEXISM,1,0
NO JOKE! THE EPA STICKS ITS NOSE INTO THE NAIL SALON BUSINESS,1,0
(VIDEO) MILITARY VETS TOLD NOT TO ACT ‘POMPOUS’ TO AVOID ANGERING ISIS ‘LONE WOLVES’ WHILE LIBERAL PUNDITS CALL RADICAL ISLAM A ‘MADE UP IDEA’,1,1
CRIES OF RACISM AFTER NYC MUSEUM KICKS OUT ROWDY HIGH SCHOOLERS,1,1
OUTRAGEOUS VIDEOS: WATCH THE LEFTISTS BLAME THE VICTIM AND DENY THE TRUTH,1,1
BOMB THREAT AND CRITICISM HITS HISPANIC BBQ OWNER’S PLANS FOR WHITE APPRECIATION DAY,1,0
GUANTANAMO JIHADIST FREED AFTER MURDER OF SFC CHRISTOPHER SPEER,1,1
(AUDIO)NATION OF ISLAM LEADER FARRAKHAN: WE WILL KILL YOU ALL IF YOU GO AGAINST US,1,1
WHITE BASEBALL PLAYER LOSES SCHOLARSHIP AFTER USING THE N WORD BUT NOT SO FOR BLACK BASKETBALL PLAYER,1,1
(VIDEO) MEDAL OF HONOR RECIPIENT SCORCHES AMERICAN FLAG STOMPERS,1,1
CONTROVERSY OVER CHRISTIAN FLAG ENGULFS SMALL TOWN,1,1
PRO-ABORTION BOOK FOR CHILDREN: My Sister Is a Happy Ghost! ,1,1
(VIDEO) SICKENING CHALLENGE GOES VIRAL: DISRESPECTING OUR AMERICAN FLAG BY STOMPING ON IT,1,1
(AUDIO) RACIST BLACK PANTHER LEADER: We’re willing to kill to save a black nation. ,1,1
SHOCKING REPORT: MORE LAW ENFORCEMENT OFFICERS KILLED THAN YOUNG BLACK MEN BY WHITE COPS,1,1
OBAMA PLAYS THE VICTIM CARD AGAIN: BALTIMORE RIOTERS STRIPPED A,1,1
CHILLING INTERVIEW: [VIDEO] 14 Yr. Old Girl Doused Baltimore Pizza Store Owner In Lighter Fuel Tried To Set Him On Fire,1,1
(VIDEO) BALTIMORE BBQ & BREW OWNER GUARDS RESTAURANT AFTER LEADERS UTTERLY FAILED ,1,1
(VIDEO)BALTIMORE IN A NUTSHELL: GERALDO RIVERA AND RIOTERS SCUFFLE AS APOLOGIST DEMOCRAT POLITICIAN MAKES EXCUSES FOR THE THUGGERY,1,1
BRILLIANT AND TRUE: THIS IS ALL YOU NEED TO KNOW ABOUT THE FAILURE OF BALTIMORE’S LEADERS,1,1
SIX REASONS THE LEFT Turned Their ‘Accepting’ Backs On Bruce Jenner After He ‘Came Out’ In TV Interview,1,1
NEW TV SHOW HAS COUPLES Bravely Putting Their Marriage On The Line By Sleeping With Strangers,1,0
FIRST GRADE TEACHER READS TRANSGENDER BOOK TO STUDENTS ABOUT How A Boy Came To The Realization He Was Really A Girl,1,1
ONLY 25% OF DOWN SYNDROME BABIES ARE ALLOWED TO BE BORN…This ‘Flying Baby’ Might Make Some People Re-think That Decision,1,1
MIDDLE SCHOOL TEACHER BEATEN UNCONSCIOUS BY PARENT AND STUDENT WARNED: ‘I fear for my safety…the children have no respect for adults ,1,1
MICHIGAN CONTROVERSY OVER GUN DEPICTED IN VETERANS’ MEMORIAL: We didn’t win the war by throwing sticks and stones. ,1,1
(VIDEO) WOMAN BEATEN BY TWO TEENS AFTER ‘SHUSHING’ THEM IN MOVIE THEATER,1,1
UPDATE: 40% OF VICTIM’S SKULL IS MISSING…No New Arrests [Graphic Video] PHILADELPHIA POLICE ASK FOR HELP IDENTIFYING GANG OF KIDS And Mother For Sub-Human Attack On Homeless Man With Hammer,1,1
‘MOTHER OF THE YEAR’ Drives11 And Armed 15 Yr. Old Sons Along With 4 Teenage Friends To A Fight,1,1
IT’S TIME TO STOP THE LIES! ARE YOU SICK AND TIRED OF THE FALSE Hands Up Don’t Shoot NARRATIVE?,1,1
[Video] BURGER KING MANAGER CURSES OUT AND THREATENS CUSTOMER Who Asked For Refund,1,1
SHOCKING: UNIV OF HAWAII RECRUITS GIRLS AS YOUNG AS 14 YEARS OLD FOR 2ND TRIMESTER ABORTION EXPERIMENTS,1,1
BREAKING: [Video] COLORADO BAKER WHO REFUSED TO MAKE CAKES With Anti-Gay Message Did Not Discriminate,1,1
(VIDEO) PATRIOTS DEMAND REMOVAL OF COMMUNIST FLAG,1,1
BUSTED: [VIDEO] MAN ATTEMPTS TO TAPE GOTCHA VIDEO OF COPS ‘ABUSING THEIR POWERS’ And Gets Unexpected Challenge From Local News,1,1
[VIDEO] 16 YR OLD ARRESTED For Violent Gang Beating In McDonalds…15 Yr Old Victim Brags About New Found Fame,1,1
 Non-violence hasn’t worked …Reverend Sam Mosteller Leader of Group Founded By MLK Calls On Blacks To Take Up Arms,1,1
YEAR IN REVIEW: 2017 Top Ten Conspiracies,1,1
‘Classified’ Emails from Hillary Clinton and Huma Abedin found on Anthony Weiner’s Laptop,1,1
How Trump is Accelerating the Decline of US Global Influence,1,1
US Advising Soldiers to Be ‘Less Masculine’ as Military Tries to Curb Flood of Sexual Harassment Cases,1,1
Dopey Santas McAfee Hacked Silicon Valley vs. ACR – Boiler Room EP #141,1,1
The Jerusalem Decision: From Creative Chaos to Effective Turmoil,1,1
A POEM: ‘Twas The Night Before CNN’s Christmas…’,1,1
Bundy Case Ruled a Mistrial – Will Federal Case Soon Crumble?,1,1
Mainstream Media Fake News: 21st Century Wire Debates American ‘Liberal’ Academic,1,1
CLOAKED IN CONSPIRACY: Overview of JFK Files Reopens Door to Coup d’état Claims & Cold War Era False Flag Terror,1,1
COLLUSION FUSION: DOJ Official’s CIA Wife Was Hired to ‘Research’ Trump,1,1
Mueller Team Uniform? ‘Democratic Donkey Jerseys’ and ‘I’m With Hillary T-Shirts’ says Congressman,1,1
Palestinian Protesters Attack US Embassy in Lebanon,1,0
Charlie Manson Serial Killers LSD Hippie Culture Cults and Bitcoin Explosion – Boiler Room EP #138,1,1
Trump Team Didn’t Just Collude with Israel Kushner was Acting as Foreign Agent for Tel Aviv,1,1
CIA’s Pompeo: ‘Assange Shouldn’t Be Confident of Protecting WikiLeaks Sources’,1,1
ABC News Suspend Anchor Brian Ross Over Fake News Report on Trump-Flynn ‘Russian Collusion’,1,1
US Thanksgiving Guide: How to Celebrate a Sordid and Genocidal History,1,1
Digisexual Robot Pimps Swamp Chess Hollywood & DC Cannibalism: Boiler Room EP #137,1,1
U.S. State Dept. Spox: ‘Everybody wants Assad out five years ago’,1,1
Facebook’s New ‘Proactive’ AI to Scan Posts for Suicidal Thoughts,1,1
Repeat Deceit: How US Tries to Link Iran to Al Qaeda,1,1
Meredith Corp. and Koch Money Buys Time Inc. ‘Left’ Goes Bonkers,1,1
Thanksgiving Day Fake News Turkey Shoot: Boiler Room – Special Holiday Event,1,1
DIGITAL TYRANNY: Google Will Make ‘Those Kinds of Sites’ Harder to Find,1,1
Exposing the Shakespearean tragedy of the Russia Hacking hoax,1,1
History Lesson: America’s Renegade Warfare,1,1
Digital Tabloids Narco-memes & The League of Shadows: Boiler Room EP #136,1,1
TEXAS CHURCH SHOOTER: Years Before ‘Soft Target’ Attack Gunman Tried to Carry Out Death Threats on CIA Linked Air Force Base,1,1
Facebook Federal Spy Agency DC Swamp Chess Bathroom Cams & Tranny Electorate: Boiler Room EP #135,1,1
Was Gaddafi Right About JFK?,1,1
Smart Cities Androids Technocracy Kevin Spacey Corey Feldman: Boiler Room EP #134,1,1
NEW YORK KNOWN WOLF: Halloween Truck Attacker Known to DHS Prior to ‘Act of Terror’,1,1
Man Yells ‘CNN is Fake News!’ During Live NYC Broadcast,1,1
Hillary Clinton Ponders Halloween Costume,1,1
Robert Parry: Sorting Out the Russia Mess,1,0
Bezos-Owned Washington Post Running PR for Bezos-Owned Amazon ‘HQ2’,1,1
Lest We Forget: ‘Independent’ Mueller is Part of Establishment That Helped Sell Iraq War,1,1
Episode #208 – ‘Not The Network’ – Sunday Wire with Hesher Funk$oul and Patrick Henningsen Live from Iraq,1,1
Halloween Fireside Book of Suspense Vol. 2: Boiler Room EP #133,1,1
Twitter ‘Off-Boards’ (Bans) RT and Sputnik Ads Ahead of Capitol Hill Testimony,1,1
MORE QUESTIONS THAN ANSWERS: Was Sandy Hook Shooter Known to FBI Prior to School Massacre?,1,1
Iraqi PM Rebuffs U.S. Decree That ‘Foreign Shia Militias’ Should Leave Country,1,0
New Survey Shows No.1 Fear of US Citizens is Government NOT Terrorism,1,1
WHITE WASHED? Trump Claims Classified JFK Files Will Be Released Reigniting Conspiracy Suspicions,1,1
‘Man Bites Dog’: New York Times Does Some Actual Journalism,1,0
The Las Vegas and Weinstein Cover-ups: Boiler Room EP #132,1,1
STRANGER THAN FICTION: Why Is Foundation of Vegas Shooting Survivor Sponsored By DHS Linked Firm?,1,1
ANTIFA: Self-Appointed Radical Revolutionaries or Neoliberal Thought Police?,1,1
VANISHED: ‘Hero Security Guard’ and Star Witness of Las Vegas Shooting is Missing,1,0
TSA: US Residents from 9 States Will Need Passports for Domestic Flights,1,1
SUNDAY SCREENING: Operation Hollywood (2004),1,1
Reflections on a World Gone Mad and Pushing Back against Neocolonialist Thuggery,1,1
John McAfee on Hacking Smartphones and Why BITCOIN is Here to Stay,1,1
Black Politician Explains Why Left’s ‘Racist’ Critique of Trump is Wrong,1,1
Santilli Freed Under Plea Pact as Vegas Shooting Casts Shadow on Bundy Trial,1,1
Another Revision in Las Vegas Mass Shooting – Amid Mandalay Bay Security Guard’s Media Silence,1,1
Boiler Room EP #131 – Gender Fluid Scouts Hollyweirdness & Eminem The Establishment Rapper,1,1
The Las Vegas Mass Shooting – More to the Story Than We’ve Been Told,1,1
US Gov’t War on RT: Imperial Media ‘Truth’ Monopoly Threatens Press Diversity,1,1
 Russia Did It is Smokescreen for Big Business Ownership of US Government and Congress,1,1
Agent Angelina: Are CIA Using Hollywood’s Jolie as Soft Power Operative?,1,1
Iran ‘Will Respond’ if US Moves to Designate Revolutionary Guard as ‘Terrorist Group’,1,0
Episode #205 – SUNDAY WIRE: ‘Dirty Vegas’ with Jay Dyer Hesher & Shawn Helton,1,1
‘Vaccine Choice’ Mom Gets Jail Time for Not Jabbing Her Kid,1,1
Boiler Room EP #130 – Mandalay Cover-Up,1,1
REVEALED: FBI Aided Abetted ‘ISIS’ Terrorist Attack at ‘Mohammed Cartoon Event’ in Garland Texas,1,1
Henningsen: Obama White House Colluded with Facebook to Fabricate ‘Russian Bot’ Conspiracy,1,1
Fake News: The Collapse of the MSM’s ‘Facebook Russian Bot’ Story,1,0
Boiler Room EP #129 – Mandalay ‘Massacre:’ Initial Boil Down with Hesh Spore Jay Funk and Pharaoh,1,1
‘Russia Did It’ – The New Age of McCarthyism,1,1
Boiler Room EP #128 – Free Speech… Not Without a War ,1,1
The ‘New Cold War’ – A Rehash of Old Rivalries,1,1
EXPLAINED: The West’s NGO ‘Human Rights’ Scam,1,1
Henningsen on U.S. vs North Korea: ‘Wouldn’t You Want a Nuclear Deterrent?’,1,1
MSM Fake News: How Washington Post Sexed-up its ‘Facebook Russian Bot’ Conspiracy,1,0
SUNDAY SCREENING: Overpill (2017),1,1
Episode #203 – SUNDAY WIRE: ‘The Dotard Effect’ with guests Mike Robinson Basil Valentine,1,1
Undercutting the Nation State? Chicago Group Suggests ‘Global Cities’ Should Run World Affairs,1,0
CIA Operative Admits Deep State Globalist Control – The Game of Nations,1,1
Boiler Room EP #127 – The Oppression Commiseration (And Similar Topics),1,1
The Secret Society That Ruined the World: Rhodes Rothschild Milner,1,1
Trump Bares Himself at UNGA In a Kind of Neocon Full Monte ,1,0
American McCarthyism: Neocon Warhawks’ Plan to Kill Antiwar Dissent in Media,1,1
Ron Paul Liberty Report: US-Saudi Arms Trafficking to Terrorists in Syria,1,1
What a Wonderful World – US Saviour Complex,1,1
Henningsen on CrossTalk Debating ‘Trump & His Generals’,1,1
Boiler Room EP #126 – Immigration Consternation,1,1
Boiler Room EP #125 – Live From the Swamp Train with FunkSoul Randy J Patrick Henningsen,1,1
Jimmy Carter: ‘Koreans Want Peace Treaty to Replace 1953 Ceasefire’,1,0
Message for Progressive Left: ‘If You Want to See Real Nazis Come to Ukraine’,1,1
Trump Springs the Neocon Trap Again: North Korea’s ‘Test’ is No Act of War,1,1
SUNDAY SCREENING: The Deep State: Hiding in Plain Sight (2014),1,1
What is The Deep State?,1,0
Watch as Assad Destroys US Reporter Michael Isikoff in Interview,1,1
(VIDEO) For the Love of Winston Smith Let The Truth Be Told ,1,1
Boiler Room EP #124 – Weather Warfare & CNN Goblin Pits,1,1
McCain’s Mad World and The Cancer of Conflict,1,1
Boiler Room EP #123 – Right vs. Left Jerry Springer Style,1,1
Liberal Imperium: Quigley’s Anglo-American Establishment – Jay Dyer (half),1,1
SYRIA NORTH KOREA: Trump’s Axis of Evil is Bigger and Better than the George Bush Version,1,1
AFGHANISTAN: Trump Surges Into the Graveyard of Empires,1,1
Black Politicians Increase Attacks on Ben Carson Accuse Him of Supporting ‘White Supremacists’,1,1
Zakharova Slams CIA Chief Pompeo: Stop Making Up Anti-Russian Fiction,1,1
Episode #199 – SUNDAY WIRE: ‘Trigger Warning: ID Politics’ with Gilad Atzmon and Jay Dyer,1,1
Five Things You Need to Know About CrowdStrike,1,1
Atzmon: Who Keeps Americans in the Dark?,1,1
Ben Carson Home Vandalized with Anti-Trump Graffiti CNN Accuses Him of Lying,1,1
Georgia Judge Suspended for Comparing Attack on US Monuments to ISIS Actions,1,1
Boiler Room EP #122 – Charlottesville & The History of Violent Cultural Revolution,1,1
In 2017 America’s liberal abortion agenda looks a lot like Nazi Eugenics,1,1
Charlottesville and the Problem of Left & Right Identity Politics in America,1,1
Lavrov to Trump: ‘Do Not Attack Venezuela’,1,0
INTERVIEW: Did the ‘Alt Right’ Die in Charlottesville?,1,1
North Korea: Will World War III Kick Off This Week?,1,1
SUNDAY SCREENING: ‘The War on Democracy’ (2007),1,1
Charlottesville: Far Left vs Far Right Clashes With One Person Dead,1,1
Trump Isn’t Going to Invade Venezuela But What US is Planning Could Be Much Worse,1,1
Boiler Room – #UniteTheRight Coverage with Hesher Andy Nowicki Patrick Henningsen FunkS0ul & Randy J,1,1
Google is the Engine of Censorship,1,1
Trump Thanks Putin for Slashing US Embassy Staff: ‘It Cut Our Payroll’,1,1
Boiler Room EP #121 – Google vs The Red Pill & The Great Witch Hunt,1,1
Revealed: Loretta Lynch Given Talking Points for Secret Clinton ‘Tarmac Meeting’,1,1
Confirmed: FBI Raids Home of Former Trump Manager Paul Manafort,1,1
Buchanan on Trump: After the Coup What Then?,1,1
Fiore: Bundy Ranch Case Drags on Because ‘FBI Has No Evidence to Prosecute Them With’,1,1
As Predicted Google Fires Man Who Complained About Firm’s Repressive Political Culture,1,1
Mid Summer Anger: Oliver Stone Waxes US Establishment’s Russia Conspiracy Theory,1,1
DIGITAL TYRANNY: Google and Facebook’s Automated Censorship Program (I Hope You Can Speak Chinese),1,1
Does CNN Really Have a ‘Cosmopolitan Bias’?,1,1
Boiler Room EP #120 – Scorched Earth Media: From RussiaGate to HillaryGate,1,1
Pay Off: The Establishment Rewards Comey with $2 million Book Deal,1,1
Tillerson to North Korea: ‘We Are Not Your Enemy’ – US Seeks Dialogue Not Regime Change,1,1
The U.S. Establishment vs The Rest of World,1,0
SHOCKER: Washington Post Publishes OpEd Critical of Pro-Israel Law Which Shuts Down BDS,1,1
Boiler Room EP #119 – Zombie Disneyland & The Decline of Western Society,1,1
New 9/11 Trailer – Featuring Charlie Sheen and Whoopi Goldberg,1,1
‘Trump Russia Possible Collusion’ (REMIX),1,1
SOLDIER: ‘Here’s Why Trump’s Transgender Military Ban Makes Sense’,1,1
Trump Announces Transgender Ban for US Military Caitlyn Jenner Slighted,1,1
Have the US Trump Really Abandoned ‘Regime Change’ in Syria?,1,1
Progressives Outraged Over Beyonce So White Wax Figure at Madame Tussauds,1,1
Legal Fears Push Newsweek to Delete Eichenwald’s Articles Used to Smear Sputnik News,1,1
John McCain and The Cancer of Conflict,1,1
Boiler Room EP #118,1,1
Progressive Lunacy: PETA Claims Indonesian Monkey Owns ‘Selfie’ Copyright,1,1
FBI Agent Indicted In Killing of Lavoy Finicum Hires High-Profile DC Lawyer,1,1
The Demise of Progressive Democrats: ‘Resist and Submit Retreat and Surrender’,1,1
STAR WARS 2.0: Washington’s Battle to Fund Space Warfare,1,0
Boiler Room EP #117 – Straight Outta Tavistock & The Woke AF Zombie Apocalypse,1,1
NOTHING BIG MAC: Donald Trump Jr Caught in Latest Russiamania Ragbag,1,1
Armed US immigration Officers to Be Stationed in UK Airports,1,1
Boiler Room EP #116 – Trigger GIFs Send in the Clowns,1,1
#CNNBlackmail Trending as Network Blackmails Trump Meme Reddit User,1,1
In the Age of Amazon Are Traditional Shopping Malls Dead?,1,0
AFGHANISTAN: Forgotten But Not Gone,1,1
4th of July: Why the Shadow Government Hates Independence Day,1,1
HAWK OR NOT? Is Trump Expanding the Wars?,1,1
Boiler Room EP #115 – Very Fake News & The Slaughter of Innocence,1,1
BRONX HOSPITAL SHOOTING: Multiple People Shot Staff ‘Sheltered in Place’ Amid Backdrop of Active Shooter Drills,1,1
US State Department Talking Head Transforms into Al Qaeda’s Spokesperson,1,1
REALLY FAKE NEWS: New York Times Finally Retracts Its ’17 Intelligence Agencies’ Claim on Russia Hacking US Elections,1,0
MOCKINGBIRD REDUX? CNN’s Role in Peddling Fake ‘Nothing Burger’ Russia-Gate News Revealed,1,1
Hersh: Trump Knew ‘Assad Sarin Attack’ Story Was Fairy Tale – But Launched Cruise Missile Strike Anyway,1,0
Boiler Room EP #114 – Psychos In The Compromised Media,1,1
The New Cold War: A Chilling Prospect for the World,1,1
NORTH KOREA: Trump’s Recklessness Could Trigger All-Out Conflict on Korean Peninsula,1,0
‘Stop Arming Terrorists Bill’ Fails in US Congress After Getting Only 13 Supporters,1,1
RUSSIA’S RED LINE: Moscow Announces End to US ‘Deconfliction’ Cooperation Over Syria,1,1
SYRIA: Washington’s Boots and Missile Systems on the Ground to Defend ISIS and Associated Proxies,1,1
NUDGING TO WAR: U.S. Shoots Down Syrian Army Fighter Jet,1,1
Boiler Room EP #113 – ‘CNN is ISIS’,1,1
SYRIA: British and American Presence Directly Escalating Conflict Near Al-Tanf,1,1
Virginia Shooter Hodgkinson Was ‘Never Trump’ Fanatic and Devotee of Bernie Sanders,1,1
Boiler Room EP #112 – UK Election Omran & Technocratic Tech,1,1
Is the United States of America a Liberal Democracy or Liberal Oligarchy?,1,1
What’s the Leading Killer of American Adults Under 50? Drug Overdose.,1,1
US Coalition Airstrike on Syrian Army in Al-Tanf is Another Calculated War Crime Aims to Destroy Arab Unity,1,1
Kathy Griffin & Hillary Clinton Are Losers Not Victims,1,1
Hollywood Suffers Meltdown Over Trump’s Withdraw from Paris Climate Deal,1,1
BILDERBERG: More Secret Meetings with Trump Advisors US Senators,1,1
Boiler Room EP #111 – Build-a-World-Order-Burger,1,1
ABSOLUTE SUBMISSION: Trump Bows to Neocon Orthodoxy,1,1
PHILIPPINES: 2016 Washington’s Fury as Philippine’s Elections Threaten US Anti-China Policy,1,1
Zbigniew Brzezinski Globalist Scion Dies at Age 89,1,1
Boiler Room EP #110 – A Deeper Game: Masters of Chaos Strike Again,1,1
Bilderberg to Meet Next Week in Chantilly Virginia,1,0
THE JACK BLOOD SHOW: ‘From May Day Riots to Globalism’ with 21WIRE guest Shawn Helton,1,1
Boiler Room EP #109 – It’s a Wonderfull Life,1,1
FORSAKEN SULTAN: Erdogan Isolated Ahead Trump Meeting in Washington,1,0
Boiler Room #108 – Who’d Win in a Fight? Boiler Room vs. Hitler vs. Dracula,1,1
DISMISSED: Trump Fires Scandal Plagued FBI Director James Comey – What Does It Mean?,1,1
James Comey’s Legacy: Blaming Russia Rather Than Saudi Arabia And Israel,1,1
Washington’s Criminal Activities Are Only Getting Messier,1,1
Will ‘Trumponomics’ Bankrupt America?,1,1
The Existential Question Of Whom To Trust,1,0
Boiler Room #106 – Did Israel Attack Damascus? + Bill Nye The PsyOp Guy,1,1
The CIA Doesn’t Need To Spy On Free Thinkers The Private Sector Does It For Free,1,1
Why Not A Probe of ‘Israel-Gate’,1,0
Tax March: Where Were You as Obama Wrecked Libya?,1,1
MASS INTEGRATION: The Race to Capitalize on a Virtual Future,1,1
Russia-Gate Was All the Rage Across US Media – Where Did it Go and Why?,1,1
Boiler Room #105 – Quantum Swamp Chess,1,1
Easily Duped: Trump Surpasses Bush Falling for ‘Chemical Weapons’ Theatrics,1,1
Professor: Political Ignorance is Going To Have Consequences ,1,1
Is Spicer Flap a Cover for Media to Tie Up White House in Global Affairs and Scuttle Trump’s Domestic Agenda?,1,1
Trump’s ‘Wag the Dog’ Moment,1,0
Tulsi Gabbard Triggers The War Hawks With Her Based Skepticism,1,1
SAN BERNARDINO: Two Adults Dead Two Injured In School Murder-Suicide,1,1
Rex Tillerson and Nikki Haley – Who Can ‘Flip Flop’ The Most,1,1
NSA – ‘Top Secret’ Arsenal Released In Protest Of ‘Trump Betrayal’,1,1
SYRIA: Nikki Haley Threatens to Do More Despite International Outrage at US Criminal Act of Aggression,1,0
Syria Strikes: This is NOT The Donald Trump We Wanted,1,1
ENGDAHL: ‘Trump is a Puppet of the Deep State’,1,1
Episode #6 – DRIVE BY WIRE: ‘Syria WMD Redux?’ (Part 1),1,1
Without Evidence Trump Launches 59 Cruise Missiles Destroying Syrian Air Force Base,1,1
Boiler Room #104 – War Sells… But Who’s Buying,1,1
MEMBERS: EP #5 – DRIVE BY WIRE: ‘Taxi to the UN’ with Patrick and Matt Lee,1,1
Rappoport: ‘CNN Already Deflecting From the Susan Rice Scandal’,1,1
The U.S. Has No Legal Standing in Its Involvement in the War on Yemen,1,1
SUNDAY SCREENING: Guns Drugs & the CIA (1988),1,1
Assange: ‘Trump in Conflict with CIA Over Syria Policy’,1,1
John McCain Throws Tantrum Decries Trump for ‘Letting Assad Stay’,1,1
NEVER BEFORE SEEN: FBI Trove of 9/11 Pentagon Photos Refuels Conspiracy Suspicions,1,1
Boiler Room #103 – Smoking Gunz,1,1
EP #19: Patrick Henningsen LIVE – SEASON FINALE – Open Phones,1,1
Episode #4 – DRIVE BY WIRE: ‘DC Rabbit Holes’ with Patrick & Shawn,1,1
Al Gore: Climate Change is PRINCIPAL Cause of Syrian War,1,1
Fake News: The Unravelling of US Empire From Within,1,1
SUNDAY SCREENING: ‘Air America: The CIA’s Secret Airline’ (2000),1,1
Collapsing: Why the ‘Russia Hack’ Witch Hunt Will Not End Well for Congress or America,1,1
Boiler Room #102 – Tales From The Black Pill,1,1
Elite Nazi-allied Order From Hungary Claims Trump Adviser Sebastian Gorka Is Sworn Member,1,0
Russian Street Preacher vs. American Students,1,1
Trump Was Right: Latest Arrests Prove Threats to Jewish Centers in US Were False Flags,1,1
Media Links Domestic Drone Surveillance to Trump with ZERO Evidence,1,1
Shaquille O’Neal: The Earth is flat. Yes it is. ,1,1
Billionaire ‘Bilderberger’ David Rockefeller dead at 101,1,1
What Is Going On With The Secret Service?,1,1
Why Has Donald Trump Abandoned the Foreign Policy That Won Him the Election?,1,1
Trump Liberal Hypocrisy & Humanity’s Future,1,1
Trump’s Awkward First Date with Frau Merkel,1,1
Secret Service Laptop Reportedly ‘Stolen’ had Trump Tower Layout and Clinton Email Probe Details,1,1
CLOAKED ORDER: Who’s Really Behind ‘New Authority’ for CIA Drone Strikes?,1,1
BEYOND MISSION CREEP: U.S. Planning to Send 1 000 More Ground Troops into Syria,1,1
Boiler Room #101 – St. Patrick’s Cyber-pocalypse with John McAfee,1,1
NEOCON FILES: The Kagans Are Back – Wars to Follow,1,1
What?! John McCain says Rand Paul is Working for Putin ,1,1
Introducing: Hamish The Illusion Patterson,1,0
EP #17: Patrick Henningsen LIVE – ‘Parallax Politics in DC’ with guest Daniel Faraci,1,1
MSNBC #FakeNews Fail: Desperate Rachel Maddow Springs Trump’s Tax Trap,1,1
The Corporate Plantation: NCAA College Sports Oligopoly,1,0
What Will Happen to Your Guns Under President Trump?,1,1
BIGGER THAN SNOWDEN: Wikileaks ‘Vault 7’ Classified CIA leak – What Does It Mean?,1,1
Boiler Room #100.2 – Part Duh! Wire Tapped Reality For Sale & Conspiracy Theorist Swag,1,1
‘A DELIRIUM IS SPREADING’ – The Left’s Great Russian Conspiracy Theory,1,1
Preparing to Invade: US Deploys Additional 2 500 Soldiers for ‘Syria and Iraq’,1,1
CrossTalk: WikiLeaks Vault 7 with Guests Patrick Henningsen Larry Johnson Suzanne Nossel,1,1
Boiler Room #100 – An Unlikely Alchemy,1,1
EP #16: Patrick Henningsen LIVE – ‘Official Washington Madness’ with guest Robert Parry,1,1
TRUMPDOM: The Curious World of Trump’s Foreign Policy Explained,1,1
BREAKING: Wikileaks To Give Tech Companies Exclusive Access To CIA Hack Tools,1,1
US Media Silence as Pentagon Deploys Rangers Armoured Regiment on the Ground in Syria,1,1
Media Says Trump Cannot Use Anonymous Sources But They Can!,1,1
BREAKING: Wikileaks Says Less Than 1% Of Vault 7 Released,1,1
Former NSA Whistleblower: ‘Trump Absolutely Right He Was Wiretapped’,1,1
US Hostage Survives Terrorist Ordeal in Syria to Deliver a Stunning Message to US-UK ‘Regime Change’ Crowd,1,1
BREAKING: Wikileaks Releases ‘Vault 7’ Part 1 – ‘Year Zero’,1,1
Facebook Now Decides What Is Branded Fake News,1,1
Trump Halts Travel In New Executive Order,1,0
Nader Talebzadeh: They Planned and He Plans,1,1
Trump Asks Congress To Investigate Former Obama Administration,1,0
Rhodes Is Wrong And Trump Could Have The Last Laugh,1,1
Trump Rally In Austin TX – Protesters Largely Outnumbered by Trump Supporters,1,1
Two Trump Tweets Debunk Russian Connection Conspiracy,1,1
EP #15: Patrick Henningsen LIVE – ‘Crisis of American Liberalism’ with guest Caleb Maupin,1,1
Boiler Room #99 – Almost to 100!,1,1
Should We Worry About McMaster as Trump’s National Security Advisor?,1,1
Donald Trump’s TRILLION Dollar Bombshell,1,1
MOCKINGBIRD MIRROR: Declassified Docs Depict Deeper Link Between the CIA and American Media,1,1
Trump’s First Congressional Speech Stuns Media Detractors – Stock Markets Rally,1,0
Hollywood Hip to Al Qaeda: ‘And the Oscar for Best Documentary Short goes to…’,1,1
NOTHING NEW: ‘Fake’ & Weaponized News Has Long Haunted Our War-Weary World,1,1
STOCKHOLM STUDY: US & Europe Top Arms Trade Globally – Saudi Arabia’s Weapons Imports Skyrocket Over 200 Percent,1,1
Episode #174 – SUNDAY WIRE: ‘Fake News’ Week In Review,1,1
21WIRE.TV Members Newsletter – Feb 18 2017,1,0
Boiler Room #97 – Mermaids and Swamp Life,1,1
The Changing Face of Mainstream Media?,1,1
If You Answer ‘Yes’ to These FBI Questions Then You Might Be a Terrorist,1,1
Flynn’s Out: Is ‘The New Détente’ Really Dead – Or Can Russia Still Benefit?,1,1
Bundy Ranch ‘Standoff’ Defendants Prepare for Trial in Nevada,1,1
COINTEL PRO: Are ‘Anti-Fascist’ Media Personalities Playing to the Cameras?,1,1
FAKE NEWS WEEK: Truth War Propaganda CIA and Media Manipulation,1,1
BREAKING: Michael Flynn Resigns as Trump’s National Security Advisor,1,1
Request to Halt Construction of DAPL Declined,1,1
Lake Oroville Dam Spillway Damage Results in Evacuation Orders to 188 000 People,1,1
Ben Stein Calls Out 9th Circuit Court: Committed a ‘Coup d’état’ Against the Constitution,1,1
Two-thirds of US Navy Strike Fighter Jets Grounded: Navy Claims No Money to Fix Them,1,0
FAKE NEWS WEEK: Mainstream Media – All the Fake News That’s Fit to Print,1,1
Putin and Trump to Potentially Meet in Slovenia,1,1
Message to President Trump from Syria’s Assad: ‘You Also Need Our Help to Defeat Terrorism’,1,1
FAKE NEWS WEEK: How Mainstream Media ‘Fake News’ Led to the U.S. Invasion of Iraq,1,1
Boiler Room #96 – The Great Lobster Degeneracy & The Art of Debate,1,1
BREAKING: Trump’s Travel Ban Halt Upheld by 9th Circuit Court,1,0
EP #13: Patrick Henningsen LIVE – ‘Fake News Fake Crisis’ with guest Mark Anderson,1,1
Patrick Henningsen and Don DeBar Discuss Trump’s ‘Immigration Ban’ and the Media Reaction,1,1
FAKE NEWS WEEK: Electronic Voting – The Big Lie That Just Won’t Die,1,1
Trump Blasts Democrats: A ‘disgrace’ that Full Cabinet Not in Place ‘Obstruction by Democrats!’,1,1
FAKE NEWS WEEK: Exposing The Mainstream Consensus Reality Complex,1,1
Trump Asks O’Reilly ‘Do you think our country is so innocent?’ After Pundit calls Putin ‘a killer’,1,1
The Court Case Against the ‘Travel Ban’ Executive Order,1,0
Uber Google Twitter Netflix and Other Tech Giants File ‘Unlawful’ Immigration Retort Against Trump,1,0
Episode #172 – SUNDAY WIRE: ‘Trumpe Le Monde’ with guests Trog Lodyte Sarah Abed,1,1
Washington State Judge Issues Temporarily Block on Trump’s Immigration Ban Nationwide,1,0
Trump Administration Faces Flood of Lawsuits Over Executive Immigration Ban,1,0
Boiler Room #95 – Weapons of Mass Penetration,1,1
Potential Shift: Trump Warns Israel ‘New Settlements May Not Help Peace in Middle East’,1,0
Dear America: Stop Supporting Terrorists in Syria and Around the World,1,1
OPEN SOCIETY: Soros-backed Anti-Trump Immigration Protests ‘Sprung from Nowhere’ at Airports Across America,1,0
President Trump Fires Acting Attorney General Sally Yates,1,1
Trump Executive Order on Ethics Commitments Bans Lobbying for Executive Branch Employees,1,0
Trump Supporters Attacked By Liberal Protesters: Taking Political Violence to New Level,1,1
SUNDAY SCREENING: Counter Intelligence – ‘The Strategy of Tension’,1,1
Episode 3 – DRIVE BY WIRE: ‘Under New Management’ with Patrick & Shawn,1,1
Is The Washington Post Waging a ‘Media War’ on President Trump?,1,1
#FakeNews Made By Mainstream Media,1,1
Boiler Room #94 – President Trump & The Great Neo-Liberal Freakout of 2017,1,1
EP #11: Patrick Henningsen LIVE – ‘Top Trump Trends for 2017’ with guest Gerald Celente,1,1
Trump Revives Keystone and Dakota Access Pipelines,1,1
Tucker Carlson to Border Angels Founder: Why Shouldn’t Borders Be Protected?,1,1
Trump: The First President to Turn Postmodernism Against Itself,1,1
Trump Moves Ahead with ‘The Wall’ Between US and Mexico,1,1
Cheerleading Assassination: Are Hollywood and Politicians Going Too Far?,1,1
POLITICAL AGITATOR: Globalist George Soros Linked to Over 50 ‘Partners’ of the Women’s March on Washington,1,1
Kellyanne Conway: ‘Presidents aren’t judged by crowd sizes but by their accomplishments’,1,1
DC Women’s March Aftermath: Streets Littered With Trash,1,1
SUNDAY SCREENING: Counter Intelligence – ‘The Company’,1,1
Trump’s First Government Agency Visit: CIA,1,1
U.S. Inauguration: Historic Day Marks Beginning of Renewed ‘America First’ Era,1,0
It’s Official: Trump is POTUS 45,1,1
Boiler Room #93 – The Outgoing Head of Hydra,1,1
Ep #10: Patrick Henningsen LIVE – ‘Inside Esoteric Hollywood’ with guest Jay Dyer,1,1
Trump Swings Back at Author of Fake Dossier: ‘Failed Spy’ Might Face Libel Action,1,1
Dubious Reports of Advertisements Seeking Trump Protesters: Get Paid Fighting Against Trump ,1,1
Rosie O’Donnell Thinks Martial Law is in Order to Prevent a Trump Presidency,1,1
Julian Assange – Everything that he has said he’s standing by. ,1,1
Obama Commuted Manning’s Sentence,1,1
Henningsen: ‘Trump Challenging Sacred Cows of US Foreign Policy But for How Long?’,1,1
Extreme Left #DISRUPTJ20 Plot to ‘Acid Bomb’ Inauguration Deploraball,1,1
PROBLEM: Trump vs. The US Intelligence Machine,1,1
Trump Conducts Sting Operation on US Intelligence Services,1,1
More Fake News: Mainstream Media Lies About Trump ‘Evicting’ White House Press Corp,1,1
REDUX 1963? The Deep State vs Donald Trump,1,1
SUNDAY SCREENING: Counter Intelligence – The Deep State,1,1
REVEALED: The Establishment’s Scheme to Take Down Trump,1,1
Chinese Media Warns of ‘War’ with US Following Tillerson’s Remarks South China Sea,1,0
DODGY DOSSIER: The Trump-Russia Dossier Was Funded by Political Rivals,1,1
Boiler Room #92 – The (Hollywood) Hills Have Eyes,1,1
EP #9: Patrick Henningsen LIVE – ‘Our Western Lands’ with guest Doyel Shamley,1,1
Patrick and Hesher: ‘DNI CIA have lost the plot and RT is beating CNN’,1,1
Grizzly Miss-Steppe: How Washington Post Rewrote its Fake News Story on ‘Russian Hack’ of Vermont Power Grid,1,1
Robert Parry: US Intel Report on ‘Russian Hack’ Still Lacks Proof,1,1
LAST MINUTE GOV’T GRAB: Obama Admin Decrees DHS will ‘Take Control’ of US Election Systems,1,1
James Clapper Himself Debunks Russia Hacked US Election Meme,1,1
Skeptics Unconvinced After Release of Feds’ Latest Report On ‘Russian Hack of DNC’,1,1
ANOTHER AMERICAN KNOWN WOLF? Fort Lauderdale Shooter Known to FBI Worked for Security Amid Backdrop of Mass Drills,1,1
Washington Post Deceives Public & Profits From Fake News,1,1
CONVENIENT? ‘Active Shooter’ Kills 5 in Fort Lauderdale CNN Claims Voices in His Head ‘Told Him to Join ISIS’,1,0
CIA Report Released: Trump maintains DNC Leaks had Absolutely no effect on outcome of election ,1,1
CNN’s Don Lemon Tries to Downplay Horrific ‘Anti-Trump’ Torture of Mentally Disabled Man,1,1
Boiler Room #91 – The Swear Jar Overfloweth,1,1
EP #8: Patrick Henningsen LIVE with guest Shawn Helton – ‘2017 Predictions & Trends’,1,1
PROVOCATION? Republican Senators Introduce New Bill to Move US Embassy in Israel to Jerusalem,1,1
SOUR GRAPES? Whatever happened to the ‘smooth transition of power’ that Obama vowed?,1,1
HACKING DEMOCRACY? CIA Accusing Russia of Doing What Langley Does So Well,1,1
Good News for Silver in 2017,1,1
Gerald Celente: Top 10 Trends for 2017,1,1
CNN’s Don Lemon: Is He an Alcoholic or Just a Drunk?,1,1
US Middle Class Still Suffering from Rockefeller-Kissinger Industrial Transfer Scheme to China,1,1
PC TYRANNY: University of Oregon Rules That Professors Have NO Free Speech,1,0
Boiler Room #90 – Downtown Brown and The Loss & Curse of Celebrity,1,1
EP #7: Patrick Henningsen LIVE with guest Shawn Helton – ‘Top Conspiracies of 2016’,1,1
Gingrich: Trump Will Repeal 60-70% of Obama’s Executive Orders,1,1
MEDIA TRIPWIRE? Ping Pong Pizza Conspiracy Propels Internet Censorship Amid ‘Fake News’ Witch-Hunt,1,1
2017 NDAA: Obama Signs Countering Disinformation and Propaganda Act ,1,1
Obama Signs Star Wars II Defense Bill: Hypocrisy of Blaming Trump for Arms Race ,1,1
THIS YEAR: Let’s Make Christmas Great Again…,1,1
Boiler Room #89 – Island of Misfit Toys,1,1
EP 6: Patrick Henningsen LIVE with guest Robert Parry – ‘America’s Mainstream Media Meltdown’,1,1
Episode #9 – ON THE QT: ‘Cozy Bears & Eggnog’ – Sober Analysis of Russian Hack Hysteria,1,1
SUNDAY SCREENING: ‘A Noble Lie’ (2011),1,1
FLASHBACK: ‘The Syrian War: What You’re Not Being Told’ (About Chemical Weapons),1,1
Hannity Interview with Julian Assange: Wikileaks Source is NOT The Russian Government,1,1
Putin Tells Obama and Western Media: Either stop talking about it or finally show some kind of proof ,1,1
BREAKING: At Least 14 US Coalition Military Officers Captured by Syrian Special Forces in East Aleppo Bunker,1,1
Boiler Room #88 – Behold: Your New Ministry of Truth,1,1
Facebook Partners With Snopes & Other So-Called ‘Fact Checking’ Sites to Burry ‘Fake News’,1,1
Hawks Double Down Dig-in and Refuse to Give Up Failed ‘Assad Must Go’ Foreign Policy,1,1
Obama Joins Comedy Central Host to Push ‘Laughable’ Establishment Conspiracy Theory on DNC Leaks,1,1
EP 5: Patrick Henningsen LIVE with guest Daniel Faraci – On Trump Russia The Media and Neocons,1,1
Is Democratic Party Attempting a ‘Soft Coup’? Efforts Underway to Hijack Electoral College Vote…,1,1
CIA Claims of Russian Intervention in US Election Fall Flat,1,1
CNN’s Hostile Treatment of Congresswoman Tulsi Gabbard after revealing US are arming funding Terrorists in Syria,1,1
Top US Spy Agency Refuses to Endorse CIA’s ‘Russian Hacking’ Assessment Due to Lack Of Evidence ,1,1
‘Common Cause’? Barbra Streisand lobbying Obama to bypass US Senate and appoint Supreme Court Justice unilaterally,1,1
Aleppo Truth: Incredible Press Conference at the United Nations,1,1
SUNDAY SCREENING: 24 Hours After Hiroshima (2010),1,1
Tucker Carlson slams Vox.com over ‘Fake News’,1,1
CNN Fake News vs Real News: First Images of Abandoned Terrorist Facilities in East Aleppo Not From CNN,1,1
LAME DUCK: New Obama Executive Action Opens Door to Unlimited Arms for Salafist Terrorists in Syria,1,1
Boiler Room EP #87,1,1
Strange: Trump ‘Internet Takeover’ Fear Story Calls For Canada to Manage Net Archive,1,1
Patrick Henningsen LIVE with guest Sean Stone – ‘Project for a New Global Government?’,1,1
Fake ‘US embassy’ Bust in Ghana Exposes Danger of EU Schengen Deal with Turkey,1,1
George Lucas Gives Verdict on New Star Wars Spin-off ‘Rogue One’,1,0
Globalization’s Inside Man: The Problem with David Petraeus in Trump’s Cabinet,1,1
WAR ON WORDS: Facebook Censorship Widens Website to Curate ‘Favored’ News,1,1
Boiler Room EP #86 – Kek Comes To Pizzatown,1,1
ON THE INSIDE: Ex-Goldman Sachs Partner Tapped for US Treasury – Joined by Rothschild Linked Commerce Secretary Pick,1,0
Patrick Henningsen LIVE with guest Ray McGovern – Podesta Emails Leaked Not ‘Hacked’,1,1
Boiler Room EP #85.5 – Who’s Watching The Watchers?,1,1
Washington Post attempts to smear Ron Paul Institute and others as ‘Tools for Russian Propaganda’,1,1
Episode #162 – SUNDAY WIRE: ‘The Revolution Will Not Be Televised’ with guest Vanessa Beeley,1,1
CrossTalk: Who are the real ‘Fake News’ culprits?,1,1
REVEALED: How US Government-Media Complex Are The Masters of ‘Fake News’,1,1
Myriad of ways the CIA tried (and failed) to assassinate Fidel Castro,1,1
Fidel Castro: Patrick Henningsen discusses his legacy and Cuba’s future path,1,1
Washington Post Sloppy ‘Journalism’ Blames Russia for Fake News Crisis and Trump’s Win While Pushing Neo-McCarthyism,1,1
Hell Comes to Frogtown: Alt Right and Triumph of Transhumanism,1,1
The Entire Mainstream Warmongering Media is Fake,1,1
Boiler Room EP #85 – The Return of the Social Rejects Club,1,1
Hillary Clinton Supporters Now Calling for a Recount of Votes in Battleground States,1,1
Trump Transition: As Secretary of State Tulsi Gabbard offers potential for peace with Syria Russia,1,1
Mainstream Liars Now Want to be Self-Appointed Monarchs of ‘Truth’,1,1
Ron Paul Highlights Real List of Mainstream ‘Fake News’ Journalists,1,1
New York Times is Advocating for Internet Censorship (controlled by them and other ‘approved’ agents),1,0
Hillary Clinton’s ‘KKK’ Smear Against Trump was Democrat Strategy,1,1
The Great Con: Has Political Correctness Marginalized the Working Class?,1,1
Henningsen on Trump’s Foreign Policy: Russia Syria Iran and Cabinet Neocons,1,1
SUNDAY SCREENING: ‘In Debt We Trust’ (2007),1,1
Robert Parry: What to Do About ‘Fake News’,1,0
CNN in a Panic Over Assad Success Collapse of ‘White Helmets’ Narrative Fumbling Over ‘Humanitarian Organizations’,1,1
Good Riddance: James Clapper Resigns as Director of US Intelligence,1,1
FLASHBACK: Chilling ’60 Minutes’ Interview with George Soros Nearly 20 Years Ago,1,1
Dyer: ‘LA Times ‘Fake News’ Article is an Attack on Independent Media’,1,1
E.T. Williams: ‘Anti Trump Protesters Your Revolution is Fake’,1,1
SHIFTING PARADIGM: You’ll Only Understand Trump and Brexit If You Understand the Failure of Globalization,1,1
ANARCHY BY DESIGN: ‘Anti-Trump’ Flash Mobs Hollywood and The Wall Street War Chest,1,1
‘Trumping’ America’s Liberal Elite: The Failure of Political Correctness,1,1
Philosopher Slavoj Žižek: ‘The American Left Lacks Authenticity’,1,1
REALIST PERSPECTIVE: President Trump How & Why…,1,1
Boiler Room EP #84 – The Discredited Media Strikes Back,1,1
Five Things To Look Out For With Trump’s Pentagon,1,0
Soros and Democrat Mega-Donors Meet to Plot Their War Against Donald Trump,1,1
CBS 60 Minutes Withheld Trump’s Appeal to ‘Stop Attacking Minorities ’ and Ignored Reports of Attacks on Trump Supporters,1,1
Amerika: ‘Tolerant’ University Educators Exile Trump Voters from American Campuses,1,1
Keiser Report: The ‘Gaddafi-like’ Political Career Death of Hillary Clinton,1,1
Finally Obama Speaks: Americans Need to ‘Reconcile Themselves’ with a Trump Presidency,1,0
Episode #160 – SUNDAY WIRE: ‘Hail to the Deplorables’ with special guest Randy J,1,1
Post-Trump Liberal Meltdown: Counseling Cry-ins Therapy Dogs and Poetry,1,1
Henningsen: ‘US Anti-Trump Protests Similar to Soros Color Revolutions Abroad’,1,1
RT EXCLUSIVE: Peter Lavelle interviews Dr. Ron Paul on Trump’s Challenges,1,1
‘COLOR REV’ AGIT PROP: George Soros MoveOn Agitators March on America – as Billionaire Instigator Sued,1,1
REVEALED: List of People President Elect Trump is Considering for Top White House Postions,1,1
Barack Obama’s Final Arms-Export Totals Doubles That of Bush Administration,1,0
(VIDEO) Female College Students Protesting Because ‘Trump is a Rapist’,1,1
‘Beyonce Jay Z Hillary Clinton – You Don’t Represent All Blacks Women’,1,1
Boiler Room EP #83 – Wouldn’t It Be Nice…,1,1
Mexico’s Richest Oligarch Loses Billions on News of Trump Victory,1,1
America’s Primal Scream: David Icke Explains Reason for Trump’s Election Result,1,1
E.T. Williams Explains Why Millennials are in Meltdown Over Trump Win,1,1
STUNNER: Donald Trump is Next President of United States,1,1
Canada’s Immigration Website Crashes After Trump Pulls Ahead,1,1
VIDEO: US Elections: More Voter Fraud Emerges,1,1
The Wahabi Vote: Poll Shows 68 percent of Saudis prefer Hillary Clinton,1,1
Trump vs Clinton 2016: Mickey Mouse vs Cruella de Vil,1,1
Hillary Clinton Survives Another FBI Pantomime 650 000 Emails Investigated in 691 000 Seconds,1,1
WARNING: Don’t Worry If the Stock Market Goes Crazy After Election,1,0
Hacking Electronic Voting Machines is Easy,1,1
SUNDAY SCREENING: ‘The Clinton Chronicles’ (1994),1,1
Episode #159 – SUNDAY WIRE: ‘Tick-Tock USA’ with guests Dr Marcus Papadopoulos Basil Valentine,1,1
Prof Michel Chossudovsky discusses Hillary Clinton’s foreign policy & emerging nuclear risks,1,1
It’s More Likely That a US Insider Not Russia Can Rig a US Presidential Election,1,1
Pilger Interview: Julian Assange Lifts the Veil on Hillary Clinton and the Globalist Conspiracy,1,1
Why Hillary Clinton is Responsible for US Failures in Libya and Syria,1,1
FBI: Clinton Foundation investigation will lead to ‘Likely Indictment ’ donors funded ISIS,1,1
Hillary Clinton Jumps the Shark with ‘Trump’s Secret Russian Server’ Conspiracy Theory,1,1
PARTNERS IN CRIME: Goldman Sachs The Clintons & Wall Street,1,1
Boiler Room EP #82 – Mind-boggling Collusion,1,1
BOMBSHELL: Clinton WikiLeak Exposes Entire ‘Shadow Government’ – Jay Dyer (Vid),1,1
OBAMACARE: Your Dog Might Have Better Healthcare Than You Do,1,1
Hillary’s ‘Russian Hack’ Hoax: The Biggest Lie of This Election Season,1,1
Boiler Room EP #81 – Halloween Fireside Book of Suspense Vol. 1,1,1
PARTY CORRUPTION: Clinton Campaign Directly Tied to Disgraced DNC Consultant,1,1
Hillary’s Secret Weapon: Evan McMullin is CIA-Goldman Sachs candidate backed by Mitt Romney’s Wall Street Machine,1,1
‘The Process Has Begun’: FBI examine 650k emails on Clinton aide Abedin husband’s laptop,1,1
Moore: Why Millions of Americans Are Voting Trump,1,1
SHOUT! POLL: Which US Oligarch Family is More Corrupt?,1,1
Ammon and Ryan Bundy Found ‘Not Guilty’ in Oregon Federal Case Gov. Kate Brown Upset by Jury Decision,1,1
FBI Director Comey’s ‘Leaked’ Memo Explains Why He’s Reopening the Clinton Email Case,1,1
FBI REDUX: What’s Behind New Probe into Hillary Clinton Emails?,1,1
Assange: ‘Crazed Clinton Campaign Tried to Hack WikiLeaks’,1,1
New Bill Gates AI-powered ‘Evolv’ Body Scanners will ‘inspect’ Americans in public spaces,1,1
After The 2016 Election: A Gullible and Shattered America,1,1
REVEALED: The Dark Agenda Behind Globalization and Open Borders,1,1
Boiler Room EP #80 – Heads They Win Tails You Lose,1,1
Clinton’s ‘No-Fly Zone’ over Syria Will Not Save Lives – It Will Lead to War with Russia,1,1
Paul Craig Roberts: ‘By Cooperating with Washington on Syria & Russia Walked Into a Trap’,1,1
Insider Firm ‘FlashPoint’ tied to Orlando Shooting Now Investigating DDoS Hack on America,1,1
EXCLUSIVE: Ex-Bernie Delegate Reveals Why He Fled Democratic Party for the Greens,1,1
Trump’s Latest Tease Pales Next to Bush and Gore’s Election War in 2000,1,1
Russia-WikiLeaks Conspiracy Theory: Clinton claim ridiculous based on lazy US Twitter culture ,1,1
SOPA False Flag? Alleged ‘Hack’ on Netflix Twitter Amazon – US ready to blame Russia,1,1
Congressman Jim Jordan stops CNN gatekeeper Chris Cuomo on Benghazi cover-up,1,1
COVER-UP: Both Obama and Clinton Lied About Trading Classified Emails,1,1
Obama’s Legacy: Washington is Lying About ISIS and Lying About Syria,1,1
SHOCKING: DNC Contractor Caught in Voter Fraud Sting Visited White House 342 Times,1,1
VIDEO: Watch James O’Keefe Easily Obtain Eminem’s Election Ballot in Undercover Sting,1,1
CIA GATEKEEPER? CNN’s Chris Cuomo says Americans are ‘criminals’ for reading WikiLeaks’ Clinton email dump,1,1
‘Anti-Russia’ Escalation? Plans for New US Marine Base in Norway,1,1
REVEALED: How Democratic Party pays Agit-Prop ‘Protesters’ to incite violence at Trump events,1,1
FOX News Anchor Shepard Smith Finally ‘Comes Out ’ Admits He’s Gay,1,1
 PROPHECY PROPAGANDA: Zionist Millennialism Refuted,1,1
FALSE PROFITS: The U.S. Military’s War Over Russia,1,0
SUNDAY WIRE REPLAY: LIVE Show Off-Air for Maintenance,1,0
How the FBI Creates ‘Domestic Terror’ in the United States,1,1
RECKLESS: Democratic Party Creating a ‘Russian Scarecrow’ in US Media & Politics,1,1
US-Saudi Plan: Let 9 000 ISIS Fighters Walk Free from Mosul – to Fight in Syria,1,1
Boiler Room EP #78,1,1
Stuck on Stupid: Why is America Starting WW3?,1,1
SPECTRE OF BENGHAZI: DOJ Drops Charges Against Alleged Arms Dealer of Libyan Weapons,1,1
Boiler Room EP #77 – The Venom of Divide and Rule,1,1
Snowden 2.0: New NSA Contractor Whistleblower Arrested for Stealing Spy Malware,1,1
Yahoo caves in to NSA FBI – and secretly monitors customer email accounts for US Gov’t,1,1
October Tease: Wikileaks False Start Leaves Trump Supporters Sleepless and Exasperated,1,1
AGITPROP MACHINE: How the US create Fake Al Qaeda and ISIS videos,1,1
US admits not targeting Al Nusra then blames Moscow for separating ‘moderates’ from terrorists,1,1
US Presidential Debates Much More Corrupt Than You Might Think,1,1
Diplomatic Frauds: Kerry Power Kirby Lying and Shilling for ‘Body Bags’ and War in Syria,1,1
COVER-UP? New Details from Orlando Shooter’s Crisis Call Casts Light on FBI,1,1
Liberty Report talks to Vanessa Beeley: ‘Everything the US media says about Aleppo is wrong’,1,1
Ron Paul: Syria Has Been in Chaos Ever Since Obama said ‘Assad Must Go’,1,1
‘Feel Good Hoax’: How US Propaganda Works in the Syrian War,1,1
Boiler Room EP #76 – Resign Surrender Confess!,1,1
What’s Really Behind the Senate’s Override of Obama Veto of Saudi 9/11 Lawsuit Bill?,1,1
Hillary Clinton’s ‘Presidency’ has Already Begun as Lame Ducks Promote Her War on Syria,1,1
BOILER ROOM – Presidential Debate Simulcast Special,1,1
Syria: US Peace Council Addresses United Nations in NYC,1,1
STRANGE: Hillary Goes Off the Rails in Labor Union Speech,1,1
ACTIVE SHOOTER OR DRILL? The Cascade Mall Shooting,1,0
SHOUT! POLL: Do the ‘White Helmets’ Qualify for a Nobel Peace Prize?,1,1
Episode #154 – SUNDAY WIRE: ‘The Pro-War Left?’ with guests Jean Bricmont Vanessa Beeley,1,1
ANOTHER KNOWN WOLF? NYC Bombing Suspect Probed by FBI Leading to Bigger Questions,1,1
AN AMERICAN TRAGEDY: Who Really Killed JonBenét Ramsey?,1,1
Boiler Room EP #75 – Limited Hangouts Syria and the Scrotox Imperative,1,1
Russian Military: US Coalition Predator Drone Spotted at Time & Place of Syria UN Aid Convoy Attack,1,1
Episode #153 – SUNDAY WIRE: ‘The Nuremberg Syndrome’ with guests Mother Agnes Abdo Haddad Ghoufran Derawan,1,1
‘We’re Just Not Into Her’ – Hillary Clinton Losing Support of Millennials,1,1
Not a Journalist: CNN’s Brian Stelter Manages Clinton Health Cover-up,1,1
Boiler Room EP #74 – Dustification & The Crooked Witch of the Left,1,1
Is Hillary’s Meltdown Real or a Staged Exit?,1,1
No Longer a Fantasy: Could Hillary Clinton Actually Drop Out of the Race?,1,1
‘Is Donald Trump Really the Answer?’,1,1
Tyranny Of 9/11: The Building Blocks Of The American Police State From A-Z,1,1
SUNDAY SCREENING: National Security Alert: The Pentagon Attack (2009),1,1
Episode #152 – SUNDAY WIRE: ‘From Ground Zero to Syria’ with guests Tom Duggan Jay Dyer Shawn Helton,1,1
OUT IN THE OPEN: ‘9/11’ 15 Years Of A Transparent Lie,1,1
SYRIA CEASEFIRE? Lavrov Kerry Agree to Fight Al-Nusra No Strikes on ‘Rebels ’ Aleppo Relief,1,1
BUSH-HINCKLEY NEXUS: Reagan Gunman Released Reviving Conspiracy Suspicions,1,1
21WIRE.TV Members Newsletter – Sept 9 2016,1,1
WMD FRAUD: Sexed-up UN ‘Chemical Weapons’ Report on Syria Contrived to Trigger More Sanctions Intervention,1,1
Boiler Room EP #73 – In The Shadow of The Valley Of Lies,1,1
False Alarm or Psy-Op? LAX ‘Active Shooter’ Spectacle JFK Airport Panic & Staged Propaganda,1,1
Boiler Room EP #72 – Trailer Parks in Heaven,1,1
EPISODE #4 – ON THE QT: ‘Julian vs Hillary’ (Part 1) @21WIRE.TV,1,1
POLICE STATE END-RUN: DHS Wants Control of U.S. Elections,1,1
SpaceX: Explosion Rocks Launchpad at Firm’s Cape Canaveral Facility in Florida,1,0
Boiler Room EP #71: ‘One Million Mark’,1,1
CONFUSED.GOV: Obama’s Imperial Mideast Policy Unravels Still Backing Terrorists in Syria,1,1
NEW EMAILS: Clinton Foundation VIP donors buy access – while Hillary was Secretary of State,1,1
UNHOLY ALLIANCE: Hillary Clinton’s Saudi Sponsors Support Terrorism Islamist Extremism,1,1
Boiler Room EP #70 – Sticks Stones & The Media Hammer,1,1
TOXIC CULTURE: ‘Suicide (Skank) Squad’ Film,1,1
Episode #149 – SUNDAY WIRE: ‘Part II: Another Road to Damascus’ with guests Vanessa Beeley Ghoufran Derawan,1,1
Boiler Room EP #69 – CULTure Club,1,1
Falling Apart: West’s Media-Driven Deception in Syria,1,1
CULT CRIMES MASS SHOOTINGS & MEDIA MIND CONTROL: Natural Born Killers (1994),1,1
Boiler Room EP #68 – 4 Non-Binary Blondes & Social Justice Triggly Convulsions,1,1
Daily Shooter Academy: Florida Woman Shot Dead by Police During ‘Roleplay’ Drill,1,1
PROPAGANDA: Star Trek Beyond – Social Justice Warriors in Space,1,1
PAY 2 PLAY: Democratic Convention Ends Amid Controversy Empty Seats & White Noise,1,1
VIDEO: Top 10 Most Embarrassing Presidential Family Members,1,1
Boiler Room EP #67 – The Choice of a Screwed Generation,1,1
‘STRANGER THINGS’ – Hollywood MK Ultra Goes Full Occult,1,1
Michelle Obama DNC speech: ‘I wake up every morning in a house built by slaves’,1,1
Oliver Stone: Pokémon Go is ‘Surveillance Capitalism’ for a Robotic Society,1,1
Jay Dyer on Tragedy & Hope – Part 4: Rothschilds Central Banks FDR & the US Imperium,1,1
Boiler Room #66 – Globo-Terror & The PokeGo-pocalypse,1,1
US Police Dept Uses ‘Pokémon Go’ to Lure Fugitives to Police Station,1,1
US-UK DIRTY WAR: ‘Latin American-style’ Death Squads in Iraq Revealed Through Chilcot,1,1
Boiler Room #65 – Bernie Says Vote Neocon – Pokemon No!,1,1
VIDEO: The Dallas Shooting Agenda,1,1
SCARS & STRIFE: ‘The Purge Election Year’ Agitprop Change Agents & False Left–Right Statecraft,1,1
DALLAS ATTACK DIALECTICS: Summer of Uncle Sam,1,1
Boiler Room #64 – GLADIO! Come Out and Play!,1,1
DALLAS MAIDAN: Staged Snipers Designed to Inflict 7/7 ‘Strategy of Tension’,1,1
Boiler Room #63 – Us and THEM!,1,1
July 4th Schoolhouse Rock: ‘Preamble to the US Constitution’,1,1
SUNDAY SCREENING: PSYWAR (2010),1,1
US Media Hyped ‘Active Shooter’ Drill at Andrews Base As Real Event,1,1
Brief Overview: US Military Sales to Lebanon,1,1
Active Shooter Drill Suddenly ‘Goes Live’ at Joint Base Andrews in Maryland,1,1
Boiler Room #62 – Fatal Illusions,1,1
THOUGHT POLICE: US Border Control Wants to Study Your Facebook Twitter Accounts,1,1
Clinton and Associates’ Education Ponzi Scheme,1,1
The Genealogy of Trump’s U-Turn on Palestine,1,1
MISSING DETAILS: Orlando Shooting 911 Transcripts Questioned Survivor’s Story Challenged,1,1
Trump Attacks Hillary: She is a world class liar! ,1,1
Black Student ‘Activist’ Jailed for Tweeting FAKE Racist Threats,1,1
CASTING CRISIS: Orlando’s Actors Agents and Casualty Role Players,1,1
Chicago Daycare Opens for ADULTS to Wear Diapers Act Like Babies,1,1
ORLANDO ‘KNOWN WOLF’ Watched by FBI Worked with DHS Amid Crisis Actors Drills & CI’s,1,1
Boiler Room #61 – Hello From the Gutter,1,1
Father of Orlando Shooter is Long-time CIA Asset,1,1
Orlando Mass Shooting & The Accelerated Police State – UK Column – June 13 2016,1,1
The Libertarian Parody of Star Wars,1,1
Who’s Better: Dangerous Donald or Crooked Hillary ?,1,1
Who’s The Fascist? Barack Obama Donald Trump or Hillary Clinton?,1,1
Expect more ‘terror busts’ as FBI steps up its use of ISIS stings ,1,1
‘Journalistic Malpractice’: CNN Slammed for ‘Biased’ Coverage in Favour of Hillary,1,1
TV Host Buys and Forgives $15m Worth of U.S. Medical Debt,1,1
American Scientists Harvesting Human Organs in Live Pigs Creating a Human-Pig Embryo,1,1
HEAD GAMES: Technology With The Potential To Shape Reality,1,1
The New American Mediocrity: Ash Carter vs Dr. Strangelove,1,1
BOILER ROOM – EP #59 – The Loss and Curse of Patriotism,1,0
Henningsen on CrossTalk: American Foreign Policy ‘Dumbed Down’,1,1
MSNBC Admits Plan to Suppress Bernie Sanders Voters in California,1,1
White House on Lockdown After ‘Suspicious Package’ – 1 Person Detained,1,1
Show #137 – SUNDAY WIRE: ‘Eyes on the Matrix’ with ACR’s Hesher and Shawn Helton,1,1
‘Bernie Sanders is on a Mission’,1,0
BOILER ROOM – EP #58 – Lord of the Pedo Rings Political Correct Hellhole & Political Puppetry,1,1
Peace Prize President Obama Approved $200 Billion in Arms Deals Since 2009,1,1
SUNDAY SCREENING: CIA Secret Experiments (2008),1,1
Snowden Laughs-off CIA Excuse of ‘Mistakenly Destroying’ Secret Torture Report,1,1
Latest Poll: Bernie Sanders is The ONLY Candidate Who Beats Trump,1,1
BOILER ROOM – EP #57 – Revenge of the Social Rejects,1,1
Hillary Clinton is ‘Most Corrupt Militaristic Candidate We Have Seen in Decades’,1,1
2016 Election: The Political Elite Establishment vs. Social Justice?,1,1
BOILER ROOM – EP #56 – Pharmacological Nightmare,1,1
U.S. struggles to convince Iraqis that Washington doesn’t support ISIS,1,1
EXPOSED: Facebook Blacklists Conservative News & Falsified ‘Black Lives Matter’ Trend,1,1
Unacknowledged Secret Access Projects: The Black Budget & Military Industrial Complex,1,1
Saudi Prince Lectures America On Democracy Calling For ‘NEVER TRUMP’,1,1
SHOUT! POLL: Who Do You Trust with Foreign Policy?,1,1
Henningsen on White House Press Dinner: ‘The Fourth Estate is Nonexistent in America’,1,1
EPIC FAIL: Anti-Trump Movement Spent $75 MILLION on 64 000 Ads,1,1
‘To Stop Clinton’: The TOP Reason Americans Will Vote for Trump,1,1
Donald Trump & Hillary Clinton: Defensive Realist vs. War Hawk?,1,1
BOILER ROOM – EP #55 – Roasting the Wretched Hive of Scum and Villainy,1,1
Cruz & Kasich Quit: Trump Crushes Elite Establishment #DropOutHillary Now Trending,1,1
False Flag Florida: FBI Agents ‘Posing As Terrorists’ in Miami Sting Operation,1,1
Shock to The System: New Poll Says Trump CAN Beat Hillary,1,1
BOILER ROOM – EP #53 – Say Bye Bye to Culture,1,1
BREAKING BAD: John McCain’s Campaign Rocked by Meth Lab Scandal,1,1
BOILER ROOM – EP #54 – America… The End is Nigh,1,1
Trump’s Foreign Policy: Promote Stability NOT Change Stop Helping Terrorists,1,1
Grasping At Straws (The Illusion of Choice),1,1
Hillary Clinton: Neocon War-Hawk in Waiting,1,1
Exposed: The US is an Oligarchy Ruled by Billionaires and Dictators,1,0
Kerry’s Lunacy: ‘US Would Be Justified Shooting Down Unarmed Russian Jets’,1,1
BOILER ROOM – EP #52 – Never Ending Chaos,1,1
CRIMINAL: Details Emerge of Washington’s ‘Fast & Furious’ Arms Trafficking in Syria,1,1
Finger in Every Pie: How CIA Produces Our ‘News’ and Entertainment,1,1
FBI Director James Comey: ‘Trust but protect’ (and cover your laptop webcam with tape),1,1
Would a Hillary Clinton Presidency Mean More Wars?,1,1
Obama Finally Admits: ‘We Had No Plan After Libya Regime Change’,1,1
SUNDAY SCREENING: ‘The War On Democracy’,1,1
First Time in 30 Years: US Deploys B-52 Bombers to Qatar to bomb… ISIS?,1,1
Hillary Clinton: Victory Fund Gets Massive Cash Injection from Hedge Fund Management (Soros),1,1
Windows 10 is Stealing Your Bandwidth (You Might Want to Delete It),1,1
BOILER ROOM – EP #51 – Social Rejects & Political Pessimists Club,1,1
REVEALED: The CIA Ran LSD Sex Houses in San Francisco in 1950s and 60s,1,1
Utah Ranchers Vow to Stand Up to Government Abuse Despite Oregon Arrests,1,1
FLASHBACK: Florida Couple Nearly ‘Forecloses’ on Bank of America,1,1
EXPOSED: How US-Backed War on Syria Helped ISIS to Expand Their Operations,1,0
IRAQ 1991: US Carpet Bombs ‘Highway of Death’,1,1
David Icke on The Hillary Donald & Bernie Show,1,1
WHEN IN ROME: Erdogan Thugs Rough-up Press Protesters in Washington – No Outrage From White House,1,1
BOILER ROOM – EP #50 – 1 Year Anniversary Extravaganza!!!,1,0
False Flag Attack Against Cuba: A Plan Hatched by the Pentagon,1,1
US BOOTS: US Marines Deployed For Ground Combat in Iraq (to defend oil fields),1,1
The moment Ben Affleck realized that ‘Batman V Superman’ was a $400 million flop,1,1
Microsoft Pulls New A.I. Robot After It Went on Pro-Hitler Twitter Rant,1,1
‘America Is Under Israeli Occupation’ by Dahlia Wasfi,1,1
Hillary Flip-Flop Highlight Reel,1,1
BOILER ROOM – EP #49 – WHAT is REAL: Brussels Yemen Trump?,1,1
(Don’t Hold The Press) Jeb Bush Endorses Ted Cruz For President,1,0
THE 2016 PRESIDENTIAL RACE: Do Our Votes Really Matter?,1,1
There’s Something Hokey About Ted,1,1
President Obama Arrives in Cuba,1,1
Clinton Emails: How Google Worked With Hillary to Try and Overthrow Syria’s Assad,1,1
Ron Paul: ‘I Can’t Support Trump if He’s GOP Pick’ and ‘Neocons Will Love Hillary’,1,0
ART OF WAR: What’s Behind Russia’s ‘Ides of March’ Military Drawdown in Syria?,1,1
U.S. Senate Passes Bipartisan Bill Claims to Facilitate ‘Better Public Access’ to Gov’t Records,1,1
OREGON: Feds Cover-up Foul Play in Finicum Death Feds’ Shell Casings ‘Have Gone Missing’,1,1
BOILER ROOM – EP #48 – Agenda 2030 and Beyond with Branko Malić Patrick Henningsen & Mike Robinson,1,1
Coke Zero: What Went Wrong With The Marco Rubio Brand?,1,0
ELECTION FRAUD: If It Happened in Michigan Will It Happen in Ohio?,1,1
Henningsen on Trump Rally Fervor: ‘Political Relativism Has Descended on America’,1,1
HAWKISH DOVE: The Enigma of Donald Trump in Volatile Race to the White House,1,1
Trump Faces Off With CNN’s Jake Tapper Over Event Fistacuffs,1,0
Episode #126 – SUNDAY WIRE: ‘Déjà vu 1968!’ with guests Matthew Richer and Basil Valentine,1,0
GOD SQUAD: Jury Finds Polygamous Mormon Towns Guilty of Discriminating Against ‘Non-Believers’,1,0
SHOUT! POLL: Should Protesters Be Allowed to Shut Down Political Rallies?,1,1
Chicago Community Organizers Mobilize Flash Mobs to Shut Down Trump Campaign Rally,1,1
BOILER ROOM – EP #47 – Establishment Hitmen & Media Hacks,1,1
DARPA Spending $62 Million to Create Military Cyborgs,1,1
‘Vote All You Want The Secret Government Won’t Change.’,1,1
New Evidence Shows Foul Play Cover-up by FBI and OSP in Shooting of LaVoy Finicum – DOJ Opens New Investigation,1,1
Trump Sanders Win Big In Michigan – Trump Clinton Take Mississippi,1,1
Iraq Redux: US-led Sanctions Against Syria Are Hurting Real People Helping Real Terrorists,1,1
Attack on Trump: Mitt Romney Just ‘Awoke a Sleeping Giant’,1,1
UN Physically Removes Independent Media From NYC HQ For Exposing Institutional Corruption,1,1
BOMBSHELL: Classified NATO Report Praises Russia Airstrikes as ‘Efficient and Accurate’ in Syria,1,1
HOLLYWOOD WITCHCRAFT: The Dark Side Revealed in The Witch (2016),1,1
Neocon Nightmare: Trump Wants to ‘Get Along With Foreign Countries’,1,1
BATTLE OVER PRIVACY: Why the FBI’s Case Against Apple is Falling Apart,1,1
US Delta Force Begins Targeting ISIS in Iraq Threatens ‘Unilateral Operations in Syria’,1,1
BOILER ROOM – EP #46 – Murder Witchery Politricks & A Manatee,1,1
Survey: Top Ten Fears of 2015,1,1
SHOUT POLL: Should Apple Give FBI Backdoor Access to iPhones?,1,1
The Final Control: TPP TTIP TISA Global Corporate Takeover,1,1
Blood Sport: GOP Presidential Race Takes Another Brutal Turn As ‘Party Favorites’ Tear Into Trump,1,1
HIDDEN ORDER: Was the Death of Justice Scalia Linked to ‘Secret Society’ at Cibolo Ranch?,1,1
The Android Affair: Humanity Outsourced,1,1
BOILER ROOM – EP #45 – Horror Hotel Trump Gatecrash & Cynical Ploys,1,0
Syria Ceasefire Deal: A Cynical Ploy by Washington’s ‘Coalition’ to Buy Time for Terrorists,1,1
Watch as Trump Gatecrashes Glenn Beck’s Cruz Caucus Event in Nevada,1,1
Wikileaks: NSA Spied on UN Secretary-General and World Leaders’ Secret Meetings,1,1
SHOUT POLL: Will Donald Trump hold his lead or will he tank?,1,1
ENCRYPTION TRUTH: What The FBI Aren’t Telling You About Their Battle With Apple And San Bernardino,1,1
BOILER ROOM – EP #44 – Dig Dug Dirt!,1,1
GLOSSED OVER: Key Questions Emerge After Death of Supreme Court Justice Antonin Scalia,1,1
Reopen the Kurt Cobain Case? [POLL],1,1
‘Zero Knowledge’ Systems Not Hostile to Data Privacy says Snowden,1,1
FBI Arrest Cliven Bundy at Portland Airport – Charged with Federal Conspiracy,1,1
BOILER ROOM – EP #43 – Cloppers OR Osmosis MK Ultra & Voltron,1,1
Will American Law Enforcement Lie Cheat and Forge Police Reports? Answer: Yes.,1,1
3.57 Degrees: Kevin Bacon’s Cultural Mantle Shattered By Zuckerberg,1,1
Bernie Sanders Could End Up Winning Iowa,1,1
Plastic Persona: Behind the Scenes of the Ted Cruz Media Machine,1,0
‘Meet Jeb’ – Going For Your Sympathy Vote,1,1
BOILER ROOM – Examination Exclamation Excitation Expatriation – EP #42,1,1
Eyewash: CIA Elites Misleading Employees Indicates That Conspiracies Are NOT ‘Ridiculous Fantasy’,1,1
Activist: ‘This is where you can make the most impact’,1,1
Episode #120 – SUNDAY WIRE: ‘Crisis of Liberty’ with guests Jason Casella and Kim Upton,1,1
FBI Release Oregon Video Footage Depicting Death of Robert Lavoy Finicum – But Questions Remain,1,1
Trial By YouTube: Mainstream Media Use Second-hand Oregon Account to Cast Blame on Dead Rancher,1,1
REPORT: ‘Federal Government Escalated the Violence in Oregon’,1,1
BOILER ROOM – Oregon Standoff Cuddle Parties Guns n’ Posers – EP #41,1,0
Eyewitness Says Feds Ambushed Bundys 100 Shots Fired at Passengers Lavoy Finicum Killed With ‘Hands Up’,1,1
Episode #119 – SUNDAY WIRE: ‘You Know the Drill’ with guests Robert Singer and Jay Dyer,1,0
‘There’ll be boots on the ground’: US making noises about ‘doing more’ in Syria and Iraq,1,1
Boston Brakes? How to Hack a New Car With Your iPhone or Android,1,1
Oregon Governor Says Feds ‘Must Act’ Against Protesters and Armed Groups in Burns,1,1
Ron Paul on Burns Oregon Standoff and Jury Nullification for the Hammond Family,1,1
BOILER ROOM: As the Frogs Slowly Boil – EP #40,1,1
Arizona Rancher Protesting in Oregon is Targeted by CPS Loses Custody of Foster Children,1,1
Seven Iranians freed in the prisoner swap have not returned to Iran,1,0
#Hashtag Hell & The Fake Left,1,1
Astroturfing: Journalist Reveals Brainwashing Tactic Uses to Manipulate Public Opinion,1,1
The New American Century: An Era of Fraud,1,1
Hillary Clinton: ‘Israel First’ (and no peace for Middle East),1,1
McPain: John McCain Furious That Iran Treated US Sailors Well,1,1
JUSTICE? Yahoo Settles E-mail Privacy Class-action: $4M for Lawyers $0 for Users,1,1
Sunnistan: US and Allied ‘Safe Zone’ Plan to Take Territorial Booty in Northern Syria,1,1
How to Blow $700 Million: Al Jazeera America Finally Calls it Quits,1,1
10 U.S. Navy Sailors Held by Iranian Military – Signs of a Neocon Political Stunt,1,1
The White House and The Theatrics of ‘Gun Control’,1,1
Activists or Terrorists? How Media Controls and Dictates ‘The Narrative’ in Burns Oregon,1,1
BOILER ROOM – No Surrender No Retreat Heads Will Roll – EP #38,1,1
Federal Showdown Looms in Oregon After BLM Abuse of Local Ranching Family – Bundys Lead Protest,1,1
A Troubled King: Chicago’s Rahm Emanuel Desperate to Save His 2020 Presidential Run,1,1
Liberal media mocks Republican presidential candidates with clown car diss,0,1
State Department challenges Clinton claim that emails to officials ‘immediately’ saved,0,0
ISIS claims credit for terror attacks at Brussels airport Metro station,0,0
Orlando Attack Just Added More Fuel to Divisive Politics,0,1
Obama Addresses Vaccinations Other Issues In NBC Interview,0,0
Hillary Clinton Raised $45 Million In Latest Quarter,0,0
State Department spokeswoman floats jobs as answer to ISIS,0,0
GOP s nightmare: An Independent Donald Trump,0,0
Ted Cruz: Protester would get spanking at my house,0,0
#muschniwogdowis of the day: business as usual.,1,1
Boehner s preparing to sue Obama again — over immigration,0,0
The Democratic Party Got Crushed During The Obama Presidency. Here s Why,0,0
1 in 5 Americans say Hillary Clinton is dishonest or a liar. Here’s why that’s a big problem.,0,1
In Common Core a larger battle over the size of government,0,0
Here comes the opposition book: Clinton and her allies prepare for Trump,0,0
Venezuela Throws In The Towel On Hyperinflation: Will Print 200x Higher-Denominated Bills,1,1
Sanders Republican governors eye comeback in New Hampshire primary,0,0
Justices agree to hear dispute over union fees reapportionment,0,0
Trump in Vegas Phoenix: Illegals Wreaking Havoc on Our Population ,0,0
Behind The Shortage Of Special Ed Teachers: Long Hours Crushing Paperwork,0,1
Our meeting with Mark Zuckerberg: Conservatives need Facebook and it needs us,0,0
Mike Huckabee: Gay People Can Be My Friends ,0,0
Obama at Prayer Event: Christians did terrible things too,0,0
For Trump a new ‘rigged’ system: The election itself,0,0
Mainstream Presidential Polls Fuel Illusion That Voters Are Stuck With Only Two Choices,1,0
Bush s 2016 remarks kick other potential GOP candidates into higher gears,0,0
Why ISIS s reign of fear has worked and how it can be countered,0,0
Syrian Refugee in Germany Gets $390K in Annual Benefits. And It s Because of Who He Takes Care Of,1,1
Russia launches naval bombardment of targets in Syria,0,0
TRUMP BOMBSHELL! — I’m reopening 9/11 Investigation,1,1
The right turns on Paul Ryan: Yesterday’s conservative savior is today’s moderate wimp,0,0
Hillary Clinton Keeps It Safe With Tim Kaine as VP Pick,0,1
Security Expert: My Fear is That More Churches Will be Targeted,0,0
The Libertarian Moment Is So Over That Libertarians Are Now The Single Largest Group: Gallup,0,0
March 15 Exit Poll Results: The Polarization of Primary Electorates,0,0
Reuters Poll: Most Voters Don t Think Bill Clinton Big Factor in Election,0,0
A Coup Taking Place in the United States,1,1
Super Tuesday prizes: Candidates in fierce fight for Texas other delegate goldmines,0,0
How Obama Abandoned Democracy in Iraq,0,0
Obama gets away with some whoppers on guns at town hall event,0,0
Doubts Rise Over Report Freddie Gray Injured Himself,0,0
Public Support for the Euro,1,1
State Department OK d most Bill Clinton speech requests within days,0,0
Obamacare Architect on Rising Premiums: It’s Not a Big Increase,1,1
No profit left behind,0,1
Think Facebook isn t political? Think again | Nellie Bowles,0,1
Here’s how a wealthy Trump supporter could give $783 400 to support his campaign and the RNC,0,0
Go Ahead Throw Your Vote Away,0,0
RNC Chair urges against changing convention rules before Cleveland,0,0
Donald Trump and the $12.7 million Ukraine connection,0,0
Obama Will Not Meet with Netanyahu During Trip to Washington,0,0
The media needs to stop telling this lie about Donald Trump. I’m a Sanders supporter — and value honesty,0,1
Is Hillary Running for Bill’s Third Term?,0,0
Trudeau Elected Canada s Prime Minister As Liberals Assume Power,0,0
What makes America exceptional ? Clinton and Trump trade places (+video),0,0
Hillary Clinton’s Countless Choices Could Hinge on 2016 Election,0,0
Terror Tots: We Must Prepare for the Child-Fighters of ISIS,1,1
The Email Mess Comey’s quandary and the expanding brawl in Washington,1,1
Wall Street Flies Higher for Second Day of Gains,0,0
The Daily 202: Ted Cruz might be the last best hope for conservatives to stop Donald Trump after Super Tuesday,0,0
 Understudies Kaine and Pence add value in VP debate (+video),0,0
Biden s Latest Signal He Won t Run For President,0,0
The Destruction of Reason in West,1,1
The Man Who Will Not Bow to Fearmongering,0,0
The Destroyer Cometh,0,0
U.S. Elections Shockwaves Hit Europe,1,1
‘Supermajority’ of House Freedom Caucus to back Paul Ryan’s speaker bid,0,0
How To Win The Presidency With 23 Percent Of The Popular Vote,0,0
Obama to Supreme Court: You wouldn’t dare kill Obamacare,0,0
An Alabama Reader Is Pleased To Report That Jeff Sessions Reads Ann Coulter!,1,1
Donald Trump s Real Problem Is With White People,0,0
Florida’s deceptive solar initiative backed by utilities companies loses support,1,1
Which Republicans have come out against Boehner for speaker? Here’s a list.,0,0
WE TOLD HER! Budweiser Hits DELETE On Beer Ads Featuring Amy Schumer Because…,1,1
How global terror network will get a boost from Iran nuclear deal,0,0
6 detained in raids in Belgium,0,0
Top Senate Democrat urges Clinton to address private email controversy,0,0
Obama opens door to limited ground combat operations against ISIS,0,0
Washington s Embargo on Cuba Not Effective Isolated US - White House,1,1
Fox News built a f**ked-up Frankenstein dumb angry and divorced from facts. Now Donald Trump will devour them,0,1
Ky. clerk says won’t personally authorize gay marriage licenses -- or interfere,0,0
Jeb Bush Among Conservatives Criticizing Pope For Climate Change,0,0
LDS Church’s new ‘Mormon and Gay’ website wins cheers and some jeers for ignoring controversial policy,1,1
Kate Steinle s death and sanctuary cities: What good are our laws without enforcement?,0,1
Everything you need to know about our polarized politics (in the palm of your hand),0,0
FEC head under fire for women’s forum ‘stacked’ with Dems,0,0
Nine dead 18 wounded after Texas biker gang shootout (+video),0,0
CNBC moderators get bipartisan drubbing for debate performance,0,0
 Specific info forces WikiLeaks to move anticipated announcement to Berlin,0,0
Trump Elected President Thanks to 4 in 5 White Evangelicals,1,1
Iowa Christians struggle to square faith with fear over refugees,0,0
A Combative Donald Trump Shows Up at Tampa and Pittsburgh Rallies,0,0
First Take: Can a wacko bird take flight in the GOP?,0,0
Bernie Sanders Got Republicans To Make His Argument For Universal Health Care,0,0
Boehner McConnell split over NSA bill,0,0
Rick Santorum hopes 99-county Iowa tour leads to success,0,0
Bill Maher on Charlie Hebdo attacks: There are no great religions; they’re all stupid and dangerous ,0,1
Judge orders Obama administration to release illegal immigrants from deplorable facilities,0,0
Fierce Homeless Woman Guarding Trump s Star from Future Vandals Flashes Trump-Worthy Reason for It,1,1
14 dead as Islamic rebels attack in Philippines,0,0
Political paralysis is the new normal: The GOP’s Scalia gamble may be suicidal but it’s not illogical,0,0
Donald Trump’s avenging angels: How the orange-haired monster has rewritten the history of American conservatism,0,0
GOP and Abortion in Age of ObamaCare: Time for new strategy,0,0
The GOP has become the party from George Orwell’s nightmares,0,1
Marco Rubio Strong Favorite in Sheldon Adelson Primary,0,1
What To Watch For At Democrats First Debate,0,0
How climate change is spawning a new view of conservation,0,0
Democrats hand Obama a stinging defeat on trade deal,0,0
Carly Fiorina Says Donald Trump Taps Into an Anger ,0,0
Fact checking the 2016 State of the Union address,0,0
Alabama s Top Judge Faces Ethics Charges Over Gay-Marriage Order,0,0
‘Paid for by O’Malley for President’ — and 9 other signs O’Malley is in,0,0
Woman Buys Lotto Ticket to Prove to Husband Nobody Wins Wins $1 Million,1,1
Exclusive Trump op-ed: We must clean up this corruption,0,1
Maryland has passed one of the nation’s strongest equal pay laws,0,0
The real reason Hillary Clinton s VP shortlist is so short,0,0
Inside Planned Parenthood s $30 Million Campaign For 2016,0,1
Deutsche Bank LIVES: Shock profits posted in Q3,1,1
Lawmakers fuming over report Capitol police left guns in bathrooms,0,0
Trump Ryan tout unity in wake of meeting,0,0
Former Facebook staffers say conservative news is deliberately suppressed,0,0
Does blood on shoe link suspect to Washington slayings?,0,0
Trump: President Barack Obama was born in the United States ,0,0
Republican Debate: Trump s absence leaves three winners and two losers,0,0
US election 2016: New Hampshire polls close in key primary,0,0
Haywire over Hacking: Media refuse to believe Trump s Russia comments were sarcastic,0,0
You’re Fired! Trump Wins Big Clinton Is Going To Jail,1,1
Sources: US officials warned DNC of hack months before the party acted,0,0
HHS to Congress on ObamaCare court ruling: It’s your problem,0,0
After Obamacare: The next Democratic health agenda,0,0
House Democrat Introduces ISIS War Authorization Bill,0,0
Defiant Charlie Hebdo to print 3M copies of latest edition with Muhammad on cover,0,0
Can the Democratic party find unified path to the general election?,0,0
How Trump and Sanders Broadened Their Bases in New Hampshire,0,0
Is The Republican Party On The Verge Of A Historic Crackup?,0,0
Our bad-tempered behaviour is not a cry for help say old men,1,1
Lynch vote deal reached on human trafficking bill,0,0
Rogue Journalist Has October Gift for Hillary Campaign We re All Sure She Just Can t Wait to Open,1,1
White House: Higher profile person should have gone to Paris,0,0
Nevada politics expert: Trump is dead in the state,0,0
3 explanations for why Donald Trump is suddenly doing better in the polls,0,0
Earth To Ammosexuals: NRA Admits No One Is Coming For Your Guns! (VIDEO),1,1
They Said What?!: Find Out What Paul Krugman Aretha Franklin And Willie Nelson Have To Say,1,1
Joe Biden praises Iraqi military,0,0
Clinton And The DNC: A Crisis Not Merely Survived But Transcended,0,0
Ahead Of Tomorrow’s Fed Meeting There Are Some Very Strange Things Happening,1,1
This Is What Happens When You Elect Climate Change Deniers,0,0
Cruz thrilled despite drop in Iowa Poll,0,0
‘I Don’t Rent To N s’: Smoking Gun Proves Trump Family Racism (VIDEO) | Addicting Info | The Knowledge You Crave,1,1
Russia Begins Airstrikes In Syria After Assad s Request,0,0
Ex-Defense Chief Gates: Trump Beyond Repair on Foreign Policy But Hillary Needs Work,0,0
Gov. Kasich enters GOP White House race touting skills and experience ,0,0
Bernie Sanders vs. the Lamestream Media,0,1
Common Core standardized tests begin Tuesday,0,0
21 Things We’ve Learned About Hillary Clinton From Wikileaks That The MSM Won’t Share…But YOU Can!,1,1
HUFFPOLLSTER: Trump And Clinton Lead But Iowa Polling Remains Volatile With A Week To Go,0,0
GOP contenders nearly silent on Colorado Springs shooting,0,0
Study: women had to drive 4 times farther after Texas laws closed abortion clinics,0,0
Rescue Brings A Bit Of Good News To Nepal s Capital After Earthquake,0,0
Trump Rally On Hollywood Boulevard 10/29/16,1,1
If you really want to save energy at home forget about your light switches,0,0
MEDIA SHAME - These 65 Journalists are Now Presstitutes. Their Madam is Hillary Clinton.,1,1
Can Israelis And Palestinians Change Their Minds?,0,0
NASA Admits: Someone Took Control Over Space Probe Voyager 2 And Sent Data In An Unknown Language,1,1
Jeb Bush to lay out foreign policy: Will he be dad brother – or himself? (+video),0,0
Egypt says it hit ISIS targets in Libya after killings,0,0
Possible suicide vest found in Paris suburb,0,0
Trump spurns a powerful player in GOP politics in falling-out with Fox,0,0
India is building millions of toilets but that’s the easy part,0,0
Donald Trump doesn’t want to make America great. He wants to make it afraid.,0,1
The power of Trump’s call to free America from political correctness (+video),0,0
Is Trump winning? The future of America depends on a few states,1,1
Why Hillary Clinton s gun control proposal is all wrong,0,0
Netanyahu enters never-never land,0,0
Republican debate: Six things to watch,0,0
The White House Easter Egg Roll exists because Congress banned fun,0,1
Donald Trump’s dangerously circular logic,0,0
White House says Obama will ask Congress to authorize military force against ISIS,0,0
Homeland Security deal: Will Boehner follow McConnell s lead? (+video),0,0
Obama to focus on future in State of the Union speech,0,0
ISIS launches attack on Kirkuk,0,0
How Hillary Clinton lost young (white) women,0,0
What s behind the debate over the Republican debates?,0,0
President Obama has had an eventful year. His approval rating hasn t budged.,0,1
GOP Power Rankings: Kasich gets a boost,0,0
Study: Swift birds fly non-stop for 10 months every year,1,1
Marco Rubio Short-Circuits During G.O.P. Debate,0,0
Obama reportedly snubs NATO chief as Russia makes new threats against allies,0,0
Alabama begins issuing marriage licenses to gay couples,0,0
Russian plane crash in Sinai: All 224 on board killed,0,1
What do voters see in Trump? His authentic phoniness.,0,1
The rest of the field figured out how to make Trump not quite as dominant,0,0
Trade bill clears Senate hurdle,0,0
MUFON International tracking multiple triangle UFO reports,1,1
Trump makes biggest ad buy to date hammers Clinton on economy,0,0
McConnell Promises 9/11 First Responders Will Get Healthcare Bill,0,0
Trump and what he might say next is burning up GOPs political capital in Washington,0,0
Robert Durst on HBO’s ‘The Jinx : I ‘killed them all.’,0,0
What liberals could learn from Ted Cruz’s flat tax,0,0
Hillary leads Trump in dead fetuses and dead people,1,1
Trump again won’t rule out a third-party run,0,0
Why do people dislike Hillary Clinton? The story goes far back,0,0
2016 campaign takes strange twists after Orlando,0,0
Rand Paul wraps filibuster over Patriot Act and NSA surveillance,0,0
How Yemen Fits Iran Plans for Mideast Rule Beyond,0,1
No matter who it is next president to face economic challenge,0,0
With Common Core tests a lot at stake for first-year principal,0,0
US economy adds paltry 38 000 jobs in May for weakest growth since 2010,0,0
Donald Trump attacks force Jeb Bush out of his malaise,0,0
Hillary Clinton tributes fuel 2016 buzz,0,1
If You re Tired of Carving Pumpkins the Old-Fashioned Way Try It Like This Gal--with a .22 Rifle,1,1
Facebook Isn’t Just Making Us Less Partisan. It’s Making Us Less Politically Engaged.,0,0
Votes Being Switched In Multiple States To Clinton,1,1
WHAT EVERYDAY LIFE IS REALLY LIKE IN CUBA UNDER RAÚL CASTRO,1,1
GOP s message to voters should be this: Supreme Court fight is about Obama s abuse of power,0,0
Progressive Hypocrisy On Tolerance BRUTALLY Exposed,1,1
Sen. Kirsten Gillibrand Says Supreme Court Decision On Marriage Equality Just the Beginning ,0,1
After a terrible week Trump sticks with style over substance in Wisconsin,0,0
7 takeaways from the Republican debate,0,0
Clinton s super PAC fundraising irks progressives,0,0
Evangelical Leader: Trump Campaign Broken from the Inside,0,0
These political scientists may have just discovered why U.S. politics are a disaster,0,0
Jindal won t evolve on same-sex marriage,0,0
Russia and Iran both propping up Assad. A balancing act?,0,0
Elizabeth Warren Backs Hillary Clinton,0,0
Critics on Islam: Time to Face Facts Mr. President,0,0
Distracted by Election 2016 No One Resisted the Deep State’s Patriot Act 2,1,1
Republican women increasingly fear party is alienating female voters,0,0
Police arrest suspects across Europe in rush to minimize terror threat (+video),0,0
Jeb Bush invokes MLK as he unveils education plan,0,1
Trump tries to smooth things over with GOP insiders,0,0
Pope Francis announces biggest changes to annulment process in centuries,0,0
GOP Presidential Hopefuls Serve Up Ice Cream Cheese And Red Meat To Iowans,0,0
Lots Of Candidates Want To Simplify Tax Code; Here s What They Get Wrong,0,0
Hillary Clinton explains why she won t say radical Islam ,0,0
Law enforcement took more stuff from people than burglars did last year,0,1
Trump launches 1st TV ad as 2016 candidates barnstorm Iowa NH,0,0
For the Record: Iowa why can t we quit you?,0,0
US economy added 223 000 jobs in April,0,0
Education Secretary Arne Duncan stepping down,0,1
Blood money killer cops: How privatization is funding the racist logic of America’s police,0,1
The New World Order is melting in the heat of its own contradiction,1,1
Living in a 5G World: Wireless Pollution is Getting Out of Control,1,1
Trump vows to win: I m not going anywhere ,0,0
State Department will not release 22 top secret Clinton emails,0,0
Do Trump s Groping Clinton s Lying &amp; Johnson s Honesty Disqualify Them from the Presidency?,0,1
Frustrated Trump advisers pan him for lousy debate prep (anonymously),0,0
Re: Are There 4 Million Dead Voters Waiting To Elect Hillary Clinton?,1,1
Human Rights group alarmed at extra-judicial killings of MQM workers by para-military force in Pakistan,1,1
Don’t underestimate Rand Paul as a 2016 presidential contender,0,0
Russia joins France striking ISIS stronghold in Syria,0,0
Six Gulf Protectors Arrested Challenging Gulf Oil Drilling,1,1
Jeb Bush just proved that Dubya was the smart one all along,0,0
Bill Clinton makes powerful case for Hillary in personal speech at the DNC,0,0
Middle Class Decline Looms over Final Years of Obama Presidency,0,0
Breaking Down the Crooked Clintons with Special Guest: ChangeDaChannel,1,1
The 2016 election in 5 easy charts,0,0
America s racial generation gap takes an ugly political turn,0,0
Video shows moment of El Chapo s escape from prison,0,0
Charles Koch Pines For More Influence In Republican Presidential Primary,0,0
The Daily 202: How Democrats are dominating early voting in Nevada,0,0
Donald Trump a fallen soldier and the myth of game-changing moments,0,0
Texas troopers to ask drivers their race following investigation,0,0
Michael Hudson on Meet the Renegades,1,1
Is This Trump’s Biggest Financial Con Yet?,0,0
Combat veterans face ‘cruel’ struggle to prove their service to VA amid missing records,0,1
Among this group of GOP primary voters Trump is the Porsche of candidates,0,0
Jordan Strikes At ISIS; Obama Said To Be Preparing To Request War Powers,0,0
Clinton s emotional concession: This is painful and will be for a long time ,0,0
Inside Bernie Sanders’s quest to win over Nevada’s Latinos,0,0
Hillary’s #1 aide Huma Abedin: Undeniable ties to terrorists & 9/11 funders,1,1
Why many black voters aren t flocking to Bernie Sanders,0,0
Libertarian Party set to pick nominee at convention,0,0
Donald Trump s tough path to the White House,0,0
Gavel Battle: Boehner resignation sparks House leadership scramble,0,0
Obama Slams Staples Big Companies On Health Care: Shame On Them ,0,0
COPS AMBUSHED IN IOWA,1,1
Poll: Las Vegas debate doesn t scramble GOP field,0,0
As Cruz Crushes Caucuses GOP Establishment Needs a Drink And A Hug,0,0
In rush to reclaim Yemen exiled leaders risk fracturing it,0,0
Clinton charities reportedly will refile tax returns due to foreign donation reporting errors,0,1
Supreme Court’s political stench: Why John Roberts will obviously base his Obamacare decision on politics,0,0
Here is Elon Musk’s True Mars On Earth Plan,1,1
A Complete Guide To Early And Absentee Voting,0,0
Reported two-month gap in Clinton emails coincides with escalating Libya violence,0,0
Koch-backed network aims to spend nearly $1 billion ahead of 2016 elections may engage in GOP primaries,0,0
Obamacare threatens John Roberts’s dream of a nonpartisan Supreme Court,0,0
Obama s Trade Agenda Clears Key Senate Hurdle,0,0
Fighting ISIS will be a long war,0,0
Hillary Clinton s worst nightmare: Hint -- it s not Bernie Sanders,0,0
Gerrymandering didn’t make politics this vicious. But vicious politics will soon make gerrymandering so much worse.,0,0
Guns terror and LGBT rights: Orlando shooting raises stakes for next president,0,0
Barbara Mikulski the longest serving female senator in history to retire,0,0
Conservative watchdog group accuses Democrats of illegally coordinating through voter data firm,0,0
100 Years Ago 1.5 Million Armenians Were Systematically Killed. Today It s Still Not A Genocide. ,0,0
Millennials Are More Racist Than They Think,0,0
Trump replays Clinton woman card defends pull out Middle East strategy,0,0
The GOP’s establishment candidates begin aiming at each other,0,0
 Russia is concentrating 2.0: Putin s new policy of active defense ,1,1
New poll finds 9 in 10 Native Americans aren’t offended by Redskins name,0,1
The Trump Network sought to make people rich but left behind disappointment,0,0
Clinton Sanders clash over Obama more at testy debate,0,0
As first voting nears Trump seems stronger,0,0
3 reasons the economy boomed in 2015,0,0
Donald Trump Paul Ryan and GOP unity. It s all about the numbers America,0,1
The no-transparency election,0,0
It’s on: Tensions between Trump and the GOP escalate in public fight,0,0
Hillary Clinton Holds 6-Point Lead Despite FBI Probe [Update],1,1
If Donald Trump wants to beat Hillary Clinton he needs to win these 5 states,0,0
Trump shakes up campaign prepares to roll out long-awaited ads,0,0
Unskewing Facebook will take all kinds: Column,0,0
State parties can reduce polarization and improve the political system | Institution,0,0
Immigration Puzzle Confounds Republican 2016 Field,0,0
Washington DC workers to get 16 weeks paid leave under city hall plan that taxes businesses,0,0
House Committee Votes To Remind Congress Its Job Is To Authorize Wars,0,0
Jeb Bush Weighs In On Same-Sex Marriage,0,0
Christie launches PAC in significant step toward White House run,0,0
Hillary Clinton had an amazing night — and not just because of her victories,0,0
Election 2015 Highlights: Who Won Who Lost?,0,0
ICE spends millions flying illegal immigrant children across US,0,1
Sanders sweeps in Alaska Hawaii Washington but too little too late?,0,0
The Glorious New PC NFL Starts Next Monday!,1,1
How Grey are the White Helmets and Their Backers?,1,1
Flint Michigan: Neglected because city is black poor?,0,1
Sanders Clinton talk immigration battle for Hispanic vote before big California primary,0,0
Jesse Matthew charged in Hannah Graham slaying,0,1
Judge Blocks President Obama s Immigration Order,0,0
Whether Clinton or Trump Tensions Will Escalate with China and Russia Under Next U.S. President,1,1
Trump names three apparent vice-presidential possibilities on Twitter,0,0
The accidental case against Obamacare,0,0
ISIS Empire: Smuggling shakedowns donations feed swelling terror budget,0,1
Cruz wins CPAC presidential straw poll,0,0
Hawaii’s $205M ObamaCare system on life support critics fear ‘complete waste’,0,0
North Dakota Pipeline: Cell Service Blacked Out As Violence Against Protesters Increases,1,1
Walmart Boosts Minimum Wage to $9/Hour,0,1
WikiLeaks Bombshell: ‘There Is No US Election’,1,1
Did Gary Johnson Just Get Boxed Out of the Debates?,0,0
Trump campaign woes intensify amid questions over Melania s visa – as it happened,0,1
Allen West Reveals How Obama’s Pentagon Just Destroyed Recruiting Efforts for Decades,1,1
After Trump’s Super Tuesday romp GOP establishment seeks unity to slow surge,0,0
74 children executed by ISIS for crimes that include refusal to fast report says,0,0
On Capitol Hill deep skepticism persists as lawmakers react to Iran deal,0,0
Heart disease kills way more people than war murder and traffic accidents combined,0,0
DOJ Tried Repeatedly To Kill FBI’s Clinton Foundation Investigation,1,1
#MemeOfTheWeek: The Strange Sad Case Of #FeelTheChafe,0,0
Donald Trump to Ben Carson: You’re Fired… From My VP Team,0,1
Iran nuclear deal: why White House rules foreign policy,0,0
Russia Tests Stealth Hypersonic Nuke Capable of Wiping Texas or France,1,1
Obama Argues Against Goverment Shutdown Over Planned Parenthood,0,0
Is the Supreme Court Too Powerful? - Room for Debate - NYTimes.com,0,0
House votes to block Obama’s immigration actions — but exposes new GOP divisions,0,0
Clinton takes four states giving a big boost to her delegate total,0,0
This man wants to become president pass one law and resign,0,0
Colin is looking for a songwriting partner,1,1
Did Trump go too far?,0,0
Primary election: What to watch on Super Tuesday 2,0,0
Kim Davis s right to religious liberty has been grossly violated,0,1
As Rubio stumbles race for second place tightens in New Hampshire (+video),0,0
Get Ready For Civil Unrest: Most Americans Are Concerned About Election Violence,1,1
How to Build a Prepper’s Medical Emergency Kit on a Budget,1,1
Evangelicals Sing a New Tune on Trump: Meeting May Be a Tipping Point ,0,0
This is how Ted Cruz wins: Why the formerly unthinkable could really actually happen,0,0
Macy s is the latest to cut ties with Donald Trump,0,0
The Awkward Arranged Marriage of Trump and Pence,0,0
New NASA Footage Films UFO Flying Past,1,1
What advantages does Marco Rubio have?,0,0
Post-ABC poll finds tight presidential race with mixed reaction to FBI’s review of Clinton’s emails,0,0
The GOP still has nothing to show for its anti-Planned Parenthood campaign,0,0
Looking To 2015 Economists See 5 Reasons To Celebrate,0,0
Rick Perry drops out of 2016 presidential race,0,0
 Basket of deplorables : For once Hillary told the truth about what she really thinks,0,1
Clinton campaign scrambles to defend Rust Belt against Trump,0,0
Eric Holder bids farewell to Justice Department,0,0
Huckabee Appearing at Trump Event in Iowa,0,0
Why Sen. Mitch McConnell won’t budge on the Supreme Court nomination,0,0
Sorry Gov. Kasich ‘Electability’ Is Bunk,0,0
For 2016 Hillary Clinton has commanding lead over Democrats GOP race wide open,0,0
Surprise! Donald Trump is wrong about immigrants and crime.,0,1
The State Department hasn’t been authorized in 13 years,0,0
Will Wednesday’s GOP debate move the discourse from flash to substance?,0,0
Carson threatens to leave Republican Party,0,0
Mass shootings appear to be spiraling out of control. Are they? (+video),0,0
Is Hillary Clinton too big to indict? (+video),0,0
McConnell: No lame duck confirmation,0,0
UK Interested in Strong Energy Sector Stable Int l Market - Ex-Minister,1,1
In West Baltimore some residents see rioting as a rational response to daily despair,0,0
DOJ will not prosecute former Ferguson police officer Darren Wilson,0,0
Pain anger and fear: US voters deprived of a serious presidential election,0,0
After Kim Davis is jailed marriage license issued,0,0
Place your bets now. How much does someone’s world view predict their other attitudes?,0,0
The joke was that Obama wasn’t joking,0,1
Netanyahu warns that nuclear deal ‘paves Iran’s path’ to a bomb,0,0
Democrats see chance to reshape map as Trump stumbles,0,0
One year after Obama embraced Cuba what has changed?,0,0
Orlando probe intensifies as feds eye gunman s wife possible ties to international terror,0,1
Obama touts progress against ISIS sets low expectations for Russian cooperation,0,0
Escaped killers ride backed out source says,0,0
Brace Yourself: The Presidential Election Is Going To Be All About Anger,0,0
Why Netanyahu victory isn t likely to make US-Israel relations worse (+video),0,0
Is Who Hacked Podesta’s Emails the Issue or the Fact they are True?,1,1
Paul Craig Roberts: Trump faces assasination,1,1
The case for a Clinton-Warren ticket,0,0
Democratic Party Leaders Bernie Sanders Spar Over Nevada Convention Chaos,0,0
Joe Biden: He s right not to run (Opinion),0,0
New York Times endorses Hillary Clinton John Kasich for nominations,0,0
 Your little brother is not the ultimate authority : How Jeb Bush cheated America & helped deliver the presidency to W,0,1
Netanyahu poised for third straight term as Israel PM after chief rival concedes,0,0
Clinton says she ll decide about 2016 next year,0,0
Humans Came Out Of Australia Not Africa,1,1
The 5 big things we learned about Congress in 2015,0,0
Reuters/Ipsos Poll: Trump Closes in on Clinton s Projected Electoral Lead,0,0
Drama On The Docket: High Court s Term Set To End With Slate Of Big Cases,0,0
A liberal plan to defeat ISIS: Here’s how we avoid Ted Cruz’s religious police state,0,1
Benghazi: The fundamental question that still hasn t been answered,0,1
U.S. Near Bottom in Public ‘Confidence in Elections’,1,1
A surprisingly fascinating theory for why Canada is so boring,0,1
Trump suggests profiling of Muslims as response to terrorism,0,0
Gary Johnson snags newspaper endorsement,0,0
Gay Marriage Ruling Fallout: Christian Leaders React,0,0
Should NBC have let Donald Trump host Saturday Night Live ?,0,0
Vital VA hospital project in limbo as price tag soars lawmakers vow no ‘bail-out’,0,0
House committee passes bill that cuts Amtrak funding,0,0
Ohio delegation blasts Mount McKinley name change,0,0
Jordan signals escalation vs. Islamic State,0,0
Clinton s best defense -- there s no one else,0,0
The new war on the press: When satire sparks terrorism,0,0
Donald Trump says he doesn’t need a unified GOP. Logic and math suggest otherwise.,0,0
At least 20 hostages dead in siege of hotel in Mali official says,0,0
Millennials Just Aren t That Into Hillary Clinton and it Could Cost Her the Election,0,0
Defiant Paul says he can still grow GOP,0,0
Takeaways from the Republican debate,0,0
Will interest rates go up? Five things to expect,0,0
Jury selection begins in Colorado theater shooting trial,0,1
Fox News and the Duggars reach a disgusting new low: The twisted persecution complex in last night’s insane interview,0,1
State Dept. accused of stiff-arming intel watchdog over Hillary emails,0,0
Poll: Clinton Support Spikes Following Democratic Convention,0,0
Florida Once Again a Focus in 2016 Campaign,0,0
The House’s new conservative politburo,0,0
Bizarre! Drone Records Speeding UFO Over Trees,1,1
Why Gingrich could be the ideal running mate for Trump,0,1
Former HP CEO Carly Fiorina Announces She s Running For President,0,0
With rise in polls Cruz becomes potential Trump target in Tuesday s GOP debate,0,0
What If The Supreme Court Had Gone The Other Way On Obamacare?,0,0
Megyn Kelly Rips Into Donald Trump for His Attacks on a Federal Judge,0,0
Wikileaks May Release Hillary s 33 000 Deleted Emails: Kim Dotcom,1,1
How Instagram Becomes Backbone for Businesses,1,0
Trump Is Wrong About Terrorism and Immigration,0,0
Why Not Vote Third Party? We Asked California Voters.,0,1
MH370 search: Debris found in Reunion may give clues,0,0
How Republicans are targeting Clinton on foreign policy,0,0
Boehner vows fight to scuttle Iran nuclear deal,0,0
Interview 1227 – New World Next Week with James Evan Pilato,1,1
Why Trump is dredging up 1990s attacks against the Clintons,0,0
3 reasons Americans die sooner than people in other developed nations: guns drugs cars,0,1
Trump Dedicates D.C. Hotel: The Future Lies With The Dreamers ,1,1
TRUMP TARGETS DEMOCRATIC STATES IN FINAL ASSAULT...,1,1
US Moving ISIS Fighters From Iraq To Syria To Topple Assad,1,1
New ISIS video shows Paris attackers committing prior atrocities threatening UK,0,1
Obama Looking For Justice Who Will Interpret The Law Not Make It,0,0
Penny Nance: Trump vs. Miss Universe -- I can’t get to victim when I think of Alicia Machado,0,1
Russian FM Lavrov reminds USA of war crimes in Yugoslavia,1,1
Congress moves closer to preventing a shutdown,0,0
HHS announces small extension for ObamaCare sign-up bigger delay next year,0,0
Trump says he s not worried by opposition to him within GOP,0,0
Hillary Clinton s shrinking email defense,0,1
Dozens dead including one American as hostage situation in Mali hotel ends,0,0
Suspect who worked for wealthy DC family arrested for their deaths,0,0
House Votes to Upgrade International Religious Freedom Law,0,0
U.S. Economy Added A Robust 292 000 Jobs In December,0,0
Russia and Syria Warn About US Shifting ISIS from Mosul to Battle Assad,1,1
Here s How Many People In Each State May Not Be Able To Afford Insurance If The Supreme Court Rules Against Obamacare,0,0
Quality care for vets more important than wait times says VA secretary,0,0
Pence: I Don t Understand The Basis of Michelle Obama s Claims,0,0
Ted Cruz: Now the odds-on favorite,0,0
CBS Colorado Investigation Shows People Voting Twice; The Dead Voting,1,1
Sanders losing in delegates to Clinton claims path to victory ,0,0
Unions fight to preserve Obama’s immigration actions their members,0,0
Iran disputes report of missile test,0,0
Bush vows to back GOP nominee questions Rubio on abortion,0,0
House GOP smells victory in budget battle,0,1
Scientists Leak Evidence That Approve Elon Musk s Theory: The Universe Is A Computer Simulation,1,1
Is Huma Abedin Hillary Clinton’s Secret Weapon or Her Next Big Problem?,0,1
America’s white fragility complex: Why white people get so defensive about their privilege,0,0
Karl Rove: Trump s campaign is willing to change. Is the candidate?,0,0
With Dire Situation in America for Voters; Homeschool Enrollment Doubles,1,1
Obama says charges he s anti-Semitic are hurtful,0,0
On Midterm Trail Hillary Clinton Tests Themes for Possible 2016 Run,0,0
Bill Black: Liberals Didn’t Listen: The Immense Cost of Ignoring Tom Frank’s Warnings,1,1
U.S. added 257K jobs in January; unemployment ticks up to 5.7 percent,0,0
This Is the Least Important Election of Our Lifetimes,0,1
O’Reilly denounces Mother Jones story on his war reporting,0,0
Wikileaks Bombshell: ‘There is no US election’ (Video 5.26 mins),1,1
Paul Ryan 1 Donald Trump 0,0,1
The affair allegations that derailed Kevin McCarthy s quest for the speakership explained,0,0
Donald Trump is running out of ways to win,0,0
Kasich: Bush s campaign is freaking out ,0,0
Franklin Graham: The media didn’t understand the ‘God-factor’ in Trump’s win,1,1
Putin Collecting Former US Allies,1,1
Point-counterpoint: Is political polarization really such a bad thing? | Commentary,0,0
Trump s challenges come to the fore reshaping GOP race,0,0
Syrian War Report – October 27 2016: Russian Strikes Destroyed Over 300 Terrorists’ Oil Facilities,1,1
Republicans barnstorm Iowa after debate as underdogs show new life,0,0
Court Could Force Same-Sex Marriage on Every State - US - CBN News - Christian News 24-7 - CBN.com,0,1
Intel chief ‘absolutely’ forgot about NSA data sweep program attorney says,0,0
White House brings lawmakers into Situation Room on Iran,0,0
A close Wisconsin primary could spell future trouble for Clinton,0,0
Afghan officials say Mullah Omar Taliban leader may be dead,0,0
Even Hillary’s Niece Is Voting Trump,1,1
House GOP Faces Test On Budget Priorities,0,0
The GOP’s ludicrous Kim Davis primary: How raging homophobia took the Republican campaign by storm,0,0
2016: The year conventional political wisdom was turned upside down,0,0
State Department: No record of Clinton signing separation form,0,0
Conway touts Trump s drain the swamp message admits we are behind ,0,0
Treasury will begin issuing Iran sanctions waivers under Obama order,0,0
2016 Race Collides With Baltimore Unrest,0,0
DoD teams surveying US military sites for potential Gitmo transfers lawmakers vow fight,0,0
George Stephanopoulos Brian Williams and the media’s sinking reputation,0,0
Government Confirm Compensation For Survivors Of Symphysiotomy Got ‘Lost In The Post’,1,1
Muslim debate seizes GOP presidential race,0,0
Clinton puts Trump on defense at first debate,0,0
Here Are Six ‘Miracle’ Drugs Big Pharma Now Regrets - Truthdig,1,1
Wikileaks Emails Disclose Aliens Linked to Vatican!,1,1
How the Obama White House runs foreign policy,0,0
ISIS claims responsibility for Garland Texas shooting,0,0
The blame the left crew: What the right’s new Hebdo attack is really about,0,1
Donald Trump claims the election will be rigged — and critics have called that preposterous and dangerous,1,1
Police Arrest Suspect In Charleston Church Shooting,0,0
Donald Trump’s collapse was caused by one big factor: Hillary Clinton,0,0
Why Ted Cruz Has the Most to Lose in New Hampshire,0,0
Bernie Sanders says private meeting with Pope Francis is not an endorsement,0,0
Alabama Lawmaker: Same-Sex Couples Don’t Deserve Same Financial Benefits As Other Families,0,0
Will the Media Reset After the Election or Are We Stuck With This Tabloid Stuff?,1,1
DOJ COMPLAINT: Comey Under Fire Over Partisan Witch Hunt For Hillary (TWEETS/VIDEO),1,1
GOP Senator David Perdue Jokes About Praying for Obama’s Death,0,1
State Department says it can t find emails from Clinton IT specialist,0,0
In Ethiopia Obama seeks progress on peace security in East Africa,0,0
Jeb Bush Is Suddenly Attacking Trump. Here s Why That Matters,0,0
SpaceX Says It’s Ready to Launch Rockets Again - The New York Times,0,0
Woman faces jail for dismal selection of office birthday cakes,1,1
 We don t care about your red line : Turkey slams EU criticism over journalists arrests - Russia News Now,1,0
The Playlist: Barack Obama’s Summery Playlists and Green Day’s Fiery Return - The New York Times,0,0
Tiger Woods Withdraws from Two Tournaments: ‘Don’t Think I’ll Ever Feel Great Again’ - Breitbart,0,0
FBI Agents Must Come Forward to Confront Corruption,1,1
The De Facto US/Al Qaeda Alliance,1,1
Trump’s Economic Program Set For Rough Reality,1,1
Ryan on GOP Losing House Majority in 2018: ‘Blah Blah Blah ’ ’White Noise of Washington’ - Breitbart,0,0
Trump’s View of Syria: How It Evolved in 19 Tweets - The New York Times,0,0
Watch: Pentagon Released Explosion Footage for ’Mother of All Bombs’ Dropped on Afghanistan - Breitbart,0,0
Democrats’ Divisions Linger but Parties Have Seen Far Worse - The New York Times,0,0
Behind China’s Anbang: Empty Offices and Obscure Names - The New York Times,0,0
Iceland’s Prime Minister Resigns After Pirate Party Makes Strong Gains - The New York Times,0,0
Comment on Evidence that Hillary Clinton and her associates are satanists by traildustfotm,1,1
Trump Vs. Sanctuary Cities: Congress Ready to Help,0,0
Democratic Bayonne Mayor Faces Sexting Scandal - Breitbart,0,0
Der Einfluss der USA und der NATO auf das Verhältnis der EU mit China von Manlio Dinucci,1,1
An American Stands on the Shoulders of a Gladiator - The New York Times,0,0
Dallas Roger Federer Hillary Clinton: Your Friday Evening Briefing - The New York Times,0,0
Bombshell: Fox News Reports FBI To Move To Likely Indictment Of Clinton,1,1
Cop accidentally discharges his weapon sending a bullet into the wall of a daycare center,1,1
Police and Protesters Clash in Minnesota Capital - The New York Times,0,0
The Shadow Brokers dump more intel from the NSA s elite Equation Group,1,1
Mexico Ranked Second Deadliest Country in the World,0,0
Gallery Hopes to Sell Kanye West’s ‘Famous’ Sculpture for $4 Million - The New York Times,0,0
ACLU Targets Jeff Sessions Won’t Defend Michael Flynn - Breitbart,0,0
A Republican Election Official Just Blocked Door Demanded Early Voters Shut Up Go Home!’,1,1
What Does ‘Dress Like a Woman’ Mean? Designers Tackle the Question - The New York Times,0,0
Michael Phelps Relishes the Cheer and Challenge of His New Reality - The New York Times,0,0
Giddy Russians Seek To Rename Street After Donald Trump To Make Our City Great Again - Russia News Now,1,1
SAG Nominees Include Viggo Mortensen and Other Surprises - The New York Times,0,0
Pro-Life Leaders Celebrate Motherhood and Reach Out to Those Suffering After Abortion - Breitbart,0,0
Signs of the End: Nearly 50% Of Catholics Voted Clinton?,1,1
FBI Insurrection to Scuttle Director Rig Election: part 2,1,1
URGENT: Donald Trump Just Called Out Obama for His SICKEST Crime Yet! * LIBERTY WRITERS NEWS,1,1
After EU Threatens Sanctions Philippines Refuses Aid to Stop ’Interfering With Our Internal Affairs’,0,0
A Republican Congresswoman Has Personal Stake in Transgender Debate - The New York Times,0,0
BREAKING: It’s Official Now China Government Confirms Existence Of UFO And Aliens,1,1
Kellyanne Conway Fires Back at Morning Joe’s Baseless Attack: ’It Is a Privilege to Assist President Trump’ - Breitbart,0,0
Melania Trump: Meet Your First Lady America! (VIDEO),1,1
Ashton Kutcher Blows Kiss to John McCain During Senate Hearing,0,0
Renée Zellweger Is Back and Standing Up for Herself - The New York Times,0,0
BREAKING : Mike Pence DEMANDS the FBI RELEASE ALL EMAILS BEFORE ELECTION DAY – TruthFeed,1,1
March for Science Rebrands Earth Day Social Justice - Breitbart,0,0
Australia Legalizes Medical Marijuana Across The Entire Continent,1,1
Hospitals in Safety Net Brace for Health Care Law’s Repeal - The New York Times,0,0
These 10 Photos Show What Happens When You Stop Drinking,1,1
Actress Blasts Emma Watson’s ’Confusing’ Feminist Equality Campaign,0,0
Past Present and Future Collide in Joan Didion’s ‘South and West’ - The New York Times,0,0
It’s Possible to Hack a Phone With Sound Waves Researchers Show - The New York Times,0,0
Comment on Johnson & Johnson Ordered To Pay $72 Million In Another Ovarian Cancer Case Caused By Baby Powder by JOHNSON & JOHNSON ORDERED TO PAY $72 MILLION IN ANOTHER OVARIAN CANCER CASE CAUSED BY BABY POWDER – View Point,1,1
Son Gains 22lbs To Save His Dying Father’s Life By Donating Bone Marrow,1,1
Istanbul Donald Trump Boris Johnson: Your Thursday Evening Briefing - The New York Times,0,0
Economic upgrade: Russia receives multiple endorsements for rapidly improving business conditions,1,1
When the Boss Is Half Your Age - The New York Times,0,0
Tradesman keeps promise,1,1
Charlie Rose: There Has Been ’A Season’ of ’Coarse Political Rhetoric’ Like ’Lock Her Up’ - Breitbart,0,0
Links 11/9/16,1,1
Macedonian Media: Ruling Party About To Win Over Western Mercenaries,1,1
Why Clinton Could Lead Us into WW3,1,1
Will this election be decided by votes cast by illegal immigrants?,1,1
No Government Cannot Restrict First Amendment Religious Activity in Supreme Court Plaza,1,1
Iran Retaliates Plans to Block Americans from Iran in Response to Trump’s Visa Ban,0,0
The Other October Surprise—An Eruption In The Bond Pits,1,1
INSPIRATIONAL VIDEO : 94 Year Old Supporter Walks a Mile a Day Stumping for Trump – TruthFeed,1,1
In Case You Missed…,1,1
Fashion Notes: Melania Trump Stuns In Dolce &amp Gabbana For Gorsuch Ceremony,0,0
BREAKING: Connecticut Democratic Lawmaker Arrested On 19 Voter Fraud Charges • USA Newsflash,1,1
Truck Terror Attack in Jerusalem Follows Mounting International Pressure on Israel,0,0
Profit From Chaos? Elites Have Secretly Banked On Trump Victory Populist Uprising ,1,1
Russia’s Hacks Followed Years of Paranoia Toward Hillary Clinton - The New York Times,0,0
How Russia Often Benefits When Julian Assange Reveals the West’s Secrets - The New York Times,0,0
Trump Tillerson Venezuela: Your Thursday Evening Briefing - The New York Times,0,0
Do Preschool Teachers Really Need to Be College Graduates? - The New York Times,0,0
U.S. Presidential Race Rio Olympics Milwaukee: Your Monday Evening Briefing - The New York Times,0,0
THE POLLS CAN NO LONGER BE RIGGED THIS ELECTION,1,1
Japan’s Prime Minister Calls for ‘Free and Fair’ Trade During Trump Visit,0,0
SETI officially announce Extraterrestrial signals,1,1
NATIONAL ANTHEM PROTESTS LEADING CAUSE FOR NFL RATINGS DROP,1,1
‘Zoot Suit ’ a Pioneering Chicano Play Comes Full Circle - The New York Times,0,0
It Turns Out Trump Put off Investigators for 6 Months While He Destroyed Emails,1,1
Yemenis stage rally to condemn Saudi war crimes,1,1
BREAKING! — New shattering Wikileaks info implicates Clintons in shocking allegations of rape satanism blood drinking and child sex in hot tubs,1,1
Turkish President Accuses Germany of ’Nazi Practices’,0,0
LA Immigration Activists’ Illegal Immigrant Mother To Be Deported - Breitbart,0,0
Fascination and Fear: Covering the Black Panthers - The New York Times,0,0
Luis Banchero: el pez dorado por Jorge Smith,1,1
AUSTRIA: Freedom Party leader calls Chancellor Angela Merkel the most dangerous woman in Europe ,1,0
Antarctica Guardians Retaliate Against America With Massive New Zealand Earthquake,1,1
Sustainable salt water battery won’t corrode and can power your home for 10 years,1,1
Energy Update – Super High Geomagnetic Solar Winds,1,1
Is Gascony the Most Delicious Corner of France? - The New York Times,0,0
Burger King ‘O.K. Google’ Ad Doesn’t Seem O.K. With Google - The New York Times,0,0
NYT Advocates Internet Censorship,1,0
Leftists Claim Dress Code Promotes Rape Culture ,1,1
Bill Maher Sparks Outrage After Telling Ben Sasse He’s a ’House N**ga’: ’So Hurtful’,0,0
Rasmussen: 57 Percent Support a Temporary Ban on Refugees From Terror-Exporting Countries - Breitbart,0,0
VIDEO: Cop Crashes Car and Runs Away When More Cops Arrive,1,1
Why Does Fall Foliage Turn So Red and Fiery? It Depends. - The New York Times,0,0
Trump’s National Security Adviser: Islam is a Political Ideology… Hides behind this Notion of it being a Religion !,1,1
PHOTOS: President Trump Welcome Ceremony At Tel Aviv Airport,0,0
Daily Mail Editor Triggers Article 50,1,1
Trump Tower Climber Snatched by Police as the Internet Watches - The New York Times,0,0
Trump Sessions Pompeo Flynn: Your Friday Evening Briefing - The New York Times,0,0
Gardasil Vaccine Given without Consent and Ruins Life of 14 Year Old Girl,1,1
Kushner Family Apologizes for Mentioning Jared’s Name at EB-5 Visa Investor Meeting in China - Breitbart,0,0
Homeopathy in the NHS: The Big Debate,1,1
It’s Coming… UNPRECEDENTED US BOND DUMPING | Jim Willie,1,1
Gauis Publius: TPP Has Picked Up a Powerful Enemy — Black Lives Matter,1,1
NPR Journalist and Translator Killed by Taliban in Afghanistan - The New York Times,0,0
Former Knick Charles Oakley Is Arrested After Altercation at Madison Square Garden - The New York Times,0,0
Is Britney Spears Ready to Stand on Her Own? - The New York Times,0,0
Palestinian Terror Groups Celebrate ’Sweet’ Jerusalem Truck-Ramming Attack,0,0
How to Plan Your Family’s Vacation - The New York Times,0,0
Speaker David Gowan Reshapes Arizona House From the Carpets on Up - The New York Times,0,0
Why Christopher Kimball Is Moving On From America’s Test Kitchen - The New York Times,0,0
Tech Worker Craig Diangelo Forced to Train H-1B Replacement Now Running for Congress,0,0
Noah Wall: After Years of GOP Repeal Bills Under Obama Now ’They Back Down’,0,0
Hillary Tweets Out Article Calling Her Most Corrupt Least Popular Candidate of All Time,1,1
Live Nation Postpones Six New York Concerts in Wake of Shooting - The New York Times,0,0
Emmy Nominations 2016: ‘Game of Thrones’ Rules Again - The New York Times,0,0
Your Election Day Questions Answered - The New York Times,0,0
Re: Hot take: Dakota Access Pipeline protesters burn tires in fight to preserve the environment,1,1
White House Petition To Remove ‘Soros-Owned Voting Machines’ Hits 100 000+ Signatures,1,1
Watch: Celebrities Beg Congress to ’Obstruct’ Donald Trump,0,0
المغاربة يذهلون العالم ويبتكرون طريقة لتجفيف الملاعب بإضرام النار فيها - RT Arabic,1,1
Life: Environmental Win! Poland Spring Is Fighting Plastic Waste With A Campaign Highlighting The Disgusting Flavor Of Its Bottled Water,1,1
Economic Racial Disparity in North Carolina,1,1
Carjacker Murders Motorist Because He Couldn’t Steal Car with Stick Shift,0,0
Hillary s Hypocrisy On Sexual Assault BRUTALLY Exposed | The Federalist Papers,1,1
BREAKING… Smoking Gun Coming? CBS Reports FBI Found Clinton Server Related Emails on Weiner Computer That Weren’t Disclosed,1,1
Donald Trump And His Supporters Are Fighting A Rigged System,1,1
Why We Expect Health Disclosures From Presidential Candidates - The New York Times,0,0
Trump Warns of Potential ’Major Major Conflict with North Korea’,0,0
Mike Lee: GOP Health Care Bill Does Very Little to Bring Premiums Down - Breitbart,0,0
The Guggenheim’s Greatest Hits Come Roaring Back - The New York Times,0,0
Standing Rock Pipeline Protesters Ordered to Leave Dig In - The New York Times,0,0
Pakistan Recalls Diplomats From India Threatens to Expel Indian Envoys,1,1
Comments of the Week: Here Comes Trouble,1,1
VIDEO: Journalist Shot by Militarized Police at Standing Rock While Conducting an Interview,1,1
New PAN report warns of global contamination of health damaging glyphosate,1,1
Todd Rundgren: ’If You’re a Trump Supporter Don’t Come to My Show’,0,0
It’s Not About The Donald It’s About Democracy - Breitbart,0,0
A Worry on the Right That Trump’s Conservative Acts Are Fleeting - The New York Times,0,0
RIP - Leonard Cohen Dead at 82 : Information,1,0
Harry Belafonte: ‘Movements Don’t Die’ - The New York Times,0,0
Single Family Housing Starts Surge Before Long Winter of Our Discontent,1,1
Arizona: Poster Child for ObamaCare’s Failures,1,1
Anti-Brexit Meddler Gina Miller Poses Outside the Houses of Parliament,1,1
Burning Fall Leaves Is Extremely Toxic For The Body & Planet,1,1
Fitton: Veteran Prosecuted for Posting American Flag on Veterans Affairs Center Fence on Memorial Day - Breitbart,0,1
SHOCK STATEMENT: Anthony Weiner SPEAKS Drops LEGAL NUKE On Hillary,1,1
Airbag Propellant Bound for Takata Factory Detonates en Route - The New York Times,0,0
Want Co-Workers to Vote Your Way? Then Stop Pestering Them - The New York Times,0,0
Liberal Activists Demand Russia Investigation Trump Impeachment at ’March for Truth’ - Breitbart,0,1
NC School District Fights to Keep Pro-Transgender Message in First-Grade Curriculum - Breitbart,0,0
Re: Jury Nullification,1,1
Obama Says He Would Have Defeated Trump for a Third Term - The New York Times,0,0
Hillary Clinton Crashes Tribeca Film Festival,0,1
Four Simple Reasons Why the Global Elite Hate Russia,1,1
Friday Mailbag: Mar-a-Lago Assassins Migrants and Drugs - The New York Times,0,0
Hillary Clinton’s Exploits in McCarthyism,1,1
Comment on This godless shrieking malcontent… This walking cadaver. by Leeann Springer,1,1
Singer at All-Star Game Adds ‘All Lives Matter’ to Canadian Anthem - The New York Times,0,0
Walmart to Create 10 000 Retail Jobs 24 000 Construction Jobs,0,0
This Is Where It Gets Interesting – We’ve Never Seen Such A Run On Fractional Reserve Gold & Silver | Andrew Maguire,1,1
US Plan C in Syria: Make Al Qaeda Central The New Capital,1,1
Social Justice Attorney Andrea Burton: Jailed for Refusing to Remove Black Lives Matter Lapel Pin,1,1
The Modern History of ‘Rigged’ US Elections,1,1
Mitch McConnell Sees ‘High Level of Satisfaction’ With Trump Administration - The New York Times,0,0
Amid Opioid Overdoses Ohio Coroner’s Office Runs Out of Room for Bodies - The New York Times,0,0
Front-Page Editorials Aim to Soothe the Grief-Stricken - The New York Times,0,0
Juror explanation for Ammon Bundy verdict,1,1
NBC Local News Accidentally Posts US Election Results a Week Early Shows a Clinton Win ,1,1
Tesla Has Something Hotter Than Cars to Sell: Its Story - The New York Times,0,0
Dr. Denton Cooley Whose Pioneering Heart Surgery Set Off a 40-Year Medical Feud Dies at 96 - The New York Times,0,0
Academy Awards James Comey: Your Tuesday Evening Briefing - The New York Times,0,0
Western-led operation against ISIS a spectacle – Serbian President Nikolic,1,1
For Trump’s Nominees a Billionaires’ Guide to Running the Government - The New York Times,0,0
Store Owner Fights Back Fatally Shoots Two Robbery Suspects Wounds Third - Breitbart,0,0
Rockefeller Foundation Picks Rajiv J. Shah a Trustee as President - The New York Times,0,0
القبض على الموناليزا الأفغانية بباكستان - RT Arabic,1,1
Study: Americans fear corrupt government officials more than anything,1,1
SERIOUSLY!? WaPo columnist’s lecture to FBI Director Comey about ‘news business’ falls on its face,1,1
Sex and the Presidential City,1,0
Aetna CEO on Obamacare: Young People Will Choose Beer First | Politics,1,0
The Irresistible Style of Emma Stone - The New York Times,0,0
Former US Intelligence Chief Admits Obama Took Willful Decision to Support ISIS Rise,1,1
Fake Scandal: Any Senator or Government Official Can Pull Money from a Blind Trust Without Ever Telling Anyone - Breitbart,0,0
How to Predict Gentrification: Look for Falling Crime - The New York Times,0,0
Southern California Fire Flared Up at 5 Acres. A Day Later It Covered 25 000. - The New York Times,0,0
Welcome Back to a Bipolar World Courtesy of a Moscow-Beijing-Tehran Axis - Federico Pieraccini,1,1
Trump: ’We’re Doing Very Well in Iraq ’ U.S. Troops ’Fighting Like Never Before’,0,0
As The Monetary Madness Continues What Is Happening Is Stunning…,1,1
Breitbart News Releases e-Book: ’The First 100 Days of Trump’,0,0
Four Prominent Suffragist Grave Sites in the Bronx Anticipating a Surge in Visitors This Election Day - The New York Times,0,0
Immigration Milo Yiannopoulos: Your Tuesday Evening Briefing - The New York Times,0,0
Former Egyptian Ambassador: Trump Should Undo Obama’s Sponsorship of Muslim Brotherhood,0,0
UMass students hold ‘sh*t-in’ for gender-neutral bathrooms,1,1
Jury Deadlocks in Trial of Ex-Officer in Killing of Unarmed Black Driver in Cincinnati - The New York Times,0,0
North Korean Leader’s Top Enforcer Is Now the One Getting Purged - The New York Times,0,0
Florida: Taco Trucks Used to Lure Democrat Voters to Polls,1,1
Devin Nunes to Step Aside From House Investigation on Russia - The New York Times,0,0
Re: We Are Being Set Up For Higher Interest Rates A Major Recession And A Giant Stock Market Crash,1,1
The Trump Ploy,1,1
G.O.P. Plans Immediate Repeal of Health Law Then a Delay - The New York Times,0,0
Saving Refugees on the Mediterranean: a Luxury Yacht With a New Purpose - The New York Times,0,0
WikiLeaks Podesta Emails Confirm Hillary’s Health Issues,1,1
Anna Kendrick: Movie Star. Twitter Star. Ready for More. - The New York Times,0,0
Rigging the Election – Video IV: Democrat Operatives Willfully Accepting Illegal Foreign Donations,1,1
U-M’s New ‘Chief Diversity Officer’ Will Collect $385 000 per Year,1,1
Zsa Zsa Gabor Actress Famous for Her Glamour (and Her Marriages) Dies at 99 - The New York Times,0,0
Pursuing a Dream in Film With Tips From Spike Lee - The New York Times,0,0
#TrumpProtest: Communists Mobilize To Disrupt President-Elect Trump’s Inauguration,1,1
Indians Rush Frantically to Launder Their ‘Black Money’ - The New York Times,0,0
SONEG El Mundo Today 2×09: ¿Eres demasiado amable?,1,1
Death Spiral: Aetna Exits Obamacare Exchanges Citing $700 Million in Losses - Breitbart,0,0
Judge Jeanine: Comey ’Addicted to Drama ’ Downfall Was His ’Hubris’ - Breitbart,0,0
PINKERTON: The Fate of Obamacare in the Trump Era -- What the Middle Class Wants It Will Get,0,0
Spike Lee: Hillary Clinton Thought She Was ’Entitled’ to the Presidency,0,0
Trump Meets With Al Gore on Climate Change While House G.O.P. Rebuffs Tariff Plan - The New York Times,0,0
Processed red meat found to sort you out,1,0
Iran and Boeing Sign $16.6 Billion Deal on Sale of 80 Aircraft - The New York Times,0,0
PressTV-NATO pushes military buildup plans near Russia,1,1
Inspired by the U.S. West Africans Wield Smartphones to Fight Police Abuse - The New York Times,0,0
Mary Jo White to Step Down as S.E.C. Chief - The New York Times,0,0
She Drank a Gallon of Water/Day for a Month and Now She Looks 10 Years Younger,1,1
Feminist Camille Paglia Slams Clinton,1,1
Lula and Simba Last Surviving Animals at Mosul Zoo Have Been Rescued - The New York Times,0,0
Oroville Is a Warning for California Dams as Climate Change Adds Stress - The New York Times,0,0
House Passes Bill To Repeal and Replace Post-Crisis Wall Street Rules - Breitbart,0,0
Inside ‘Bill Clinton Inc.’: Hacked Memo Shows Intersection of Clinton Profits and Charity,1,1
This picture of three dads feeding their babies is more funny than cute,1,1
TV Exec: NBC Made ‘Fundamental Mistake’ Thinking Megyn Kelly Was ‘Superstar’ - Breitbart,0,0
How to make your home feel welcoming,1,0
Firebombs and Accusations Fly in ‘Ruthless’ Election Campaigns in Mexico - The New York Times,0,0
Fast Food Worker Who Allegedly Put Menstrual Blood on Customer’s Hamburger Turns Herself In,0,0
U.S. Immigration Policy Helped Grow India’s Economy Says Study,0,0
German Man Convicted for Attack on Migrant Home,0,0
Watch: Trump Wishes Former FBI Director James Comey ’Luck’ in Senate Testimony - Breitbart,0,0
Aleppo fighters demand $300 for exit via humanitarian corridors,1,1
New Solar Panels Pull Drinking Water From The Air Because Clean Water Is A Human Right,1,1
Vatican Hires Lawyers to Protect Pope’s Image,0,1
DEVELOPING: FBI Reopens Investigation into Clinton Emails After New ‘Pertinent’ Evidence Discovered,1,1
Data Points to Rapid Loss of Control Aboard EgyptAir Jet - The New York Times,0,0
Popular Theme Park Water Ride Malfunctions… Ends In Brutal Death Of 4 Patrons,1,1
Donald Trump May Not Deliver on Campaign Promises,1,1
Sinister Siblings From ‘The Great Comet’ Go to Fashion Week - The New York Times,0,0
Former US State Dept Official: US Intelligence Community Has Started a Counter-Coup Against the Clintons ,1,1
Voters in Thailand Endorse Military’s Proposed Constitution - The New York Times,0,0
Стала известна возможная причина взрыва дома в Рязани,1,1
Joe Joseph Warns: There Will Come A Time When It’s Too Late And You’ll Be Begging To Have Your Old Life Back ,1,1
SCOTUS Refuses to Hear Texas Voter ID Case -- For Now,0,0
O’Donnell: ’You Only Live Once’ -- The Man of Forlorn Hope,0,0
Carter Reveals Upgrades To US Long Range Rocket,1,1
Mosul will not be taken ISIS will not be destroyed,1,1
A $1 000 Day in Tokyo for $100 - The New York Times,0,0
Chicago Cubs Crowned the Lords of Windy City,1,1
C.D.C. Reports 234 Pregnant Women in U.S. With Zika - The New York Times,0,0
2:00PM Water Cooler 11/1/2016,1,1
Twitter Confirms Shadowbanning with ’Account Limiting’,0,0
Aid Convoy Is Hit in Syria as Cease-Fire Falters and Bombings Resume - The New York Times,0,0
5 Reasons to Consume this Every Day,1,1
Hot-Air Balloon Crash in Texas Kills 16 Officials Say - The New York Times,0,0
World Heaves Sigh of Relief after Trump’s Victory,1,1
Kaine says Clinton would seek updated war-making powers,1,0
Is Traditional Polling Underselling Donald Trump’s True Strength? - The New York Times,0,0
‘Suplex’ in Chinese? Professional Wrestling Tries a Big New Market - The New York Times,0,0
5 Fort Hood Soldiers Dead and 4 Missing in Texas Floods - The New York Times,0,0
God Has Hidden This For 2 000 Years.,1,1
FRANCE: Police are under siege in Muslim migrant areas in and around Paris also known as NO-GO Zones ,1,1
Och-Ziff to Pay Over $400 Million in Bribery Settlement - The New York Times,0,0
U.S. Funding for Fighting Zika Virus Is Nearly Spent C.D.C. Says - The New York Times,0,0
Canadian Foreign Minister to Highlight Peacekeeping at Paris Conference,1,1
Trans Student to MILO: ’You’re Not Gay Anymore’ ’You Have Never Been One of Us’ - Breitbart,0,0
Coincidence? Massive Solar Event Scheduled for Election Night… And Potential Impending Disaster,1,1
’Anti-Fascists’ Crash Nationwide Protests Against Sharia Law - Breitbart,0,0
NYE in Dortmund: 1000-Man Mob Attack Police Set Church Alight,0,0
Architecture is More Than a Clever Arrangement of Bricks: This Man Transforms it Into a Healing Process,1,1
Donald Trump Accused of Failure at not being President for a Week,1,1
Comment on This is My Second One — Virginia Cop Caught Bragging About Killing Two Unarmed People by Jamieson,1,1
Ron Paul on ISIS: Mortal Threat or Paper Tiger?,1,1
Diary of a Cruise Season - The New York Times,0,0
Only Geniuses & Schizophrenics Can Pass This 3 Question Quiz! - David Avocado Wolfe - DavidWolfe.com,1,1
Report: Colin Kaepernick to Stand for National Anthem in 2017 - Breitbart,0,0
ObamaCare on the Brink,1,1
Report Rebuts Russia’s Claims of Restraint in Syrian Bombing Campaign - The New York Times,0,1
Righting Wrongs and Generating Attention for Art of the African Diaspora - The New York Times,0,0
NASA and FEMA Rehearse for the Unthinkable: An Asteroid Strike on Los Angeles - The New York Times,0,0
Mall Attack Threat Linked to Islamic State Minister Confirms,0,0
Frank Deford Ends NPR Sports Commentaries After 37 Years - Breitbart,0,0
Comedy Central Cancels Larry Wilmore’s Late-Night Show - The New York Times,0,0
Flood Rips Through Historic Maryland Town Killing at Least 2 - The New York Times,0,0
‘McCarthyism’ Rides Again. And It s Again Poisoning the Foundations of a Free Society in the US - Justin Raimondo,1,1
Young musicians from France at Motorola funeral share their emotions at the Saur Mogila Memorial,1,1
 He is a pig says morbidly obese and tattooed model while wearing a ‘Dump Trump’ T-shirt in Times Square – BARE NAKED ISLAM,1,1
How Secure is Your Cellphone ??,1,1
The Guide to Being an Airbnb Superhost - The New York Times,0,0
3 Year Old Son of Singer Michael Bublé Diagnosed With Cancer,1,1
The Trans-Pacific Partnership is dead Schumer tells labor leaders,1,0
Why Corporate America Is Leaving the Suburbs for the City - The New York Times,0,0
Comment on Understanding Misleading Food Labels: An Infographic Breaks Down Which Foods They’re Used On & What They Mean by Understanding Misleading Food Labels: An Infographic Breaks Down Which Foods They’re Used On & What They Mean – Collective Evolution - walkertecharts.com,1,1
Have Skin Problems? Take Vitamins… [w/ Infograph],1,1
Earth’s Magnetic Field is Collapsing — Are the Poles About to Switch?,1,1
Is it possible that Saudi King be tried in US courts by JASTA Law?,1,1
Stephen Hawking: Mankind Will Have to Populate Another Planet Within 100 Years to Survive - Breitbart,0,0
Obamas Make Book Deal With Penguin Random House - The New York Times,0,0
Trump is The Lesser Evil Because Hes Such a Narcissist :,1,1
‘Solar Winds’ Spur Geomagnetic Storm That May Affect Power,1,1
Life: After 55 Years Of Research Jane Goodall Shares Her 6 Most Fascinating Discoveries About Chimpanzees,1,0
Storm That Roared Through the South Sweeps Into the Northeast - The New York Times,0,0
Trump Taps Hollywood’s Mnuchin for Treasury and Dines With Romney - The New York Times,0,0
Rand Paul on Unmaskings: ’We Can’t Live in Fear of Our Own Intelligence Community’ - Breitbart,0,0
Bathroom Case Puts Transgender Student on National Stage - The New York Times,0,0
Obama on Dallas: No Reprise of ’60s Racial Strife - The New York Times,0,0
SONEG El Mundo Today 2×11: ¿Hasta qué punto es necesaria la electricidad?,1,1
Indy 500 Drivers Scott Dixon and Dario Franchitti Robbed at Gunpoint at Indianapolis Taco Bell,0,0
Photos: Islamic State Says It’s Again Deploying Drones in Mosul,0,0
Ireland’s Prime Minister in Crisis Over Case of Police Whistle-Blower - The New York Times,0,0
Evidence Scrubbed Accounts Suspended As Citizen Researchers Delve Into the Hell That is Pizzagate ,1,1
Hillary Arrives At Rally Makes One Weird Move That Left Onlookers Puzzled,1,1
15 Foods That Contain The Mother Of All Antioxidants,1,1
Taking Refuge in Dollar Could Expose World Economy to New Perils - The New York Times,0,0
Parents of Terror Victim Sue Chicago-Area Palestinian Groups to Collect Jury Award,0,0
Livewire: 89th Annual Academy Awards,0,0
BOMBSHELL AUDIO: Hillary Clinton Herself Recorded Calling for Rigging Election,1,1
A Reunion 21 Years in the Making - The New York Times,0,0
Avoiding the Dreaded Middle Seat May Now Cost You - The New York Times,0,0
Ernie Els: ‘We Would Not be Playing For the Money We Play For If It Wasn’t For Tiger’ - Breitbart,0,0
Comment on What’s that strange lump embedded in Hillary Clinton’s face? by mildred.kraus,1,1
Rachel Maddow: Trump ’Totally’ Could Have Leaked His Own 2005 Tax Return - Breitbart,0,0
Football Follies 2016: NCAA Week 9,1,0
Palestinians say ‘oui’ to Paris peace conference after Israel balks,1,1
If they don’t want to break up families why do the encourage unaccompanied minors? ,1,1
Indian Software Mogul: Hire Americans Now Because Trump Opposes H-1B Outsourcing Visas - Breitbart,0,0
Police: Engaged Boston Doctors Murdered in Penthouse - Breitbart,0,0
Mexican Governor Fighting U.S. Extradition for Cartel Case,0,0
Cyprus Fears Russian Meddling in Its Settlement Talks - The New York Times,0,0
Attkisson’s Feb 19 ’Full Measure’ Investigates VA Contractor Accused of Cheating Veterans - Breitbart,0,0
The Art of Flavor at Flora Bar in the Met Breuer - The New York Times,0,0
REVEALED: Town in the heart of Europe where ONLY Arabic can be spoken and Arabs can live,1,1
MILO: Trump Slims Down Lena Dunham. Is There Anything He Can’t Do? - Breitbart,0,0
Trump Calls for Investigation into the Clintons’ Russian Ties,0,1
SHOCK: NYT Goes Gutter… Accuses Trump of Victimizing Little Girl,1,1
Sisi: Israeli-Palestinian Deal A Top Priority for Egypt,0,0
VIDEO : Watters World Interviews Delicate NYC Snowflakes Post-Election,1,1
UN failed to organize evacuation of civilians from rebel-held Aleppo,1,1
The Lethal Gaps in How the Supreme Court Handles the Death Penalty - The New York Times,0,0
Like a good little sharia-compliant female Prince Charles’ wife Camilla removes her shoes to enter a mosque in Abu Dhabi but the Prince of Wales keeps his shoes on,1,1
And Then There Was Trump - The New York Times,0,0
Activists Urging Obamacare Supporters to Mail Ashes of Dead People to Congress,0,0
WIKILEAKS WARNS IT IS LAUNCHING PHASE THREE OF ITS ELECTION COVERAGE,1,1
2:00PM Water Cooler 10/26/2016,1,1
The Choose-Your-Own-News Adventure - The New York Times,0,0
For Anne Holton Tim Kaine’s Wife Elite Circles Are Old Turf - The New York Times,0,0
Trump Appears to Side With Assange Over Intelligence Agencies’ Conclusions - The New York Times,0,0
REPORT: Leakers Found Inside White House Trump Will Be Firing - Breitbart,0,0
Harry Reid and Koch Brothers Wage Proxy War for a Nevada Senate Seat - The New York Times,0,0
Michael Moore’s ‘Morning After To-Do List’ Is Going Viral – Maybe This Time We Will Listen,1,1
After Drug Tests Is Anyone Left in the Weight-Lifting Room? - The New York Times,0,0
Übrige Wrestler überlegen wann sie Tim Wiese endlich sagen sollen dass alles abgesprochen ist,1,1
Al Gore Made Nearly $200 Million from the Global Warming Scam — Likely to Become the World s First Carbon Billionaire ,1,1
Survival of Sears and Kmart Is in Doubt Owner Warns - The New York Times,0,0
Economists Are Losing Their Minds At Trump’s Plan To Get 3% Economic Growth Again - Breitbart,0,0
The USA Era (1945 - 2008) in Retrospect,1,1
Bob Dylan Wins Nobel Prize Redefining Boundaries of Literature - The New York Times,0,0
That Old Phone Trump Uses for Twitter Could Be an Opening to Security Threats - The New York Times,0,0
Baby with Down syndrome lands modeling gig,1,1
Obama White House legacy at stake a President Trump could nullify all of Obama’s executive orders,1,1
One in Every 137 Teenagers Would Identify as Transgender Report Says - The New York Times,0,0
Kenya’s Collective ‘Uh-Oh’: Another Election Is Coming - The New York Times,0,0
Berkeley College Republicans Call Bullsh*t on Free Speech Celebrations,1,1
Train Crash in Italy Leaves at Least 25 Dead and Dozens Injured - The New York Times,0,0
Selected Not Elected: The Election Has Been Stolen,1,1
Obama Climate Plan Now in Court May Hinge on Error in 1990 Law - The New York Times,0,0
Trump Accuses Clinton of Guiding Global Elite Against U.S. Working Class - The New York Times,0,0
Russia or the Neocons: Who endangers American democracy? | OffGuardian,1,1
Iran to Bar American Wrestling Team From World Cup - The New York Times,0,0
Here s The Trump Ad Hillary is SUING to Stop; Watch It Before It s GONE | The Federalist Papers,1,1
Home but Not Home: Four Generations of an Ethnic Korean Family in Japan - The New York Times,0,0
Doomsday Clock Moves Closer to Midnight Signaling Concern Among Scientists - The New York Times,0,0
Trump Throws A Fit When Asked Why He Is Promoting His Hotel Instead Of Campaigning,1,1
Donald Trump Nikki Haley Jo Cox: Your Wednesday Evening Briefing - The New York Times,0,0
The Political and Cultural Richness of Kashmiriyat,1,1
Jordan Frees Soldier Who Killed 7 Israeli Schoolgirls in ’97 Rampage - The New York Times,0,0
Palme d’Or Goes to a Ken Loach Film at Cannes - The New York Times,0,0
Monitoring May Have ‘Incidentally’ Picked Up Trump Aides House Member Says - The New York Times,0,0
Slovenia Adds Water To Constitution As Fundamental Right For All People,1,1
Von wegen Staatsbesuch: Barack Obama ist ganz eindeutig auf Wohnungssuche,1,1
Angry Town Hall Meetings on Health Care Law and Few Answers - The New York Times,0,0
Obamacare 2.0 Guts Enforcement Gives Illegal Aliens Health Care Through Identity Fraud - Breitbart,0,1
Democrats See Opening in Tax Overhaul Fight: Trump’s Own Deductions - The New York Times,0,0
THE END GAME closes in on the Clintons as the deep state turns… massive collection of criminally damning evidence about to be revealed that will bring down the Clinton crime family forever,1,1
Sandy Hook Promise Rakes In $6 Million (VIDEO),1,1
Texas Dem Arrested for Alleged DWI after Safe Driving Seminar,0,0
Places to Put Your Hands Together - The New York Times,0,0
Lower Yields and Agropoisons: What is the Point of GM Mustard in India?,1,1
Travel Ban Dampens Persian New Year Celebration - The New York Times,0,0
UP IN ARMS: Trump Nation Absolutely Rejects Mitt Romney For Secretary Of State Pick,1,1
A Call For Unity,1,1
Comment on 7 Photos That Capture Shocking Differences In Social Classes (IMAGES) by para para dinle,1,1
Donald Trump Recognizes American Tourist Killed In London Terror Attack,0,0
Trump: Government ’Involves Heart ’ Business Does Not - Breitbart,0,0
Sparkling and Blighted Convention Cities Spotlight Ignored Urban Issues - The New York Times,0,0
Alabama Governor Appoints Luther Strange to Replace AG Jeff Sessions in Senate - Breitbart,0,0
Megyn Kelly Soon To Be Out-Judge Jeanine Is In At Fox News,1,1
’Hot Mugshot Guy’ Is Now Super-Rich Living in Mansion,0,0
Social Media Got You Down? Be More Like Beyoncé - The New York Times,0,0
Trump Couple Now White House Employees Can’t Escape Conflict Laws - The New York Times,0,0
Amazon Is Quietly Eliminating List Prices - The New York Times,0,0
WARNING IOWA! List of Socialists running as Democrats,1,1
Blue State Blues: Trump’s First 100 Days in Historical Perspective - Breitbart,0,0
DeepStateGate: Trump Ends the Wiretapping Innuendo Game by Dealing Himself In - Breitbart,0,0
Michelle Obama Rips ’Partisan’ Critics of Her ’Let’s Move’ Campaign - Breitbart,0,0
Mormons’ Distaste for Donald Trump Puts Utah Up for Grabs - The New York Times,0,0
‘UFO’ Spotted Over Vienna Frightened Onlookers Call Police,1,1
Oklahoma Man Is Charged With Killing Lebanese-American Neighbor - The New York Times,0,0
EU Politicians are Convinced that Tanks are the Best Remedy for Social Disparity | New Eastern Outlook,1,1
An Alternative Form of Mental Health Care Gains a Foothold - The New York Times,0,0
World’s Hottest Hole: Iceland to Harness Molten Magma for Electricity Could Power 50 000 Homes,1,1
‘Duck Dynasty’ Legacy: Real Fake and Upfront About It - The New York Times,0,0
Silicon Valley Finds Trump’s Disruption Unwelcome - The New York Times,0,0
Portugal Detains Former C.I.A. Officer Sought by Italy - The New York Times,0,0
Hillary Clinton told a black radio host that rappers have influenced her fashion sense,1,1
On a Design Mission in Mississippi - The New York Times,0,0
The Secret to Good Toast? It’s Your Freezer - The New York Times,0,1
For Those Keeping Score American Women Dominated in Rio - The New York Times,0,0
Woman Rescues Dying Cat And Now He Is Unrecognizable (In A Good Way),1,1
Watch: The 5 Most Ridiculous Celebrity Freak Outs In Response To Trump’s Win,1,1
ESPN’s Historic Setback: Celebrate It but Not for Too Long - Breitbart,0,0
James Comey Denied Leaking Under Oath — Days Before Leak from One-on-One Dinner with Trump,0,0
40-Year Sentence Handed Down in Kidnapping Case Police Called a ’Hoax’ - Breitbart,0,0
How Do You Tell a Better Story in Sports? - The New York Times,0,0
Why isnt observer evidence like eyewitness accounts counted as evidence for UFOs?,1,1
Exposed: AT&T Has Been Working With Washington to Spy on Americans for Years,1,1
Satisfaction and Fear of Reprisals in Syria After Missile Strike - The New York Times,0,0
Why Can’t My BFF and My New Boyfriend Get Along? - The New York Times,0,1
Hidden Cam: Soros-Funded Media Matters Brags How They Got Roger Stone Banned From TV,1,1
Second Avenue Subway’s Arrival Brings Fear That Rents Will Soar - The New York Times,0,0
Women Suspected in Killing of Kim Jong-nam Are Charged - The New York Times,0,0
 Got tricked into clicking on a site that sells Twitter followers where I had this conversation with the owner ,1,1
The Adults a Medicaid Work Requirement Would Leave Behind - The New York Times,0,0
Investors Intelligence Says Here Is The Key To A Turnaround In Gold & Silver!,1,1
Students Denounced as ’Racist’ For Wearing Red White and Blue Clothing at Basketball Game - Breitbart,0,0
Walter Hautzig Pianist Whose Talent Helped Him Flee Nazis Dies at 95 - The New York Times,0,0
AMERICA CELEBRATES: Stock Market Average Sets New Record For Businessman President Trump,1,1
17 Colombian Nationals Arrested for Burglarizing Houston Communities,0,0
Generation Adderall - The New York Times,0,0
Thousands Of Insect Rights Activists Protest I’m A Celebrity Get Me Out Of Here,1,1
Uber Defies California Regulators With Self-Driving Car Service - The New York Times,0,0
Bob Dylan’s Nobel Prize: A Podcast Discussion - The New York Times,0,0
NATO US And UK Assemble Largest Troop Buildup On Russian Border Since Cold War,1,1
Soldier Headed Home from Deployment Says United Airlines Charged Him $200 for ’Overweight’ Military Bag,0,0
A Tradition of Forgetting Indian Rights,1,1
YouTube Reinstates MILO’s Livestream Morning After Event - Breitbart,0,0
If You Dress Like An Attention Whore At Work Expect To Be Treated Like One,1,1
Farage to act as go-between for Trump and nearest Domino’s,1,1
Американо-корейские отношения и новый президент США | Новое восточное обозрение,1,1
Who Is Elena Ferrante? Supporters Say NOYB - The New York Times,0,0
Homeschoolers Revolt Against Republican School Choice Bill - Breitbart,0,1
Coal Miners Hope Trump’s Order Will Help. But Few Are Counting on It. - The New York Times,0,0
Podesta Emails: Memo Reveals Clinton Campaign’s Plan To Coordinate With DNC,1,1
WikiLeaks: Confirms Hillary Sold Weapons To ISIS,1,1
Furious parents slam ‘damaging’ BBC sex change show aimed at six-year-olds,1,1
DONALD TRUMP CLOSES GAP WITH HILLARY CLINTON IN MICHIGAN,1,1
 Scary Stories In 5 Words are terrifying tales for people short on time,1,1
Americans Rate Trump’s Inauguration Speech Positively Favorability Jumps Seven Points,0,0
‘I’ve Become a Racist’: Migrant Wave Unleashes Danish Tensions Over Identity - The New York Times,0,0
Apparently Donald Trump has already activated the ‘reset button’ with Russia,1,1
The Playboy Mansion Has a Buyer: A Twinkie King - The New York Times,0,0
How Egypt’s Activists Became ‘Generation Jail’ - The New York Times,0,0
House G.O.P. May Seek to Punish Democrats for Gun Control Sit-In - The New York Times,0,0
Report: Susan Rice Ordered ’Spreadsheets’ of Trump Campaign Calls - Breitbart,0,0
Surprising Progress in Newtown Families’ Suit Against Maker of the AR-15 Rifle - The New York Times,0,0
Alleged ‘Hidden’ NBC News Site Prepares To Announce Hillary Clinton Victory Before Election,1,1
Tony Blair considering return to politics because that’s what happens in 2016,1,1
Little Is Off Limits as Donald Trump Plans Attacks on Hillary Clinton’s Character - The New York Times,0,0
Americans never let them put voting machines for you the election will be rigged,1,1
Voting Against Peace in Colombia,1,0
California Proposes to Tax Space Travel - Breitbart,0,0
As Anger at O’Reilly Builds Activists Use Social Media to Prod Advertisers - The New York Times,0,0
Wikileaks Confirming Clinton Was Complicit in the Murder of Ambassador Stevens- The CSS Printed This Allegation Four Years Ago,1,1
Ohio Colleges Demand Students Remain Defenseless Despite Campus Carry Law - Breitbart,0,0
Republicans Who Warned of Dithering on Ebola Now Hesitate on Zika - The New York Times,0,0
The Word a Headline Didn’t Need - The New York Times,0,0
BREAKING: Riot Police Set Up To Raid & Evict Standing Rock Protesters,1,1
MILO to UC Berkeley: ’I’ll Be back’ - Breitbart,0,0
Cartel Massacres Rampant Corruption Taint Mexican Border State Elections,0,0
How to Have a Dinner Party: Friends Not Required - The New York Times,0,0
‘Trump’s election heralds coming of Messiah’ says Deri,1,1
Angst Simmers in Washington as Trump Presidency Nears - The New York Times,0,0
Prof: Canoes reek of genocide white privilege,1,1
With Dogs It’s What You Say — and How You Say It - The New York Times,0,0
Chelsea Manning to Remain on Active Duty Receive Free Health Care after Release - Breitbart,0,0
Thomas Pyle: Scraping Paris Deal ‘One of the Single-Most Important Decisions’ Trump Has Made,0,0
Assange Claims ‘Crazed’ Clinton Campaign Tried to Hack WikiLeaks,1,1
Alissa Rubin 2016 Pulitzer Winner Reports From the Front Lines - The New York Times,0,0
David Frum: Hillary is a Patriot Who Will Protect the Constitution,1,1
Jeff Sessions Snapchat Palmyra: Your Thursday Evening Briefing - The New York Times,0,0
Trump Links C.I.A. Reports on Russia to Democrats’ Shame Over Election - The New York Times,0,0
CARTEL TERROR: Gunmen Open Fire on Crowd in Mexican Resort Town,0,0
Bargain-Hunting Frenzy Threatens Traditional Department Stores - The New York Times,0,0
Dallas Gunman Had Plans for Wider Attack Police Say - The New York Times,0,0
House Republicans Shocked to Learn 18th Time s Isn t A Charm,1,1
Bypassing Stigma to Take Care of Herself and Her Daughter - The New York Times,0,0
EPIC: New Yorker’s Hillary Themed Haunted House Has Libs Absolutely Furious,1,1
The View From Syria as a Cease-Fire Takes Effect - The New York Times,0,0
Mistrial for South Carolina Officer Who Shot Walter Scott - The New York Times,0,0
Asteroid Warning System Found ‘City-Killer’ Object Heading Toward Earth,1,1
Conway: We’re Seeing ’Hysterical’ Democratic Party ’Unravel in Front of Our Eyes’ - Breitbart,0,0
Despite Cancer Diagnosis and Husband’s Death Keeping a Positive Outlook - The New York Times,0,0
Donald Trump Gettysburg Address RECAP,1,1
R. Alexander Acosta Law School Dean Is Trump’s New Pick for Labor - The New York Times,0,0
Electronic Voting Machines Caught Switching Trump Votes To Hillary: Trying to Steal Texas | Survival,1,1
Political Fashion Statements at the Men’s Wear Shows - The New York Times,0,0
Re: Can’t make this up: Michael Moore is pissed that his anti-Trump movie might help elect Donald Trump,1,1
For Democrats Anthony Weiner Makes an Unwelcome Return - The New York Times,0,0
In a Big Hole for a Detroit House but Happy - The New York Times,0,0
Dem Wingnut James Carville Melts Down Says KGB Controls FBI - Edmund Kozak,1,1
Burnt homes and broken promises: the Jungle evicted,1,1
Doctor Finds New Life As A Clown More Fulfilling | GomerBlog,1,0
Betsy DeVos’s Education Hearing Erupts Into Partisan Debate - The New York Times,0,0
Rafael Nadal Wins a Marathon to Set Up a Final With Roger Federer - The New York Times,0,0
Creepy ‘Liason’ Project Depicts Society’s Reliance On Technology [Photos],1,1
Obama Says Republicans Should Withdraw Support for Trump - The New York Times,0,0
Why Was A Mysterious Navy Plane Conducting Secret Electronic Command/Control Drill Over Denver?,1,1
Trump Busted For Flat Out Financially Scamming His Donors Campaign Goes Into Last Minute Freefall,1,1
Mexicans Say They Will Build Trump Wall – Three Feet High,1,0
Trump vs. Congress: Now What? - The New York Times,0,0
’Refuse Fascism’ Group Behind Berkeley Riot Received $50k from George Soros - Breitbart,0,0
Liberals Setting Up a Pass on Colin Kapernick’s NFL Free Agency as Evidence of ’Racism’ - Breitbart,0,0
Hacker Claims To Have Stolen These Controversial Photos From NASA,1,1
Mark Ruffalo Just Did Something Amazing For Protesters Fighting the Dakota Access Pipeline,1,1
Study: More Vitamin B In Mother’s Diet Reduces Risk Of Colon Cancer In Offspring,1,1
Daily Mail Compares 2 U.K. Leaders — Their Legs Not Their Ideas - The New York Times,0,0
James Comey Hearing Destroys Obstruction of Justice Case Against Trump - Breitbart,0,0
Half of US Voters Concerned About Potential Violence on Election Day,1,1
5 DIY Survival Tools To Make From Scratch,1,1
President Trump Calls for Immediate Investigation Into Chuck Schumer’s Ties to Russia Vladimir Putin - Breitbart,0,0
New ISIS Video Threatens Putin While Russian Child Executioners Execute 4 Men,1,1
Samantha Bee Mocks Trump Roasts Media at ’Not the White House Correspondents’ Dinner’ - Breitbart,0,0
President Obama Is Handing a Strong Economy to His Successor - The New York Times,0,0
3 Top D.N.C. Officials Leave as Upheaval After Email Breach Continues - The New York Times,0,0
And Now the Work Begins,1,1
How a Money-Losing Snap Could Be Worth So Much - The New York Times,0,0
Donald Trump Courting Evangelicals Faults Hillary Clinton’s Policies and Character - The New York Times,0,0
Barbra Streisand: ’I Don’t Know How We’re Going to Take Four Years’ of ’Disgraceful’ Trump - Breitbart,0,0
Clinton s Web Of Deception,1,1
CNN’s Don Lemon on Chicago Torture Video: ’I Don’t Think It Was Evil’ - Breitbart,0,0
Donald Trump Vows to Bolster Nation’s Military Capacities - The New York Times,0,0
Fact Checking the House Benghazi Committee’s Findings - The New York Times,0,0
Which Power Conference Won’t Vie for National Title? Sorry Pac-12 - The New York Times,0,0
Credit Cards Encourage Extra Spending as the Cash Habit Fades Away - The New York Times,0,0
CNN Features Clock Tracking Last Time Trump ’Attacked Someone on Twitter’,0,0
Biden and Trump Agree to Fight Pistol Duel--Final Arrangements Pending,1,0
Arianna Huffington Is Leaving Huffington Post - The New York Times,0,0
Gordie Howe Mr. Hockey for the Red Wings Dies at 88 - The New York Times,0,0
Trump VP’s plane slides off runway at New York airport,1,0
Lena Dunham’s ‘Girls’: Unborn Baby a ‘Parasite Growing Inside of You’,0,1
Fall and Rise of the Forgotten ‘Deplorables’,1,1
Global Temperatures Are on Course for Another Record This Year - The New York Times,0,0
Updated Brain Map Identifies Nearly 100 New Regions - The New York Times,0,0
A very accurate pisstake of craft beer culture,1,1
Egyptian Christians Cancel Easter Festivities in Mourning Over Palm Sunday Massacre,0,0
Disgraced Hedge Fund Manager Focuses on Aiding Veterans,1,1
LEAKED AUDIO: HILLARY CLINTON PROPOSED RIGGING PALESTINIAN ELECTION,1,1
In Wake of Orlando Shootings Mexican Soccer Chant Offends Many - The New York Times,0,0
Video Shows Texas Dem Encouraging ’Sanctuary’ Protesters from House Floor,0,0
De e-mails van Hillary Clinton en de Moslimbroederschap door Thierry Meyssan,1,1
Quebec Mosque Shooting Kills at Least 6 and 2 Suspects Are Arrested - The New York Times,0,0
Learning to Speak for the Dead - The New York Times,0,0
‘What if You Weren’t Afraid?’ and 4 More Money Questions From Readers - The New York Times,0,0
Club Soda for Stomach Pain and Constipation,1,1
Wikileaks Uncovers Bill Clinton Inc : Laundering Millions From BPA Producing DOW Chemical & More,1,1
Conway: Merits of Executive Order Will Prevail in Court - Breitbart,0,0
Shadow of Plea Deal for David Petraeus Loomed Over Hillary Clinton Email Case - The New York Times,0,0
With Gold Hitting $1 300 Look At Who Is Bullish,1,1
White,1,1
FREE Summit from Health Experts Teaches About Healthy Fats to Reverse Disease and Lose Weight,1,1
Brexiters set up demented ‘people’s courts’,1,1
FMs of Iran Syria Russia meet in Moscow,1,1
How Apple Empowers and Employs the American Working Class - The New York Times,0,0
Let Women Abort Babies for Being the Wrong Sex Says Top Medical Ethicist,0,0
Why American Surrogates Are in Demand for Chinese Families,1,1
WATCH How Fast MSNBC Cuts Black Woman’s Interview When She Says THIS About Trump,1,1
David Brooks: Whites are voting their gene pool after being ruined by globalization immigration and feminism,1,1
Man at dinner party may be leader of the Liberal Democrats,1,1
Nick Cannon: Planned Parenthood Founded To Exterminate Black Race,0,0
Marvel Artist Fired for Hiding Anti-Semitic Messages in X-Men Comic - Breitbart,0,0
President Trump Quietly Rolling Back Obama-Era Gun Controls,0,0
Crooked Hillary Risks Having ‘Blue Dress Moment’ By Aggressively Attacking FBI And James Comey,1,1
The Met Opera Is Struggling. How Can It Fill Those Empty Seats? - The New York Times,0,0
The Truth About America’s Survival – Demographics and the 2016 Election,1,1
Put Some Me-ing in Your Be-ing,1,1
Scaling Up a Drug Trade Straight Through ISIS Turf - The New York Times,0,0
Sanders: ’The Way the Democratic Party Has Been Run for Decades Has Not Worked’ - Breitbart,0,0
New to Airbnb? How to Make It Work for You - The New York Times,0,0
NYU Prof Who Spoke Out Against Safe Spaces and Trigger Warnings Gets Pushed Out,1,1
21 Things We’ve Learned About Hillary,1,1
Novak Djokovic Loses to Sam Querrey in Third Round of Wimbledon - The New York Times,0,0
Beyond The Veil: Channeling My Sister’s Message To Humanity : In5D Esoteric Metaphysical and Spiritual Database,1,1
The #NeverTrump’s Final Plan: ‘Elect And Impeach’,1,1
Pakistan: Long arm of ISI needs unsheathing,1,1
Fresno State Student Transitions to a Male,1,0
Hackers Demand Ransom Payment from Disney over Stolen Copy of ’Pirates of the Caribbean 5’,0,1
REPENT!!! WORLD WAR 3 (WW3) DAY OF YAHAWASHI IS NEAR (Yahawashi4theelectofisrael),1,1
As Anthem-Protesting Colin Kaepernick’s Free Agency Goes Nowhere Sports Writer Searches for Answers - Breitbart,0,0
Jewish Pirates of the Caribbean,1,1
Reanimation/ Monsterland,1,1
Game Of Thrones Author Just Ripped Trump Endorsed Hillary,1,1
UN: Migrant Deaths in Mediterranean Hit Record in 2016,1,1
Кто любит Стивена Сигала?,1,1
With Preet Bharara’s Dismissal Storied Office Loses Its Top Fighter - The New York Times,0,0
Drone Restrictions Can Help Peaceful Protesters Combat Injustice,1,1
Virgil: Making America Great Again—Or Not: The Establishment Targets Trump’s Top Strategist,0,0
Trump: ’We Must Realize the Full Potential of Women in Our Economy’ - Breitbart,0,0
Here’s Why Everyone on Facebook Is Checking into Standing Rock North Dakota,1,1
Men Have Book Clubs Too - The New York Times,0,0
‘All Talk ’ ‘No Action ’ Says Trump in Twitter Attack on Civil Rights Icon - The New York Times,0,0
Will Trump Resist War Hawks on Iran?,1,1
America at the Crossroads: Abrogation of Democracy,1,1
MI5: Bonds to save UK from Russian spies,1,1
FNC’s Geraldo Rivera: ’I Am Withdrawing My Opposition to the Wall’ - Breitbart,0,0
Comment on Due Process is Dead: A Staggering 95% of All Inmates in America Have Never Received a Trial by Raymond Karczewski,1,1
Comment on Gaius Publius: Syria Is Another Pipeline War by lyman alpha blob,1,1
Donald Trump All but Clinches G.O.P. Race With Indiana Win Ted Cruz Quits - The New York Times,0,0
Desperate Trump Supporter Offers Voters Discount On Horse Semen If They Vote Trump,1,1
Google Accused of Paying Women Less than Men - Breitbart,0,0
Re: Will The FBI Email Investigation Shed New Light On The Lolita Express And Other Clinton Sex Scandals?,1,1
Re: Don’t Let James Comey and the FBI’s October Surprise Fool You!,1,1
WARNING: A Pivotal Moment For The Stock Market May Be Here,1,1
Next Steps: Clean Up The Democratic Party Oppose Trump,1,1
Joanna Coles Cosmopolitan Editor Named to New Job at Hearst - The New York Times,0,0
New Trump Deportation Rules Allow Far More Expulsions - The New York Times,0,0
ESPN SportsCenter Anchor Linda Cohn: Those Who Ignore Politics Problem at ESPN are ’Blind’ - Breitbart,0,0
Rejecting TPP Deal Would Hinder US to Advance Objectives in Asia Pacific,1,1
Rapper Ice Cube Hammers Maher for ’N-word’: ’Sometimes You Sound Like a Redneck Trucker’ - Breitbart,0,0
Fed Holds on Raising Rates Fears Rising Dollar,1,0
NY Daily News And Nearly All Liberal News Media Outlets Experiencing Stunning Decline In Readership,1,1
United Airlines Passenger Is Dragged From an Overbooked Flight - The New York Times,0,0
Don’t Root Root Root for the Racist Red-Face Team from Cleveland,1,1
Trust Records Show Trump Is Still Closely Tied to His Empire - The New York Times,0,0
A Scholarly Sting Operation Shines a Light on ‘Predatory’ Journals - The New York Times,0,0
Surging on the Riviera With Mario Balotelli in Tow - The New York Times,0,0
Donald Trump Seizes on Orlando Shooting and Repeats Call for Temporary Ban on Muslim Migration - The New York Times,0,0
President Putin Meeting of the Valdai International Discussion Club | The Vineyard of the Saker,1,1
Sorry Ms. Jackson: You’re Underrated. ‘Control’ at 30 - The New York Times,0,0
Boston Marathon Bombing Survivor to Marry Firefighter Who Rescued Her - Breitbart,0,1
Pope Francis: The Virgin Mary Was No ‘Couch Potato’,0,0
Trump’s Child Rape Victim Just Canceled Press Conference Over Death Threats,1,1
Review: In ‘Little Men ’ Boys Develop a Bond That Is Threatened by Money - The New York Times,0,0
The Election Highlighted a Growing Rural-Urban Split - The New York Times,0,0
Trump Crushed By Hillary Clinton’s New Powerful Closing Argument To Women,1,1
Maher to Hillary: You F*cked It Up’ - ’Stay in the Woods’ - Breitbart,0,0
‘I Was Terrified’: Inmates Say They Paid a Brutal Price for a Guard’s Injury - The New York Times,0,0
Ariel Gonzalez - Eurasia Latin America and Multipolarity | Katehon think tank. Geopolitics & Tradition,1,1
Harry Reid Desperately Accuses Trump And FBI Of Violating The Hatch Act,1,1
Theresa May Daniel Ortega China: Your Tuesday Briefing - The New York Times,0,0
#DraftOurDaughters: Feminist Hillary Supporters Vow To Fight War With Russia For Us,1,1
Former Ambassador Andrew Young calls for end to water fluoridation Civil Rights Issue ,1,1
Obamacare Architect on Fixing ACA to Avoid Rate Hikes: The Law Is Working as Designed We Need a Larger Mandate Penalty ,1,1
Dear America Let’s Now Unite and Flood Our Nation With Optimism,1,1
Ravish Kumar’s prime time show nominated for Filmfare Awards under best drama series,1,1
Female Scientists Turn to Data to Fight Lack of Representation on Panels - The New York Times,0,0
E-pasaporte: ¿por domingo y para la televisión? por Herbert Mujica Rojas,1,1
USA continues drive to plutocracy dismantling of state,1,1
‘They Are Convening A Grand Jury! Trust Me!’ Trump Surrogate LOSES IT Over Clinton Emails (VIDEO),1,1
How David Letterman’s Mother Endeared Him to Viewers - The New York Times,0,0
Tribunal Rejects Beijing’s Claims in South China Sea - The New York Times,0,0
U.S. Ends Corruption Case Against Former Virginia Governor - The New York Times,0,0
Here are the Democrats Who are Skipping Trump’s Inauguration - Breitbart,0,1
Don’t Despair: Why This Election Is Our Greatest Blessing,1,1
Muslim ‘Refugee’ Locks Wife in Bedroom Sets House on Fire Watches Her Burn – MEDIA SILENCE,1,1
Porn Star Bitten by Shark During Underwater Shoot,0,0
My 10 Favorite Books: Kehinde Wiley - The New York Times,0,0
Valerie Jarrett: Obama’s White House Has Been Scandal-Free - Breitbart,0,0
Unpythonic,1,1
‘Here Lies’: A Clue in Hebrew Points to Rome’s Medieval Jewish Cemetery - The New York Times,0,0
$50 000 Reward for Facebook Killer as Manhunt Goes ’National’ - Breitbart,0,0
Senate Takes Major Step Toward Repealing Health Care Law - The New York Times,0,0
In Jordan Nikki Haley Defends U.S. Response to Syrian Refugee Crisis,0,0
Fitton: Judicial Watch Pursues James Comey Records,0,1
Teacher Shows Up For Field Trip Drunk; Gets 75 Grand Settlement,1,1
2nd Avenue Subway Will Open on Jan. 1 M.T.A. Says - The New York Times,0,0
Sweden Top Cop on No Go Zones: Europe’s Open Borders ’Has Brought Crime Here’,0,0
State Secrets Privilege Invoked to Block Testimony in C.I.A. Torture Case - The New York Times,0,0
Despicable Balfour: A Story of Betrayal – Part 1,1,1
London Terrorist Attack: What We Know and Don’t Know - The New York Times,0,0
Donald Trump Thanks InfoWarriors & ALT Media For The Win,1,1
Angela Merkel to Seek 4th Term as Germany’s Leader - The New York Times,0,0
Checkmating Obama,1,1
Comment on Are You On Pace To Reach Your Goals? by 4 Goals For The Neomasculinity Movement During Trump’s First Term,1,0
Dios crea otro huracán sólo para ver qué nombre le ponen,1,1
After Bombings Hillary Clinton and Donald Trump Clash Over Terrorism - The New York Times,0,0
¿Qué es la Unión Económica Euroasiática?,1,1
Rosneft restaurera une ancienne résidence des Romanov près de Saint-Pétersbourg,1,1
WALL STREET JOURNAL JUST EXPOSED EXACTLY HOW & HOW MUCH IT COST HILLARY To BRIBE The FBI to AVOID CHARGES!,1,1
Comment on Lena Dunham strips down to a ‘sensual pantsuit’ as she raps to campaign for Hillary Clinton by Maryaha,1,1
NBC’s Lester Holt Interrupts Trump Nine Times in Less Than Three Minutes,0,0
U.S. and India Mark a New Moment in Relations as Narendra Modi Speaks to Congress - The New York Times,0,0
Comment on 5 Corporations Own The U.S. Media – We’ve Been Conditioned How To Think What To Think And What To Do by You’re Being Fooled: The Problem With ‘Alternative’ News Websites – Collective Evolution,1,1
‘Moonlight ’ ‘La La Land’ and What an Epic Oscars Fail Really Says - The New York Times,0,0
Trump Tower Surrounded By Dump Trucks In Anticipation Of Violence,1,1
Federal Court Rules Texas’ ID Law Violates Voting Rights Act - The New York Times,0,0
The Truth U.S. Government Does NOT Want You To Know About The War In Syria,1,1
Lady Gaga Protests Donald Trump Outside of Trump Tower,1,0
The Sleep of Separateness,1,1
America thick as pig shit,1,1
Battle Over New Bus Terminal Threatens to Paralyze Port Authority’s Board - The New York Times,0,0
BBC’s Children Show ‘Just a Girl’ is About a Transgender Child Taking Hormone Blocking Drugs,1,1
The Week After Trump’s Win: The Reaction Of Liberal College Students,1,1
How to Use Google to Plan Your Trip - The New York Times,0,0
13 Years Later Elizabeth Smart Realizes Kidnapping Was Even Worse For Her Parents,1,1
Kellyanne Conway Promotes Ivanka Trump Brand Raising Ethics Concerns - The New York Times,0,0
Trump: ’I Inherited a Mess’ - Breitbart,0,0
How Your State and Local Tax Dollars Paid for Private Equity Firm TPG’s Elton John Apperance,1,0
Leonard Litwin New York Real Estate Mogul Dies at 102 - The New York Times,0,0
California Set to Let Public Schools Teach Primarily in Spanish,1,1
Europe Hopes for Clinton Win for More Deals With Iran,1,1
Former Attorney General Janet Reno Passes Away,1,1
SNOWFLAKE: Colbert Didn’t Want To Write Jokes About Trump Winning | Daily Wire,1,1
Hillary Clinton’s $500 000 Bribe to the FBI Came Through Virginia – CONFIRMED!,1,1
WATCH: Secretary of State Rides with Rolling Thunder to Honor U.S. Military,0,1
Right-Wing Militiamen Aquitted In Armed Takeover Of Malheur Refuge,1,1
WATCH: Vandals Twist Arizona Jewish Family’s Menorah Into Swastika - Breitbart,0,1
Donald Trump Apology Caps Day of Outrage Over Lewd Tape - The New York Times,0,0
ACLU Launches Nationwide Training on Protest Resistance Against Trump,0,0
The Mosque Next Door: City Law vs. Houses of Faith - The New York Times,0,0
A Push to Lower Drug Prices That Hit Insurers and Employers the Hardest - The New York Times,0,0
On Hillary Clinton’s Rough Day Republicans Rue Missed Chance - The New York Times,0,0
Способен ли кто-нибудь помешать Соросу стать «властителем мира»? | Новое восточное обозрение,1,1
That’s Not the Burglar Growling. It’s His Stomach. - The New York Times,0,0
Putin Says Snowden Was Wrong to Leak Secrets but Is No Traitor - Breitbart,0,0
Poll: Trump pulls ahead in Florida,1,1
Four Illegal Aliens Arrested After ’Savage’ Gang-Related Killing of MD Teen,0,1
Comment on Donald Trump To Replace Filipina White House Chef With Paula Deen by Mitch Jalandoni,1,1
Comment on 10 Strange Facts About Our Presidents by tania de saram,1,1
Outsiders Selected by Trump Aim to Unnerve Washington - The New York Times,0,0
How to Have a Green Vacation - The New York Times,0,0
Exclusive: Front National Candidate Reveals Party’s Potential New Name,0,0
Leaked Emails Reveal Hillary Can’t Speak for Very Long Without a Podium… So Were the Debates Rigged?,1,1
Top Radio Host Michael Savage: We’re Being Invaded Right Now ,1,1
Kim Davis Could Pay As Much As $225 000 In Legal Costs For Her Publicity Stunt,1,1
Ethics Complaint Filed Against Rep. Jason Chaffetz for Releasing Comey Clinton Email Letter,1,1
Kunst am Werk: Wie UralMasch zur Bilder-Galerie wurde,1,1
Tony Romo’s Star Is Eclipsed by Another Feel-Good Story - The New York Times,0,0
As America Sleeps Donald Trump Seethes on Twitter - The New York Times,0,0
OPEC Donald Trump Nancy Pelosi: Your Wednesday Evening Briefing - The New York Times,0,0
Pro-life Group Praises GOP Health Bill Defunding Planned Parenthood — Reaffirms ‘Commitment to Life’  - Breitbart,0,0
Car Thief Leads Police on Slow-Speed Chase Because He Can’t Drive Stick Shift,0,0
Sex Bombshell Exposed After Hillary Couldn’t Hide What She Did Back In 2011,1,1
Celebrities Rage at House Obamacare Repeal: ’F*ck All Y’all’,0,0
Foreign Policy Names Floated By Trump Transition Undermine Campaign Promises,1,1
A Vegetable Tart but Nothing Too Dainty - The New York Times,0,0
¿Quién es quién en el nuevo Consejo de Ministros?,1,1
Breitbart News Daily: Ryancare Vote - Breitbart,0,0
US Calls On Saudi Arabia To End Airstrikes Against Yemen,1,1
US Airstrike Kills Four Iraqi Troops Near Mosul,1,1
This Is The Best Picture In Human History | Daily Wire,1,1
Experts: Obama Helped Trump With Illegal Database,1,1
Donald Trump Rushed Off Staged After Major Security Event at Reno Rally,1,1
Sperm Banks Accused of Losing Samples and Lying About Donors - The New York Times,0,0
Comment on Obamacare Architect Gruber Demands Larger Mandate Penalty by marlene,1,1
Wall Street Journal: Democrats Trying to Squelch Susan Rice Unmasking Story - Breitbart,0,0
Lessons in the Delicate Art of Confronting Offensive Speech - The New York Times,0,0
For our freedom and yours,1,0
Dustin Johnson Withdraws From the Masters With a Back Injury - The New York Times,0,0
DHS Officers Humiliate Judges by Enforcing Immigration Laws Declares Judge - Breitbart,0,0
Shock Video: Gunman Ambushes Police Inside Arizona Walmart,0,0
Cyprus: Why One of the World’s Most Intractable Conflicts Continues - The New York Times,0,0
PICS: Thousands March Through London in Last Anti-Brexit Protest before Article 50,0,0
Pentagon Lied To Re-Enlist Soldiers Thousands To Repay Bonuses,1,1
Donald Trump Tackles ‘Totally Biased’ Today Show on NBC for ‘Fake News’ - Breitbart,0,0
Trade Agreements or Political Independence: A False Choice,1,1
The Political World After Trump’s Win,1,1
Art-House Fare Hopes for an Oscar-Nod Push as ‘Split’ Rules North America - The New York Times,0,0
Treason: Clinton Sold State Secrets To Middle East Via Huma Abedin,1,1
Jackie Mason: GOP Needed 8 Years to Fix Obamacare Give Me 10 Minutes,0,0
Vive la Révolution – Marine Le Pen France’s New Jeanne D’Arc,1,1
Kleiner Vorgeschmack: Erdogan lässt Warnflüchtling in Richtung EU los,1,1
The Red Pill Masterpiece That Predates Them All,1,1
It Begins! Ten Kushner Scandals: Media Ramp Up Attacks on President’s Democrat Manhattanite Son-in-Law,0,0
Trump to Seek $54 Billion Increase in Military Spending - The New York Times,0,0
The Battleship Debate,1,1
For Paul Ryan a Long Labored Path Leading Away From Donald Trump - The New York Times,0,0
Brzezinski: Trump ’Has ADD or Something ’ Not Shaking Hands With Merkel ’Buffoon-Like’ - Breitbart,0,0
Fuck you! I am not a doormat!,1,1
Bill Clinton’s ‘Son’ Danney Williams has Youtube Channel Restored,1,1
A Presidential Golf Outing With a Twist: Trump Owns the Place - The New York Times,0,0
Donald Trump’s Self-Funding Includes Payments to Family and His Companies - The New York Times,0,0
Hillary Clinton Speaks to the Dead For ‘Therapeutic Release’,1,1
Koala gets so excited it runs head-first into a tree,1,1
Rubio on Russia Probe: ’I Wouldn’t Use the Term Witch Hunt’ - Breitbart,0,0
Trump’s Opponents See Normal Americans as Deplorables — Paul Craig Roberts,1,1
Coulter Calls Out ’Beta Males’ for Threatening ’Rodney King Riots’ Over Berkeley Speech - Breitbart,0,0
‘The Bodies Are Decomposing’ After Mudslide in Colombia - The New York Times,0,0
3 Effects of Substance Abuse on Individual Family and Community,1,0
Doctors prescribe deadly opioid for pain-related issues that aren’t even legal,1,1
NFL Preview: Championship Match-Ups Prove Teams Without Elite QB’s Wasting Time - Breitbart,0,0
President Trump’s Father’s Day Proclamation: Dads Have Responsibility to ‘Instill in Us Core Values’,0,1
Osama bin Laden’s older brother rents out luxury student flats in Scotland,1,0
HUMA ABEDIN SWORE UNDER OATH SHE GAVE UP ‘ALL THE DEVICES’ WITH STATE DEPT. EMAILS,1,1
Australia to hunt down anti-vax nurses and prosecute them for disobeying the medical police state,1,1
Government Report: Islamists Building ’Parallel Society’ in Sweden Aided By PC Culture,0,1
How this WWII airman is helping veterans heal with the help of 4-legged friends,1,1
Trump Campaign Says Hillary Supporter Tried Assassinating Trump – It Was A Republican With A Poster,1,1
Editor of Austria’s Largest Paper Charged with ‘Hate Speech’ over Migrant Article,1,1
This Is a Jobs Report That Democrats Can Boast About - The New York Times,0,0
Christians in 2017 ’Most Persecuted Group in the World’,0,0
Florida Woman Charged in Death of Infant in ‘Co-Sleeping’ Case - The New York Times,0,0
Time is Running Out to Stop Kratom Ban – Need Comments to DEA,1,1
Samsung Kim Jong-un Rex Tillerson: Your Morning Briefing - The New York Times,0,0
Comment on World Heaves Sigh of Relief after Trump’s Victory by Debbie Menon,1,1
Ann Coulter: How to Provide Universal Health Care Using This One Easy Trick,0,1
Government Forces Advancing at Damascus-Aleppo Highway in Eastern Ghouta,1,0
Sally Yates Won’t Say If Trump Was Wiretapped - Breitbart,0,0
Maine’s Gov. LePage Threatens To ‘Investigate’ College Students For Fraud If They Vote (VIDEO),1,1
Sen. McConnell: The Supreme Court Vacancy Was Key to President Trump’s Win - Breitbart,0,0
Nikki Haley Blasts U.N. Human Rights Office for ‘Unfair Bias’ Against Israel in Latest Report,0,0
Lawyer Who Kept Hillary Campaign Chief Out of Jail in DOJ Hillary Probe,1,1
Jakarta Bombing Kills Three Police Officers Linked to Islamic State,0,0
Idiot Who Destroyed Trump Hollywood Star Gets EXACTLY What He Deserves,1,1
Trump: Putin ’Very Smart’ to Not Retaliate over Obama Sanctions - Breitbart,0,0
Rapper T.I.: Trump a ’Poster Child For White Supremacy’,0,0
N.F.L. Playoffs: Schedule Matchups and Odds - The New York Times,0,0
Macy’s Is Said to Receive Takeover Approach by Hudson’s Bay - The New York Times,0,0
NATO Russia To Hold Parallel Exercises In Balkans,1,1
