title,link,Processed
"Cấm biển, hủy hơn 300 chuyến bay để tránh bão",https://vnexpress.net/truc-tiep-dien-bien-sieu-bao-yagi-4789657.html,1
"Tàu cao tốc đi Phú Quốc, Côn Đảo dừng chạy",https://vnexpress.net/tau-cao-toc-di-phu-quoc-con-dao-dung-chay-4789600.html,1
"Đêm nay siêu bão Yagi vào vịnh Bắc Bộ, gây mưa lớn và giông lốc",https://vnexpress.net/dem-nay-sieu-bao-yagi-vao-vinh-bac-bo-gay-mua-lon-va-giong-loc-4789564.html,1
Đề xuất người nổi tiếng chỉ được quảng cáo sản phẩm đã trực tiếp sử dụng,https://vnexpress.net/de-xuat-nguoi-noi-tieng-chi-duoc-quang-cao-san-pham-da-truc-tiep-su-dung-4789530.html,1
Di dời hơn 13.000 hộ dân trước bão,https://vnexpress.net/di-doi-hon-13-000-ho-dan-truoc-bao-4789503.html,1
Đóng cửa 4 sân bay để tránh bão Yagi,https://vnexpress.net/dong-cua-4-san-bay-de-tranh-bao-yagi-4789521.html,1
Bộ Chính trị phân công người điều hành Tỉnh ủy Khánh Hòa,https://vnexpress.net/bo-chinh-tri-phan-cong-nguoi-dieu-hanh-tinh-uy-khanh-hoa-4789502.html,1
Bão Yagi dự kiến đổ bộ với sức gió cấp 9-12,https://vnexpress.net/bao-yagi-du-kien-do-bo-voi-suc-gio-cap-9-12-4789442.html,1
Lũ cát cuốn trôi người đi đường ở Phan Thiết,https://vnexpress.net/lu-cat-cuon-troi-nguoi-di-duong-o-phan-thiet-4789498.html,1
'Có cơ sở quá tải vẫn cố giữ trẻ em để hút tài trợ',https://vnexpress.net/co-co-so-qua-tai-van-co-giu-tre-em-de-hut-tai-tro-4789460.html,1
Hội cựu Công an nhân dân gia nhập Mặt trận Tổ quốc Việt Nam,https://vnexpress.net/hoi-cuu-cong-an-nhan-dan-gia-nhap-mat-tran-to-quoc-viet-nam-4789378.html,1
'Nhiều lần kiểm tra Mái ấm Hoa Hồng nhưng không phát hiện bạo hành trẻ',https://vnexpress.net/nhieu-lan-kiem-tra-mai-am-hoa-hong-nhung-khong-phat-hien-bao-hanh-tre-4789427.html,1
Xe chở hành lý va chạm máy bay tại Nội Bài,https://vnexpress.net/xe-cho-hanh-ly-va-cham-may-bay-tai-noi-bai-4789410.html,1
Bí thư Thanh Hóa làm Phó ban Tổ chức Trung ương,https://vnexpress.net/bi-thu-thanh-hoa-lam-pho-ban-to-chuc-trung-uong-4789418.html,1
Sạt taluy làm hư hỏng nhà ở Đà Lạt,https://vnexpress.net/sat-lo-da-lat-4789330.html,1
Đề xuất lưu dữ liệu kiểm định khí thải xe máy trong 36 tháng,https://vnexpress.net/de-xuat-luu-du-lieu-kiem-dinh-khi-thai-xe-may-trong-36-thang-4789264.html,1
"Chuyển đổi vị trí hơn 86.000 công chức, viên chức để ngừa tham nhũng",https://vnexpress.net/chuyen-doi-vi-tri-hon-86-000-cong-chuc-vien-chuc-de-ngua-tham-nhung-4789192.html,1
Cao tốc TP HCM - Long Thành ùn ứ kéo dài khi sửa cầu,https://vnexpress.net/cao-toc-tp-hcm-long-thanh-un-u-keo-dai-khi-sua-cau-4789302.html,1
Yagi mạnh lên thành siêu bão,https://vnexpress.net/yagi-manh-len-thanh-sieu-bao-4789195.html,1
Bé 5 tuổi tử vong nghi bị bạo hành,https://vnexpress.net/be-5-tuoi-tu-vong-nghi-bi-bao-hanh-4789240.html,1
Chim quý về hồ sông Đầm sau bốn năm vắng bóng,https://vnexpress.net/chim-quy-ve-ho-song-dam-sau-bon-nam-vang-bong-4789190.html,1
"Ôtô đấu đầu xe máy, hai người tử vong",https://vnexpress.net/oto-dau-dau-xe-may-hai-nguoi-tu-vong-4789232.html,1
Bão Yagi mạnh lên cấp 15,https://vnexpress.net/bao-yagi-manh-len-cap-15-4789136.html,1
"Âu thuyền, hồ điều hòa chống ngập cho trung tâm Cần Thơ",https://vnexpress.net/au-thuyen-ho-dieu-hoa-chong-ngap-cho-trung-tam-can-tho-4788173.html,1
Từ tay trắng thành 'vua chè' đất Anh Sơn,https://vnexpress.net/tu-tay-trang-thanh-vua-che-dat-anh-son-4788644.html,1
Quận Hà Đông dự kiến làm 4 quảng trường,https://vnexpress.net/quan-ha-dong-du-kien-lam-4-quang-truong-4789111.html,1
Cựu giám đốc CDC Bình Dương được phục hồi Đảng,https://vnexpress.net/cuu-giam-doc-cdc-binh-duong-duoc-phuc-hoi-dang-4789123.html,1
Người phụ nữ bị nhánh cây rơi trúng tử vong,https://vnexpress.net/nguoi-phu-nu-bi-nhanh-cay-roi-trung-tu-vong-4789118.html,1
Vùng đảo hối hả ứng phó với bão Yagi,https://vnexpress.net/vung-dao-hoi-ha-ung-pho-voi-bao-yagi-4789089.html,1
"Ông Tô Ân Xô và Trần Đăng Quỳnh làm trợ lý Tổng Bí thư, Chủ tịch nước Tô Lâm",https://vnexpress.net/ong-to-an-xo-va-tran-dang-quynh-lam-tro-ly-tong-bi-thu-chu-tich-nuoc-to-lam-4789104.html,1
Lũ cát đỏ tràn xuống đường nối Phan Thiết - Mũi Né,https://vnexpress.net/lu-cat-do-tran-xuong-duong-noi-phan-thiet-mui-ne-4789066.html,1
Đường TP HCM ngổn ngang cây xanh sau trận cuồng phong,https://vnexpress.net/duong-tp-hcm-ngon-ngang-cay-xanh-sau-tran-cuong-phong-4789060.html,1
Yagi có thể mạnh lên siêu bão,https://vnexpress.net/yagi-co-the-manh-len-sieu-bao-4788988.html,1
Đóng một phần cầu Long Thành trên cao tốc nối TP HCM - Đồng Nai,https://vnexpress.net/dong-mot-phan-cau-long-thanh-tren-cao-toc-noi-tp-hcm-dong-nai-4789009.html,1
'Vụ trẻ bị bạo hành có sự buông lỏng quản lý từ địa phương',https://vnexpress.net/vu-tre-bi-bao-hanh-co-su-buong-long-quan-ly-tu-dia-phuong-4788989.html,1
Hàng loạt cây ở trung tâm TP HCM đổ trong mưa giông,https://vnexpress.net/hang-loat-cay-o-trung-tam-tp-hcm-do-trong-mua-giong-4789010.html,1
Chủ tịch TP HCM: Nhiều giám đốc Sở không biết nhiệm vụ của ngành,https://vnexpress.net/chu-tich-tp-hcm-nhieu-giam-doc-so-khong-biet-nhiem-vu-cua-nganh-4788918.html,1
Xuân Bắc được vinh danh cán bộ công đoàn giỏi,https://vnexpress.net/xuan-bac-duoc-vinh-danh-can-bo-cong-doan-gioi-4788929.html,1
"Ôtô container lật, đè nát xe máy ở TP HCM",https://vnexpress.net/oto-container-lat-de-nat-xe-may-o-tp-hcm-4788907.html,1
"Thông xe đường Tên Lửa, xóa nút cổ chai phía Tây TP HCM",https://vnexpress.net/thong-xe-duong-ten-lua-xoa-nut-co-chai-phia-tay-tp-hcm-4788879.html,1
Khách đi máy bay nội địa giảm mạnh dịp 2/9,https://vnexpress.net/khach-di-may-bay-noi-dia-giam-manh-dip-2-9-4788800.html,1
Xe tải biến dạng sau va chạm với tàu hỏa,https://vnexpress.net/xe-tai-bien-dang-sau-va-cham-voi-tau-hoa-4788753.html,1
Bão Yagi mạnh lên cấp 11,https://vnexpress.net/bao-yagi-manh-len-cap-11-4788727.html,1
Cao tốc qua Bà Rịa - Vũng Tàu sau hơn một năm thi công,https://vnexpress.net/cao-toc-bien-hoa-vung-tau-4787630.html,1
"5 xe tông liên hoàn, cao tốc Dầu Giây - Phan Thiết đóng đường",https://vnexpress.net/5-xe-tong-lien-hoan-cao-toc-dau-giay-phan-thiet-dong-duong-4788678.html,1
1.200 người vi phạm nồng độ cồn trong kỳ nghỉ lễ 2/9,https://vnexpress.net/1-200-nguoi-vi-pham-nong-do-con-trong-ky-nghi-le-2-9-4788653.html,1
"Dòng xe ùn ứ ở cửa ngõ TP HCM, Hà Nội",https://vnexpress.net/dong-xe-un-u-o-cua-ngo-tp-hcm-ha-noi-4788652.html,1
"Bão Yagi tăng cấp, khả năng ảnh hưởng toàn miền Bắc",https://vnexpress.net/bao-yagi-tang-cap-kha-nang-anh-huong-toan-mien-bac-4788625.html,1
Trình diễn võ Tây Sơn ở phố biển Quy Nhơn,https://vnexpress.net/trinh-dien-vo-tay-son-o-pho-bien-quy-nhon-4788498.html,1
Bão Yagi vào Biển Đông,https://vnexpress.net/bao-yagi-vao-bien-dong-4788545.html,1
Kiếm trăm triệu với farmstay xoài,https://vnexpress.net/kiem-tram-trieu-voi-farmstay-xoai-4787348.html,1
Nhà làm việc của bác sĩ Yersin trên đỉnh Hòn Bà sau tu sửa,https://vnexpress.net/nha-lam-viec-cua-bac-si-yersin-tren-dinh-hon-ba-sau-tu-sua-4788030.html,1
Ảnh đời thường Chủ tịch Hồ Chí Minh ở Ba Đình,https://vnexpress.net/anh-doi-thuong-chu-tich-ho-chi-minh-o-ba-dinh-4785223.html,1
"Bão Yagi sẽ lên cấp 14, có thể đánh chìm tàu lớn",https://vnexpress.net/bao-yagi-se-len-cap-14-co-kha-nang-danh-chim-tau-lon-4788683.html,1
Ôtô tông liên hoàn 5 xe máy,https://vnexpress.net/oto-tong-lien-hoan-5-xe-may-4788484.html,1
Pháo hoa rực sáng trên bầu trời TP HCM mừng Quốc khánh,https://vnexpress.net/phao-hoa-ruc-sang-tren-bau-troi-tp-hcm-mung-quoc-khanh-4788473.html,1
Không tìm thấy vật liệu nổ tại hiện trường hai vụ nổ ở Nghệ An,https://vnexpress.net/khong-tim-thay-vat-lieu-no-tai-hien-truong-hai-vu-no-o-nghe-an-4788443.html,1
Thông xe kỹ thuật cầu 500 tỷ đồng nối Đồng Nai và Bình Dương,https://vnexpress.net/thong-xe-ky-thuat-cau-500-ty-dong-noi-dong-nai-va-binh-duong-4788404.html,1
Đua thuyền mừng Tết độc lập ở Quảng Bình,https://vnexpress.net/dua-thuyen-mung-tet-doc-lap-o-quang-binh-4788382.html,1
Dầu vón cục kéo dài 3 km ở bờ biển Nha Trang,https://vnexpress.net/dau-von-cuc-keo-dai-3-km-o-bo-bien-nha-trang-4788392.html,1
Hàng nghìn người xem lễ thượng cờ mừng Quốc khánh,https://vnexpress.net/hang-nghin-nguoi-xem-le-thuong-co-mung-quoc-khanh-4788387.html,1
Quốc lộ 20 qua Đà Lạt sạt lở,https://vnexpress.net/quoc-lo-20-di-doi-che-cau-dat-4788384.html,1
"Tổng Bí thư, Chủ tịch nước: 'Số hóa toàn diện hoạt động quản lý nhà nước'",https://vnexpress.net/tong-bi-thu-chu-tich-nuoc-so-hoa-toan-dien-hoat-dong-quan-ly-nha-nuoc-4788294.html,1
Đại lộ 14 km thay đổi diện mạo nội đô TP HCM,https://vnexpress.net/dai-lo-14-km-thay-doi-dien-mao-noi-do-tp-hcm-4787954.html,1
Diện mạo cao tốc TP HCM đi Mộc Bài trong tương lai,https://vnexpress.net/dien-mao-cao-toc-tp-hcm-di-moc-bai-trong-tuong-lai-4788204.html,1
Đường 1.000 tỷ đồng bị hỏng sau trận lũ đã được khắc phục,https://vnexpress.net/duong-1-000-ty-dong-bi-hong-sau-tran-lu-da-duoc-khac-phuc-4788244.html,1
Tiến độ 12 dự án cao tốc Bắc Nam,https://vnexpress.net/tien-do-12-du-an-cao-toc-bac-nam-4786632.html,1
Bốn năm Chủ tịch Hồ Chí Minh viết di chúc,https://vnexpress.net/bon-nam-chu-tich-ho-chi-minh-viet-di-chuc-4786386.html,1
Bình Định làm lễ giỗ vua Quang Trung,https://vnexpress.net/binh-dinh-lam-le-gio-vua-quang-trung-4788240.html,1
Ôtô chết máy la liệt trên quốc lộ ở Bình Dương,https://vnexpress.net/oto-chet-may-la-liet-tren-quoc-lo-o-binh-duong-4788260.html,1
Nhiều đường ở TP HCM ngập sâu trong mưa lớn dịp lễ,https://vnexpress.net/nhieu-duong-o-tp-hcm-ngap-sau-trong-mua-lon-dip-le-4788243.html,1
"Ôtô biến dạng, xe máy bốc cháy sau tai nạn, 2 người chết",https://vnexpress.net/tai-nan-o-tp-bao-loc-4788245.html,1
Thủ tướng: Nhiều nhà đầu tư lớn quan tâm dự án cảng Liên Chiểu,https://vnexpress.net/thu-tuong-nhieu-nha-dau-tu-lon-quan-tam-du-an-cang-lien-chieu-4788230.html,1
Thủ tướng Phạm Minh Chính thăm học sinh Trường Hy Vọng,https://vnexpress.net/thu-tuong-pham-minh-chinh-tham-hoc-sinh-truong-hy-vong-4788190.html,1
Bộ đội Việt Nam vẽ quốc kỳ 100 m2 trên mái nhà,https://vnexpress.net/bo-doi-viet-nam-ve-quoc-ky-100-m2-tren-mai-nha-4788128.html,1
"Cháy kho ở TP Bảo Lộc, thiêu rụi 5 ôtô",https://vnexpress.net/chay-kho-o-tp-bao-loc-4788144.html,1
Tài xế vụ ôtô bị tàu tông đẩy hơn 200 m tử vong,https://vnexpress.net/tai-xe-vu-oto-bi-tau-tong-day-hon-200-m-tu-vong-4788130.html,1
"Nổ trạm biến áp, hơn 100.000 người mất điện",https://vnexpress.net/no-tram-bien-ap-hon-100-000-nguoi-mat-dien-4788127.html,1
Dự án chống ngập cao tốc không thể xong trước cao điểm mùa mưa,https://vnexpress.net/du-an-chong-ngap-cao-toc-khong-the-xong-truoc-cao-diem-mua-mua-4788005.html,1
Cấm xe 20 tuyến đường trung tâm TP HCM tối 2/9,https://vnexpress.net/cam-xe-20-tuyen-duong-trung-tam-tp-hcm-toi-2-9-4787999.html,1
Nhà ga sân bay Long Thành sau một năm xây dựng,https://vnexpress.net/nha-ga-san-bay-long-thanh-sau-mot-nam-xay-dung-4787300.html,1
Chính sách nổi bật có hiệu lực từ tháng 9,https://vnexpress.net/chinh-sach-noi-bat-co-hieu-luc-tu-thang-9-4787159.html,1
Khởi nghiệp nuôi gà 'nhân đạo',https://vnexpress.net/khoi-nghiep-nuoi-ga-nhan-dao-4786554.html,1
Thừa Thiên Huế sắp thành đô thị loại I,https://vnexpress.net/thua-thien-hue-sap-thanh-do-thi-loai-i-4787790.html,1
Mây lạ xuất hiện ở Bình Dương,https://vnexpress.net/may-la-xuat-hien-o-binh-duong-4788025.html,1
Lội bùn bắt cá trong lễ hội 'phá Trằm Trà Lộc',https://vnexpress.net/loi-bun-bat-ca-trong-le-hoi-pha-tram-tra-loc-4787970.html,1
Hai anh em đuối nước trên sông Bồ,https://vnexpress.net/hai-anh-em-duoi-nuoc-tren-song-bo-4788024.html,1
"Đà Nẵng phá bỏ hai khu chung cư cũ nát làm công viên, bãi đỗ xe",https://vnexpress.net/da-nang-pha-bo-hai-khu-chung-cu-cu-nat-lam-cong-vien-bai-do-xe-4787992.html,1
"Thủ tướng: Tạo thuận lợi nhất cho người dân, doanh nghiệp làm thủ tục hành chính",https://vnexpress.net/thu-tuong-tao-thuan-loi-nhat-cho-nguoi-dan-doanh-nghiep-lam-thu-tuc-hanh-chinh-4787889.html,1
Ôtô hạng sang biến dạng sau tai nạn,https://vnexpress.net/oto-hang-sang-bien-dang-sau-tai-nan-4787983.html,1
Lễ cầu siêu cho nạn nhân tai nạn giao thông,https://vnexpress.net/le-cau-sieu-cho-nan-nhan-tai-nan-giao-thong-4787943.html,1
4 người được giải cứu trong vụ cháy chung cư,https://vnexpress.net/4-nguoi-duoc-giai-cuu-trong-vu-chay-chung-cu-4787876.html,1
Kẹt xe từ sáng tới trưa ở cửa ngõ phía Đông TP HCM,https://vnexpress.net/ket-xe-tu-sang-toi-trua-o-cua-ngo-phia-dong-tp-hcm-4787917.html,1
Đường ven biển 1.000 tỷ đồng hư hỏng sau trận ngập,https://vnexpress.net/duong-ven-bien-1-000-ty-dong-hu-hong-sau-tran-ngap-4787884.html,1
Phà mới tốc độ cao ra đảo Cát Bà,https://vnexpress.net/pha-moi-toc-do-cao-ra-dao-cat-ba-4787752.html,1
5 sinh viên lạc trong rừng khi leo đỉnh Langbiang,https://vnexpress.net/leo-nui-langbiang-4787865.html,1
Bình Định khánh thành đường xuống biển Tam Quan,https://vnexpress.net/binh-dinh-khanh-thanh-duong-xuong-bien-tam-quan-4787786.html,1
Cao tốc Mai Sơn - quốc lộ 45 tê liệt nhiều giờ sau tai nạn,https://vnexpress.net/cao-toc-mai-son-quoc-lo-45-te-liet-nhieu-gio-sau-tai-nan-4787856.html,1
Nhà hai tầng ở TP HCM cháy ngùn ngụt,https://vnexpress.net/nha-hai-tang-o-tp-hcm-chay-ngun-ngut-4787841.html,1
Tháp hình cánh hoa dầu cao 24 m ở phố đi bộ Bình Dương,https://vnexpress.net/thap-hinh-canh-hoa-dau-cao-24-m-o-pho-di-bo-binh-duong-4787312.html,1
Học viên người Việt lần đầu vận hành thử Metro số 1,https://vnexpress.net/hoc-vien-nguoi-viet-lan-dau-van-hanh-thu-metro-so-1-4787748.html,1
Đà Nẵng khánh thành quảng trường 10 ha,https://vnexpress.net/da-nang-khanh-thanh-quang-truong-10-ha-4787791.html,1
Ba nam sinh nhận huy hiệu Tuổi trẻ dũng cảm vì cứu hai người đuối nước,https://vnexpress.net/ba-nam-sinh-nhan-huy-hieu-tuoi-tre-dung-cam-vi-cuu-hai-nguoi-duoi-nuoc-4787751.html,1
Nhiều chuyến bay còn trống chỗ dịp 2/9,https://vnexpress.net/nhieu-chuyen-bay-con-trong-cho-dip-2-9-4787726.html,1
"Dòng xe ùn ứ ở cửa ngõ Hà Nội, TP HCM trước kỳ nghỉ lễ",https://vnexpress.net/dong-xe-un-u-o-cua-ngo-ha-noi-tp-hcm-truoc-ky-nghi-le-4787702.html,1
Đèo Bảo Lộc nguy cơ sạt lở,https://vnexpress.net/deo-bao-loc-sat-lo-4787737.html,1
Nhiều nơi mưa vào chiều tối dịp nghỉ lễ 2/9,https://vnexpress.net/nhieu-noi-mua-vao-chieu-toi-dip-nghi-le-2-9-4787704.html,1
Tàu hỏa đẩy ôtô hơn 200 m sau tai nạn,https://vnexpress.net/tau-hoa-day-oto-hon-200-m-sau-tai-nan-4787625.html,1
Liên danh Hàn Quốc tư vấn quản lý khai thác sân bay Long Thành,https://vnexpress.net/lien-danh-han-quoc-tu-van-quan-ly-khai-thac-san-bay-long-thanh-4787581.html,1
Bên trong nhà máy xử lý nước thải lớn nhất nước ở TP HCM,https://vnexpress.net/ben-trong-nha-may-xu-ly-nuoc-thai-lon-nhat-nuoc-o-tp-hcm-4787524.html,1
TP HCM sẽ giải tỏa hơn 1.800 hộ làm cao tốc nối đến Mộc Bài,https://vnexpress.net/tp-hcm-se-giai-toa-hon-1-800-ho-lam-cao-toc-noi-den-moc-bai-4787536.html,1
"Lãnh đạo Đảng, Nhà nước vào lăng viếng Chủ tịch Hồ Chí Minh",https://vnexpress.net/lanh-dao-dang-nha-nuoc-vao-lang-vieng-chu-tich-ho-chi-minh-4787516.html,1
Bộ đội rà soát hiện trường hai vụ nổ ở Nghệ An,https://vnexpress.net/bo-doi-ra-soat-hien-truong-hai-vu-no-o-nghe-an-4787440.html,1
"Lào Cai, Thái Nguyên ngập sâu do mưa lớn",https://vnexpress.net/lao-cai-thai-nguyen-ngap-sau-do-mua-lon-4787456.html,1
"Đường xuyên rặng dừa, nối phố biển trước ngày khánh thành",https://vnexpress.net/duong-xuyen-rang-dua-noi-pho-bien-truoc-ngay-khanh-thanh-4786427.html,1
Dùng flycam chống kẹt xe cầu Rạch Miễu dịp lễ 2/9,https://vnexpress.net/dung-flycam-chong-ket-xe-cau-rach-mieu-dip-le-2-9-4787234.html,1
"Chủ đầu tư bác thông tin 'thi công đường gây ngập nhà, vườn thanh long'",https://vnexpress.net/chu-dau-tu-bac-thong-tin-thi-cong-duong-gay-ngap-nha-vuon-thanh-long-4787274.html,1
"Khách qua Tân Sơn Nhất, Nội Bài dịp lễ 2/9 giảm",https://vnexpress.net/khach-qua-tan-son-nhat-noi-bai-dip-le-2-9-giam-4787267.html,1
"Tổng Bí thư, Chủ tịch nước Tô Lâm: Việt Nam sẽ vươn mình trong kỷ nguyên mới",https://vnexpress.net/tong-bi-thu-chu-tich-nuoc-to-lam-viet-nam-se-vuon-minh-trong-ky-nguyen-moi-4787309.html,1
'Xây dựng ngoại giao thời đại mới',https://vnexpress.net/xay-dung-ngoai-giao-thoi-dai-moi-4787288.html,1
Tiếp tục nổ lớn khi dọn dẹp hiện trường vụ nổ ở Nghệ An,https://vnexpress.net/tiep-tuc-no-lon-khi-don-dep-hien-truong-vu-no-o-nghe-an-4787286.html,1
Xe khách cháy đỏ rực trên cao tốc Cam Lâm - Vĩnh Hảo,https://vnexpress.net/xe-khach-chay-do-ruc-tren-cao-toc-cam-lam-vinh-hao-4787285.html,1
Chủ tịch tỉnh Bắc Giang Lê Ánh Dương bị cảnh cáo,https://vnexpress.net/chu-tich-tinh-bac-giang-le-anh-duong-bi-canh-cao-4787277.html,1
Nhiều cây ở Hà Nội bật gốc sau cơn giông 5 phút,https://vnexpress.net/nhieu-cay-o-ha-noi-bat-goc-sau-con-giong-5-phut-4787117.html,1
TP HCM có thêm 1.500 căn nhà ở xã hội,https://vnexpress.net/tp-hcm-co-them-1-500-can-nha-o-xa-hoi-4787082.html,1
Lương hưu sẽ được chi trả sau nghỉ lễ Quốc khánh,https://vnexpress.net/luong-huu-se-duoc-chi-tra-sau-nghi-le-quoc-khanh-4787078.html,1
Đại lộ Vinh - Cửa Lò rộng 72 m thông xe,https://vnexpress.net/dai-lo-vinh-cua-lo-rong-72-m-thong-xe-4786914.html,1
"Tài xế tử vong, mắc kẹt trong cabin sau tai nạn",https://vnexpress.net/tai-xe-tu-vong-mac-ket-trong-cabin-sau-tai-nan-4786944.html,1
Robot đào ngầm hơn 120 m metro Nhổn - ga Hà Nội,https://vnexpress.net/robot-dao-ngam-hon-120-m-metro-nhon-ga-ha-noi-4786879.html,1
Hàng chục hecta thanh long ngập úng trong lũ,https://vnexpress.net/hang-chuc-hecta-thanh-long-ngap-ung-trong-lu-4786807.html,1
'Xử lý trách nhiệm người đứng đầu nếu thiếu quyết liệt chống khai thác hải sản trái phép',https://vnexpress.net/xu-ly-trach-nhiem-nguoi-dung-dau-neu-thieu-quyet-liet-chong-khai-thac-hai-san-trai-phep-4786850.html,1
Người đàn ông tử vong khi bị xe tải cán qua hai lần,https://vnexpress.net/nguoi-dan-ong-tu-vong-khi-bi-xe-tai-can-qua-hai-lan-4786831.html,1
'Cần đơn giản hóa cấp phép tàu bay không người lái cho mục đích giải trí',https://vnexpress.net/can-don-gian-hoa-cap-phep-tau-bay-khong-nguoi-lai-cho-muc-dich-giai-tri-4786830.html,1
"Hoàn thành xây dựng Quân đội tinh, gọn, mạnh vào năm 2025",https://vnexpress.net/hoan-thanh-xay-dung-quan-doi-tinh-gon-manh-vao-nam-2025-4786775.html,1
"Nhà cửa, vườn thanh long ở Bình Thuận chìm trong biển nước",https://vnexpress.net/nha-cua-vuon-thanh-long-o-binh-thuan-chim-trong-bien-nuoc-4786663.html,1
Gắn biển di sản quần thể thiết sam và pơ mu cổ thụ,https://vnexpress.net/gan-bien-di-san-quan-the-thiet-sam-va-po-mu-co-thu-4786591.html,1
Ôtô có thể không được chạy quá tốc độ thiết kế đường cao tốc,https://vnexpress.net/oto-co-the-khong-duoc-chay-qua-toc-do-thiet-ke-duong-cao-toc-4786587.html,1
Danh sách thành viên Chính phủ nhiệm kỳ 2021-2026,https://vnexpress.net/interactive/2024/thanh-vien-chinh-phu-nhiem-ky-2021-2026,1
Đèo Tà Nung ở cửa ngõ Đà Lạt sạt lở,https://vnexpress.net/deo-ta-nung-o-cua-ngo-da-lat-sat-lo-4786335.html,1
Xe khách chở 15 người lao xuống suối,https://vnexpress.net/xe-khach-cho-15-nguoi-lao-xuong-suoi-4786308.html,1
Quốc lộ 14 sụt lún một năm trước do 'mưa đột biến',https://vnexpress.net/quoc-lo-14-sut-lun-mot-nam-truoc-do-mua-dot-bien-4786218.html,1
Phan Thiết mở rộng đường huyết mạch,https://vnexpress.net/phan-thiet-mo-rong-duong-huyet-mach-4786133.html,1
Nam dân quân tự vệ tử vong sau tiếng nổ,https://vnexpress.net/nam-dan-quan-tu-ve-tu-vong-sau-tieng-no-4786249.html,1
20 năm TP HCM chưa thể thu hồi 1.200 tỷ đồng tạm ứng,https://vnexpress.net/20-nam-tp-hcm-chua-the-thu-hoi-1-200-ty-dong-tam-ung-4786194.html,1
"Tiểu sử tân Chánh án TAND Tối cao, Viện trưởng VKSND Tối cao",https://vnexpress.net/tieu-su-tan-chanh-an-tand-toi-cao-vien-truong-vksnd-toi-cao-4786157.html,1
Trung tâm đào tạo cán bộ trăm tỷ đồng bị bỏ hoang,https://vnexpress.net/trung-tam-dao-tao-can-bo-tram-ty-dong-bi-bo-hoang-4785962.html,1
Sập sàn tòa nhà ở trung tâm TP HCM,https://vnexpress.net/sap-san-toa-nha-o-trung-tam-tp-hcm-4786193.html,1
Phát hiện khu cư trú người tiền sử niên đại 8.000 năm ở Bắc Kạn,https://vnexpress.net/phat-hien-khu-cu-tru-nguoi-tien-su-nien-dai-8-000-nam-o-bac-kan-4786061.html,1
Ông Rah Lan Chung làm Chủ tịch Gia Lai,https://vnexpress.net/ong-rah-lan-chung-lam-chu-tich-gia-lai-4784337.html,1
Thí điểm cấp phiếu lý lịch tư pháp qua VNeID trên cả nước từ 1/10,https://vnexpress.net/thi-diem-cap-phieu-ly-lich-tu-phap-qua-vneid-tren-ca-nuoc-tu-1-10-4786036.html,1
Đường 800 tỷ đồng ở Bảo Lộc chưa sử dụng đã tan nát,https://vnexpress.net/duong-800-ty-dong-o-bao-loc-chua-su-dung-da-tan-nat-4785852.html,1
Thế bế tắc của ruộng lúa miền Tây,https://vnexpress.net/the-be-tac-cua-ruong-lua-mien-tay-4785191.html,0
Gần 1.000 tỷ đồng nâng cấp đường nối Long An - TP HCM,https://vnexpress.net/gan-1-000-ty-dong-nang-cap-duong-noi-long-an-tp-hcm-4785967.html,1
Tài xế chạy ngược chiều trên làn 120 km/h cao tốc Hà Nội - Hải Phòng,https://vnexpress.net/tai-xe-chay-nguoc-chieu-tren-lan-120-km-h-cao-toc-ha-noi-hai-phong-4785944.html,1
Mưa lớn cuốn trôi ôtô ở Bình Dương,https://vnexpress.net/mua-lon-cuon-troi-oto-o-binh-duong-4785945.html,1
"Tàu vướng dây cáp, đường TP HCM ùn tắc kéo dài",https://vnexpress.net/tau-vuong-day-cap-duong-tp-hcm-un-tac-keo-dai-4785935.html,1
Người đàn ông suýt bị thang máy kẹp,https://vnexpress.net/nguoi-dan-ong-suyt-bi-thang-may-kep-4785929.html,1
"Nhiều tổ chức, cá nhân bị kỷ luật do sai phạm ở dự án điện gió",https://vnexpress.net/nhieu-to-chuc-ca-nhan-bi-ky-luat-do-sai-pham-o-du-an-dien-gio-4785813.html,1
Quốc hội sẽ bầu Chủ tịch nước vào tháng 10,https://vnexpress.net/quoc-hoi-se-bau-chu-tich-nuoc-vao-thang-10-4785891.html,1
Quốc hội miễn nhiệm bốn cán bộ cấp cao để nhận nhiệm vụ mới,https://vnexpress.net/quoc-hoi-mien-nhiem-bon-can-bo-cap-cao-de-nhan-nhiem-vu-moi-4785632.html,1
Ông Lê Thanh Vân bị bãi nhiệm đại biểu Quốc hội,https://vnexpress.net/ong-le-thanh-van-bi-bai-nhiem-dai-bieu-quoc-hoi-4785625.html,1
"Quốc hội miễn nhiệm một Phó thủ tướng, một Bộ trưởng",https://vnexpress.net/quoc-hoi-mien-nhiem-mot-pho-thu-tuong-mot-bo-truong-4785479.html,1
Quốc hội phê chuẩn bổ nhiệm hai Bộ trưởng,https://vnexpress.net/quoc-hoi-phe-chuan-bo-nhiem-hai-bo-truong-4785482.html,1
Quốc hội phê chuẩn bổ nhiệm 3 Phó thủ tướng,https://vnexpress.net/quoc-hoi-phe-chuan-bo-nhiem-3-pho-thu-tuong-4785490.html,1
Ông Nguyễn Huy Tiến làm Viện trưởng Viện Kiểm sát nhân dân Tối cao,https://vnexpress.net/ong-nguyen-huy-tien-lam-vien-truong-vien-kiem-sat-nhan-dan-toi-cao-4785617.html,1
Ông Lê Minh Trí giữ chức Chánh án Tòa án nhân dân Tối cao,https://vnexpress.net/ong-le-minh-tri-giu-chuc-chanh-an-toa-an-nhan-dan-toi-cao-4785582.html,1
7 người ngăn chặn cây xăng bùng cháy được khen thưởng,https://vnexpress.net/7-nguoi-ngan-chan-cay-xang-bung-chay-duoc-khen-thuong-4785767.html,1
Đường lên huyện Mường Lát tê liệt vì sạt lở,https://vnexpress.net/duong-len-huyen-muong-lat-te-liet-vi-sat-lo-4785752.html,1
Đề xuất hơn 3.400 tỷ đồng xây đường băng số 2 sân bay Long Thành,https://vnexpress.net/de-xuat-hon-3-400-ty-dong-xay-duong-bang-so-2-san-bay-long-thanh-4785688.html,1
Quốc hội họp bất thường kiện toàn nhiều vị trí cán bộ cấp cao,https://vnexpress.net/quoc-hoi-hop-bat-thuong-kien-toan-nhieu-vi-tri-can-bo-cap-cao-4785466.html,1
Nông dân miền Tây 'hụt hơi' sau cuộc đua năng suất,https://vnexpress.net/nong-dan-mien-tay-hut-hoi-sau-cuoc-dua-nang-suat-4783170.html,0
Cảnh cơ cực của gia đình bốn con,https://vnexpress.net/canh-co-cuc-cua-gia-dinh-bon-con-4785207.html,1
Hà Nội tu bổ đài phun nước Con Cóc,https://vnexpress.net/ha-noi-tu-bo-dai-phun-nuoc-con-coc-4785548.html,1
Lâm Đồng kiến nghị sớm làm cao tốc Đà Lạt nối Nha Trang,https://vnexpress.net/cao-toc-nha-trang-da-lat-4785537.html,1
Cứu tài xế xe container bị lũ cuốn,https://vnexpress.net/cuu-tai-xe-xe-container-bi-lu-cuon-4785534.html,1
"Hai người chết do sét đánh, lũ cuốn",https://vnexpress.net/hai-nguoi-chet-do-set-danh-lu-cuon-4785459.html,1
Liên danh Đèo Cả khiếu nại gói thầu 6.300 tỷ đồng sân bay Long Thành,https://vnexpress.net/lien-danh-deo-ca-khieu-nai-goi-thau-6-300-ty-dong-san-bay-long-thanh-4785013.html,1
Miền Bắc tuần tới tạnh ráo,https://vnexpress.net/mien-bac-tuan-toi-tanh-rao-4785455.html,1
"Xe tải đâm sập nhà dân, một người chết",https://vnexpress.net/xe-tai-dam-sap-nha-dan-mot-nguoi-chet-4785435.html,1
Tượng đài con tàu tập kết ra Bắc hoàn thiện,https://vnexpress.net/tuong-dai-con-tau-tap-ket-ra-bac-hoan-thien-4785272.html,1
Cầu vòm thép trên sông Trà Khúc sau hai năm thi công,https://vnexpress.net/cau-vom-thep-tren-song-tra-khuc-sau-hai-nam-thi-cong-4785370.html,1
Hà Nội phân luồng giao thông dịp nghỉ lễ 2/9,https://vnexpress.net/ha-noi-phan-luong-giao-thong-dip-nghi-le-2-9-4785331.html,1
Đề xuất xây dựng một đoạn cao tốc Hà Nội - Viêng Chăn,https://vnexpress.net/de-xuat-xay-dung-mot-doan-cao-toc-ha-noi-vieng-chan-4785334.html,1
Xe đầu kéo lao xuống vực sâu hơn 100 m,https://vnexpress.net/xe-dau-keo-lao-xuong-vuc-sau-hon-100-m-4785316.html,1
270 hộ dân Nghệ An 'sống treo' trên đất Thanh Hóa,https://vnexpress.net/270-ho-dan-nghe-an-song-treo-tren-dat-thanh-hoa-4785227.html,1
Chuyên gia: Vị thế của TP HCM đang bị 'xói mòn',https://vnexpress.net/chuyen-gia-vi-the-cua-tp-hcm-dang-bi-xoi-mon-4785273.html,1
"Quốc lộ 15C sạt lở, đe dọa hàng chục hộ dân",https://vnexpress.net/quoc-lo-15c-sat-lo-de-doa-hang-chuc-ho-dan-4785266.html,1
"Cầu Long Biên, Tháp Bút được tái hiện ở phố đi bộ TP HCM",https://vnexpress.net/cau-long-bien-thap-but-duoc-tai-hien-o-pho-di-bo-tp-hcm-4785086.html,1
Hải Dương 60 năm trước,https://vnexpress.net/hai-duong-60-nam-truoc-4785067.html,1
"Nhiều chặng tàu, xe kín chỗ dịp 2/9",https://vnexpress.net/nhieu-chang-tau-xe-kin-cho-dip-2-9-4783497.html,1
Nguyên Chủ tịch tỉnh Long An bị cảnh cáo,https://vnexpress.net/nguyen-chu-tich-tinh-long-an-bi-canh-cao-4785070.html,1
Hai công nhân bị vùi lấp dưới công trình cống thoát nước,https://vnexpress.net/hai-cong-nhan-bi-vui-lap-duoi-cong-trinh-cong-thoat-nuoc-4785059.html,1
Công bố tình huống khẩn cấp sạt lở bờ biển Hải Tiến,https://vnexpress.net/cong-bo-tinh-huong-khan-cap-sat-lo-bo-bien-hai-tien-4785033.html,1
Thái Bình cam kết giữ diện tích khu bảo tồn Tiền Hải,https://vnexpress.net/thai-binh-cam-ket-giu-dien-tich-khu-bao-ton-tien-hai-4784803.html,1
Quốc hội họp xem xét công tác nhân sự,https://vnexpress.net/quoc-hoi-hop-xem-xet-cong-tac-nhan-su-4784936.html,1
Miền Bắc mưa lớn đến ngày 25/8,https://vnexpress.net/mien-bac-mua-lon-den-ngay-25-8-4784946.html,1
Thủ tướng nêu biện pháp tăng cường vai trò của phụ nữ ASEAN,https://vnexpress.net/thu-tuong-neu-bien-phap-tang-cuong-vai-tro-cua-phu-nu-asean-4784944.html,1
Ôtô chở 30 người bốc cháy trên quốc lộ 1,https://vnexpress.net/oto-cho-30-nguoi-boc-chay-tren-quoc-lo-1-4784960.html,1
"Thái Nguyên tiếp tục mưa lớn, hồ Núi Cốc xả lũ",https://vnexpress.net/thai-nguyen-tiep-tuc-mua-lon-ho-nui-coc-xa-lu-4784792.html,1
Cửa tiệm cháy lan sang ngân hàng ở TP HCM,https://vnexpress.net/cua-tiem-chay-lan-sang-ngan-hang-o-tp-hcm-4784746.html,1
3 đường bay Việt Nam vào top 10 đông khách nhất Đông Nam Á,https://vnexpress.net/3-duong-bay-viet-nam-vao-top-10-dong-khach-nhat-dong-nam-a-4784754.html,1
Ông Trần Hồng Thái làm Chủ tịch UBND Lâm Đồng,https://vnexpress.net/ong-tran-hong-thai-lam-chu-tich-ubnd-lam-dong-4784749.html,1
Mưa lớn cuốn trôi ôtô ở Thái Nguyên,https://vnexpress.net/mua-lon-cuon-troi-oto-o-thai-nguyen-4784642.html,1
"Tổng Bí thư, Chủ tịch nước Tô Lâm: Cần doanh nghiệp đủ mạnh để phát triển kinh tế",https://vnexpress.net/tong-bi-thu-chu-tich-nuoc-to-lam-can-doanh-nghiep-du-manh-de-phat-trien-kinh-te-4784628.html,1
Tổ chức đại lễ cầu siêu cho nạn nhân tai nạn giao thông,https://vnexpress.net/to-chuc-dai-le-cau-sieu-cho-nan-nhan-tai-nan-giao-thong-4784557.html,1
Giải cứu người đàn ông mắc kẹt do sạt lở đất,https://vnexpress.net/giai-cuu-nguoi-dan-ong-mac-ket-do-sat-lo-dat-4784591.html,1
Hơn 30 triệu euro xây đê biển ở Cà Mau,https://vnexpress.net/hon-30-trieu-euro-xay-de-bien-o-ca-mau-4784484.html,1
Quốc hội sửa Luật Bảo hiểm y tế vào tháng 10,https://vnexpress.net/quoc-hoi-sua-luat-bao-hiem-y-te-vao-thang-10-4784474.html,1
Ngư dân livestream kêu cứu khi tàu bị đâm chìm,https://vnexpress.net/ngu-dan-livestream-keu-cuu-khi-tau-bi-dam-chim-4784455.html,1
"Đồng nghiệp, học trò đứng ven đường tiễn biệt GS Võ Tòng Xuân",https://vnexpress.net/dong-nghiep-hoc-tro-dung-ven-duong-tien-biet-gs-vo-tong-xuan-4784315.html,1
Bộ Giao thông Vận tải sẽ bình ổn giá vé máy bay,https://vnexpress.net/bo-giao-thong-van-tai-se-binh-on-gia-ve-may-bay-4784361.html,1
'Đảm bảo đủ kinh phí giải quyết chế độ cho cán bộ dôi dư',https://vnexpress.net/dam-bao-du-kinh-phi-giai-quyet-che-do-cho-can-bo-doi-du-4784403.html,1
Xưởng đóng tàu Ba Son qua 100 năm,https://vnexpress.net/xuong-dong-tau-ba-son-qua-100-nam-4783703.html,1
Đề xuất giảm tốc độ ôtô qua trạm BOT ở TP HCM còn 30 km/h,https://vnexpress.net/de-xuat-giam-toc-do-oto-qua-tram-bot-o-tp-hcm-con-30-km-h-4784296.html,1
Phó thủ tướng Trần Lưu Quang giữ chức Trưởng ban Kinh tế Trung ương,https://vnexpress.net/pho-thu-tuong-tran-luu-quang-giu-chuc-truong-ban-kinh-te-trung-uong-4781952.html,1
"Tài xế quay đầu ôtô, chạy ngược chiều trên đường dẫn cao tốc",https://vnexpress.net/tai-xe-quay-dau-oto-chay-nguoc-chieu-tren-duong-dan-cao-toc-4784131.html,1
Chủ biệt thự trái phép ở Bình Thuận xin tự tháo dỡ trong 60 ngày,https://vnexpress.net/chu-biet-thu-trai-phep-o-binh-thuan-xin-tu-thao-do-trong-60-ngay-4784032.html,1
Dòng người viếng GS Võ Tòng Xuân,https://vnexpress.net/dong-nguoi-vieng-gs-vo-tong-xuan-4783713.html,1
Tìm thấy bé trai sau 5 ngày mất tích giữa rừng,https://vnexpress.net/tim-thay-be-trai-sau-5-ngay-mat-tich-giua-rung-4784013.html,1
'Một số môn nghệ thuật truyền thống có thể khép lại do không có người học',https://vnexpress.net/mot-so-mon-nghe-thuat-truyen-thong-co-the-khep-lai-do-khong-co-nguoi-hoc-4783886.html,1
"Đâm vào xe tải đỗ trên cao tốc, tài xế tử nạn",https://vnexpress.net/dam-vao-xe-tai-do-tren-cao-toc-tai-xe-tu-nan-4783985.html,1
Giám đốc Trung tâm xúc tiến đầu tư Bình Phước bị cảnh cáo,https://vnexpress.net/giam-doc-trung-tam-xuc-tien-dau-tu-binh-phuoc-bi-canh-cao-4783924.html,1
Quốc lộ 18 bị chia cắt vì sạt lở,https://vnexpress.net/quoc-lo-18-bi-chia-cat-vi-sat-lo-4783790.html,1
Hình dáng các cầu đi bộ nối ga Metro số 1,https://vnexpress.net/hinh-dang-cac-cau-di-bo-noi-ga-metro-so-1-4783695.html,1
Bãi nuôi hàu trái phép trên sông Rác,https://vnexpress.net/bai-nuoi-hau-trai-phep-tren-song-rac-4783733.html,1
Ba bộ trưởng trả lời chất vấn sáng nay,https://vnexpress.net/ba-bo-truong-tra-loi-chat-van-sang-nay-4783741.html,1
'Trả lương phù hợp với cống hiến để không cần tham nhũng',https://vnexpress.net/tra-luong-phu-hop-voi-cong-hien-de-khong-can-tham-nhung-4783748.html,1
"Hàng không tăng chuyến, giá vé tăng 20% dịp 2/9",https://vnexpress.net/hang-khong-tang-chuyen-gia-ve-tang-20-dip-2-9-4783723.html,1
Cứu du khách Hàn Quốc bị kẹt gầm xe khách,https://vnexpress.net/cuu-du-khach-han-quoc-bi-ket-gam-xe-khach-4783731.html,1
Thường vụ Quốc hội sẽ giám sát về phát triển nhân lực chất lượng cao,https://vnexpress.net/thuong-vu-quoc-hoi-se-giam-sat-ve-phat-trien-nhan-luc-chat-luong-cao-4783694.html,1
Thừa Thiên Huế xây dựng quảng trường gần 200 tỷ đồng,https://vnexpress.net/thua-thien-hue-xay-dung-quang-truong-gan-200-ty-dong-4783679.html,1
Khai trương trang thông tin về cố Tổng Bí thư Nguyễn Phú Trọng,https://vnexpress.net/khai-truong-trang-thong-tin-ve-co-tong-bi-thu-nguyen-phu-trong-4783683.html,1
Biệt thự xây trái phép ở Bình Thuận,https://vnexpress.net/biet-thu-xay-trai-phep-o-binh-thuan-4783657.html,1
Bộ đội không quân tranh tài cứu hộ cứu nạn,https://vnexpress.net/bo-doi-khong-quan-tranh-tai-cuu-ho-cuu-nan-4783568.html,1
Hạn chế ôtô qua đèo Bảo Lộc để xử lý sạt lở,https://vnexpress.net/deo-bao-loc-4783554.html,1
"GS Võ Tòng Xuân - 'tư lệnh' chống giặc rầy nâu, lai tạo giống lúa",https://vnexpress.net/gs-vo-tong-xuan-tu-lenh-chong-giac-ray-nau-lai-tao-giong-lua-4783369.html,1
Đà Nẵng xử phạt nhiều doanh nghiệp nợ bảo hiểm,https://vnexpress.net/da-nang-xu-phat-nhieu-doanh-nghiep-no-bao-hiem-4783343.html,1
"Hà Nội dự kiến xén vỉa hè, dải phân cách một số tuyến đường",https://vnexpress.net/ha-noi-du-kien-xen-via-he-dai-phan-cach-mot-so-tuyen-duong-4783344.html,1
Khuyến khích mở đường bay quốc tế đến điểm du lịch truyền thống Việt Nam,https://vnexpress.net/khuyen-khich-mo-duong-bay-quoc-te-den-diem-du-lich-truyen-thong-viet-nam-4783345.html,1
Lùi xe trên cao tốc có thể bị phạt 18 triệu đồng,https://vnexpress.net/lui-xe-tren-cao-toc-co-the-bi-phat-18-trieu-dong-4783124.html,1
Việt Nam đề nghị Trung Quốc tiếp tục mở cửa thị trường cho nông sản,https://vnexpress.net/viet-nam-de-nghi-trung-quoc-tiep-tuc-mo-cua-thi-truong-cho-nong-san-4783338.html,1
Đề xuất rút ngắn thời gian tuyển dụng công chức,https://vnexpress.net/de-xuat-rut-ngan-thoi-gian-tuyen-dung-cong-chuc-4783146.html,1
Lao động chưa hưởng lương hưu có thể không được nhận trợ cấp thất nghiệp,https://vnexpress.net/lao-dong-chua-huong-luong-huu-co-the-khong-duoc-nhan-tro-cap-that-nghiep-4783256.html,1
Hà Nội đề xuất tăng vốn metro Nam Thăng Long - Trần Hưng Đạo,https://vnexpress.net/ha-noi-de-xuat-tang-von-metro-nam-thang-long-tran-hung-dao-4783216.html,1
TP HCM kiến nghị cho Mercedes-Benz tiếp tục thuê khu đất 100.000 m2,https://vnexpress.net/tp-hcm-kien-nghi-cho-mercedes-benz-tiep-tuc-thue-khu-dat-100-000-m2-4783242.html,1
Hai đơn vị tại dự án hồ thủy lợi sụt lún bị phạt,https://vnexpress.net/ho-chua-nuoc-dong-thanh-lam-dong-4783237.html,1
Cựu chủ tịch huyện bị lừa 170 tỷ đồng thôi làm đại biểu HĐND,https://vnexpress.net/cuu-chu-tich-huyen-bi-lua-170-ty-dong-thoi-lam-dai-bieu-hdnd-4783221.html,1
Bờ biển sạt lở đe dọa hơn 600 dân,https://vnexpress.net/bo-bien-sat-lo-de-doa-hon-600-dan-4783034.html,1
"Tinh giản biên chế mới tập trung vào người nghỉ hưu, ốm đau",https://vnexpress.net/tinh-gian-bien-che-moi-tap-trung-vao-nguoi-nghi-huu-om-dau-4783058.html,1
Hai người bị lũ cuốn tử vong ở Hà Giang,https://vnexpress.net/hai-nguoi-bi-lu-cuon-tu-vong-o-ha-giang-4783060.html,1
Đồng Nai có tân chủ tịch tỉnh,https://vnexpress.net/dong-nai-co-tan-chu-tich-tinh-4783039.html,1
GS.TS Võ Tòng Xuân qua đời,https://vnexpress.net/gs-ts-vo-tong-xuan-qua-doi-4783030.html,1
Hình dáng cầu lớn nhất Vành đai 3 TP HCM sắp nối nhịp,https://vnexpress.net/hinh-dang-cau-lon-nhat-vanh-dai-3-tp-hcm-sap-noi-nhip-4782669.html,1
'Cây ATM 1.000 đồng' giúp người nghèo ở biên giới,https://vnexpress.net/cay-atm-1-000-dong-giup-nguoi-ngheo-o-bien-gioi-4782928.html,1
'Bình Định ứng dụng AI trong các lĩnh vực kinh tế - xã hội',https://vnexpress.net/binh-dinh-ung-dung-ai-trong-cac-linh-vuc-kinh-te-xa-hoi-4783102.html,1
Đền thờ anh hùng Trương Định được xếp hạng di tích quốc gia,https://vnexpress.net/den-tho-anh-hung-truong-dinh-duoc-xep-hang-di-tich-quoc-gia-4782904.html,1
Tài xế bị phạt 11 triệu đồng vì dừng xe đón khách trên cao tốc,https://vnexpress.net/tai-xe-bi-phat-11-trieu-dong-vi-dung-xe-don-khach-tren-cao-toc-4782901.html,1
"Hai ôtô tông nhau, cao tốc Trung Lương kẹt xe gần chục km",https://vnexpress.net/hai-oto-tong-nhau-cao-toc-trung-luong-ket-xe-gan-chuc-km-4782896.html,1
Tây Nguyên được đầu tư gần 1.900 km cao tốc,https://vnexpress.net/tay-nguyen-duoc-dau-tu-gan-1-900-km-cao-toc-4782867.html,1
Việt Nam hoan nghênh doanh nghiệp Quảng Đông tăng đầu tư hạ tầng,https://vnexpress.net/viet-nam-hoan-nghenh-doanh-nghiep-quang-dong-tang-dau-tu-ha-tang-4782863.html,1
"Ôtô lao xuống vực bốc cháy, một người chết",https://vnexpress.net/oto-lao-xuong-vuc-boc-chay-mot-nguoi-chet-4782854.html,1
Cảnh sát cưỡi ngựa xuyên vòng lửa ở trung tâm TP HCM,https://vnexpress.net/canh-sat-cuoi-ngua-xuyen-vong-lua-o-trung-tam-tp-hcm-4782835.html,1
"Tổng Bí thư, Chủ tịch nước Tô Lâm tưởng niệm liệt sĩ Phạm Hồng Thái",https://vnexpress.net/tong-bi-thu-chu-tich-nuoc-to-lam-tuong-niem-liet-si-pham-hong-thai-4782837.html,1
Hải Phòng sẽ đập bỏ 16 chung cư cũ làm khu tái định cư,https://vnexpress.net/hai-phong-se-dap-bo-16-chung-cu-cu-lam-khu-tai-dinh-cu-4782720.html,1
Miền Bắc mưa giông 4 ngày tới,https://vnexpress.net/mien-bac-mua-giong-4-ngay-toi-4782805.html,1
Xe khách lao xuống vực cầu khi từ Nha Trang đi Đà Lạt,https://vnexpress.net/tai-nan-giao-thong-lam-dong-4782790.html,1
"Tổng Bí thư, Chủ tịch nước Tô Lâm bắt đầu thăm Trung Quốc",https://vnexpress.net/tong-bi-thu-chu-tich-nuoc-to-lam-bat-dau-tham-trung-quoc-4782737.html,1
Hợp long cầu Nguyễn Hoàng bắc qua sông Hương,https://vnexpress.net/hop-long-cau-nguyen-hoang-bac-qua-song-huong-4782582.html,1
Đường xuyên rừng ngập mặn nối cảng lớn nhất Đồng Nai,https://vnexpress.net/duong-xuyen-rung-ngap-man-noi-cang-lon-nhat-dong-nai-4781972.html,1
Hai thanh niên trả lại 200 triệu đồng nhặt được,https://vnexpress.net/hai-thanh-nien-tra-lai-200-trieu-dong-nhat-duoc-4782709.html,1
Xuất hiện cung sạt trượt thứ hai ở Tà Xùa,https://vnexpress.net/xuat-hien-cung-sat-truot-thu-hai-o-ta-xua-4782702.html,1
Cháy lớn công ty gỗ ở Bình Dương,https://vnexpress.net/chay-lon-cong-ty-go-o-binh-duong-4782690.html,1
Hà Nội cần 55 tỷ USD làm 15 tuyến đường sắt đô thị,https://vnexpress.net/ha-noi-can-55-ty-usd-lam-15-tuyen-duong-sat-do-thi-4782630.html,1
"Tổng Bí thư, Chủ tịch nước Tô Lâm: Tạo điều kiện tốt nhất để TP HCM phát triển",https://vnexpress.net/tong-bi-thu-chu-tich-nuoc-to-lam-tao-dieu-kien-tot-nhat-de-tp-hcm-phat-trien-4782681.html,1
Cháy quán bar ở Hà Nội 'do thợ hàn cắt sắt',https://vnexpress.net/chay-quan-bar-o-ha-noi-do-tho-han-cat-sat-4782675.html,1
"Tiểu sử tân Ủy viên Bộ Chính trị, Ban Bí thư",https://vnexpress.net/tieu-su-tan-uy-vien-bo-chinh-tri-ban-bi-thu-4782648.html,1
"Ôtô khách lật trên quốc lộ, 18 người bị thương",https://vnexpress.net/oto-khach-lat-tren-quoc-lo-18-nguoi-bi-thuong-4782639.html,1
Ba bản ở Sơn La bị ngập hơn 20 ngày,https://vnexpress.net/ba-ban-o-son-la-bi-ngap-hon-20-ngay-4782593.html,1
300 lao động có thể tham gia trao đổi tài năng tại Singapore,https://vnexpress.net/300-lao-dong-co-the-tham-gia-trao-doi-tai-nang-tai-singapore-4782534.html,1
"Thủ tướng yêu cầu Hà Nội khắc phục ô nhiễm, ngập lụt, ùn tắc",https://vnexpress.net/thu-tuong-yeu-cau-ha-noi-khac-phuc-o-nhiem-ngap-lut-un-tac-4782568.html,1
Hai thiếu niên 16 tuổi tử vong sau tai nạn,https://vnexpress.net/hai-thieu-nien-16-tuoi-tu-vong-sau-tai-nan-4782514.html,1
Nơi khởi nguồn của Quân đội nhân dân Việt Nam,https://vnexpress.net/noi-khoi-nguon-cua-quan-doi-nhan-dan-viet-nam-4782217.html,1
Dịch sâu róm ở Nghệ An có thể chấm dứt trong tháng 8,https://vnexpress.net/dich-sau-rom-o-nghe-an-co-the-cham-dut-trong-thang-8-4782424.html,1
Mở rộng đường phía Đông TP HCM ngưng trệ vì vướng 250 m,https://vnexpress.net/mo-rong-duong-phia-dong-tp-hcm-ngung-tre-vi-vuong-250-m-4782249.html,1
Địa phương than khó phân loại rác tại nguồn,https://vnexpress.net/dia-phuong-than-kho-phan-loai-rac-tai-nguon-4782101.html,1
Quán bar ở Hà Nội đổ sập sau hỏa hoạn,https://vnexpress.net/quan-bar-o-ha-noi-do-sap-sau-hoa-hoan-4782433.html,1
Kỵ binh tập luyện diễu hành ở phố đi bộ Nguyễn Huệ,https://vnexpress.net/ky-binh-tap-luyen-dieu-hanh-o-pho-di-bo-nguyen-hue-4782425.html,1
"Cháy quán bar ở Hà Nội, hai lính cứu hỏa bị thương",https://vnexpress.net/chay-quan-bar-o-ha-noi-hai-linh-cuu-hoa-bi-thuong-4782404-tong-thuat.html,1
"Ôtô biến dạng, lao xuống ruộng sau tai nạn với xe đầu kéo",https://vnexpress.net/tai-nan-ba-ria-vung-tau-4782380.html,1
TP HCM lập tổ ứng cứu sự cố trên cầu Phú Mỹ,https://vnexpress.net/tp-hcm-lap-to-ung-cuu-su-co-tren-cau-phu-my-4782365.html,1
Trung ương bầu bổ sung 3 Ủy viên Ban Bí thư,https://vnexpress.net/trung-uong-bau-bo-sung-3-uy-vien-ban-bi-thu-4782255.html,1
Bộ trưởng Lương Tam Quang được bầu làm Ủy viên Bộ Chính trị,https://vnexpress.net/bo-truong-luong-tam-quang-duoc-bau-lam-uy-vien-bo-chinh-tri-4781953.html,1
"Lập 3 đoàn kiểm tra việc chấp hành quy định về tín ngưỡng, tôn giáo",https://vnexpress.net/lap-3-doan-kiem-tra-viec-chap-hanh-quy-dinh-ve-tin-nguong-ton-giao-4782310.html,1
"Cháy đại lý chăn ga, nữ sinh thiệt mạng",https://vnexpress.net/chay-dai-ly-chan-ga-nu-sinh-thiet-mang-4782166.html,1
Thủy điện Thác Bà mở hai cửa xả,https://vnexpress.net/thuy-dien-thac-ba-mo-hai-cua-xa-4782119.html,1
Kinh phí đền bù ở dự án kênh Đôi tăng lên 6.000 tỷ đồng,https://vnexpress.net/kinh-phi-den-bu-o-du-an-kenh-doi-tang-len-6-000-ty-dong-4782131.html,1
Đàn bò sữa mắc bệnh do tiêm vaccine nhiễm virus tiêu chảy,https://vnexpress.net/dan-bo-sua-mac-benh-do-tiem-vaccine-nhiem-virus-tieu-chay-4782068.html,1
Công trình chống ngập trên cao tốc Dầu Giây - Phan Thiết,https://vnexpress.net/cong-trinh-chong-ngap-tren-cao-toc-dau-giay-phan-thiet-4781974.html,1
Nghiên cứu tổ chức lại giao thông trên cao tốc Cam Lộ - La Sơn,https://vnexpress.net/nghien-cuu-to-chuc-lai-giao-thong-tren-cao-toc-cam-lo-la-son-4781642.html,1
Hơn 200 ha dừa ở Tiền Giang bị sâu đầu đen phá hoại,https://vnexpress.net/hon-200-ha-dua-o-tien-giang-bi-sau-dau-den-pha-hoai-4781890.html,1
Long An nợ hơn 10.000 giấy phép lái xe vì thiếu phụ kiện,https://vnexpress.net/long-an-no-hon-10-000-giay-phep-lai-xe-vi-thieu-phu-kien-4781970.html,1
Cô gái bị ôtô đẩy một km sau va chạm giao thông,https://vnexpress.net/co-gai-bi-oto-day-mot-km-sau-va-cham-giao-thong-4781942.html,1
Miền Bắc giảm mưa,https://vnexpress.net/mien-bac-giam-mua-4781854.html,1
Ôtô tông loạt xe máy trên cầu ở Cần Thơ,https://vnexpress.net/oto-tong-loat-xe-may-tren-cau-o-can-tho-4781896.html,1
Dự kiến kiện toàn các chức danh lãnh đạo cấp cao vào tháng 10,https://vnexpress.net/du-kien-kien-toan-cac-chuc-danh-lanh-dao-cap-cao-vao-thang-10-4781853.html,1
Sâu róm tàn phá hơn 750 ha rừng,https://vnexpress.net/sau-rom-tan-pha-hon-750-ha-rung-4781863.html,1
Nhiều loài thú quý hiếm được phát hiện ở rừng Bình Thuận,https://vnexpress.net/nhieu-loai-thu-quy-hiem-duoc-phat-hien-o-rung-binh-thuan-4781781.html,1
Hơn 390.000 lượt khách đi metro Nhổn - ga Hà Nội trong tuần đầu,https://vnexpress.net/hon-390-000-luot-khach-di-metro-nhon-ga-ha-noi-trong-tuan-dau-4781746.html,1
Hơn trăm ngôi mộ xây trái phép ven TP HCM,https://vnexpress.net/hon-tram-ngoi-mo-xay-trai-phep-ven-tp-hcm-4781750.html,1
Trực thăng diễn tập cứu hộ cứu nạn,https://vnexpress.net/truc-thang-dien-tap-cuu-ho-cuu-nan-4781546.html,1
Xe tải lao xuống vực sâu 30 m,https://vnexpress.net/xe-tai-lao-xuong-vuc-sau-30-m-4781614.html,1
Hiện trạng hai nút giao được Đồng Nai đề xuất đầu tư 13.000 tỷ đồng,https://vnexpress.net/hien-trang-hai-nut-giao-duoc-dong-nai-de-xuat-dau-tu-13-000-ty-dong-4781163.html,1
Hà Nội có hơn 8.000 cổ thụ,https://vnexpress.net/ha-noi-co-hon-8-000-co-thu-4781550.html,1
Cô giáo cưu mang nhiều học trò mồ côi,https://vnexpress.net/co-giao-cuu-mang-nhieu-hoc-tro-mo-coi-4781505.html,1
Đơn vị tài trợ quy hoạch ở Bạc Liêu đều trúng đấu giá dự án,https://vnexpress.net/don-vi-tai-tro-quy-hoach-o-bac-lieu-deu-trung-dau-gia-du-an-4781472.html,1
Khen thưởng 5 người cứu nạn nhân vụ tai nạn ở cầu Phú Mỹ,https://vnexpress.net/khen-thuong-5-nguoi-cuu-nan-nhan-vu-tai-nan-o-cau-phu-my-4781508.html,1
'Không vì đẩy mạnh chống tham nhũng mà cản trở phát triển kinh tế',https://vnexpress.net/khong-vi-day-manh-chong-tham-nhung-ma-can-tro-phat-trien-kinh-te-4781440.html,1
Cầu lớn nhất Vành đai 3 TP HCM vượt tiến độ bốn tháng,https://vnexpress.net/cau-lon-nhat-vanh-dai-3-tp-hcm-vuot-tien-do-bon-thang-4781384.html,1
Ôtô khách lộn nhiều vòng trên đèo,https://vnexpress.net/oto-khach-lon-nhieu-vong-tren-deo-4781303.html,1
'Cần phương án cứu nạn cho tầng cao chung cư',https://vnexpress.net/can-phuong-an-cuu-nan-cho-tang-cao-chung-cu-4781279.html,1
Đường nối Bình Dương - TP HCM chưa thông vì vướng 50 m,https://vnexpress.net/duong-noi-binh-duong-tp-hcm-chua-thong-vi-vuong-50-m-4781326.html,1
"Bộ Quốc phòng, Công an dự kiến chi viện cho các trung tâm đăng kiểm",https://vnexpress.net/bo-quoc-phong-cong-an-du-kien-chi-vien-cho-cac-trung-tam-dang-kiem-4781245.html,1
Quảng Nam có tân Chủ tịch HĐND tỉnh,https://vnexpress.net/quang-nam-co-tan-chu-tich-hdnd-tinh-4781198.html,1
Cây gãy nhánh rơi xuống đường ở Hồ Con Rùa,https://vnexpress.net/cay-gay-nhanh-roi-xuong-duong-o-ho-con-rua-4781187.html,1
Tổ hùn vàng giúp nhau xây nhà ở Cà Mau,https://vnexpress.net/to-hun-vang-giup-nhau-xay-nha-o-ca-mau-4780639.html,1
Dỡ bỏ vòng xoay ở đường huyết mạch do ôtô thường bị lật,https://vnexpress.net/do-bo-vong-xoay-o-duong-huyet-mach-do-oto-thuong-bi-lat-4781147.html,1
"Phà ngưng chạy, người dân thấp thỏm vượt sông bằng xuồng nhỏ",https://vnexpress.net/pha-ngung-chay-nguoi-dan-thap-thom-vuot-song-bang-xuong-nho-4781064.html,1
Trồng ớt A Riêu đặc sản,https://vnexpress.net/trong-ot-a-rieu-dac-san-4781012.html,1
Báo Lao Động kỷ niệm 95 năm ngày xuất bản số đầu tiên,https://vnexpress.net/bao-lao-dong-ky-niem-95-nam-ngay-xuat-ban-so-dau-tien-4781406.html,1
Phố cổ Hà Nội ngập sau trận mưa lớn,https://vnexpress.net/pho-co-ha-noi-ngap-sau-tran-mua-lon-4781156.html,1
142.000 hộ dân mất điện vì sự cố khi khoan giếng,https://vnexpress.net/142-000-ho-dan-mat-dien-vi-su-co-khi-khoan-gieng-4781158.html,1
"Tổng Bí thư, Chủ tịch nước Tô Lâm: Đại hội 14 có ý nghĩa định hướng tương lai",https://vnexpress.net/tong-bi-thu-chu-tich-nuoc-to-lam-dai-hoi-14-co-y-nghia-dinh-huong-tuong-lai-4781122.html,1
Ông Đặng Quốc Khánh và Chẩu Văn Lâm thôi làm đại biểu Quốc hội,https://vnexpress.net/ong-dang-quoc-khanh-va-chau-van-lam-thoi-lam-dai-bieu-quoc-hoi-4780950.html,1
Phó thủ tướng Lê Minh Khái và nhiều cán bộ bị kỷ luật,https://vnexpress.net/pho-thu-tuong-le-minh-khai-va-nhieu-can-bo-bi-ky-luat-4781112.html,1
Hai ôtô lao xuống ao sau va chạm,https://vnexpress.net/hai-oto-lao-xuong-ao-sau-va-cham-4781111.html,1
Đôi nam nữ gặp nạn khi đi xem sao băng,https://vnexpress.net/doi-nam-nu-gap-nan-khi-di-xem-sao-bang-4781068.html,1
Ông Vương Tấn Việt không có tên trong danh sách dự thi cấp 3,https://vnexpress.net/ong-vuong-tan-viet-khong-co-ten-trong-danh-sach-du-thi-cap-3-4780913.html,1
Cháy khu nhà người nước ngoài thuê ở Thảo Điền,https://vnexpress.net/chay-khu-nha-nguoi-nuoc-ngoai-thue-o-thao-dien-4780948.html,1
Cầu Hiền Lương 70 năm sau hiệp định Geneve,https://vnexpress.net/cau-hien-luong-70-nam-sau-hiep-dinh-geneve-4772937.html,1
"Sạt lở quốc lộ qua Cao Bằng, Sơn La",https://vnexpress.net/sat-lo-quoc-lo-qua-cao-bang-son-la-4780848.html,1
Bà Trịnh Thị Minh Thanh điều hành Tỉnh ủy Quảng Ninh,https://vnexpress.net/ba-trinh-thi-minh-thanh-dieu-hanh-tinh-uy-quang-ninh-4780774.html,1
Tài xế bất an qua dốc 'tử thần' cầu Phú Mỹ,https://vnexpress.net/tai-xe-bat-an-qua-doc-tu-than-cau-phu-my-4780728.html,1
"Nơi chăm sóc, cứu hộ động vật lớn nhất miền Trung",https://vnexpress.net/noi-cham-soc-cuu-ho-dong-vat-lon-nhat-mien-trung-4780049.html,1
Quỹ Bảo hiểm thất nghiệp thu - chi thế nào?,https://vnexpress.net/quy-bao-hiem-that-nghiep-thu-chi-the-nao-4780696.html,1
Sửa mặt đường đèo Prenn cửa ngõ Đà Lạt trong 21 ngày,https://vnexpress.net/deo-prenn-da-lat-4780637.html,1
Thủ tướng: Cần sớm làm chủ công nghệ gìn giữ thi hài Chủ tịch Hồ Chí Minh,https://vnexpress.net/thu-tuong-can-som-lam-chu-cong-nghe-gin-giu-thi-hai-chu-tich-ho-chi-minh-4780549.html,1
Kiến nghị siết quy định về giá bán buôn thuốc,https://vnexpress.net/kien-nghi-siet-quy-dinh-ve-gia-ban-buon-thuoc-4780526.html,1
Ông Triệu Thế Hùng thôi làm Chủ tịch UBND tỉnh Hải Dương,https://vnexpress.net/ong-trieu-the-hung-thoi-lam-chu-tich-ubnd-tinh-hai-duong-4780551.html,1
"Hơn 200.000 cây ở TP HCM được kiểm tra, tránh gãy đổ ra sao?",https://vnexpress.net/hon-200-000-cay-o-tp-hcm-duoc-kiem-tra-tranh-gay-do-ra-sao-4780326.html,1
Nhiều thủy điện lớn đóng cửa xả,https://vnexpress.net/nhieu-thuy-dien-lon-dong-cua-xa-4780438.html,1
Đề xuất di dời ga Đà Nẵng,https://vnexpress.net/de-xuat-di-doi-ga-da-nang-4780405.html,1
"Tai nạn liên hoàn, cao tốc Hà Nội - Lào Cai ùn tắc",https://vnexpress.net/tai-nan-lien-hoan-cao-toc-ha-noi-lao-cai-un-tac-4780407.html,1
Hà Nội dự kiến có thêm 4 quận mới vào năm 2025,https://vnexpress.net/ha-noi-du-kien-co-them-4-quan-moi-vao-nam-2025-4780313.html,1
Đồng loạt chỉnh trang vỉa hè trung tâm TP HCM,https://vnexpress.net/dong-loat-chinh-trang-via-he-trung-tam-tp-hcm-4780226.html,1
Đề xuất dùng flycam kiểm tra cây xanh ở TP HCM,https://vnexpress.net/de-xuat-dung-flycam-kiem-tra-cay-xanh-o-tp-hcm-4780307.html,1
Đài VTC kỷ niệm 20 năm thành lập,https://vnexpress.net/dai-vtc-ky-niem-20-nam-thanh-lap-4780701.html,1
Phó thủ tướng: 'Huy động mọi nguồn lực chống sạt lở cho ĐBSCL',https://vnexpress.net/pho-thu-tuong-huy-dong-moi-nguon-luc-chong-sat-lo-cho-dbscl-4780272.html,1
"Đập vỡ kính ôtô, bắt tài xế quỳ sau va chạm giao thông",https://vnexpress.net/dap-vo-kinh-oto-bat-tai-xe-quy-sau-va-cham-giao-thong-4780281.html,1
Cầu Thủ Thiêm 4 sẽ có tĩnh không cố định 15 m,https://vnexpress.net/cau-thu-thiem-4-se-co-tinh-khong-co-dinh-15-m-4780267.html,1
Bò sữa chết sau tiêm vaccine ở Lâm Đồng tăng lên hơn 200 con,https://vnexpress.net/bo-sua-lam-dong-4780237.html,1
Miền Bắc mưa lớn cả tuần,https://vnexpress.net/mien-bac-mua-lon-ca-tuan-4780217.html,1
Thứ trưởng Nguyễn Thị Phương Hoa điều hành Bộ Tài nguyên và Môi trường,https://vnexpress.net/thu-truong-nguyen-thi-phuong-hoa-dieu-hanh-bo-tai-nguyen-va-moi-truong-4780206.html,1
Thai phụ và 2 cháu bé gặp nạn dưới hồ thủy điện,https://vnexpress.net/thai-phu-va-2-chau-be-gap-nan-duoi-ho-thuy-dien-4780202.html,1
Đại lộ 3.000 tỷ đồng ở Nghệ An trước ngày thông xe,https://vnexpress.net/dai-lo-3-000-ty-dong-o-nghe-an-truoc-ngay-thong-xe-4780050.html,1
TP HCM thông xe hầm chui 'giải cứu' kẹt xe cửa ngõ Tân Sơn Nhất,https://vnexpress.net/tp-hcm-thong-xe-ham-chui-giai-cuu-ket-xe-cua-ngo-tan-son-nhat-4780041.html,1
5 ôtô tông liên hoàn ở TP Vinh,https://vnexpress.net/5-oto-tong-lien-hoan-o-tp-vinh-4780038.html,1
Người đầu tiên cứu tài xế khỏi ôtô bốc cháy trên cầu Phú Mỹ,https://vnexpress.net/nguoi-dau-tien-cuu-tai-xe-khoi-oto-boc-chay-tren-cau-phu-my-4780014.html,1
Tăng trưởng vùng Đông Nam Bộ thấp hơn bình quân cả nước,https://vnexpress.net/tang-truong-vung-dong-nam-bo-thap-hon-binh-quan-ca-nuoc-4779995.html,1
Hiện trường sạt lở hai homestay ở Tà Xùa,https://vnexpress.net/hien-truong-sat-lo-hai-homestay-o-ta-xua-4779979.html,1
"Ôtô bán tải đâm hai xe máy, một người chết",https://vnexpress.net/oto-ban-tai-dam-hai-xe-may-mot-nguoi-chet-4779966.html,1
Điều tra tiền lương tại 3.400 doanh nghiệp,https://vnexpress.net/dieu-tra-tien-luong-tai-3-400-doanh-nghiep-4779917.html,1
Cháy chợ ở An Giang,https://vnexpress.net/chay-cho-o-an-giang-4779925.html,1
'Thủ tướng giao việc nhưng bộ chờ chủ trương thì hết nhiệm kỳ',https://vnexpress.net/thu-tuong-giao-viec-nhung-bo-cho-chu-truong-thi-het-nhiem-ky-4779921.html,1
"Sạt lở đất vùi lấp homestay ở Tà Xùa, một người chết",https://vnexpress.net/sat-lo-dat-vui-lap-homestay-o-ta-xua-mot-nguoi-chet-4779936.html,1
Cứu 5 người bị sóng biển cuốn,https://vnexpress.net/cuu-5-nguoi-bi-song-bien-cuon-4779939.html,1
"Sổ đỏ mới có hai trang, mã QR và hướng thửa đất",https://vnexpress.net/so-do-moi-co-hai-trang-ma-qr-va-huong-thua-dat-4779896.html,1
Thuê thợ lặn nhặt rác dưới rạn san hô Côn Đảo,https://vnexpress.net/san-ho-con-dao-4779707.html,1
Cựu binh gần 8 năm tình nguyện nhặt rác ở Hội An,https://vnexpress.net/cuu-binh-gan-8-nam-tinh-nguyen-nhat-rac-o-hoi-an-4779217.html,1
Hà Nội nắng nóng hơn 39 độ C,https://vnexpress.net/ha-noi-nang-nong-hon-39-do-c-4780082.html,1
'Hà Nội cần phát triển theo mô hình đô thị trung tâm và thành phố trong Thủ đô',https://vnexpress.net/ha-noi-can-phat-trien-theo-mo-hinh-do-thi-trung-tam-va-thanh-pho-trong-thu-do-4779792.html,1
Ông Nguyễn Xuân Ký thôi làm Chủ tịch HĐND tỉnh Quảng Ninh,https://vnexpress.net/ong-nguyen-xuan-ky-thoi-lam-chu-tich-hdnd-tinh-quang-ninh-4779803.html,1
Thủ tướng phân công thêm nhiệm vụ cho các Phó thủ tướng,https://vnexpress.net/thu-tuong-phan-cong-them-nhiem-vu-cho-cac-pho-thu-tuong-4779770.html,1
Trả lương hưu qua tài khoản cá nhân từ ngày 1/9,https://vnexpress.net/tra-luong-huu-qua-tai-khoan-ca-nhan-tu-ngay-1-9-4779603.html,1
Miền Bắc mưa lớn từ đêm 10/8,https://vnexpress.net/mien-bac-mua-lon-tu-dem-10-8-4779762.html,1
Đề xuất nối ray hai tuyến đường sắt Việt - Trung,https://vnexpress.net/de-xuat-noi-ray-hai-tuyen-duong-sat-viet-trung-4779670.html,1
Cháy lớn xưởng gỗ ở Đồng Nai,https://vnexpress.net/chay-lon-xuong-go-o-dong-nai-4779713.html,1
"Nhân chứng vụ sập xưởng bao bì: 'Chậm vài bước, tôi đã bị vùi lấp'",https://vnexpress.net/nhan-chung-vu-sap-xuong-bao-bi-cham-vai-buoc-toi-da-bi-vui-lap-4779629.html,1
Buổi tập dưỡng sinh định mệnh ở công viên Tao Đàn,https://vnexpress.net/buoi-tap-duong-sinh-dinh-menh-o-cong-vien-tao-dan-4779622.html,1
"Tổng Bí thư, Chủ tịch nước Tô Lâm: Cần tạo động lực phát triển kinh tế xã hội",https://vnexpress.net/tong-bi-thu-chu-tich-nuoc-to-lam-can-tao-dong-luc-phat-trien-kinh-te-xa-hoi-4779652.html,1
Bộ Chính trị khiển trách Ban thường vụ Tỉnh ủy An Giang hai nhiệm kỳ,https://vnexpress.net/bo-chinh-tri-khien-trach-ban-thuong-vu-tinh-uy-an-giang-hai-nhiem-ky-4779662.html,1
Hitachi bàn giao thiết bị để đào tạo nhân sự Metro số 1,https://vnexpress.net/hitachi-ban-giao-thiet-bi-de-dao-tao-nhan-su-metro-so-1-4779609.html,1
Hiện trường nhà xưởng sập khiến hai người tử vong,https://vnexpress.net/hien-truong-nha-xuong-sap-khien-hai-nguoi-tu-vong-4779607.html,1
Gần 100 cảnh sát cứu đám cháy kho linh kiện điện tử,https://vnexpress.net/gan-100-canh-sat-cuu-dam-chay-kho-linh-kien-dien-tu-4779604.html,1
Ra mắt thư viện thực tế ảo về phòng tránh tai nạn bom mìn,https://vnexpress.net/ra-mat-thu-vien-thuc-te-ao-ve-phong-tranh-tai-nan-bom-min-4779551.html,1
Tàu cá chở 11 ngư dân bị chìm,https://vnexpress.net/tau-ca-cho-11-ngu-dan-bi-chim-4779474.html,1
"Sập xưởng bao bì ở Ninh Bình, hai người tử vong",https://vnexpress.net/sap-xuong-bao-bi-o-ninh-binh-hai-nguoi-tu-vong-4779513.html,1
Nhánh cây rơi đè chết 2 người ở công viên Tao Đàn,https://vnexpress.net/nhanh-cay-roi-de-chet-2-nguoi-o-cong-vien-tao-dan-4779452.html,1
Hầm chui 'giải cứu' ùn tắc Tân Sơn Nhất trước ngày thông xe,https://vnexpress.net/ham-chui-giai-cuu-un-tac-tan-son-nhat-truoc-ngay-thong-xe-4779381.html,1
Đời giữ rừng Cần Giờ,https://vnexpress.net/doi-giu-rung-can-gio-4777103.html,1
Tài xế ôtô tải: 'Xe hỏng phanh khi đổ dốc cầu Phú Mỹ nên tôi bất lực',https://vnexpress.net/tai-xe-oto-tai-xe-hong-phanh-khi-do-doc-cau-phu-my-nen-toi-bat-luc-4779390.html,1
Người về hưu từ 1/7/2025 hưởng lương ra sao?,https://vnexpress.net/nguoi-ve-huu-tu-1-7-2025-huong-luong-ra-sao-4779278.html,1
Xuất khẩu lao động đem về cho Đồng Tháp 1.000 tỷ đồng mỗi năm,https://vnexpress.net/xuat-khau-lao-dong-dem-ve-cho-dong-thap-1-000-ty-dong-moi-nam-4779560.html,1
Kiến nghị không thu hồi chứng chỉ nghề với đăng kiểm viên bị án treo,https://vnexpress.net/kien-nghi-khong-thu-hoi-chung-chi-nghe-voi-dang-kiem-vien-bi-an-treo-4779342.html,1
Đề xuất sinh viên được làm thêm 24 tiếng mỗi tuần,https://vnexpress.net/de-xuat-sinh-vien-duoc-lam-them-24-tieng-moi-tuan-4779142.html,1
Cấm ôtô qua cầu Rạch Miễu trong 3 ngày để thử tải,https://vnexpress.net/cam-oto-qua-cau-rach-mieu-trong-3-ngay-de-thu-tai-4779324.html,1
Thủ tướng yêu cầu tăng tốc để hoàn thành 1.200 km cao tốc năm 2025,https://vnexpress.net/thu-tuong-yeu-cau-tang-toc-de-hoan-thanh-1-200-km-cao-toc-nam-2025-4779214.html,1
Hiện trường 8 ôtô đâm liên hoàn trên cầu Phú Mỹ,https://vnexpress.net/hien-truong-8-oto-dam-lien-hoan-tren-cau-phu-my-4779272.html,1
"Đề nghị xem xét, kỷ luật ông Lê Minh Khái và nhiều cán bộ",https://vnexpress.net/de-nghi-xem-xet-ky-luat-ong-le-minh-khai-va-nhieu-can-bo-4779241.html,1
"8 xe đâm liên hoàn, ôtô bốc cháy trên cầu Phú Mỹ",https://vnexpress.net/8-xe-dam-lien-hoan-oto-boc-chay-tren-cau-phu-my-4779246.html,1
Long Thành dự kiến đón chuyến bay thương mại từ 2/9/2026,https://vnexpress.net/long-thanh-du-kien-don-chuyen-bay-thuong-mai-tu-2-9-2026-4779173.html,1
Đá lăn đè chết tài xế,https://vnexpress.net/da-lan-de-chet-tai-xe-4779177.html,1
Thiếu tướng Vũ Hồng Văn giữ chức Phó chủ nhiệm Ủy ban Kiểm tra Trung ương,https://vnexpress.net/thieu-tuong-vu-hong-van-giu-chuc-pho-chu-nhiem-uy-ban-kiem-tra-trung-uong-4779168.html,1
Sạt lở đèo nối Bình Thuận - Lâm Đồng,https://vnexpress.net/sat-lo-deo-noi-binh-thuan-lam-dong-4779156.html,1
Hải Phòng dự kiến lắp camera 33 điểm phạt nguội,https://vnexpress.net/hai-phong-du-kien-lap-camera-33-diem-phat-nguoi-4779042.html,1
Cục CSGT: Sẽ tiếp tục nghiên cứu đề xuất giảm tiền phạt nồng độ cồn,https://vnexpress.net/cuc-csgt-se-tiep-tuc-nghien-cuu-de-xuat-giam-tien-phat-nong-do-con-4779124.html,1
Xưởng gỗ 13.000 m2 ở Đồng Nai tan hoang sau vụ cháy,https://vnexpress.net/xuong-go-13-000-m2-o-dong-nai-tan-hoang-sau-vu-chay-4778991.html,1
Tàu điện Nhổn - ga Hà Nội bắt đầu chạy thương mại,https://vnexpress.net/tau-dien-nhon-ga-ha-noi-bat-dau-chay-thuong-mai-4778925.html,1
Hiện trạng biển Bãi Sau TP Vũng Tàu trước khi chỉnh trang,https://vnexpress.net/hien-trang-bien-bai-sau-tp-vung-tau-truoc-khi-chinh-trang-4778347.html,1
Lăng vua Tự Đức được trùng tu,https://vnexpress.net/lang-vua-tu-duc-duoc-trung-tu-4778840.html,1
Đường hỏng không thể sửa do nhà thầu vỡ nợ,https://vnexpress.net/duong-hong-khong-the-sua-do-nha-thau-vo-no-4778729.html,1
Cầu vượt biển dài nhất Trung Trung Bộ sau 30 tháng thi công,https://vnexpress.net/cau-vuot-bien-dai-nhat-trung-trung-bo-sau-30-thang-thi-cong-4778646.html,1
Ôtô tải lao xuống ruộng sau tai nạn,https://vnexpress.net/oto-tai-lao-xuong-ruong-sau-tai-nan-4779303.html,1
Cháy lớn công ty sản xuất đồ gỗ hơn 13.000 m2 ở Đồng Nai,https://vnexpress.net/chay-lon-cong-ty-san-xuat-do-go-hon-13-000-m2-o-dong-nai-4778931.html,1
Hoàn thành tu bổ di tích Trường dạy làm báo Huỳnh Thúc Kháng,https://vnexpress.net/hoan-thanh-tu-bo-di-tich-truong-day-lam-bao-huynh-thuc-khang-4778714.html,1
Vé metro Nhổn - ga Hà Nội 12.000 đồng một lượt,https://vnexpress.net/ve-metro-nhon-ga-ha-noi-12-000-dong-mot-luot-4778764.html,1
Bạc Liêu công bố sạt lở đê biển khẩn cấp,https://vnexpress.net/bac-lieu-cong-bo-sat-lo-de-bien-khan-cap-4778883.html,1
Tàu SE2 trật bánh khỏi đường ray khi qua Thừa Thiên Huế,https://vnexpress.net/tau-se2-trat-banh-khoi-duong-ray-khi-qua-thua-thien-hue-4778898.html,1
"5 ôtô va chạm, vành đai 3 trên cao tê liệt",https://vnexpress.net/5-oto-va-cham-vanh-dai-3-tren-cao-te-liet-4778893.html,1
Lái phà bị tàu hàng tông: 'Kéo hết ga để lùi nhưng không kịp tránh',https://vnexpress.net/lai-pha-bi-tau-hang-tong-keo-het-ga-de-lui-nhung-khong-kip-tranh-4778857.html,1
5.400 m3 đất tràn xuống quốc lộ qua Lào Cai,https://vnexpress.net/5-400-m3-dat-tran-xuong-quoc-lo-qua-lao-cai-4778829.html,1
"68 bò sữa chết bất thường, nghi do tiêm vaccine",https://vnexpress.net/bo-chet-o-lam-dong-4778827.html,1
Metro Nhổn - ga Hà Nội trước ngày vận hành thương mại đoạn trên cao,https://vnexpress.net/metro-nhon-ga-ha-noi-truoc-ngay-van-hanh-thuong-mai-doan-tren-cao-4778768.html,1
Phà bị tàu hàng đâm không được phép chở ôtô,https://vnexpress.net/pha-bi-tau-hang-dam-khong-duoc-phep-cho-oto-4778750.html,1
Ôtô khách suýt lao xuống sông Lam,https://vnexpress.net/oto-khach-suyt-lao-xuong-song-lam-4778638.html,1
"Ôtô tải gây tai nạn liên hoàn, ba người chết",https://vnexpress.net/ba-oto-tong-lien-hoan-hai-nguoi-chet-4778557.html,1
Lý do kế hoạch cải tạo nhà trọ ở TP HCM nhiều lần 'phá sản',https://vnexpress.net/ly-do-ke-hoach-cai-tao-nha-tro-o-tp-hcm-nhieu-lan-pha-san-4778114.html,1
Đề xuất mở rộng diện đóng bảo hiểm thất nghiệp,https://vnexpress.net/de-xuat-mo-rong-dien-dong-bao-hiem-that-nghiep-4778454.html,1
"Tổng Bí thư, Chủ tịch nước Tô Lâm yêu cầu sớm kiện toàn chức danh lãnh đạo",https://vnexpress.net/tong-bi-thu-chu-tich-nuoc-to-lam-yeu-cau-som-kien-toan-chuc-danh-lanh-dao-4778518.html,1
"Nhà dân, xưởng gỗ thiệt hại sau xả lũ thủy điện Thác Bà",https://vnexpress.net/nha-dan-xuong-go-thiet-hai-sau-xa-lu-thuy-dien-thac-ba-4778464.html,1
"Thường vụ Quốc hội chuẩn bị chất vấn nhiều bộ trưởng, trưởng ngành",https://vnexpress.net/thuong-vu-quoc-hoi-chuan-bi-chat-van-nhieu-bo-truong-truong-nganh-4778508.html,1
Vận hành thương mại đoạn trên cao metro Nhổn - ga Hà Nội từ ngày 8/8,https://vnexpress.net/van-hanh-thuong-mai-doan-tren-cao-metro-nhon-ga-ha-noi-tu-ngay-8-8-4778499.html,1
Đà Nẵng rà soát vị trí xây dựng khu thương mại tự do,https://vnexpress.net/da-nang-ra-soat-vi-tri-xay-dung-khu-thuong-mai-tu-do-4778500.html,1
Kỳ nghỉ dịp Quốc khánh kéo dài 4 ngày,https://vnexpress.net/ky-nghi-dip-quoc-khanh-keo-dai-4-ngay-4778469.html,1
Đề xuất giảm phạt tiền với người đi xe đạp vi phạm nồng độ cồn,https://vnexpress.net/de-xuat-giam-phat-tien-voi-nguoi-di-xe-dap-vi-pham-nong-do-con-4778478.html,1
38 lô đất trên đại lộ ven biển bị lấn chiếm,https://vnexpress.net/38-lo-dat-tren-dai-lo-ven-bien-bi-lan-chiem-4778421.html,1
Tàu hàng đâm phà chở khách trên sông Vàm Nao,https://vnexpress.net/tau-hang-dam-pha-cho-khach-tren-song-vam-nao-4778468.html,1
Đà Nẵng tháo gỡ vướng mắc về đất đai,https://vnexpress.net/da-nang-thao-go-vuong-mac-ve-dat-dai-4778394.html,1
Việt Nam mong muốn tăng cường hợp tác công nghiệp quốc phòng với Nhật Bản,https://vnexpress.net/viet-nam-mong-muon-tang-cuong-hop-tac-cong-nghiep-quoc-phong-voi-nhat-ban-4778330.html,1
Sơn La có tân Bí thư Tỉnh ủy,https://vnexpress.net/son-la-co-tan-bi-thu-tinh-uy-4778399.html,1
1.700 tỷ đồng hoàn thiện nút giao lớn nhất Vành đai 3 TP HCM,https://vnexpress.net/1-700-ty-dong-hoan-thien-nut-giao-lon-nhat-vanh-dai-3-tp-hcm-4778346.html,1
Giải bài toán ngập lụt ở ngoại thành Hà Nội,https://vnexpress.net/giai-bai-toan-ngap-lut-o-ngoai-thanh-ha-noi-4778105.html,1
"TP HCM mở rộng thi tuyển lãnh đạo sở, ngành",https://vnexpress.net/tp-hcm-mo-rong-thi-tuyen-lanh-dao-so-nganh-4778326.html,1
Đề xuất hai nội dung kiểm tra để phục hồi điểm bằng lái xe,https://vnexpress.net/de-xuat-hai-noi-dung-kiem-tra-de-phuc-hoi-diem-bang-lai-xe-4778298.html,1
Chuyên gia Nhật Bản: Chùa Cầu đã phục hồi trạng thái vững chắc,https://vnexpress.net/chuyen-gia-nhat-ban-chua-cau-da-phuc-hoi-trang-thai-vung-chac-4778262.html,1
Thủy điện Hòa Bình mở cửa xả thứ 4,https://vnexpress.net/thuy-dien-hoa-binh-mo-cua-xa-thu-4-4778211.html,1
Ôtô khách biến dạng sau khi tông xe tải,https://vnexpress.net/oto-khach-bien-dang-sau-khi-tong-xe-tai-4778236.html,1
10 phút vật lộn giữa sông cứu người của chiến sĩ biên phòng,https://vnexpress.net/10-phut-vat-lon-giua-song-cuu-nguoi-cua-chien-si-bien-phong-4778048.html,1
Loạt chính sách giúp TP HCM giải tỏa hàng chục nghìn nhà ven kênh,https://vnexpress.net/loat-chinh-sach-giup-tp-hcm-giai-toa-hang-chuc-nghin-nha-ven-kenh-4777687.html,1
"Băng sang đường, người phụ nữ bị xe tải tông tử vong",https://vnexpress.net/bang-sang-duong-nguoi-phu-nu-bi-xe-tai-tong-tu-vong-4778103.html,1
Đường hơn 3.500 tỷ đồng đi sân bay Thọ Xuân ngưng trệ,https://vnexpress.net/duong-hon-3-500-ty-dong-di-san-bay-tho-xuan-ngung-tre-4777770.html,1
"Thủy điện Hòa Bình, Thác Bà mở thêm cửa xả",https://vnexpress.net/thuy-dien-hoa-binh-thac-ba-mo-them-cua-xa-4777902.html,1
Lương hưu khu vực nhà nước tính toàn bộ quá trình với người đóng từ 1/1/2025,https://vnexpress.net/luong-huu-khu-vuc-nha-nuoc-tinh-toan-bo-qua-trinh-voi-nguoi-dong-tu-1-1-2025-4777843.html,1
Đề xuất 10 nhóm được ưu tiên vay vốn tạo việc làm,https://vnexpress.net/de-xuat-10-nhom-duoc-uu-tien-vay-von-tao-viec-lam-4777784.html,1
Thủ tướng: 'Tăng lương nhưng lạm phát không đáng kể',https://vnexpress.net/thu-tuong-tang-luong-nhung-lam-phat-khong-dang-ke-4777826.html,1
"Nổ lò hơi, hai người chết",https://vnexpress.net/no-lo-hoi-hai-nguoi-chet-4777836.html,1
Sạt lở vùi lấp ba người ở Hà Giang,https://vnexpress.net/sat-lo-vui-lap-ba-nguoi-o-ha-giang-4777751.html,1
Sương mù bao phủ nhiều tỉnh miền Tây,https://vnexpress.net/suong-mu-bao-phu-nhieu-tinh-mien-tay-4777802.html,1
"Công nhân xoay xở trong nhà trọ nhỏ, giá rẻ ở TP HCM",https://vnexpress.net/cong-nhan-xoay-xo-trong-nha-tro-nho-gia-re-o-tp-hcm-4777332.html,1
Đường băng sân bay Côn Đảo có thể được mở rộng,https://vnexpress.net/duong-bang-san-bay-con-dao-co-the-duoc-mo-rong-4777676.html,1
Người dân ngoại thành Hà Nội về nhà sau lũ,https://vnexpress.net/nguoi-dan-ngoai-thanh-ha-noi-ve-nha-sau-lu-4777658.html,1
"Tổng Bí thư, Chủ tịch nước Tô Lâm: Tập trung tháo gỡ vướng mắc về thể chế",https://vnexpress.net/tong-bi-thu-chu-tich-nuoc-to-lam-tap-trung-thao-go-vuong-mac-ve-the-che-4777596.html,1
"Miền Bắc giảm mưa, chuyển nắng nóng",https://vnexpress.net/mien-bac-giam-mua-chuyen-nang-nong-4777614.html,1
Khoảng 4-6 cơn bão sẽ ảnh hưởng đến Việt Nam,https://vnexpress.net/khoang-4-6-con-bao-se-anh-huong-den-viet-nam-4777608.html,1
Sạt lở đất vùi lấp vợ chồng ở Lạng Sơn,https://vnexpress.net/sat-lo-dat-vui-lap-vo-chong-o-lang-son-4777589.html,1
"Tài xế không bằng lái, chạy ôtô ngược chiều trên cao tốc",https://vnexpress.net/tai-xe-khong-bang-lai-chay-oto-nguoc-chieu-tren-cao-toc-4777585.html,1
Đề xuất đầu tư 8.100 tỷ đồng xóa giao cắt đường sắt với quốc lộ,https://vnexpress.net/de-xuat-dau-tu-8-100-ty-dong-xoa-giao-cat-duong-sat-voi-quoc-lo-4777574.html,1
"Xây dựng cơ sở dữ liệu dùng chung về phương tiện, người lái xe, vi phạm",https://vnexpress.net/xay-dung-co-so-du-lieu-dung-chung-ve-phuong-tien-nguoi-lai-xe-vi-pham-4777283.html,1
"4 cầu, hầm chui ở TP HCM sắp thông xe",https://vnexpress.net/4-cau-ham-chui-o-tp-hcm-sap-thong-xe-4777425.html,1
Cây xanh bật gốc đè trúng người đi đường ở TP HCM,https://vnexpress.net/cay-xanh-bat-goc-de-trung-nguoi-di-duong-o-tp-hcm-4777486.html,1
Khánh thành trùng tu Chùa Cầu,https://vnexpress.net/khanh-thanh-trung-tu-chua-cau-4777443.html,1
Đề xuất tăng quyền lợi cho người dân khi thu hồi đất làm dự án,https://vnexpress.net/de-xuat-tang-quyen-loi-cho-nguoi-dan-khi-thu-hoi-dat-lam-du-an-4777391.html,1
"Trung ương cho thôi chức một bí thư, 3 ủy viên",https://vnexpress.net/trung-uong-cho-thoi-chuc-mot-bi-thu-3-uy-vien-4776985.html,1
Hơn 191.000 người sẽ bị ảnh hưởng sau sáp nhập xã phường,https://vnexpress.net/hon-191-000-nguoi-se-bi-anh-huong-sau-sap-nhap-xa-phuong-4777322.html,1
Tổng Bí thư Tô Lâm: Cuộc chiến chống tham nhũng sẽ không ngừng nghỉ,https://vnexpress.net/tong-bi-thu-to-lam-cuoc-chien-chong-tham-nhung-se-khong-ngung-nghi-4777266.html,1
Gần 9.000 tỷ đồng xây cao tốc Dầu Giây - Tân Phú,https://vnexpress.net/gan-9-000-ty-dong-xay-cao-toc-dau-giay-tan-phu-4777310.html,1
Cá voi xuất hiện gần Gành Đá Đĩa,https://vnexpress.net/ca-voi-xuat-hien-gan-ganh-da-dia-4777343.html,1
Tổng Bí thư Tô Lâm: 'Nhân dân là trung tâm công cuộc đổi mới',https://vnexpress.net/tong-bi-thu-to-lam-nhan-dan-la-trung-tam-cong-cuoc-doi-moi-4777347.html,1
8 ôtô tông nhau trên cao tốc TP HCM - Trung Lương,https://vnexpress.net/8-oto-tong-nhau-tren-cao-toc-tp-hcm-trung-luong-4777316.html,1
Đoạn trên cao metro Nhổn - ga Hà Nội đủ điều kiện vận hành,https://vnexpress.net/doan-tren-cao-metro-nhon-ga-ha-noi-du-dieu-kien-van-hanh-4777331.html,1
Cứu 3 người kẹt trong căn nhà cháy ở TP Vũng Tàu,https://vnexpress.net/chay-nha-o-duong-nam-ky-khoi-nghia-vung-tau-4777294.html,1
Chủ tịch nước Tô Lâm làm Tổng Bí thư,https://vnexpress.net/chu-tich-nuoc-to-lam-lam-tong-bi-thu-4777008.html,1
Khai mạc hội nghị Ban Chấp hành Trung ương khóa 13,https://vnexpress.net/khai-mac-hoi-nghi-ban-chap-hanh-trung-uong-khoa-13-4777263.html,1
TP HCM không cho tăng trợ giá buýt điện,https://vnexpress.net/tp-hcm-khong-cho-tang-tro-gia-buyt-dien-4777146.html,1
Đề xuất giảm tiền phạt với vi phạm nồng độ cồn,https://vnexpress.net/de-xuat-giam-tien-phat-voi-vi-pham-nong-do-con-4776981.html,1
Ôtô tông liên hoàn 6 xe máy,https://vnexpress.net/oto-tong-lien-hoan-6-xe-may-4777179.html,1
Ôtô cháy trong hầm Thủ Thiêm,https://vnexpress.net/oto-chay-trong-ham-thu-thiem-4777171.html,1
Hai tháng mưa lũ bất thường ở miền Bắc,https://vnexpress.net/hai-thang-mua-lu-bat-thuong-o-mien-bac-4776198.html,1
Đứt gãy quốc lộ 279 qua Lai Châu,https://vnexpress.net/dut-gay-quoc-lo-279-qua-lai-chau-4777125.html,1
"Đứt cáp thang, 6 công nhân rơi từ độ cao 20 m",https://vnexpress.net/dut-cap-thang-6-cong-nhan-roi-tu-do-cao-20-m-4777111.html,1
Giá vé các đường bay nội địa giảm nhiệt,https://vnexpress.net/gia-ve-cac-duong-bay-noi-dia-giam-nhiet-4777069.html,1
Trung tâm triển lãm 800 tỷ đồng ở Thủ Thiêm hoàn thành năm 2025,https://vnexpress.net/trung-tam-trien-lam-800-ty-dong-o-thu-thiem-hoan-thanh-nam-2025-4777017.html,1
Xây tường cao 2 m chống ngập cao tốc Dầu Giây - Phan Thiết,https://vnexpress.net/xay-tuong-cao-2-m-chong-ngap-cao-toc-dau-giay-phan-thiet-4777025.html,1
TP HCM mở rộng đường cửa ngõ kết nối Bình Dương,https://vnexpress.net/tp-hcm-mo-rong-duong-cua-ngo-ket-noi-binh-duong-4777027.html,1
Gần 200 hành vi có thể bị trừ điểm giấy phép lái xe,https://vnexpress.net/gan-200-hanh-vi-co-the-bi-tru-diem-giay-phep-lai-xe-4776932.html,1
Ba hồ thủy điện lớn mở 7 cửa xả,https://vnexpress.net/ba-ho-thuy-dien-lon-mo-7-cua-xa-4776922.html,1
Thanh Hóa làm cầu vượt đường sắt gần 650 tỷ đồng,https://vnexpress.net/thanh-hoa-lam-cau-vuot-duong-sat-gan-650-ty-dong-4776931.html,1
"Lốc xoáy đánh lật tàu ở Phú Quý, 6 người gặp nạn",https://vnexpress.net/loc-xoay-danh-lat-tau-o-phu-quy-6-nguoi-gap-nan-4776942.html,1
Cuộc sống ở vùng lũ của Thủ đô,https://vnexpress.net/cuoc-song-o-vung-lu-cua-thu-do-4776815.html,1
Ôtô tông chết 3 người trong gia đình,https://vnexpress.net/oto-tong-chet-3-nguoi-trong-gia-dinh-4776927.html,1
Quảng Ngãi có tân chủ tịch UBND tỉnh,https://vnexpress.net/quang-ngai-co-tan-chu-tich-ubnd-tinh-4776837.html,1
Viện Vật lý địa cầu tập huấn người dân vùng động đất,https://vnexpress.net/vien-vat-ly-dia-cau-tap-huan-nguoi-dan-vung-dong-dat-4776787.html,1
Hai dự án lớn ở TP HCM tăng 10.000 tỷ đồng khi áp giá đất mới,https://vnexpress.net/hai-du-an-lon-o-tp-hcm-tang-10-000-ty-dong-khi-ap-gia-dat-moi-4776735.html,1
Xây kè ngăn sạt lở bờ sông Cầu,https://vnexpress.net/xay-ke-ngan-sat-lo-bo-song-cau-4776689.html,1
Tặng sâm Ngọc Linh giúp người nghèo xóa nhà tạm,https://vnexpress.net/tang-sam-ngoc-linh-giup-nguoi-ngheo-xoa-nha-tam-4776570.html,1
Việt Nam sẽ giúp Timor Leste đảm bảo an ninh lương thực,https://vnexpress.net/viet-nam-se-giup-timor-leste-dam-bao-an-ninh-luong-thuc-4776589.html,1
Đường kết nối cao tốc ở Bình Thuận đình trệ do vướng mỏ titan,https://vnexpress.net/duong-ket-noi-cao-toc-o-binh-thuan-dinh-tre-do-vuong-mo-titan-4774193.html,1
"Sập trụ ăng ten Đài truyền hình Kiên Giang, 3 người bị thương",https://vnexpress.net/sap-tru-ang-ten-dai-truyen-hinh-kien-giang-3-nguoi-bi-thuong-4776590.html,1
"3 người chết, nhiều tuyến đê ở Hà Nội gặp sự cố do mưa lũ",https://vnexpress.net/3-nguoi-chet-nhieu-tuyen-de-o-ha-noi-gap-su-co-do-mua-lu-4776552.html,1
"Mưa lớn gây sạt lở, chia cắt nhiều quốc lộ phía Bắc",https://vnexpress.net/mua-lon-gay-sat-lo-chia-cat-nhieu-quoc-lo-phia-bac-4776492.html,1
Cứu thanh niên rơi xuống vực đèo Prenn,https://vnexpress.net/cuu-thanh-nien-roi-xuong-vuc-deo-prenn-4776413.html,1
Những thách thức khi trùng tu Chùa Cầu,https://vnexpress.net/nhung-thach-thuc-khi-trung-tu-chua-cau-4776236.html,1
Bảo tàng Trường Sa có kiến trúc hướng về Biển Đông,https://vnexpress.net/bao-tang-truong-sa-co-kien-truc-huong-ve-bien-dong-4776299.html,1
Chính sách nổi bật có hiệu lực từ tháng 8,https://vnexpress.net/chinh-sach-noi-bat-co-hieu-luc-tu-thang-8-4776014.html,1
Chó dại tấn công 3 người ở Hà Nội,https://vnexpress.net/cho-dai-tan-cong-3-nguoi-o-ha-noi-4776332.html,1
8 nhân viên ngân hàng nghi ngộ độc khí CO,https://vnexpress.net/8-nhan-vien-ngan-hang-nghi-ngo-doc-khi-co-4776304.html,1
Khai quật 700 hiện vật ở phế tích nhà Tây Sơn từng làm căn cứ quân sự,https://vnexpress.net/khai-quat-700-hien-vat-o-phe-tich-nha-tay-son-tung-lam-can-cu-quan-su-4776267.html,1
Giếng khoan cạn khô bỗng phun nước cao 30 m,https://vnexpress.net/gieng-khoan-can-kho-bong-phun-nuoc-cao-30-m-4776282.html,1
"Bắc Ninh có tân Chủ tịch HĐND, UBND tỉnh",https://vnexpress.net/bac-ninh-co-tan-chu-tich-hdnd-ubnd-tinh-4776051.html,1
Chủ tịch nước Tô Lâm: Tiếp tục đẩy mạnh cải cách tư pháp,https://vnexpress.net/chu-tich-nuoc-to-lam-tiep-tuc-day-manh-cai-cach-tu-phap-4776199.html,1
Việt Nam được xuất khẩu khỉ qua Trung Quốc,https://vnexpress.net/viet-nam-duoc-xuat-khau-khi-qua-trung-quoc-4776175.html,1
Đề xuất 13.000 tỷ đồng xây hai nút giao lớn nhất Đồng Nai,https://vnexpress.net/de-xuat-13-000-ty-dong-xay-hai-nut-giao-lon-nhat-dong-nai-4776118.html,1
Kiến nghị xử lý việc lợi dụng hình xăm để trốn nghĩa vụ,https://vnexpress.net/kien-nghi-xu-ly-viec-loi-dung-hinh-xam-de-tron-nghia-vu-4776070.html,1
Cao tốc Lộ Tẻ - Rạch Sỏi dày đặc ổ gà,https://vnexpress.net/cao-toc-lo-te-rach-soi-day-dac-o-ga-4775917.html,1
12 cao tốc do nhà nước đầu tư sắp thu phí,https://vnexpress.net/12-cao-toc-do-nha-nuoc-dau-tu-sap-thu-phi-4775969.html,1
Pin dự phòng điện thoại bốc cháy ở sân bay Tân Sơn Nhất,https://vnexpress.net/pin-du-phong-dien-thoai-boc-chay-o-san-bay-tan-son-nhat-4776116.html,1
Ông Trần Duy Đông được bầu làm Chủ tịch UBND tỉnh Vĩnh Phúc,https://vnexpress.net/ong-tran-duy-dong-duoc-bau-lam-chu-tich-ubnd-tinh-vinh-phuc-4776031.html,1
Thứ trưởng Bộ Khoa học và Công nghệ làm Phó bí thư Quảng Ngãi,https://vnexpress.net/thu-truong-bo-khoa-hoc-va-cong-nghe-lam-pho-bi-thu-quang-ngai-4775892.html,1
Cầu rút ngắn quãng đường 10 km còn 500 m ở TP HCM sắp thông xe,https://vnexpress.net/cau-rut-ngan-quang-duong-10-km-con-500-m-o-tp-hcm-sap-thong-xe-4775711.html,1
"Quét vôi lại, giảm độ sáng hông Chùa Cầu",https://vnexpress.net/quet-voi-lai-giam-do-sang-hong-chua-cau-4775904.html,1
Hai người tử vong dưới kênh thủy lợi,https://vnexpress.net/hai-nguoi-tu-vong-duoi-kenh-thuy-loi-4775912.html,1
Nhà tạm cư ở Hải Phòng xuống cấp,https://vnexpress.net/nha-tam-cu-o-hai-phong-xuong-cap-4775335.html,1
"Kiếm tiền tỷ từ tôm, cua sinh thái",https://vnexpress.net/kiem-tien-ty-tu-tom-cua-sinh-thai-4774140.html,1
"5 người chết do mưa lũ, sạt lở đất",https://vnexpress.net/5-nguoi-chet-do-mua-lu-sat-lo-dat-4775870.html,1
Phó thủ tướng Lê Thành Long kiểm tra vùng ngập lũ ở Hà Nội,https://vnexpress.net/pho-thu-tuong-le-thanh-long-kiem-tra-vung-ngap-lu-o-ha-noi-4775847.html,1
Giám đốc Trung tâm xúc tiến đầu tư Bình Phước bị đề nghị kỷ luật,https://vnexpress.net/giam-doc-trung-tam-xuc-tien-dau-tu-binh-phuoc-bi-de-nghi-ky-luat-4775865.html,1
'Động đất ở Kon Tum do tích nén năng lượng nhiều năm trong lòng đất',https://vnexpress.net/dong-dat-o-kon-tum-do-tich-nen-nang-luong-nhieu-nam-trong-long-dat-4775128.html,1
Công chức Đà Nẵng được hỗ trợ 25 tỷ đồng sau sắp xếp xã phường,https://vnexpress.net/cong-chuc-da-nang-duoc-ho-tro-25-ty-dong-sau-sap-xep-xa-phuong-4775813.html,1
4 tàu neo trong cảng cháy ngùn ngụt,https://vnexpress.net/4-tau-neo-trong-cang-chay-ngun-ngut-4775838.html,1
Tỷ lệ hưởng lương hưu của lao động nam tối thiểu 40%,https://vnexpress.net/ty-le-huong-luong-huu-cua-lao-dong-nam-toi-thieu-40-4775800.html,1
Công binh Việt Nam giúp trẻ em châu Phi có lớp học kiên cố,https://vnexpress.net/cong-binh-viet-nam-giup-tre-em-chau-phi-co-lop-hoc-kien-co-4775776.html,1
Thanh Hóa sẽ làm đường vành đai gần 10.000 tỷ đồng,https://vnexpress.net/thanh-hoa-se-lam-duong-vanh-dai-gan-10-000-ty-dong-4775652.html,1
Thi công thủy điện Cam Ly Đà Lạt gây sạt lở,https://vnexpress.net/thuy-dien-cam-ly-da-lat-4775680.html,1
Bình Định muốn xây đường băng số 2 sân bay Phù Cát,https://vnexpress.net/binh-dinh-muon-xay-duong-bang-so-2-san-bay-phu-cat-4775621.html,1
Trao quyết định điều động Phó bí thư Tỉnh ủy Vĩnh Phúc,https://vnexpress.net/trao-quyet-dinh-dieu-dong-pho-bi-thu-tinh-uy-vinh-phuc-4775589.html,1
TP Hạ Long ngập sau mưa lớn,https://vnexpress.net/tp-ha-long-ngap-sau-mua-lon-4775485.html,1
Metro Nhổn - ga Hà Nội bắt đầu thi công 4 km ngầm,https://vnexpress.net/metro-nhon-ga-ha-noi-bat-dau-thi-cong-4-km-ngam-4775486.html,1
Xưởng bao bì hàng nghìn m2 ở Hòa Bình bốc cháy,https://vnexpress.net/xuong-bao-bi-hang-nghin-m2-o-hoa-binh-boc-chay-4775425.html,1
"Sập hầm lò, 5 công nhân tử vong",https://vnexpress.net/sap-ham-lo-5-cong-nhan-tu-vong-4775465.html,1
20 năm chưa mở rộng xong 3 km đường cửa ngõ Tân Sơn Nhất,https://vnexpress.net/20-nam-chua-mo-rong-xong-3-km-duong-cua-ngo-tan-son-nhat-4774901.html,1
Kho chứa nhang trầm 300 m2 bị thiêu rụi,https://vnexpress.net/kho-chua-nhang-tram-300-m2-bi-thieu-rui-4775430.html,1
Cầu xây xong chờ đường dẫn,https://vnexpress.net/cau-xay-xong-cho-duong-dan-4775362.html,1
Hơn 3.600 đoàn quốc tế viếng Tổng Bí thư Nguyễn Phú Trọng,https://vnexpress.net/hon-3-600-doan-quoc-te-vieng-tong-bi-thu-nguyen-phu-trong-4775420.html,1
Tổng thống Timor Leste sắp thăm Việt Nam,https://vnexpress.net/tong-thong-timor-leste-sap-tham-viet-nam-4775390.html,1
Bí thư Hà Nội yêu cầu di dời hàng nghìn dân vùng ngập lụt,https://vnexpress.net/bi-thu-ha-noi-yeu-cau-di-doi-hang-nghin-dan-vung-ngap-lut-4775323.html,1
Đường sắt từng đề nghị lập gác chắn hẻm ôtô bị tàu tông ở Biên Hòa,https://vnexpress.net/duong-sat-tung-de-nghi-lap-gac-chan-hem-oto-bi-tau-tong-o-bien-hoa-4775218.html,1
Chùa Cầu trước và sau trùng tu,https://vnexpress.net/chua-cau-truoc-va-sau-trung-tu-4775150.html,1
Hiện trạng 26 biệt thự phải tháo dỡ ở khu du lịch Măng Đen,https://vnexpress.net/hien-trang-26-biet-thu-phai-thao-do-o-khu-du-lich-mang-den-4774654.html,1
Hai đoạn đường ở Đăk Nông bị sụt lún,https://vnexpress.net/hai-doan-duong-o-dak-nong-bi-sut-lun-4775137.html,1
Hàng nghìn hộ dân ngoại thành Hà Nội sống chung với lũ,https://vnexpress.net/hang-nghin-ho-dan-ngoai-thanh-ha-noi-song-chung-voi-lu-4774997.html,1
Đề xuất nâng lương trước niên hạn cho sĩ quan hoàn thành tốt nhiệm vụ gìn giữ hòa bình,https://vnexpress.net/de-xuat-nang-luong-truoc-nien-han-cho-si-quan-hoan-thanh-tot-nhiem-vu-gin-giu-hoa-binh-4774859.html,1
Tình nguyện đỡ đẻ ở vùng cao,https://vnexpress.net/tinh-nguyen-do-de-o-vung-cao-4772942.html,1
"Tàu hỏa va chạm ôtô ở TP Biên Hòa, hai người chết",https://vnexpress.net/tau-hoa-va-cham-oto-o-tp-bien-hoa-hai-nguoi-chet-4774992.html,1
Kon Tum xảy ra 21 trận động đất một ngày,https://vnexpress.net/kon-tum-xay-ra-21-tran-dong-dat-mot-ngay-4774988.html,1
"Diễn tập ứng phó sự cố bức xạ, hạt nhân",https://vnexpress.net/dien-tap-ung-pho-su-co-buc-xa-hat-nhan-4774947.html,1
Hai toa tàu trật bánh dưới chân đèo Hải Vân,https://vnexpress.net/hai-toa-tau-trat-banh-duoi-chan-deo-hai-van-4774952.html,1
Hành khách tung tin có lựu đạn bị cấm bay một năm,https://vnexpress.net/hanh-khach-tung-tin-co-luu-dan-bi-cam-bay-mot-nam-4774934.html,1
Miền Bắc sẽ có nơi mưa trên 300 mm,https://vnexpress.net/mien-bac-se-co-noi-mua-tren-300-mm-4774933.html,1
Đèo Prenn cửa ngõ Đà Lạt bị rạn nứt mặt đường,https://vnexpress.net/deo-prenn-da-lat-4774912.html,1
Đắp đê ngăn lụt ở ngoại thành Hà Nội,https://vnexpress.net/dap-de-ngan-lut-o-ngoai-thanh-ha-noi-4774881.html,1
"Động đất rung lắc nhiều tỉnh miền Trung, Tây Nguyên",https://vnexpress.net/dong-dat-rung-lac-nhieu-tinh-mien-trung-tay-nguyen-4774889.html,1
Ghe tàu gặp khó vì lục bình phủ kín kênh rạch miền Tây,https://vnexpress.net/ghe-tau-gap-kho-vi-luc-binh-phu-kin-kenh-rach-mien-tay-4774521.html,1
Mẹ Việt Nam anh hùng 103 tuổi mong tìm thấy hài cốt con,https://vnexpress.net/me-viet-nam-anh-hung-103-tuoi-mong-tim-thay-hai-cot-con-4774409.html,1
Hàng chục nhà dân nứt toác vì công trình chống ngập,https://vnexpress.net/hang-chuc-nha-dan-nut-toac-vi-cong-trinh-chong-ngap-4774780.html,1
Đập bỏ 'nhà mồ gió' xây trái phép ở Biên Hòa trong 60 ngày,https://vnexpress.net/dap-bo-nha-mo-gio-xay-trai-phep-o-bien-hoa-trong-60-ngay-4774773.html,1
Quảng Nam kỷ niệm 120 năm ngày sinh mẹ Nguyễn Thị Thứ,https://vnexpress.net/quang-nam-ky-niem-120-nam-ngay-sinh-me-nguyen-thi-thu-4774799.html,1
"Ngoại trưởng Mỹ thắp hương, chia buồn với gia đình Tổng Bí thư Nguyễn Phú Trọng",https://vnexpress.net/ngoai-truong-my-thap-huong-chia-buon-voi-gia-dinh-tong-bi-thu-nguyen-phu-trong-4774796.html,1
Thủ tướng: Tổng Bí thư Nguyễn Phú Trọng là nhà lãnh đạo đặc biệt xuất sắc,https://vnexpress.net/thu-tuong-tong-bi-thu-nguyen-phu-trong-la-nha-lanh-dao-dac-biet-xuat-sac-4774778.html,1
Tài xế xe buýt bị nhóm người hành hung vì mâu thuẫn trên đường,https://vnexpress.net/tai-xe-xe-buyt-bi-nhom-nguoi-hanh-hung-vi-mau-thuan-tren-duong-4774764.html,1
"Giông lốc làm sập, tốc mái gần 90 căn nhà ở Bến Tre",https://vnexpress.net/giong-loc-lam-sap-toc-mai-gan-90-can-nha-o-ben-tre-4774758.html,1
Ủy viên Bộ Chính trị được thuê biệt thự công vụ rộng 500 m2,https://vnexpress.net/uy-vien-bo-chinh-tri-duoc-thue-biet-thu-cong-vu-rong-500-m2-4774746.html,1
Thượng tá Trần Văn Hùng được bổ nhiệm làm Phó Cục trưởng An ninh điều tra,https://dantri.com.vn/xa-hoi/thuong-ta-tran-van-hung-duoc-bo-nhiem-lam-pho-cuc-truong-an-ninh-dieu-tra-20240906203934654.htm,1
"Tổng Bí thư, Chủ tịch nước Tô Lâm chủ trì họp Bộ Chính trị",https://dantri.com.vn/xa-hoi/tong-bi-thu-chu-tich-nuoc-to-lam-chu-tri-hop-bo-chinh-tri-20240906203618048.htm,1
Ông Nguyễn Huy Dũng làm Chủ tịch UBND tỉnh Thái Nguyên,https://dantri.com.vn/xa-hoi/ong-nguyen-huy-dung-lam-chu-tich-ubnd-tinh-thai-nguyen-20240906201941132.htm,1
Ông Lại Thế Nguyên điều hành công việc của Tỉnh ủy Thanh Hóa,https://dantri.com.vn/xa-hoi/ong-lai-the-nguyen-dieu-hanh-cong-viec-cua-tinh-uy-thanh-hoa-20240906180943122.htm,1
Thủ tướng bổ nhiệm lại Thứ trưởng Bộ Ngoại giao,https://dantri.com.vn/xa-hoi/thu-tuong-bo-nhiem-lai-thu-truong-bo-ngoai-giao-20240906165703663.htm,1
"Vụ Xuyên Việt Oil là điển hình cán bộ móc nối, hướng dẫn DN lách luật",https://dantri.com.vn/xa-hoi/vu-xuyen-viet-oil-la-dien-hinh-can-bo-moc-noi-huong-dan-dn-lach-luat-20240906134604585.htm,1
"Khen thưởng nên dành cho cấp dưới, không phải để ""lãnh đạo thi đua""",https://dantri.com.vn/lao-dong-viec-lam/khen-thuong-nen-danh-cho-cap-duoi-khong-phai-de-lanh-dao-thi-dua-20240906150125845.htm,1
Ban Bí thư kỷ luật khai trừ Đảng 3 cán bộ,https://dantri.com.vn/xa-hoi/ban-bi-thu-ky-luat-khai-tru-dang-3-can-bo-20240906150128944.htm,1
Nhiều cán bộ sau khi khám xét mới phát hiện khối tài sản lớn không kê khai,https://dantri.com.vn/xa-hoi/nhieu-can-bo-sau-khi-kham-xet-moi-phat-hien-khoi-tai-san-lon-khong-ke-khai-20240906113333462.htm,1
"Hàng nghìn tỷ đồng và sổ đỏ, hơn 500 cây vàng bị kê biên vì án tham nhũng",https://dantri.com.vn/xa-hoi/hang-nghin-ty-dong-va-so-do-hon-500-cay-vang-bi-ke-bien-vi-an-tham-nhung-20240905205450608.htm,1
Đề xuất để doanh nghiệp tư nhân lập quỹ thu hút nhân tài,https://dantri.com.vn/xa-hoi/de-xuat-de-doanh-nghiep-tu-nhan-lap-quy-thu-hut-nhan-tai-20240905161629768.htm,1
Bí thư Thanh Hóa Đỗ Trọng Hưng làm Phó Ban Tổ chức Trung ương,https://dantri.com.vn/xa-hoi/bi-thu-thanh-hoa-do-trong-hung-lam-pho-ban-to-chuc-trung-uong-20240905083204768.htm,1
Bộ Chính trị giao thêm nhiệm vụ cho Bộ trưởng Tư pháp Nguyễn Hải Ninh,https://dantri.com.vn/xa-hoi/bo-chinh-tri-giao-them-nhiem-vu-cho-bo-truong-tu-phap-nguyen-hai-ninh-20240905140614377.htm,1
"Siêu bão Yagi sắp vào Vịnh Bắc Bộ, Thủ tướng yêu cầu hoãn họp, lo chống bão",https://dantri.com.vn/xa-hoi/sieu-bao-yagi-sap-vao-vinh-bac-bo-thu-tuong-yeu-cau-hoan-hop-lo-chong-bao-20240905130125584.htm,1
Hội Cựu Công an nhân dân là thành viên Mặt trận Tổ quốc Việt Nam,https://dantri.com.vn/xa-hoi/hoi-cuu-cong-an-nhan-dan-la-thanh-vien-mat-tran-to-quoc-viet-nam-20240905120636148.htm,1
Bức tranh đặc biệt nữ sinh Nguyễn Đình Chiểu tặng Thủ tướng ngày khai giảng,https://dantri.com.vn/giao-duc/buc-tranh-dac-biet-nu-sinh-nguyen-dinh-chieu-tang-thu-tuong-ngay-khai-giang-20240905083743832.htm,1
"""Mắt thần"" miền Trung dưới chân đỉnh Hải Vân",https://dantri.com.vn/xa-hoi/mat-than-mien-trung-duoi-chan-dinh-hai-van-20240903220927794.htm,1
"Một bộ phận cán bộ trở thành những ""con sâu"" gây hại nghiêm trọng",https://dantri.com.vn/xa-hoi/mot-bo-phan-can-bo-tro-thanh-nhung-con-sau-gay-hai-nghiem-trong-20240904222849220.htm,1
"Tổng Bí thư, Chủ tịch nước gửi thư chúc mừng năm học mới 2024-2025",https://dantri.com.vn/giao-duc/tong-bi-thu-chu-tich-nuoc-gui-thu-chuc-mung-nam-hoc-moi-2024-2025-20240904145858189.htm,1
Tăng cường các điều kiện bảo đảm thực hiện hiệu quả nhiệm vụ năm học 2024-2025,https://dantri.com.vn/giao-duc/tang-cuong-cac-dieu-kien-bao-dam-thuc-hien-hieu-qua-nhiem-vu-nam-hoc-2024-2025-20240904223506099.htm,1
"GS Nguyễn Thiện Nhân: ""Thu nhập cao không chỉ có vui đâu, mà rất lo""",https://dantri.com.vn/xa-hoi/gs-nguyen-thien-nhan-thu-nhap-cao-khong-chi-co-vui-dau-ma-rat-lo-20240904090055567.htm,1
"Tổng Bí thư, Chủ tịch nước Tô Lâm hội đàm trực tuyến với Thủ tướng Nhật Bản",https://dantri.com.vn/xa-hoi/tong-bi-thu-chu-tich-nuoc-to-lam-hoi-dam-truc-tuyen-voi-thu-tuong-nhat-ban-20240903190858821.htm,1
"Tổng Bí thư, Chủ tịch nước Tô Lâm điện đàm với Tổng thống Hàn Quốc",https://dantri.com.vn/xa-hoi/tong-bi-thu-chu-tich-nuoc-to-lam-dien-dam-voi-tong-thong-han-quoc-20240903190403163.htm,1
"Điện, thư chúc mừng kỷ niệm 79 năm Quốc khánh Việt Nam",https://dantri.com.vn/xa-hoi/dien-thu-chuc-mung-ky-niem-79-nam-quoc-khanh-viet-nam-20240902104017439.htm,1
"Tổng Bí thư, Chủ tịch nước nói về động lực đưa đất nước vào kỷ nguyên mới",https://dantri.com.vn/xa-hoi/tong-bi-thu-chu-tich-nuoc-noi-ve-dong-luc-dua-dat-nuoc-vao-ky-nguyen-moi-20240901110946366.htm,1
"Tổng Bí thư, Chủ tịch nước Tô Lâm: ""Tham mưu giỏi, phục vụ tốt"" giúp nâng cao đạo đức công vụ",https://dantri.com.vn/xa-hoi/tong-bi-thu-chu-tich-nuoc-to-lam-tham-muu-gioi-phuc-vu-tot-giup-nang-cao-dao-duc-cong-vu-20240904220819410.htm,1
"Trung tướng Tô Ân Xô làm Trợ lý Tổng Bí thư, Chủ tịch nước Tô Lâm",https://dantri.com.vn/xa-hoi/trung-tuong-to-an-xo-lam-tro-ly-tong-bi-thu-chu-tich-nuoc-to-lam-20240904193431300.htm,1
Đề xuất mới về cơ cấu tổ chức Ủy ban Chứng khoán Nhà nước,https://dantri.com.vn/xa-hoi/de-xuat-moi-ve-co-cau-to-chuc-uy-ban-chung-khoan-nha-nuoc-20240904163342651.htm,1
Lòng dân xót xa vì hàng nghìn tỷ tham nhũng tuồn ra nước ngoài,https://dantri.com.vn/xa-hoi/long-dan-xot-xa-vi-hang-nghin-ty-tham-nhung-tuon-ra-nuoc-ngoai-20240904174639290.htm,1
Thiếu tướng Lê Ngọc Châu làm Chủ tịch UBND tỉnh Hải Dương,https://dantri.com.vn/xa-hoi/thieu-tuong-le-ngoc-chau-lam-chu-tich-ubnd-tinh-hai-duong-20240904160518822.htm,1
11 người đứng đầu và cấp phó bị cách chức vì để xảy ra tham nhũng,https://dantri.com.vn/xa-hoi/11-nguoi-dung-dau-va-cap-pho-bi-cach-chuc-vi-de-xay-ra-tham-nhung-20240904153516890.htm,1
Tư lệnh Cảnh sát cơ động làm Phó Bí thư Tỉnh ủy Hải Dương,https://dantri.com.vn/xa-hoi/tu-lenh-canh-sat-co-dong-lam-pho-bi-thu-tinh-uy-hai-duong-20240904132909055.htm,1
"Nhiều trường hợp lộ tài sản ""khủng"", sau khi bị Cơ quan CSĐT khám xét",https://dantri.com.vn/xa-hoi/nhieu-truong-hop-lo-tai-san-khung-sau-khi-bi-co-quan-csdt-kham-xet-20240904135026281.htm,1
Chủ tịch Quốc hội dâng hương ở Vĩnh Long,https://dantri.com.vn/xa-hoi/chu-tich-quoc-hoi-dang-huong-o-vinh-long-20240904120717757.htm,1
Phó Thủ tướng Trần Hồng Hà khảo sát 2 dự án cao tốc ở Lâm Đồng,https://dantri.com.vn/xa-hoi/pho-thu-tuong-tran-hong-ha-khao-sat-2-du-an-cao-toc-o-lam-dong-20240904122216188.htm,1
"Bác như vẫn đang chứng kiến, cổ vũ và dõi theo chúng ta!",https://dantri.com.vn/xa-hoi/bac-nhu-van-dang-chung-kien-co-vu-va-doi-theo-chung-ta-20240904063851026.htm,1
Quyết định việc bãi bỏ thu nhập đặc thù của các cơ quan trước 31/12,https://dantri.com.vn/xa-hoi/quyet-dinh-viec-bai-bo-thu-nhap-dac-thu-cua-cac-co-quan-truoc-3112-20240903070855070.htm,1
Cựu chiến binh Cà Mau xúc động nấu bữa cơm dâng Bác ngày Tết Độc lập,https://dantri.com.vn/xa-hoi/cuu-chien-binh-ca-mau-xuc-dong-nau-bua-com-dang-bac-ngay-tet-doc-lap-20240902175103231.htm,1
"""Vành đai thép"" bảo vệ Tổ quốc",https://dantri.com.vn/xa-hoi/vanh-dai-thep-bao-ve-to-quoc-20240902153023323.htm,1
Làng quê ở Huế lưu giữ nhiều kỷ vật thời niên thiếu của Bác Hồ,https://dantri.com.vn/xa-hoi/lang-que-o-hue-luu-giu-nhieu-ky-vat-thoi-nien-thieu-cua-bac-ho-20240902110532712.htm,1
Những ký ức sống động ngày Chủ tịch Hồ Chí Minh đọc Tuyên ngôn Độc lập,https://dantri.com.vn/xa-hoi/nhung-ky-uc-song-dong-ngay-chu-tich-ho-chi-minh-doc-tuyen-ngon-doc-lap-20240901183653727.htm,1
"Lễ Quốc khánh, về thăm quê Bác để ""học Bác nhiều hơn""",https://dantri.com.vn/xa-hoi/le-quoc-khanh-ve-tham-que-bac-de-hoc-bac-nhieu-hon-20240901173621844.htm,1
"Ba Đình - 2 địa danh chung niềm tự hào và chân lý độc lập, tự do",https://dantri.com.vn/xa-hoi/ba-dinh-2-dia-danh-chung-niem-tu-hao-va-chan-ly-doc-lap-tu-do-20240901111746067.htm,1
"""Lớp học đặc biệt"" và quả bom của tội ác 56 năm trước",https://dantri.com.vn/xa-hoi/lop-hoc-dac-biet-va-qua-bom-cua-toi-ac-56-nam-truoc-20240830164246101.htm,1
Hàng nghìn người dân góp đồng đúc bức tượng Bác Hồ đầu tiên ở Thanh Hóa,https://dantri.com.vn/xa-hoi/hang-nghin-nguoi-dan-gop-dong-duc-buc-tuong-bac-ho-dau-tien-o-thanh-hoa-20240830160131160.htm,1
Thủ tướng: Chính quyền đô thị không phải việc riêng của Đà Nẵng,https://dantri.com.vn/xa-hoi/thu-tuong-chinh-quyen-do-thi-khong-phai-viec-rieng-cua-da-nang-20240831194753751.htm,1
"Thủ tướng: Chuyển đổi số đã đến ""từng ngõ, từng nhà và từng người""",https://dantri.com.vn/xa-hoi/thu-tuong-chuyen-doi-so-da-den-tung-ngo-tung-nha-va-tung-nguoi-20240831101419040.htm,1
Giới thiệu chữ ký của 3 tân Phó Thủ tướng,https://dantri.com.vn/xa-hoi/gioi-thieu-chu-ky-cua-3-tan-pho-thu-tuong-20240830193913153.htm,1
Bạc Liêu triển khai quyết định của Ban Bí thư về công tác cán bộ,https://dantri.com.vn/xa-hoi/bac-lieu-trien-khai-quyet-dinh-cua-ban-bi-thu-ve-cong-tac-can-bo-20240830175131265.htm,1
"Tổng Bí thư, Chủ tịch nước chủ trì họp Bộ Chính trị cho ý kiến các văn kiện",https://dantri.com.vn/xa-hoi/tong-bi-thu-chu-tich-nuoc-chu-tri-hop-bo-chinh-tri-cho-y-kien-cac-van-kien-20240830144926335.htm,1
"Lãnh đạo Đảng, Nhà nước vào Lăng viếng Chủ tịch Hồ Chí Minh nhân dịp Quốc khánh",https://dantri.com.vn/xa-hoi/lanh-dao-dang-nha-nuoc-vao-lang-vieng-chu-tich-ho-chi-minh-nhan-dip-quoc-khanh-20240830094436008.htm,1
Trang trọng Lễ kỷ niệm 79 năm Quốc khánh 2/9,https://dantri.com.vn/xa-hoi/trang-trong-le-ky-niem-79-nam-quoc-khanh-29-20240829225528286.htm,1
"Tổng Bí thư, Chủ tịch nước chủ trì Lễ kỷ niệm 79 năm Quốc khánh 2/9",https://dantri.com.vn/xa-hoi/tong-bi-thu-chu-tich-nuoc-chu-tri-le-ky-niem-79-nam-quoc-khanh-29-20240829205913245.htm,1
"Tổng Bí thư, Chủ tịch nước họp về quy hoạch nhân sự Trung ương khóa mới",https://dantri.com.vn/xa-hoi/tong-bi-thu-chu-tich-nuoc-hop-ve-quy-hoach-nhan-su-trung-uong-khoa-moi-20240829191605268.htm,1
Chủ tịch Bắc Giang cùng các cấp phó có vi phạm liên quan Tập đoàn Thuận An,https://dantri.com.vn/xa-hoi/chu-tich-bac-giang-cung-cac-cap-pho-co-vi-pham-lien-quan-tap-doan-thuan-an-20240829180534037.htm,1
"Bạc Liêu ""làm đủ cách"" chưa cải thiện được chỉ số năng lực cạnh tranh",https://dantri.com.vn/xa-hoi/bac-lieu-lam-du-cach-chua-cai-thien-duoc-chi-so-nang-luc-canh-tranh-20240829155452529.htm,1
Ủy ban Kiểm tra T.Ư kỷ luật nhiều lãnh đạo Bắc Giang và cựu lãnh đạo TPHCM,https://dantri.com.vn/xa-hoi/uy-ban-kiem-tra-tu-ky-luat-nhieu-lanh-dao-bac-giang-va-cuu-lanh-dao-tphcm-20240829165340196.htm,1
"Tổng Bí thư, Chủ tịch nước Tô Lâm thăm và làm việc với Bộ Ngoại giao",https://dantri.com.vn/xa-hoi/tong-bi-thu-chu-tich-nuoc-to-lam-tham-va-lam-viec-voi-bo-ngoai-giao-20240829164636370.htm,1
Lính mũ nồi xanh sơn cờ Tổ quốc lên nóc nhà tại châu Phi,https://dantri.com.vn/xa-hoi/linh-mu-noi-xanh-son-co-to-quoc-len-noc-nha-tai-chau-phi-20240829163854766.htm,1
"Tổng Bí thư, Chủ tịch nước Tô Lâm: Ngoại giao phải vươn lên tầm cao mới",https://dantri.com.vn/xa-hoi/tong-bi-thu-chu-tich-nuoc-to-lam-ngoai-giao-phai-vuon-len-tam-cao-moi-20240829163653529.htm,1
"Đề nghị cho phép bán thuốc qua mạng với trường hợp khám, chữa bệnh từ xa",https://dantri.com.vn/xa-hoi/de-nghi-cho-phep-ban-thuoc-qua-mang-voi-truong-hop-kham-chua-benh-tu-xa-20240829164400392.htm,1
Lễ giỗ lần thứ 82 cố Tổng Bí thư Lê Hồng Phong,https://dantri.com.vn/xa-hoi/le-gio-lan-thu-82-co-tong-bi-thu-le-hong-phong-20240829151657635.htm,1
"Đường dây 500kV đi qua 9 tỉnh: Thi công thần tốc, xác lập nhiều kỷ lục",https://dantri.com.vn/xa-hoi/duong-day-500kv-di-qua-9-tinh-thi-cong-than-toc-xac-lap-nhieu-ky-luc-20240829154615505.htm,1
Những kỳ tích của dự án đường dây 500kV mạch 3 qua miền Trung,https://dantri.com.vn/xa-hoi/nhung-ky-tich-cua-du-an-duong-day-500kv-mach-3-qua-mien-trung-20240829131051578.htm,1
"Viễn thông đã bỏ độc quyền rất xuất sắc, khi nào ngành điện hết độc quyền?",https://dantri.com.vn/xa-hoi/vien-thong-da-bo-doc-quyen-rat-xuat-sac-khi-nao-nganh-dien-het-doc-quyen-20240829131018287.htm,1
Khánh thành đường dây 500kV mạch 3,https://dantri.com.vn/xa-hoi/khanh-thanh-duong-day-500kv-mach-3-20240829120202304.htm,1
Gắn bó mật thiết với Nhân dân theo Di chúc của Chủ tịch Hồ Chí Minh,https://dantri.com.vn/xa-hoi/gan-bo-mat-thiet-voi-nhan-dan-theo-di-chuc-cua-chu-tich-ho-chi-minh-20240829082653550.htm,1
Tổng Bí thư: Cán bộ chiến lược phải được đào tạo đáp ứng yêu cầu giai đoạn mới,https://dantri.com.vn/xa-hoi/tong-bi-thu-can-bo-chien-luoc-phai-duoc-dao-tao-dap-ung-yeu-cau-giai-doan-moi-20240828183342516.htm,1
"Thanh Hóa không để lọt vào cấp ủy người sợ trách nhiệm, mất đoàn kết",https://dantri.com.vn/xa-hoi/thanh-hoa-khong-de-lot-vao-cap-uy-nguoi-so-trach-nhiem-mat-doan-ket-20240828171401571.htm,1
"""Có nơi người dân phải di chuyển 200km mới có văn phòng công chứng""",https://dantri.com.vn/xa-hoi/co-noi-nguoi-dan-phai-di-chuyen-200km-moi-co-van-phong-cong-chung-20240828171335848.htm,1
"Việt Nam sẽ tiếp tục nâng tầm, nâng cấp quan hệ với các đối tác",https://dantri.com.vn/xa-hoi/viet-nam-se-tiep-tuc-nang-tam-nang-cap-quan-he-voi-cac-doi-tac-20240828164729708.htm,1
"Tổng Bí thư, Chủ tịch nước Tô Lâm: Quân đội phải luôn sẵn sàng chiến đấu",https://dantri.com.vn/xa-hoi/tong-bi-thu-chu-tich-nuoc-to-lam-quan-doi-phai-luon-san-sang-chien-dau-20240828141205686.htm,1
Ông Võ Thanh An làm Chủ tịch Ủy ban MTTQ Việt Nam tỉnh Quảng Ngãi,https://dantri.com.vn/xa-hoi/ong-vo-thanh-an-lam-chu-tich-uy-ban-mttq-viet-nam-tinh-quang-ngai-20240828131647230.htm,1
Thúc đẩy quan hệ Việt Nam-Brazil phát triển lên tầm cao mới,https://dantri.com.vn/xa-hoi/thuc-day-quan-he-viet-nam-brazil-phat-trien-len-tam-cao-moi-20240828121026419.htm,1
Nguyên Chủ tịch Quảng Nam tái đắc cử Chủ tịch Ủy ban MTTQ,https://dantri.com.vn/xa-hoi/nguyen-chu-tich-quang-nam-tai-dac-cu-chu-tich-uy-ban-mttq-20240828110744394.htm,1
Phân công ông Nguyễn Hòa Bình làm Phó Thủ tướng Thường trực,https://dantri.com.vn/xa-hoi/phan-cong-ong-nguyen-hoa-binh-lam-pho-thu-tuong-thuong-truc-20240828101350418.htm,1
Doanh nghiệp rất sợ vì đầu tư 1 tỷ nhưng tiêu chuẩn PCCC tốn 2-3 tỷ,https://dantri.com.vn/xa-hoi/doanh-nghiep-rat-so-vi-dau-tu-1-ty-nhung-tieu-chuan-pccc-ton-2-3-ty-20240828094939116.htm,1
Tân Bộ trưởng Tư pháp Nguyễn Hải Ninh gửi thư cho toàn ngành,https://dantri.com.vn/xa-hoi/tan-bo-truong-tu-phap-nguyen-hai-ninh-gui-thu-cho-toan-nganh-20240828063242414.htm,1
Gần 40 năm gắn với ngành kiểm sát của tân Viện trưởng VKSND Tối cao,https://dantri.com.vn/xa-hoi/gan-40-nam-gan-voi-nganh-kiem-sat-cua-tan-vien-truong-vksnd-toi-cao-20240827200245627.htm,1
Cần ban hành nghị quyết mới về công tác thanh niên,https://dantri.com.vn/xa-hoi/can-ban-hanh-nghi-quyet-moi-ve-cong-tac-thanh-nien-20240827194921781.htm,1
Chân dung Phó Thủ tướng kiêm Bộ trưởng Tài chính Hồ Đức Phớc,https://dantri.com.vn/xa-hoi/chan-dung-pho-thu-tuong-kiem-bo-truong-tai-chinh-ho-duc-phoc-20240823232746616.htm,1
Sự nghiệp tân Phó Thủ tướng Nguyễn Hòa Bình,https://dantri.com.vn/xa-hoi/su-nghiep-tan-pho-thu-tuong-nguyen-hoa-binh-20240823233051320.htm,1
Ông Giang Thanh Khoa làm Phó Chủ tịch tỉnh Kiên Giang,https://dantri.com.vn/xa-hoi/ong-giang-thanh-khoa-lam-pho-chu-tich-tinh-kien-giang-20240827110127895.htm,1
"Chủ tịch Quốc hội đề nghị đổi mới từ cách làm luật của Nhật Bản, Trung Quốc",https://dantri.com.vn/xa-hoi/chu-tich-quoc-hoi-de-nghi-doi-moi-tu-cach-lam-luat-cua-nhat-ban-trung-quoc-20240827095514793.htm,1
Ông Rah Lan Chung giữ chức Chủ tịch UBND tỉnh Gia Lai,https://dantri.com.vn/xa-hoi/ong-rah-lan-chung-giu-chuc-chu-tich-ubnd-tinh-gia-lai-20240827091906909.htm,1
Bộ máy Chính phủ sau khi được kiện toàn,https://dantri.com.vn/xa-hoi/bo-may-chinh-phu-sau-khi-duoc-kien-toan-20240823232211901.htm,1
Chân dung tân Chánh án TAND Tối cao Lê Minh Trí,https://dantri.com.vn/xa-hoi/chan-dung-tan-chanh-an-tand-toi-cao-le-minh-tri-20240826160216965.htm,1
Chân dung tân Phó Thủ tướng kiêm Bộ trưởng Ngoại giao Bùi Thanh Sơn,https://dantri.com.vn/xa-hoi/chan-dung-tan-pho-thu-tuong-kiem-bo-truong-ngoai-giao-bui-thanh-son-20240823233353605.htm,1
Chân dung ông Đỗ Đức Duy: Từ Bí thư Tỉnh ủy đến Bộ trưởng TN&MT,https://dantri.com.vn/xa-hoi/chan-dung-ong-do-duc-duy-tu-bi-thu-tinh-uy-den-bo-truong-tnmt-20240825211123941.htm,1
Con đường sự nghiệp của tân Bộ trưởng Tư pháp Nguyễn Hải Ninh,https://dantri.com.vn/xa-hoi/con-duong-su-nghiep-cua-tan-bo-truong-tu-phap-nguyen-hai-ninh-20240825211818672.htm,1
Thủ tướng Phạm Minh Chính giao nhiệm vụ cho 3 Phó Thủ tướng và 2 Bộ trưởng,https://dantri.com.vn/xa-hoi/thu-tuong-pham-minh-chinh-giao-nhiem-vu-cho-3-pho-thu-tuong-va-2-bo-truong-20240826223245870.htm,1
Bộ Ngoại giao lên tiếng về các hoạt động của Đại học Fulbright Việt Nam,https://dantri.com.vn/xa-hoi/bo-ngoai-giao-len-tieng-ve-cac-hoat-dong-cua-dai-hoc-fulbright-viet-nam-20240826221355274.htm,1
"Tổng Bí thư, Chủ tịch nước trao quyết định bổ nhiệm 5 thành viên Chính phủ",https://dantri.com.vn/xa-hoi/tong-bi-thu-chu-tich-nuoc-trao-quyet-dinh-bo-nhiem-5-thanh-vien-chinh-phu-20240826195559022.htm,1
Sẽ bầu Chủ tịch nước vào tháng 10,https://dantri.com.vn/xa-hoi/se-bau-chu-tich-nuoc-vao-thang-10-20240826162414157.htm,1
Quốc hội phê chuẩn miễn nhiệm 2 Phó Thủ tướng và 2 Bộ trưởng,https://dantri.com.vn/xa-hoi/quoc-hoi-phe-chuan-mien-nhiem-2-pho-thu-tuong-va-2-bo-truong-20240826130358001.htm,1
"Bộ Công an đề xuất cấm cán bộ, chiến sĩ cho tay vào túi khi làm nhiệm vụ",https://dantri.com.vn/xa-hoi/bo-cong-an-de-xuat-cam-can-bo-chien-si-cho-tay-vao-tui-khi-lam-nhiem-vu-20240826154152035.htm,1
Ông Lê Thanh Vân bị bãi nhiệm đại biểu Quốc hội,https://dantri.com.vn/xa-hoi/ong-le-thanh-van-bi-bai-nhiem-dai-bieu-quoc-hoi-20240826132328135.htm,1
Quốc hội miễn nhiệm Chánh án TAND Tối cao và Viện trưởng VKSND Tối cao,https://dantri.com.vn/xa-hoi/quoc-hoi-mien-nhiem-chanh-an-tand-toi-cao-va-vien-truong-vksnd-toi-cao-20240826104807662.htm,1
Hai Bí thư Tỉnh ủy được Quốc hội phê chuẩn bổ nhiệm làm Bộ trưởng,https://dantri.com.vn/xa-hoi/hai-bi-thu-tinh-uy-duoc-quoc-hoi-phe-chuan-bo-nhiem-lam-bo-truong-20240826102430500.htm,1
Chính phủ có thêm 3 Phó Thủ tướng,https://dantri.com.vn/xa-hoi/chinh-phu-co-them-3-pho-thu-tuong-20240815220000760.htm,1
Ông Nguyễn Huy Tiến được bầu làm Viện trưởng VKSND Tối cao,https://dantri.com.vn/xa-hoi/ong-nguyen-huy-tien-duoc-bau-lam-vien-truong-vksnd-toi-cao-20240826080612189.htm,1
Ông Lê Minh Trí làm Chánh án TAND Tối cao,https://dantri.com.vn/xa-hoi/ong-le-minh-tri-lam-chanh-an-tand-toi-cao-20240826094255103.htm,1
"Lâm Đồng điều động, bổ nhiệm hàng loạt cán bộ",https://dantri.com.vn/xa-hoi/lam-dong-dieu-dong-bo-nhiem-hang-loat-can-bo-20240826104917413.htm,1
Ông Trần Minh Khoa giữ chức Chủ tịch UBND TP Phú Quốc,https://dantri.com.vn/xa-hoi/ong-tran-minh-khoa-giu-chuc-chu-tich-ubnd-tp-phu-quoc-20240826095550357.htm,1
Ông Lưu Văn Bản được giao quyền Chủ tịch tỉnh Hải Dương,https://dantri.com.vn/xa-hoi/ong-luu-van-ban-duoc-giao-quyen-chu-tich-tinh-hai-duong-20240826091657806.htm,1
"Những nhân sự sẽ được Quốc hội bầu, phê chuẩn bổ nhiệm và miễn nhiệm",https://dantri.com.vn/xa-hoi/nhung-nhan-su-se-duoc-quoc-hoi-bau-phe-chuan-bo-nhiem-va-mien-nhiem-20240826081920262.htm,1
Thủ tướng: Lâm Đồng có nhiều tiềm năng và cần thực hiện 3 đột phá,https://dantri.com.vn/xa-hoi/thu-tuong-lam-dong-co-nhieu-tiem-nang-va-can-thuc-hien-3-dot-pha-20240825174422314.htm,1
Chủ tịch Thượng viện Australia ấn tượng vẻ đẹp toàn cầu của di sản Tràng An,https://dantri.com.vn/xa-hoi/chu-tich-thuong-vien-australia-an-tuong-ve-dep-toan-cau-cua-di-san-trang-an-20240825183003734.htm,1
"Thủ tướng: Không tạo môi trường cho tham nhũng, tiêu cực trong dự án luật",https://dantri.com.vn/xa-hoi/thu-tuong-khong-tao-moi-truong-cho-tham-nhung-tieu-cuc-trong-du-an-luat-20240824210351521.htm,1
Lễ giỗ Chủ tịch Hồ Chí Minh lần thứ 55,https://dantri.com.vn/xa-hoi/le-gio-chu-tich-ho-chi-minh-lan-thu-55-20240824160149778.htm,1
"Thủ tướng: Lấy phát triển, đột phá để ổn định",https://dantri.com.vn/xa-hoi/thu-tuong-lay-phat-trien-dot-pha-de-on-dinh-20240823222001444.htm,1
"Tổng Bí thư, Chủ tịch nước Tô Lâm gặp mặt kiều bào tiêu biểu",https://dantri.com.vn/xa-hoi/tong-bi-thu-chu-tich-nuoc-to-lam-gap-mat-kieu-bao-tieu-bieu-20240823215944170.htm,1
"Tổng Bí thư, Chủ tịch nước Tô Lâm chủ trì họp về quy hoạch TPHCM",https://dantri.com.vn/xa-hoi/tong-bi-thu-chu-tich-nuoc-to-lam-chu-tri-hop-ve-quy-hoach-tphcm-20240823183101407.htm,1
Kỷ luật cảnh cáo nguyên Chủ tịch tỉnh Long An Trần Văn Cần,https://dantri.com.vn/xa-hoi/ky-luat-canh-cao-nguyen-chu-tich-tinh-long-an-tran-van-can-20240823175211781.htm,1
Quốc hội họp bất thường lần thứ 8 xem xét công tác nhân sự,https://dantri.com.vn/xa-hoi/quoc-hoi-hop-bat-thuong-lan-thu-8-xem-xet-cong-tac-nhan-su-20240823163358180.htm,1
Bạc Liêu miễn nhiệm một Phó Chủ tịch HĐND tỉnh,https://dantri.com.vn/xa-hoi/bac-lieu-mien-nhiem-mot-pho-chu-tich-hdnd-tinh-20240823145537151.htm,1
Ông Trần Hồng Thái làm Chủ tịch UBND tỉnh Lâm Đồng,https://dantri.com.vn/xa-hoi/ong-tran-hong-thai-lam-chu-tich-ubnd-tinh-lam-dong-20240823092517222.htm,1
Thứ trưởng Bộ Khoa học và Công nghệ Trần Hồng Thái làm Phó Bí thư Lâm Đồng,https://dantri.com.vn/xa-hoi/thu-truong-bo-khoa-hoc-va-cong-nghe-tran-hong-thai-lam-pho-bi-thu-lam-dong-20240823095528028.htm,1
Đảng và Nhà nước luôn dành sự quan tâm đặc biệt cho cộng đồng doanh nghiệp Việt Nam,https://dantri.com.vn/xa-hoi/dang-va-nha-nuoc-luon-danh-su-quan-tam-dac-biet-cho-cong-dong-doanh-nghiep-viet-nam-20240823070857434.htm,1
Việt Nam lên tiếng về phán quyết vụ kiện của bà Trần Tố Nga,https://dantri.com.vn/xa-hoi/viet-nam-len-tieng-ve-phan-quyet-vu-kien-cua-ba-tran-to-nga-20240822181744002.htm,1
Việt Nam lên tiếng về thông tin biểu tình phản đối tam giác phát triển,https://dantri.com.vn/xa-hoi/viet-nam-len-tieng-ve-thong-tin-bieu-tinh-phan-doi-tam-giac-phat-trien-20240822175038718.htm,1
Thủ tướng bổ nhiệm 4 nhân sự Bộ Quốc phòng,https://dantri.com.vn/xa-hoi/thu-tuong-bo-nhiem-4-nhan-su-bo-quoc-phong-20240822191112907.htm,1
Chính phủ đề xuất 4 chính sách cấp bách liên quan bảo hiểm y tế,https://dantri.com.vn/xa-hoi/chinh-phu-de-xuat-4-chinh-sach-cap-bach-lien-quan-bao-hiem-y-te-20240822173149038.htm,1
Thủ tướng: Phát huy tối đa sức mạnh của cộng đồng người Việt ở nước ngoài,https://dantri.com.vn/xa-hoi/thu-tuong-phat-huy-toi-da-suc-manh-cua-cong-dong-nguoi-viet-o-nuoc-ngoai-20240822124942860.htm,1
Ông Johnathan Hạnh Nguyễn nêu cách thu hút kiều bào về Việt Nam làm ăn,https://dantri.com.vn/xa-hoi/ong-johnathan-hanh-nguyen-neu-cach-thu-hut-kieu-bao-ve-viet-nam-lam-an-20240822105520678.htm,1
"""Bài toán"" dành cho 9 bộ trưởng, trưởng ngành sau phiên trả lời chất vấn",https://dantri.com.vn/xa-hoi/bai-toan-danh-cho-9-bo-truong-truong-nganh-sau-phien-tra-loi-chat-van-20240822104841336.htm,1
"Một luật sửa 4 luật nhằm tháo gỡ vướng mắc trong quy hoạch, đầu tư",https://dantri.com.vn/xa-hoi/mot-luat-sua-4-luat-nham-thao-go-vuong-mac-trong-quy-hoach-dau-tu-20240822102526411.htm,1
Sự nghiệp của tân Trưởng Ban Kinh tế Trung ương Trần Lưu Quang,https://dantri.com.vn/xa-hoi/su-nghiep-cua-tan-truong-ban-kinh-te-trung-uong-tran-luu-quang-20240603091816289.htm,1
"Bộ Công an bố trí lực lượng an ninh mạng ở công an 63 tỉnh, thành",https://dantri.com.vn/xa-hoi/bo-cong-an-bo-tri-luc-luong-an-ninh-mang-o-cong-an-63-tinh-thanh-20240822091415340.htm,1
Chân dung tân Trưởng Ban Dân vận Trung ương Mai Văn Chính,https://dantri.com.vn/xa-hoi/chan-dung-tan-truong-ban-dan-van-trung-uong-mai-van-chinh-20240817161535325.htm,1
"""Vụ SCB, Việt Á, nếu không trả hồ sơ điều tra bổ sung thì không làm được""",https://dantri.com.vn/xa-hoi/vu-scb-viet-a-neu-khong-tra-ho-so-dieu-tra-bo-sung-thi-khong-lam-duoc-20240821181951447.htm,1
"Bộ trưởng Nội vụ: ""Khó hoàn thành sáp nhập huyện, xã trước tháng 10""",https://dantri.com.vn/xa-hoi/bo-truong-noi-vu-kho-hoan-thanh-sap-nhap-huyen-xa-truoc-thang-10-20240821145446814.htm,1
"Tài xế vi phạm, CSGT có thể tạm giữ và tước giấy tờ trên ứng dụng VneID",https://dantri.com.vn/xa-hoi/tai-xe-vi-pham-csgt-co-the-tam-giu-va-tuoc-giay-to-tren-ung-dung-vneid-20240821172011592.htm,1
Bộ Chính trị điều động ông Trần Lưu Quang làm Trưởng Ban Kinh tế Trung ương,https://dantri.com.vn/xa-hoi/bo-chinh-tri-dieu-dong-ong-tran-luu-quang-lam-truong-ban-kinh-te-trung-uong-20240529105430725.htm,1
Thành ủy TPHCM bổ sung 4 ủy viên Ban Thường vụ,https://dantri.com.vn/xa-hoi/thanh-uy-tphcm-bo-sung-4-uy-vien-ban-thuong-vu-20240821155616419.htm,1
Ông Mai Văn Chính làm Trưởng Ban Dân vận Trung ương,https://dantri.com.vn/xa-hoi/ong-mai-van-chinh-lam-truong-ban-dan-van-trung-uong-20240816111801973.htm,1
"Tổng Bí thư, Chủ tịch nước Tô Lâm chủ trì họp Phiên thứ hai Tiểu ban Nhân sự Đại hội XIV của Đảng",https://dantri.com.vn/xa-hoi/tong-bi-thu-chu-tich-nuoc-to-lam-chu-tri-hop-phien-thu-hai-tieu-ban-nhan-su-dai-hoi-xiv-cua-dang-20240821135816271.htm,1
"Hỏi dân sao chặt điều trồng sầu riêng, Bộ trưởng nhận câu trả lời đắng lòng",https://dantri.com.vn/xa-hoi/hoi-dan-sao-chat-dieu-trong-sau-rieng-bo-truong-nhan-cau-tra-loi-dang-long-20240821110442231.htm,1
"""Phát triển du lịch đêm: Không làm thì thiếu, làm lại thừa""",https://dantri.com.vn/xa-hoi/phat-trien-du-lich-dem-khong-lam-thi-thieu-lam-lai-thua-20240821081648411.htm,1
Những điểm nhấn trong Tuyên bố chung Việt Nam - Trung Quốc,https://dantri.com.vn/xa-hoi/nhung-diem-nhan-trong-tuyen-bo-chung-viet-nam-trung-quoc-20240820194507027.htm,1
"Kết quả chuyến thăm Trung Quốc của Tổng Bí thư, Chủ tịch nước Tô Lâm",https://dantri.com.vn/xa-hoi/ket-qua-chuyen-tham-trung-quoc-cua-tong-bi-thu-chu-tich-nuoc-to-lam-20240820153013165.htm,1
Khai trương trang thông tin đặc biệt về Tổng Bí thư Nguyễn Phú Trọng,https://dantri.com.vn/xa-hoi/khai-truong-trang-thong-tin-dac-biet-ve-tong-bi-thu-nguyen-phu-trong-20240820114837782.htm,1
"""Mỗi người dân biên giới là một cột mốc sống""",https://dantri.com.vn/xa-hoi/moi-nguoi-dan-bien-gioi-la-mot-cot-moc-song-20240820121430977.htm,1
Đại tá Nguyễn Hữu Hợp làm Giám đốc Công an tỉnh Quảng Nam,https://dantri.com.vn/xa-hoi/dai-ta-nguyen-huu-hop-lam-giam-doc-cong-an-tinh-quang-nam-20240817145251120.htm,1
"Tổng Bí thư, Chủ tịch nước Tô Lâm thăm Trường Đảng TƯ ĐCS Trung Quốc",https://dantri.com.vn/xa-hoi/tong-bi-thu-chu-tich-nuoc-to-lam-tham-truong-dang-tu-dcs-trung-quoc-20240820111018522.htm,1
"Chủ tịch Vĩnh Phúc yêu cầu xử lý, thu hồi các dự án vi phạm",https://dantri.com.vn/xa-hoi/chu-tich-vinh-phuc-yeu-cau-xu-ly-thu-hoi-cac-du-an-vi-pham-20240820093826931.htm,1
Phu nhân Bành Lệ Viên mời Phu nhân Ngô Phương Ly thưởng thức tiệc trà,https://dantri.com.vn/xa-hoi/phu-nhan-banh-le-vien-moi-phu-nhan-ngo-phuong-ly-thuong-thuc-tiec-tra-20240820082850162.htm,1
Đề án đường sắt tốc độ cao Bắc - Nam đã được báo cáo Chính phủ,https://dantri.com.vn/xa-hoi/de-an-duong-sat-toc-do-cao-bac-nam-da-duoc-bao-cao-chinh-phu-20240820071546057.htm,1
Kết nối vận tải đường sắt Việt Nam - châu Âu thông qua Trung Quốc,https://dantri.com.vn/xa-hoi/ket-noi-van-tai-duong-sat-viet-nam-chau-au-thong-qua-trung-quoc-20240819211409851.htm,1
Trung Quốc sẵn sàng thúc đẩy hợp tác thực chất trên mọi lĩnh vực với Việt Nam,https://dantri.com.vn/xa-hoi/trung-quoc-san-sang-thuc-day-hop-tac-thuc-chat-tren-moi-linh-vuc-voi-viet-nam-20240819202411125.htm,1
"Hội đàm cấp cao giữa Tổng Bí thư, Chủ tịch nước Việt Nam và Trung Quốc",https://dantri.com.vn/xa-hoi/hoi-dam-cap-cao-giua-tong-bi-thu-chu-tich-nuoc-viet-nam-va-trung-quoc-20240819163317203.htm,1
Cử tri vui mừng khi Tổng Bí thư Tô Lâm được bầu với số phiếu tuyệt đối,https://dantri.com.vn/xa-hoi/cu-tri-vui-mung-khi-tong-bi-thu-to-lam-duoc-bau-voi-so-phieu-tuyet-doi-20240819150150845.htm,1
"Trưởng Ban Tuyên giáo Trung ương: Phát huy 4 chữ ""hơn"" của báo Dân trí",https://dantri.com.vn/xa-hoi/truong-ban-tuyen-giao-trung-uong-phat-huy-4-chu-hon-cua-bao-dan-tri-20240819122632450.htm,1
"Thủ tướng Phạm Minh Chính: ""Lấy nhà trường làm bệ đỡ, gia đình là điểm tựa""",https://dantri.com.vn/giao-duc/thu-tuong-pham-minh-chinh-lay-nha-truong-lam-be-do-gia-dinh-la-diem-tua-20240819144400001.htm,1
"Tổng Bí thư, Chủ tịch nước Trung Quốc Tập Cận Bình mời Tổng Bí thư, Chủ tịch nước Tô Lâm dự Tiệc trà",https://dantri.com.vn/xa-hoi/tong-bi-thu-chu-tich-nuoc-trung-quoc-tap-can-binh-moi-tong-bi-thu-chu-tich-nuoc-to-lam-du-tiec-tra-20240819145656687.htm,1
Đề xuất Nhà nước độc quyền trong đầu tư các nhà máy điện hạt nhân,https://dantri.com.vn/xa-hoi/de-xuat-nha-nuoc-doc-quyen-trong-dau-tu-cac-nha-may-dien-hat-nhan-20240819132218854.htm,1
"Trung Quốc dành nghi thức cao nhất đón Tổng Bí thư, Chủ tịch nước Tô Lâm",https://dantri.com.vn/xa-hoi/trung-quoc-danh-nghi-thuc-cao-nhat-don-tong-bi-thu-chu-tich-nuoc-to-lam-20240819110623955.htm,1
Ông Huỳnh Quang Hưng thôi giữ chức Phó Bí thư Thành ủy Phú Quốc,https://dantri.com.vn/xa-hoi/ong-huynh-quang-hung-thoi-giu-chuc-pho-bi-thu-thanh-uy-phu-quoc-20240819103841598.htm,1
12 địa phương tăng biên chế hưởng lương từ ngân sách Nhà nước,https://dantri.com.vn/xa-hoi/12-dia-phuong-tang-bien-che-huong-luong-tu-ngan-sach-nha-nuoc-20240819093644748.htm,1
"Chính sách ""Chiêu hiền đãi sĩ"" của Hồ Chí Minh và chế độ mới sau Cách mạng Tháng Tám",https://dantri.com.vn/xa-hoi/chinh-sach-chieu-hien-dai-si-cua-ho-chi-minh-va-che-do-moi-sau-cach-mang-thang-tam-20240819094219406.htm,1
"Chủ tịch Quốc hội: ""Có bộ trưởng nói sao ngành tôi được chất vấn nhiều thế""",https://dantri.com.vn/xa-hoi/chu-tich-quoc-hoi-co-bo-truong-noi-sao-nganh-toi-duoc-chat-van-nhieu-the-20240819085920153.htm,1
"Danh sách Bộ Chính trị, Ban Bí thư khóa XIII",https://dantri.com.vn/xa-hoi/danh-sach-bo-chinh-tri-ban-bi-thu-khoa-xiii-20240818195921397.htm,1
"Tổng Bí thư, Chủ tịch nước Tô Lâm thăm Đại sứ quán và gặp gỡ cộng đồng người Việt Nam tại Trung Quốc",https://dantri.com.vn/xa-hoi/tong-bi-thu-chu-tich-nuoc-to-lam-tham-dai-su-quan-va-gap-go-cong-dong-nguoi-viet-nam-tai-trung-quoc-20240818225440745.htm,1
Thủ tướng Phạm Minh Chính: Đắk Lắk cần tập trung vào 4 trụ cột tăng trưởng,https://dantri.com.vn/xa-hoi/thu-tuong-pham-minh-chinh-dak-lak-can-tap-trung-vao-4-tru-cot-tang-truong-20240818195702192.htm,1
Bộ Nội vụ giải đáp quy trình xử lý kỷ luật cán bộ cấp xã,https://dantri.com.vn/xa-hoi/bo-noi-vu-giai-dap-quy-trinh-xu-ly-ky-luat-can-bo-cap-xa-20240818192505893.htm,1
"Tổng Bí thư, Chủ tịch nước Tô Lâm và Phu nhân đến Bắc Kinh",https://dantri.com.vn/xa-hoi/tong-bi-thu-chu-tich-nuoc-to-lam-va-phu-nhan-den-bac-kinh-20240818200924333.htm,1
"Tổng Bí thư, Chủ tịch nước Tô Lâm gặp gỡ đại diện nhân sĩ hữu nghị Trung Quốc",https://dantri.com.vn/xa-hoi/tong-bi-thu-chu-tich-nuoc-to-lam-gap-go-dai-dien-nhan-si-huu-nghi-trung-quoc-20240818192026989.htm,1
Thứ trưởng Bộ TT&TT: Bình Định có tiềm năng phát triển công nghệ số,https://dantri.com.vn/xa-hoi/thu-truong-bo-tttt-binh-dinh-co-tiem-nang-phat-trien-cong-nghe-so-20240818135944656.htm,1
"Tổng Bí thư, Chủ tịch nước Tô Lâm hội kiến Ủy viên Bộ Chính trị, Bí thư Tỉnh ủy Quảng Đông",https://dantri.com.vn/xa-hoi/tong-bi-thu-chu-tich-nuoc-to-lam-hoi-kien-uy-vien-bo-chinh-tri-bi-thu-tinh-uy-quang-dong-20240818150901182.htm,1
Thủ tướng phê duyệt đề án thí điểm cửa khẩu thông minh tại Lạng Sơn,https://dantri.com.vn/xa-hoi/thu-tuong-phe-duyet-de-an-thi-diem-cua-khau-thong-minh-tai-lang-son-20240818134555610.htm,1
"Tổng Bí thư, Chủ tịch nước Tô Lâm thăm Khu di tích Trụ sở Hội Việt Nam Cách mạng Thanh niên tại Quảng Châu",https://dantri.com.vn/xa-hoi/tong-bi-thu-chu-tich-nuoc-to-lam-tham-khu-di-tich-tru-so-hoi-viet-nam-cach-mang-thanh-nien-tai-quang-chau-20240818131301318.htm,1
"Thủ tướng phát động ""500 ngày đêm hoàn thành 3.000km đường bộ cao tốc""",https://dantri.com.vn/xa-hoi/thu-tuong-phat-dong-500-ngay-dem-hoan-thanh-3000km-duong-bo-cao-toc-20240818121450513.htm,1
"Tổng Bí thư, Chủ tịch nước Tô Lâm và Phu nhân tới Quảng Châu, bắt đầu chuyến thăm Trung Quốc",https://dantri.com.vn/xa-hoi/tong-bi-thu-chu-tich-nuoc-to-lam-va-phu-nhan-toi-quang-chau-bat-dau-chuyen-tham-trung-quoc-20240818105214906.htm,1
"Tổng Bí thư, Chủ tịch nước Tô Lâm và Phu nhân lên đường thăm Trung Quốc",https://dantri.com.vn/xa-hoi/tong-bi-thu-chu-tich-nuoc-to-lam-va-phu-nhan-len-duong-tham-trung-quoc-20240818070302510.htm,1
"Tổng Bí thư, Chủ tịch nước Tô Lâm chỉ ra những vấn đề TPHCM cần khắc phục",https://dantri.com.vn/xa-hoi/tong-bi-thu-chu-tich-nuoc-to-lam-chi-ra-nhung-van-de-tphcm-can-khac-phuc-20240817184420400.htm,1
"TPHCM kiến nghị Tổng Bí thư, Chủ tịch nước quan tâm tháo gỡ các vướng mắc",https://dantri.com.vn/xa-hoi/tphcm-kien-nghi-tong-bi-thu-chu-tich-nuoc-quan-tam-thao-go-cac-vuong-mac-20240817164104595.htm,1
"Tổng Bí thư, Chủ tịch nước Tô Lâm làm việc với Thành ủy TPHCM",https://dantri.com.vn/xa-hoi/tong-bi-thu-chu-tich-nuoc-to-lam-lam-viec-voi-thanh-uy-tphcm-20240817143225387.htm,1
Chân dung tân Bí thư Trung ương Đảng Nguyễn Duy Ngọc,https://dantri.com.vn/xa-hoi/chan-dung-tan-bi-thu-trung-uong-dang-nguyen-duy-ngoc-20240816190214734.htm,1
"Ưu tiên đầu tư cao tốc, sân bay và metro kết nối vùng đồng bằng sông Hồng",https://dantri.com.vn/xa-hoi/uu-tien-dau-tu-cao-toc-san-bay-va-metro-ket-noi-vung-dong-bang-song-hong-20240817130226768.htm,1
"Thủ tướng: ""Ô nhiễm, ùn tắc và ngập úng vẫn là vấn đề của Hà Nội""",https://dantri.com.vn/xa-hoi/thu-tuong-o-nhiem-un-tac-va-ngap-ung-van-la-van-de-cua-ha-noi-20240817111820583.htm,1
Thủ tướng ra hạn chót giải phóng mặt bằng loạt cao tốc trong tháng 8,https://dantri.com.vn/xa-hoi/thu-tuong-ra-han-chot-giai-phong-mat-bang-loat-cao-toc-trong-thang-8-20240817081507433.htm,1
Tiểu sử Thượng tướng Trịnh Văn Quyết - tân Bí thư Trung ương Đảng khóa XIII,https://dantri.com.vn/xa-hoi/tieu-su-thuong-tuong-trinh-van-quyet-tan-bi-thu-trung-uong-dang-khoa-xiii-20240816115044905.htm,1
"Khảo sát hành chính công, hơn 97% người dân Bạc Liêu nói không bị vòi vĩnh",https://dantri.com.vn/xa-hoi/khao-sat-hanh-chinh-cong-hon-97-nguoi-dan-bac-lieu-noi-khong-bi-voi-vinh-20240816201117655.htm,1
Chân dung ông Lê Minh Trí - tân Ủy viên Ban Bí thư khóa XIII,https://dantri.com.vn/xa-hoi/chan-dung-ong-le-minh-tri-tan-uy-vien-ban-bi-thu-khoa-xiii-20240816114339240.htm,1
Chân dung tân Ủy viên Bộ Chính trị Lương Tam Quang,https://dantri.com.vn/xa-hoi/chan-dung-tan-uy-vien-bo-chinh-tri-luong-tam-quang-20240815185324856.htm,1
Toàn văn thông cáo Hội nghị Trung ương về công tác cán bộ,https://dantri.com.vn/xa-hoi/toan-van-thong-cao-hoi-nghi-trung-uong-ve-cong-tac-can-bo-20240816180031999.htm,1
Trung ương bầu bổ sung 3 Ủy viên Ban Bí thư khóa XIII,https://dantri.com.vn/xa-hoi/trung-uong-bau-bo-sung-3-uy-vien-ban-bi-thu-khoa-xiii-20240815200510534.htm,1
Bộ trưởng Công an Lương Tam Quang được bầu bổ sung vào Bộ Chính trị,https://dantri.com.vn/xa-hoi/bo-truong-cong-an-luong-tam-quang-duoc-bau-bo-sung-vao-bo-chinh-tri-20240815164032490.htm,1
Bộ Chính trị yêu cầu thực hiện chủ trương lương của nhà giáo được ưu tiên xếp cao nhất,https://dantri.com.vn/xa-hoi/bo-chinh-tri-yeu-cau-thuc-hien-chu-truong-luong-cua-nha-giao-duoc-uu-tien-xep-cao-nhat-20240816064126724.htm,1
"7 Ủy viên Bộ Chính trị thôi chức, nhiều lãnh đạo ""dính"" đại án tham nhũng",https://dantri.com.vn/xa-hoi/7-uy-vien-bo-chinh-tri-thoi-chuc-nhieu-lanh-dao-dinh-dai-an-tham-nhung-20240815183359918.htm,1
"3 kỳ vọng từ chuyến thăm Trung Quốc của Tổng Bí thư, Chủ tịch nước Tô Lâm",https://dantri.com.vn/xa-hoi/3-ky-vong-tu-chuyen-tham-trung-quoc-cua-tong-bi-thu-chu-tich-nuoc-to-lam-20240815195228347.htm,1
Đại tá Nguyễn Thanh Hải làm Giám đốc Công an tỉnh Trà Vinh,https://dantri.com.vn/xa-hoi/dai-ta-nguyen-thanh-hai-lam-giam-doc-cong-an-tinh-tra-vinh-20240815181644001.htm,1
"Tổng Bí thư, Chủ tịch nước đọc thơ khi gặp các cán bộ từng phục vụ Bác Hồ",https://dantri.com.vn/xa-hoi/tong-bi-thu-chu-tich-nuoc-doc-tho-khi-gap-cac-can-bo-tung-phuc-vu-bac-ho-20240815181046984.htm,1
"Chú trọng phát huy vai trò tích cực của người có uy tín, chức sắc tôn giáo",https://dantri.com.vn/xa-hoi/chu-trong-phat-huy-vai-tro-tich-cuc-cua-nguoi-co-uy-tin-chuc-sac-ton-giao-20240815132335342.htm,1
Một số lãnh đạo bị cách chức do thiếu trách nhiệm để xảy ra tham nhũng,https://vietnamnet.vn/mot-so-lanh-dao-bi-cach-chuc-do-thieu-trach-nhiem-de-xay-ra-tham-nhung-2318400.html,1
"Tổng Bí thư, Chủ tịch nước gặp mặt 150 đại biểu 'tham mưu giỏi, phục vụ tốt'",https://vietnamnet.vn/tong-bi-thu-chu-tich-nuoc-gap-mat-150-dai-bieu-tham-muu-gioi-phuc-vu-tot-2318312.html,1
Ông Nguyễn Thiện Nhân: Hạnh phúc không phụ thuộc vào sự giàu có,https://vietnamnet.vn/ong-nguyen-thien-nhan-hanh-phuc-khong-phu-thuoc-vao-su-giau-co-2318305.html,1
Bài học không bao giờ cũ và bản lĩnh chính trị Việt Nam,https://vietnamnet.vn/bai-hoc-khong-bao-gio-cu-va-ban-linh-chinh-tri-viet-nam-2317836.html,1
Thiếu tướng Lê Ngọc Châu giữ chức Phó Bí thư Tỉnh ủy Hải Dương,https://vietnamnet.vn/thieu-tuong-le-ngoc-chau-giu-chuc-pho-bi-thu-tinh-uy-hai-duong-2318334.html,1
"Tổng Bí thư, Chủ tịch nước điện đàm với Tổng thống Hàn Quốc và Thủ tướng Nhật Bản",https://vietnamnet.vn/tong-bi-thu-chu-tich-nuoc-dien-dam-voi-tong-thong-han-quoc-thu-tuong-nhat-ban-2318122.html,1
Nhà vua và Tổng thống nhiều nước chúc mừng Quốc khánh Việt Nam,https://vietnamnet.vn/nha-vua-va-tong-thong-nhieu-nuoc-chuc-mung-quoc-khanh-viet-nam-2318116.html,1
Thiếu tướng Lê Ngọc Châu làm Chủ tịch UBND tỉnh Hải Dương,https://vietnamnet.vn/thieu-tuong-le-ngoc-chau-lam-chu-tich-ubnd-tinh-hai-duong-2318308.html,1
Tổng thống Guinea-Bissau và Phu nhân sắp thăm Việt Nam,https://vietnamnet.vn/tong-thong-guinea-bissau-va-phu-nhan-sap-tham-viet-nam-2318113.html,1
Đổi mới tư duy đối ngoại góp phần kiến tạo vị thế đất nước,https://vietnamnet.vn/doi-moi-tu-duy-doi-ngoai-gop-phan-kien-tao-vi-the-dat-nuoc-2317934.html,1
"Bão số 3 cường độ rất mạnh, Thủ tướng chỉ đạo khẩn trương ứng phó",https://vietnamnet.vn/bao-so-3-cuong-do-rat-manh-thu-tuong-chi-dao-khan-truong-ung-pho-2318059.html,1
Sửa đổi hoặc bãi bỏ cơ chế tài chính và thu nhập đặc thù trong năm 2024,https://vietnamnet.vn/sua-doi-hoac-bai-bo-co-che-tai-chinh-va-thu-nhap-dac-thu-trong-nam-2024-2318015.html,1
Người dân châu Phi nhảy múa mừng Quốc khánh cùng sĩ quan Việt Nam,https://vietnamnet.vn/nguoi-dan-chau-phi-nhay-mua-mung-quoc-khanh-cung-si-quan-viet-nam-2318002.html,1
Phát triển đột phá: Thể chế hay con người và chính sách?,https://vietnamnet.vn/phat-trien-dot-pha-the-che-hay-con-nguoi-va-chinh-sach-2317912.html,1
"Tổng Bí thư, Chủ tịch nước tri ân cố nhạc sỹ Văn Cao, cố họa sỹ Bùi Trang Chước",https://vietnamnet.vn/tong-bi-thu-chu-tich-nuoc-tri-an-co-nhac-sy-van-cao-co-hoa-sy-bui-trang-chuoc-2317835.html,1
Quân khu 7 khánh thành Đài tưởng niệm Chủ tịch Hồ Chí Minh,https://vietnamnet.vn/quan-khu-7-khanh-thanh-dai-tuong-niem-chu-tich-ho-chi-minh-2317848.html,1
"Cờ đỏ sao vàng Việt Nam tung bay trên Tòa thị chính San Francisco, Mỹ",https://vietnamnet.vn/co-do-sao-vang-viet-nam-tung-bay-tren-toa-thi-chinh-san-francisco-my-2317784.html,1
Lãnh đạo nhiều nước chúc mừng 79 năm Ngày Quốc khánh Việt Nam,https://vietnamnet.vn/lanh-dao-nhieu-nuoc-chuc-mung-79-nam-ngay-quoc-khanh-viet-nam-2317779.html,1
Từ sự kiện lập quốc ngẫm về trường phái ngoại giao cây tre,https://vietnamnet.vn/tu-su-kien-lap-quoc-ngam-ve-truong-phai-ngoai-giao-cay-tre-2317716.html,1
Khái niệm 'Đảng cầm quyền' trong Di chúc của Chủ tịch Hồ Chí Minh,https://vietnamnet.vn/khai-niem-dang-cam-quyen-trong-di-chuc-cua-chu-tich-ho-chi-minh-2317539.html,1
Chuyển đổi số - Động lực quan trọng đưa đất nước vào kỷ nguyên mới,https://vietnamnet.vn/toan-van-bai-viet-cua-tong-bi-thu-chu-tich-nuoc-to-lam-ve-chuyen-doi-so-2317731.html,1
"Thủ tướng thị sát các dự án trọng điểm, thăm trẻ em mồ côi ở Đà Nẵng",https://vietnamnet.vn/thu-tuong-thi-sat-cac-du-an-trong-diem-tham-tre-em-truong-hy-vong-o-da-nang-2317667.html,1
"Những giá trị mang tên tuổi, hình hài đất nước",https://vietnamnet.vn/nhung-gia-tri-mang-ten-tuoi-hinh-hai-dat-nuoc-2317068.html,1
"Thủ tướng: Đủ cơ sở để Đà Nẵng phát triển bứt phá, thần tốc hơn",https://vietnamnet.vn/thu-tuong-du-co-so-de-da-nang-phat-trien-but-pha-than-toc-hon-2317549.html,1
Bộ trưởng Quốc phòng Phan Văn Giang thăm Philippines,https://vietnamnet.vn/bo-truong-quoc-phong-phan-van-giang-tham-philippines-2317369.html,1
Tướng Vịnh và bộ phim tài liệu ‘Hai trái tim chung nhịp đập’,https://vietnamnet.vn/tuong-vinh-va-bo-phim-tai-lieu-hai-trai-tim-chung-nhip-dap-2317341.html,1
Giới thiệu chữ ký của 3 tân Phó Thủ tướng,https://vietnamnet.vn/gioi-thieu-chu-ky-cua-3-tan-pho-thu-tuong-2317273.html,1
Thủ tướng chỉ đạo tăng cường xử lý vi phạm nồng độ cồn dịp nghỉ lễ Quốc khánh,https://vietnamnet.vn/thu-tuong-chi-dao-tang-cuong-xu-ly-vi-pham-nong-do-con-dip-nghi-le-quoc-khanh-2317287.html,1
"Tổng Bí thư, Chủ tịch nước chủ trì họp Bộ Chính trị cho ý kiến vào các văn kiện",https://vietnamnet.vn/tong-bi-thu-chu-tich-nuoc-chu-tri-hop-bo-chinh-tri-cho-y-kien-vao-cac-van-kien-2317104.html,1
Lãnh đạo Đảng và Nhà nước viếng Chủ tịch Hồ Chí Minh nhân 79 năm Quốc khánh 2/9,https://vietnamnet.vn/lanh-dao-dang-va-nha-nuoc-vieng-chu-tich-ho-chi-minh-nhan-79-nam-quoc-khanh-2-9-2316898.html,1
Chuyện tìm hài cốt quân nhân Australia mất tích trong chiến tranh ở Việt Nam,https://vietnamnet.vn/chuyen-tim-hai-cot-quan-nhan-australia-mat-tich-trong-chien-tranh-o-viet-nam-2316233.html,1
Chính sách mới về số lượng cấp phó và lương trong doanh nghiệp Nhà nước,https://vietnamnet.vn/chinh-sach-moi-ve-so-luong-cap-pho-va-luong-trong-doanh-nghiep-nha-nuoc-2317457.html,1
"Tổng Bí thư, Chủ tịch nước Tô Lâm và phu nhân chủ trì lễ kỷ niệm 79 năm Quốc khánh",https://vietnamnet.vn/tong-bi-thu-chu-tich-nuoc-va-phu-nhan-chu-tri-le-ky-niem-79-nam-quoc-khanh-2316857.html,1
"Cho ý kiến về tờ trình giới thiệu quy hoạch Bộ Chính trị, Ban Bí thư khóa 14",https://vietnamnet.vn/cho-y-kien-ve-to-trinh-gioi-thieu-quy-hoach-bo-chinh-tri-ban-bi-thu-khoa-14-2316804.html,1
Ủy ban Kiểm tra Trung ương kỷ luật nhiều lãnh đạo tỉnh Bắc Giang,https://vietnamnet.vn/uy-ban-kiem-tra-trung-uong-ky-luat-nhieu-lanh-dao-tinh-bac-giang-2316840.html,1
Ông Nguyễn Đức Thành giữ chức Trưởng ban Tổ chức Tỉnh ủy Sơn La,https://vietnamnet.vn/ong-nguyen-duc-thanh-giu-chuc-truong-ban-to-chuc-tinh-uy-son-la-2316861.html,1
"Tổng Bí thư, Chủ tịch nước: Ngoại giao vươn lên tầm cao mới trong kỷ nguyên mới",https://vietnamnet.vn/tong-bi-thu-chu-tich-nuoc-trong-ky-nguyen-moi-ngoai-giao-vuon-len-tam-cao-moi-2316759.html,1
Thủ tướng Phạm Minh Chính điện đàm với tân Thủ tướng Thái Lan,https://vietnamnet.vn/thu-tuong-pham-minh-chinh-dien-dam-voi-tan-thu-tuong-thai-lan-2316768.html,1
Sửa Luật Điện lực có chống được độc quyền hay không?,https://vietnamnet.vn/sua-luat-dien-luc-co-chong-duoc-doc-quyen-hay-khong-2316712.html,1
Phủ Chủ tịch ‘khoác chiếc áo’ ánh sáng mới,https://vietnamnet.vn/phu-chu-tich-khoac-chiec-ao-anh-sang-moi-2316553.html,1
"Tổng Bí thư, Chủ tịch nước và Thủ tướng tiếp Bí thư Khu ủy Quảng Tây (Trung Quốc)",https://vietnamnet.vn/tong-bi-thu-chu-tich-nuoc-va-thu-tuong-tiep-bi-thu-khu-uy-quang-tay-trung-quoc-2316517.html,1
Kiên định mục tiêu độc lập dân tộc gắn liền với chủ nghĩa xã hội,https://vietnamnet.vn/kien-dinh-muc-tieu-doc-lap-dan-toc-gan-lien-voi-chu-nghia-xa-hoi-2316598.html,1
Có nơi như vùng núi đi 200km mới có văn phòng công chứng,https://vietnamnet.vn/co-noi-di-200km-moi-co-van-phong-cong-chung-2316462.html,1
"Quy định rõ danh mục bắt buộc mua bảo hiểm cháy, nổ để tránh lạm dụng",https://vietnamnet.vn/quy-dinh-ro-danh-muc-bat-buoc-mua-bao-hiem-chay-no-de-tranh-lam-dung-2316316.html,1
"Tổng Bí thư, Chủ tịch nước Tô Lâm làm việc với Ban Thường vụ Quân ủy Trung ương",https://vietnamnet.vn/tong-bi-thu-chu-tich-nuoc-to-lam-lam-viec-voi-ban-thuong-vu-quan-uy-trung-uong-2316304.html,1
"Tổng Bí thư, Chủ tịch nước: Quân đội phải được quan tâm xây dựng vững mạnh",https://vietnamnet.vn/tong-bi-thu-chu-tich-nuoc-quan-doi-phai-duoc-quan-tam-xay-dung-vung-manh-2316367.html,1
Ông Nguyễn Hòa Bình được phân công làm Phó Thủ tướng Thường trực,https://vietnamnet.vn/ong-nguyen-hoa-binh-duoc-phan-cong-lam-pho-thu-tuong-thuong-truc-2316287.html,1
Ông Trần Ngọc Luận giữ chức Giám đốc Sở TNMT Yên Bái,https://vietnamnet.vn/ong-tran-ngoc-luan-giu-chuc-giam-doc-so-tnmt-yen-bai-2316406.html,1
Thúc đẩy quan hệ Việt Nam - Brazil phát triển lên tầm cao mới,https://vietnamnet.vn/thuc-day-quan-he-viet-nam-brazil-phat-trien-len-tam-cao-moi-2316360.html,1
"Tổng Bí thư, Chủ tịch nước Tô Lâm tiếp Chủ tịch Thượng viện Australia",https://vietnamnet.vn/tong-bi-thu-chu-tich-nuoc-to-lam-tiep-chu-tich-thuong-vien-australia-2316160.html,1
"Tổng Bí thư, Chủ tịch nước Tô Lâm chủ trì cuộc họp Tiểu ban Văn kiện Đại hội 14",https://vietnamnet.vn/tong-bi-thu-chu-tich-nuoc-to-lam-chu-tri-cuoc-hop-tieu-ban-van-kien-dai-hoi-14-2315717.html,1
79 năm Ngoại giao Việt Nam: Viết tiếp trang sử vàng của nền ngoại giao cách mạng,https://vietnamnet.vn/79-nam-ngoai-giao-viet-nam-viet-tiep-trang-su-vang-cua-nen-ngoai-giao-cach-mang-2316230.html,1
Trao Huân chương hữu nghị của Chủ tịch nước tặng Đại sứ Trung Quốc Hùng Ba,https://vietnamnet.vn/trao-huan-chuong-huu-nghi-cua-chu-tich-nuoc-tang-dai-su-trung-quoc-hung-ba-2316122.html,1
"Đề nghị Australia tạo thuận lợi cấp thị thực cho công dân, du học sinh Việt Nam",https://vietnamnet.vn/de-nghi-australia-tao-thuan-loi-cap-thi-thuc-cho-cong-dan-du-hoc-sinh-viet-nam-2316063.html,1
"Các tỉnh miền Tây bầu, bổ nhiệm nhiều nhân sự chủ chốt",https://vietnamnet.vn/cac-tinh-mien-tay-bau-bo-nhiem-nhieu-nhan-su-chu-chot-2316005.html,1
'Sản phẩm hỏng có thể bỏ đi nhưng cuộc đời các cháu thiếu niên thì còn dài',https://vietnamnet.vn/san-pham-hong-co-the-bo-di-nhung-cuoc-doi-cac-chau-thieu-nien-thi-con-dai-2316001.html,1
Chủ tịch Quốc hội: Các đại biểu góp ý luật không né tránh nội dung nhạy cảm,https://vietnamnet.vn/chu-tich-quoc-hoi-cac-dai-bieu-gop-y-luat-khong-ne-tranh-noi-dung-nhay-cam-2315870.html,1
"Báo chí cần tiếp tục chủ động vào cuộc, đồng hành cùng Chính phủ, tạo sự đồng thuận",https://vietnamnet.vn/bao-chi-tiep-tuc-chu-dong-vao-cuoc-dong-hanh-cung-chinh-phu-tao-su-dong-thuan-2316057.html,1
"Thủ tướng: Cơ chế chính sách phải thông thoáng, khả thi nhưng kiểm soát được",https://vietnamnet.vn/thu-tuong-co-che-chinh-sach-phai-thong-thoang-kha-thi-nhung-kiem-soat-duoc-2316066.html,1
Danh sách 26 thành viên Chính phủ nhiệm kỳ 2021 - 2026,https://vietnamnet.vn/danh-sach-26-thanh-vien-chinh-phu-nhiem-ky-2021-2026-2315886.html,0
"Tổng Bí thư, Chủ tịch nước trao quyết định bổ nhiệm 3 Phó Thủ tướng, 2 Bộ trưởng",https://vietnamnet.vn/tong-bi-thu-chu-tich-nuoc-trao-quyet-dinh-bo-nhiem-3-pho-thu-tuong-2-bo-truong-2315766.html,1
"Các ông Nguyễn Hòa Bình, Hồ Đức Phớc, Bùi Thanh Sơn làm Phó Thủ tướng",https://vietnamnet.vn/cac-ong-nguyen-hoa-binh-ho-duc-phoc-bui-thanh-son-lam-pho-thu-tuong-2315371.html,1
Ông Lê Minh Trí được bầu làm Chánh án TAND Tối cao,https://vietnamnet.vn/ong-le-minh-tri-duoc-bau-lam-chanh-an-tand-toi-cao-2315420.html,1
Ông Đỗ Đức Duy làm Bộ trưởng Bộ Tài nguyên và Môi trường,https://vietnamnet.vn/ong-do-duc-duy-lam-bo-truong-bo-tai-nguyen-va-moi-truong-2315486.html,1
Cơ cấu số lượng thành viên Chính phủ thay đổi như thế nào sau kiện toàn?,https://vietnamnet.vn/co-cau-so-luong-thanh-vien-chinh-phu-thay-doi-nhu-the-nao-sau-kien-toan-2315794.html,1
Bí thư Tỉnh ủy Khánh Hòa làm Bộ trưởng Bộ Tư pháp,https://vietnamnet.vn/bi-thu-tinh-uy-khanh-hoa-lam-bo-truong-bo-tu-phap-2315504.html,1
5 gương mặt mới của Chính phủ vừa được kiện toàn,https://vietnamnet.vn/5-guong-mat-moi-cua-chinh-phu-vua-duoc-kien-toan-2315606.html,1
Thủ tướng Phạm Minh Chính giao nhiệm vụ cho 3 Phó Thủ tướng và 2 Bộ trưởng,https://vietnamnet.vn/thu-tuong-pham-minh-chinh-giao-nhiem-vu-cho-3-pho-thu-tuong-va-2-bo-truong-2315784.html,1
Ông Nguyễn Huy Tiến được bầu làm Viện trưởng Viện Kiểm sát nhân dân Tối cao,https://vietnamnet.vn/ong-nguyen-huy-tien-duoc-bau-lam-vien-truong-vien-kiem-sat-nhan-dan-toi-cao-2315498.html,1
"Chánh án TAND Tối cao cam kết ‘nói ít, nỗ lực làm nhiều’",https://vietnamnet.vn/chanh-an-tand-toi-cao-cam-ket-co-gang-noi-it-nhung-no-luc-lam-nhieu-2315740.html,1
Quốc hội sẽ bầu Chủ tịch nước vào tháng 10,https://vietnamnet.vn/quoc-hoi-se-bau-chu-tich-nuoc-vao-thang-10-2315605.html,1
Quốc hội phê chuẩn miễn nhiệm 2 Phó Thủ tướng và 2 Bộ trưởng,https://vietnamnet.vn/quoc-hoi-phe-chuan-mien-nhiem-2-pho-thu-tuong-va-2-bo-truong-2315427.html,1
Chân dung tân Bộ trưởng Tư pháp Nguyễn Hải Ninh,https://vietnamnet.vn/chan-dung-tan-bo-truong-tu-phap-nguyen-hai-ninh-2315576.html,0
Ông Nguyễn Huy Tiến - tân Viện trưởng Viện Kiểm sát nhân dân Tối cao,https://vietnamnet.vn/ong-nguyen-huy-tien-tan-vien-truong-vien-kiem-sat-nhan-dan-toi-cao-2315727.html,0
Ông Đỗ Đức Duy: Từ Bí thư Yên Bái đến Bộ trưởng Tài nguyên và Môi trường,https://vietnamnet.vn/ong-do-duc-duy-tu-bi-thu-yen-bai-den-bo-truong-tai-nguyen-va-moi-truong-2315580.html,0
Đại sứ Hà Lan chia sẻ 'chìa khóa' tồn tại và phát triển,https://vietnamnet.vn/dai-su-ha-lan-chia-se-chia-khoa-ton-tai-va-phat-trien-2316885.html,1
Ông Lê Thanh Vân bị bãi nhiệm đại biểu Quốc hội,https://vietnamnet.vn/ong-le-thanh-van-bi-bai-nhiem-dai-bieu-quoc-hoi-2315487.html,1
Tiểu sử tân Phó Thủ tướng Chính phủ Hồ Đức Phớc,https://vietnamnet.vn/tieu-su-tan-pho-thu-tuong-chinh-phu-ho-duc-phoc-2315570.html,0
Ông Nguyễn Hòa Bình - tân Phó Thủ tướng Chính phủ,https://vietnamnet.vn/ong-nguyen-hoa-binh-tan-pho-thu-tuong-chinh-phu-2315571.html,0
"Chân dung Phó Thủ tướng Chính phủ, Bộ trưởng Ngoại giao Bùi Thanh Sơn",https://vietnamnet.vn/chan-dung-pho-thu-tuong-chinh-phu-bo-truong-ngoai-giao-bui-thanh-son-2315561.html,0
Tiểu sử tân Chánh án Tòa án nhân dân Tối cao Lê Minh Trí,https://vietnamnet.vn/tieu-su-tan-chanh-an-toa-an-nhan-dan-toi-cao-le-minh-tri-2315559.html,0
"Lâm Đồng điều động, bổ nhiệm 11 cán bộ chủ chốt",https://vietnamnet.vn/lam-dong-dieu-dong-bo-nhiem-11-can-bo-chu-chot-2315602.html,1
Ông Lưu Văn Bản được giao quyền Chủ tịch UBND tỉnh Hải Dương,https://vietnamnet.vn/ong-luu-van-ban-duoc-giao-quyen-chu-tich-ubnd-tinh-hai-duong-2315574.html,1
Ông Trần Minh Khoa giữ chức Chủ tịch UBND TP Phú Quốc,https://vietnamnet.vn/ong-tran-minh-khoa-giu-chuc-chu-tich-ubnd-tp-phu-quoc-2315512.html,1
"Quốc hội sẽ phê chuẩn bổ nhiệm 3 Phó Thủ tướng Chính phủ, 2 Bộ trưởng",https://vietnamnet.vn/quoc-hoi-se-phe-chuan-bo-nhiem-3-pho-thu-tuong-chinh-phu-2-bo-truong-2315464.html,1
"Hôm nay, Quốc hội họp bất thường bàn về nhân sự",https://vietnamnet.vn/hom-nay-quoc-hoi-hop-bat-thuong-ban-ve-nhan-su-2315400.html,1
"Australia cam kết tăng vốn ODA cho Việt Nam là 95,7 triệu AUD",https://vietnamnet.vn/australia-cam-ket-tang-von-oda-cho-viet-nam-la-95-7-trieu-aud-2315395.html,1
"Việt Nam và Chile phối hợp thu xếp, chuẩn bị cho chuyến thăm cấp cao",https://vietnamnet.vn/viet-nam-va-chile-phoi-hop-thu-xep-chuan-bi-cho-chuyen-tham-cap-cao-2315378.html,1
Chủ tịch Thượng viện Australia tham quan di sản Tràng An,https://vietnamnet.vn/chu-tich-thuong-vien-australia-tham-quan-di-san-trang-an-2315343.html,1
Chủ tịch Thượng viện Australia Sue Lines bắt đầu chuyến thăm Việt Nam,https://vietnamnet.vn/chu-tich-thuong-vien-australia-sue-lines-bat-dau-chuyen-tham-viet-nam-2315176.html,1
Nguyên Chủ tịch TP Sông Công Lê Văn Khôi bị khai trừ Đảng,https://vietnamnet.vn/nguyen-chu-tich-tp-song-cong-le-van-khoi-bi-khai-tru-dang-2315160.html,1
Thủ tướng chủ trì phiên họp Chính phủ xây dựng pháp luật tháng 8,https://vietnamnet.vn/thu-tuong-chu-tri-phien-hop-chinh-phu-xay-dung-phap-luat-thang-8-2315103.html,1
Kỷ luật cảnh cáo nguyên Chủ tịch tỉnh Long An Trần Văn Cần,https://vietnamnet.vn/ky-luat-canh-cao-nguyen-chu-tich-tinh-long-an-tran-van-can-2315005.html,1
"Thủ tướng Phạm Minh Chính: Lấy phát triển, đột phá để ổn định",https://vietnamnet.vn/thu-tuong-pham-minh-chinh-lay-phat-trien-dot-pha-de-on-dinh-2315006.html,1
"Tổng Bí thư, Chủ tịch nước: Nhiều kiều bào làm rạng rỡ đất nước, dân tộc",https://vietnamnet.vn/tong-bi-thu-chu-tich-nuoc-nhieu-nguoi-viet-da-lam-rang-ro-dat-nuoc-dan-toc-2314929.html,1
Ông Mùa A Vảng giữ chức Chủ tịch MTTQ tỉnh Điện Biên,https://vietnamnet.vn/ong-mua-a-vang-giu-chuc-chu-tich-mttq-tinh-dien-bien-2314958.html,1
Quốc hội họp bất thường xem xét công tác nhân sự,https://vietnamnet.vn/quoc-hoi-hop-bat-thuong-xem-xet-cong-tac-nhan-su-2314951.html,1
"Thủ tướng: Phát huy tiềm năng, giải phóng sức lao động của phụ nữ",https://vietnamnet.vn/thu-tuong-phat-huy-tiem-nang-giai-phong-suc-lao-dong-cua-phu-nu-2314901.html,1
Bà Nguyễn Lan Hương tái đắc cử Chủ tịch MTTQ TP Hà Nội,https://vietnamnet.vn/ba-nguyen-lan-huong-tai-dac-cu-chu-tich-mttq-tp-ha-noi-2314908.html,1
"Tổng Bí thư, Chủ tịch nước Tô Lâm chủ trì họp Bộ Chính trị về Quy hoạch TPHCM",https://vietnamnet.vn/tong-bi-thu-chu-tich-nuoc-to-lam-chu-tri-hop-bo-chinh-tri-ve-quy-hoach-tphcm-2314613.html,1
Ông Trần Hồng Thái giữ chức Phó bí thư Tỉnh uỷ Lâm Đồng,https://vietnamnet.vn/ong-tran-hong-thai-giu-chuc-pho-bi-thu-tinh-uy-lam-dong-2314776.html,1
Việt Nam lấy làm tiếc về phán quyết Tòa Paris với vụ kiện chất độc da cam,https://vietnamnet.vn/viet-nam-lay-lam-tiec-ve-phan-quyet-toa-paris-voi-vu-kien-cua-ba-tran-to-nga-2314625.html,1
Trung tướng Trương Thiên Tô làm Phó Chủ nhiệm Tổng cục Chính trị QĐND Việt Nam,https://vietnamnet.vn/trung-tuong-truong-thien-to-lam-pho-chu-nhiem-tong-cuc-chinh-tri-qdnd-viet-nam-2314633.html,1
Bác bỏ thông tin 'công dân Anh đến Việt Nam có thể bị thu hộ chiếu',https://vietnamnet.vn/bac-bo-thong-tin-cong-dan-anh-den-viet-nam-co-the-bi-thu-ho-chieu-2314605.html,1
"Tổng Bí thư, Chủ tịch nước chủ trì Phiên họp thứ tư BCĐ tổng kết 40 năm Đổi mới",https://vietnamnet.vn/tong-bi-thu-chu-tich-nuoc-chu-tri-phien-hop-thu-tu-bcd-tong-ket-40-nam-doi-moi-2314398.html,1
"Thủ tướng: Nghe cho thấu, thấy cho rõ, hiểu cho hết tâm tư, nguyện vọng kiều bào",https://vietnamnet.vn/thu-tuong-nghe-cho-thau-thay-cho-ro-hieu-cho-het-tam-tu-nguyen-vong-kieu-bao-2314466.html,1
Chủ tịch Quốc hội giao nhiệm vụ cho 9 tư lệnh ngành sau phiên chất vấn,https://vietnamnet.vn/chu-tich-quoc-hoi-giao-nhiem-vu-cho-9-tu-lenh-nganh-sau-phien-chat-van-2314439.html,1
"Phó Thủ tướng: Du lịch phục hồi tích cực sau đại dịch, là điểm sáng",https://vietnamnet.vn/pho-thu-tuong-du-lich-phuc-hoi-tich-cuc-sau-dai-dich-la-diem-sang-2314438.html,1
Bộ trưởng Nội vụ trả lời câu hỏi tiền đâu giải quyết chế độ cho cán bộ dôi dư,https://vietnamnet.vn/bo-truong-noi-vu-tra-loi-cau-hoi-tien-dau-giai-quyet-che-do-cho-can-bo-doi-du-2314388.html,1
Bộ trưởng Công an nêu giải pháp đột phá phòng chống tội phạm không gian mạng,https://vietnamnet.vn/bo-truong-cong-an-neu-giai-phap-dot-pha-phong-chong-toi-pham-khong-gian-mang-2314379.html,1
"Kiến nghị tạo thuận lợi cho kiều bào trở lại quốc tịch Việt Nam, làm căn cước",https://vietnamnet.vn/kien-nghi-tao-thuan-loi-cho-kieu-bao-tro-lai-quoc-tich-viet-nam-lam-can-cuoc-2314349.html,1
Bộ trưởng Ngoại giao: Tự hào khi nhiều người Việt trên thế giới được nể trọng,https://vietnamnet.vn/bo-truong-ngoai-giao-tu-hao-khi-nhieu-nguoi-viet-tren-the-gioi-duoc-ne-trong-2314284.html,1
Viện trưởng VKSND Tối cao Lê Minh Trí trả lời chất vấn về 'kỳ án gỗ trắc',https://vietnamnet.vn/vien-truong-vksnd-toi-cao-le-minh-tri-tra-loi-chat-van-ve-ky-an-go-trac-2314256.html,1
Bộ trưởng Công an Lương Tam Quang lần đầu trả lời chất vấn,https://vietnamnet.vn/bo-truong-cong-an-luong-tam-quang-lan-dau-tra-loi-chat-van-2314236.html,1
"Bộ trưởng Nội vụ: Với tiến độ này khó hoàn thành sáp nhập huyện, xã trước tháng 10",https://vietnamnet.vn/bo-truong-noi-vu-kho-hoan-thanh-sap-nhap-huyen-xa-truoc-thang-10-2314191.html,1
Ông Mai Văn Chính - tân Trưởng Ban Dân vận Trung ương,https://vietnamnet.vn/ong-mai-van-chinh-tan-truong-ban-dan-van-trung-uong-2314203.html,0
Ông Trần Lưu Quang - tân Trưởng Ban Kinh tế Trung ương,https://vietnamnet.vn/ong-tran-luu-quang-tan-truong-ban-kinh-te-trung-uong-2314207.html,0
Ông Mai Văn Chính làm Trưởng Ban Dân vận Trung ương,https://vietnamnet.vn/ong-mai-van-chinh-lam-truong-ban-dan-van-trung-uong-2312390.html,1
Phó Thủ tướng Trần Lưu Quang làm Trưởng Ban Kinh tế Trung ương,https://vietnamnet.vn/pho-thu-tuong-tran-luu-quang-lam-truong-ban-kinh-te-trung-uong-2312346.html,1
Câu trả lời làm Bộ trưởng đắng lòng khi nông dân đốn điều trồng sầu riêng,https://vietnamnet.vn/cau-tra-loi-lam-bo-truong-dang-long-khi-nong-dan-don-dieu-trong-sau-rieng-2314084.html,1
Bộ trưởng Công Thương: Không có chuyện điều hành bất cập gây thua lỗ ngành điện,https://vietnamnet.vn/bo-truong-cong-thuong-khong-co-chuyen-dieu-hanh-bat-cap-gay-thua-lo-nganh-dien-2314083.html,1
Bộ trưởng Nguyễn Văn Hùng: Bộ không làm sản phẩm du lịch đêm thay địa phương,https://vietnamnet.vn/bo-truong-nguyen-van-hung-bo-khong-lam-san-pham-du-lich-dem-thay-dia-phuong-2314029.html,1
"Tội phạm tham nhũng, rửa tiền vẫn diễn biến phức tạp",https://vietnamnet.vn/toi-pham-tham-nhung-rua-tien-van-dien-bien-phuc-tap-2313994.html,1
"Tổng Bí thư, Chủ tịch nước Tô Lâm chủ trì cuộc họp Tiểu ban Nhân sự Đại hội 14",https://vietnamnet.vn/tong-bi-thu-chu-tich-nuoc-to-lam-chu-tri-cuoc-hop-tieu-ban-nhan-su-dai-hoi-14-2314006.html,1
"Lần đầu tiên trong nhiệm kỳ, Thường vụ Quốc hội chất vấn để 'giám sát lại'",https://vietnamnet.vn/lan-dau-tien-trong-nhiem-ky-thuong-vu-quoc-hoi-chat-van-de-giam-sat-lai-2313979.html,1
"Thủ tướng yêu cầu bảo đảm trật tự, an toàn giao thông dịp Lễ Quốc khánh 2/9",https://vietnamnet.vn/thu-tuong-yeu-cau-bao-dam-trat-tu-an-toan-giao-thong-dip-le-quoc-khanh-2-9-2313964.html,1
Ủy ban Thường vụ Quốc hội chất vấn 3 bộ trưởng,https://vietnamnet.vn/uy-ban-thuong-vu-quoc-hoi-chat-van-3-bo-truong-2313957.html,1
"Trung Quốc đã dành nhiều biệt lệ để đón tiếp Tổng Bí thư, Chủ tịch nước Tô Lâm",https://vietnamnet.vn/trung-quoc-da-danh-nhieu-biet-le-de-don-tiep-tong-bi-thu-chu-tich-nuoc-to-lam-2313878.html,1
"Ông Phan Đình Trạc: Có nên giáo dục liêm chính bắt buộc cho cán bộ, đảng viên?",https://vietnamnet.vn/ong-phan-dinh-trac-co-nen-giao-duc-liem-chinh-bat-buoc-cho-can-bo-dang-vien-2313879.html,1
Thủ tướng: Cần quy định rõ thẩm quyền chấp thuận cơ chế thử nghiệm có kiểm soát,https://vietnamnet.vn/thu-tuong-can-quy-dinh-ro-tham-quyen-chap-thuan-co-che-thu-nghiem-co-kiem-soat-2313889.html,1
Tuyên bố chung Việt Nam - Trung Quốc,https://vietnamnet.vn/tuyen-bo-chung-viet-nam-trung-quoc-2313874.html,1
"Chuyến thăm Trung Quốc của Tổng Bí thư, Chủ tịch nước Tô Lâm thành công mọi phương diện",https://vietnamnet.vn/chuyen-tham-trung-quoc-cua-tong-bi-thu-chu-tich-nuoc-thanh-cong-moi-phuong-dien-2313795.html,1
Đại tá Nguyễn Hữu Hợp làm Giám đốc Công an tỉnh Quảng Nam,https://vietnamnet.vn/dai-ta-nguyen-huu-hop-lam-giam-doc-cong-an-tinh-quang-nam-2313708.html,1
"Tổng Bí thư, Chủ tịch nước Tô Lâm thăm 'địa chỉ đỏ' đào tạo cán bộ Trung Quốc",https://vietnamnet.vn/tong-bi-thu-chu-tich-nuoc-to-lam-tham-dia-chi-do-dao-tao-can-bo-trung-quoc-2313714.html,1
"Khai trương Trang thông tin đặc biệt 'Tổng Bí thư Nguyễn Phú Trọng - Nhà lãnh đạo có tâm, có tầm của Đảng'",https://vietnamnet.vn/tong-bi-thu-nguyen-phu-trong-nha-lanh-dao-co-tam-co-tam-cua-dang-2313706.html,1
"Tránh ban hành quy chuẩn, tiêu chuẩn để doanh nghiệp phải 'thế này, thế kia'",https://vietnamnet.vn/tranh-ban-hanh-quy-chuan-tieu-chuan-de-doanh-nghiep-phai-the-nay-the-kia-2313687.html,1
Việt Nam hoan nghênh Trung Quốc tham gia xây dựng 3 tuyến đường sắt,https://vietnamnet.vn/viet-nam-hoan-nghenh-trung-quoc-tham-gia-xay-dung-3-tuyen-duong-sat-2313304.html,1
"Tổng Bí thư, Chủ tịch nước hội kiến Chủ tịch Chính hiệp Trung Quốc Vương Hỗ Ninh",https://vietnamnet.vn/tong-bi-thu-chu-tich-nuoc-hoi-kien-chu-tich-chinh-hiep-trung-quoc-vuong-ho-ninh-2313536.html,1
"Trung Quốc muốn cùng Việt Nam phát huy quan hệ 'vừa là đồng chí, vừa là anh em'",https://vietnamnet.vn/trung-quoc-muon-cung-viet-nam-phat-huy-quan-he-vua-la-dong-chi-vua-la-anh-em-2313528.html,1
"Hai Tổng Bí thư, Chủ tịch nước chứng kiến ký 14 văn kiện hợp tác Việt - Trung",https://vietnamnet.vn/hai-tong-bi-thu-chu-tich-nuoc-chung-kien-ky-14-van-kien-hop-tac-viet-trung-2313525.html,1
"Nhiều người sập bẫy, mất tiền từ cuộc gọi 'bạn nhận được phần quà may mắn'",https://vietnamnet.vn/nhieu-nguoi-sap-bay-mat-tien-tu-cuoc-goi-ban-nhan-duoc-phan-qua-may-man-2313440.html,1
Phu nhân Ngô Phương Ly dự tiệc trà do Phu nhân Bành Lệ Viên chủ trì,https://vietnamnet.vn/phu-nhan-ngo-phuong-ly-du-tiec-tra-do-phu-nhan-banh-le-vien-chu-tri-2313475.html,1
"Hai Tổng Bí thư, Chủ tịch nước Việt Nam và Trung Quốc dự tiệc trà",https://vietnamnet.vn/hai-tong-bi-thu-chu-tich-nuoc-viet-nam-va-trung-quoc-du-tiec-tra-2313470.html,1
Ông Tập Cận Bình: Thời điểm quan trọng đưa quan hệ Việt - Trung lên tầm cao mới,https://vietnamnet.vn/ong-tap-can-binh-thoi-diem-quan-trong-dua-quan-he-viet-trung-len-tam-cao-moi-2313455.html,1
"Chuyển đổi vị trí công tác người có chức vụ, quyền hạn để phòng chống tham nhũng",https://vietnamnet.vn/chuyen-doi-vi-tri-cong-tac-nguoi-co-chuc-vu-quyen-han-de-phong-chong-tham-nhung-2313465.html,1
Đề xuất Nhà nước độc quyền xây dựng nhà máy điện hạt nhân,https://vietnamnet.vn/de-xuat-nha-nuoc-doc-quyen-xay-dung-nha-may-dien-hat-nhan-2313419.html,1
Viết tiếp trang sử vẻ vang của lực lượng Công an nhân dân trong thời đại mới,https://vietnamnet.vn/viet-tiep-trang-su-ve-vang-cua-luc-luong-cong-an-nhan-dan-trong-thoi-dai-moi-2313432.html,1
"Trà Vinh điều động, luân chuyển, bổ nhiệm hàng loạt cán bộ chủ chốt",https://vietnamnet.vn/tra-vinh-dieu-dong-luan-chuyen-bo-nhiem-hang-loat-can-bo-chu-chot-2313345.html,1
Cách mạng tháng Tám: Mốc son chói lọi trong lịch sử dân tộc Việt Nam,https://vietnamnet.vn/cach-mang-thang-tam-moc-son-choi-loi-trong-lich-su-dan-toc-viet-nam-2313361.html,1
"Lễ đón Tổng Bí thư, Chủ tịch nước Tô Lâm và Phu nhân tại Thủ đô Bắc Kinh",https://vietnamnet.vn/le-don-tong-bi-thu-chu-tich-nuoc-to-lam-va-phu-nhan-tai-thu-do-bac-kinh-2313242.html,1
Đưa 2 trẻ mái ấm Hoa Hồng trở nặng vào Bệnh viện Nhi đồng 2,https://tuoitre.vn/dua-2-tre-mai-am-hoa-hong-tro-nang-vao-benh-vien-nhi-dong-2-20240906194714262.htm,1
TP.HCM tổ chức tiêm vắc xin sởi tại trường học,https://tuoitre.vn/tp-hcm-to-chuc-tiem-vac-xin-soi-tai-truong-hoc-2024090618263512.htm,1
Cái nắm tay giữa cựu lính Mỹ và nạn nhân chất độc da cam tại Đà Nẵng,https://tuoitre.vn/cai-nam-tay-giua-cuu-linh-my-va-nan-nhan-chat-doc-da-cam-tai-da-nang-2024090619492351.htm,1
"Vì tư tưởng chờ quyết định cấp trên, nhiều tài sản công không làm gì cả",https://tuoitre.vn/vi-tu-tuong-cho-quyet-dinh-cap-tren-nhieu-tai-san-cong-khong-lam-gi-ca-2024090618190826.htm,1
Tiếp nhận 60 người bị lừa ‘việc nhẹ lương cao’ được Campuchia trao trả,https://tuoitre.vn/tiep-nhan-60-nguoi-bi-lua-viec-nhe-luong-cao-duoc-campuchia-trao-tra-2024090619552261.htm,1
Mây cuồn cuộn như 'sóng thần' ở xứ Nghệ trước siêu bão Yagi,https://tuoitre.vn/may-cuon-cuon-nhu-song-than-o-xu-nghe-truoc-sieu-bao-yagi-20240906100119376.htm,1
"Siêu bão Yagi tiến gần miền nam Trung Quốc, mưa lớn và gió mạnh",https://tuoitre.vn/sieu-bao-yagi-tien-gan-mien-nam-trung-quoc-mua-lon-va-gio-manh-20240906090156325.htm,1
Cảnh sát giao thông giúp sản phụ sinh đôi trên cao tốc,https://tuoitre.vn/canh-sat-giao-thong-giup-san-phu-sinh-doi-tren-cao-toc-20240906092518916.htm,1
Kiểm tra cho có,https://tuoitre.vn/kiem-tra-cho-co-20240906082618897.htm,1
Dự khai giảng,https://tuoitre.vn/du-khai-giang-20240904105115084.htm,1
Cu Tí sắp khai giảng,https://tuoitre.vn/cu-ti-sap-khai-giang-20240827080138683.htm,1
"Máy bay ở Nội Bài được chằng néo, chèn bê tông thế nào để chống bão số 3?",https://tuoitre.vn/may-bay-o-noi-bai-duoc-chang-neo-chen-be-tong-the-nao-de-chong-bao-so-3-20240906205754289.htm,1
Kỳ tích Cù Lao Chàm - Kỳ 3: Bảo tồn hay mãi đói nghèo?,https://tuoitre.vn/ky-tich-cu-lao-cham-ky-3-bao-ton-hay-mai-doi-ngheo-20240906093637153.htm,1
Quang gánh giữa thành phố,https://tuoitre.vn/quang-ganh-giua-thanh-pho-20240905095725264.htm,1
Kỳ tích Cù Lao Chàm - Kỳ 2: Du lịch đã hồi sinh Cù Lao Chàm,https://tuoitre.vn/ky-tich-cu-lao-cham-ky-2-du-lich-da-hoi-sinh-cu-lao-cham-20240904223728078.htm,1
Đừng để điện thoại biến học sinh thành 'tù binh',https://tuoitre.vn/dung-de-dien-thoai-bien-hoc-sinh-thanh-tu-binh-20240906081425844.htm,1
Lan tỏa hiệu ứng tích cực từ kỳ nghỉ lễ,https://tuoitre.vn/lan-toa-hieu-ung-tich-cuc-tu-ky-nghi-le-20240905083309522.htm,1
Bảo hiểm trễ chuyến bay: Đòi hỏi sự minh bạch,https://tuoitre.vn/bao-hiem-tre-chuyen-bay-doi-hoi-su-minh-bach-20240904100933817.htm,1
Hàng nghìn người dân trong chung cư cũ nát tại Hải Phòng 'chạy' bão Yagi trong đêm,https://tuoitre.vn/hang-nghin-nguoi-dan-trong-chung-cu-cu-nat-tai-hai-phong-chay-bao-yagi-trong-dem-20240906211303218.htm,1
Công an Hà Nội khuyến cáo người dân đi lại ra sao khi bão Yagi đổ bộ?,https://tuoitre.vn/cong-an-ha-noi-khuyen-cao-nguoi-dan-di-lai-ra-sao-khi-bao-yagi-do-bo-20240906170522264.htm,1
"Bão số 3 tiếp tục giảm cường độ, Quảng Ninh bắt đầu có gió mạnh",https://tuoitre.vn/bao-so-3-tiep-tuc-giam-cuong-do-quang-ninh-bat-dau-co-gio-manh-20240906152543252.htm,1
"Tinh thần độc lập, tự do trường tồn",https://thanhnien.vn/tinh-than-doc-lap-tu-do-truong-ton-185240829153755227.htm,1
'Mạch ngầm' chăm lo hạnh phúc nhân dân,https://thanhnien.vn/mach-ngam-cham-lo-hanh-phuc-nhan-dan-185240831221857401.htm,1
Di chúc của Bác Hồ nói về bồi dưỡng thế hệ trẻ,https://thanhnien.vn/di-chuc-cua-bac-ho-noi-ve-boi-duong-the-he-tre-185240830213102783.htm,1
Kiều bào họp mặt kỷ niệm 79 năm Quốc khánh 2.9 ở TP.HCM,https://thanhnien.vn/hon-100-kieu-bao-hop-mat-ky-niem-79-nam-quoc-khanh-29-o-tphcm-185240831085607541.htm,1
Quảng Bình: Điều động Phó giám đốc Sở LĐ-TB-XH làm Chủ tịch LĐLĐ tỉnh,https://thanhnien.vn/quang-binh-dieu-dong-pho-giam-doc-so-ld-tb-xh-lam-chu-tich-ldld-tinh-185240906182429532.htm,1
Ông Lại Thế Nguyên được giao điều hành Tỉnh ủy Thanh Hóa,https://thanhnien.vn/ong-lai-the-nguyen-duoc-giao-dieu-hanh-tinh-uy-thanh-hoa-185240906175635793.htm,1
Đà Nẵng có tân Viện trưởng Viện Nghiên cứu phát triển kinh tế - xã hội,https://thanhnien.vn/da-nang-co-tan-vien-truong-vien-nghien-cuu-phat-trien-kinh-te-xa-hoi-185240906105744589.htm,1
Bổ nhiệm ông Vũ Xuân Trường làm Giám đốc Sở VH-TT-DL tỉnh Bình Phước,https://thanhnien.vn/bo-nhiem-ong-vu-xuan-truong-lam-giam-doc-so-vh-tt-dl-tinh-binh-phuoc-185240906105715276.htm,1
"Phát huy dân chủ, dựa vào dân xây dựng Đảng, Nhà nước",https://thanhnien.vn/phat-huy-dan-chu-dua-vao-dan-xay-dung-dang-nha-nuoc-185240905233325312.htm,1
Tổng thống Mozambique và phu nhân sắp thăm Việt Nam,https://thanhnien.vn/tong-thong-mozambique-va-phu-nhan-sap-tham-viet-nam-18524090519462169.htm,1
"Tổng Bí thư, Chủ tịch nước Lào Thongloun Sisoulith sắp thăm cấp Nhà nước đến Việt Nam",https://thanhnien.vn/tong-bi-thu-chu-tich-nuoc-lao-thongloun-sisoulith-sap-tham-cap-nha-nuoc-den-viet-nam-185240905190748095.htm,1
Ông Nguyễn Văn Thắng làm Giám đốc Sở NN-PTNT Đồng Nai,https://thanhnien.vn/ong-nguyen-van-thang-lam-giam-doc-so-nn-ptnt-dong-nai-185240905172420045.htm,1
Nhân sự TP.HCM: Ông Trần Thanh Tùng làm Bí thư Quận ủy Q.8,https://thanhnien.vn/nhan-su-tphcm-ong-tran-thanh-tung-lam-bi-thu-quan-uy-q8-185240905163143688.htm,1
"Tổng Bí thư, Chủ tịch nước trao quyết định bổ nhiệm Đại sứ Việt Nam tại Lào",https://thanhnien.vn/tong-bi-thu-chu-tich-nuoc-trao-quyet-dinh-bo-nhiem-dai-su-viet-nam-tai-lao-185240905131645178.htm,1
Công bố các quyết định bổ nhiệm chức vụ Trợ lý Tổng Bí thư,https://thanhnien.vn/cong-bo-cac-quyet-dinh-bo-nhiem-chuc-vu-tro-ly-tong-bi-thu-185240904232907433.htm,1
Thiếu tướng Lê Ngọc Châu được bầu làm Chủ tịch UBND tỉnh Hải Dương,https://thanhnien.vn/thieu-tuong-le-ngoc-chau-duoc-bau-lam-chu-tich-ubnd-tinh-hai-duong-185240904144737353.htm,1
"Bình Phước: Điều động, bổ nhiệm các cán bộ chủ chốt",https://thanhnien.vn/binh-phuoc-dieu-dong-bo-nhiem-cac-can-bo-chu-chot-185240904105409459.htm,1
Giữ đạo đức cách mạng vững vàng,https://thanhnien.vn/giu-dao-duc-cach-mang-vung-vang-185240902231341537.htm,1
"Tổng Bí thư, Chủ tịch nước thăm gia đình cố nhạc sĩ Văn Cao, cố họa sĩ Bùi Trang Chước",https://thanhnien.vn/tong-bi-thu-chu-tich-nuoc-tham-gia-dinh-co-nhac-si-van-cao-co-hoa-si-bui-trang-chuoc-185240902122941358.htm,1
Lãnh đạo các nước chúc mừng ngày Quốc khánh Việt Nam,https://thanhnien.vn/lanh-dao-cac-nuoc-chuc-mung-ngay-quoc-khanh-viet-nam-185240902095946696.htm,1
Vì một Việt Nam thịnh vượng,https://thanhnien.vn/vi-mot-viet-nam-thinh-vuong-185240902000221941.htm,1
Định hướng sự nghiệp chấn hưng và phát triển đất nước,https://thanhnien.vn/dinh-huong-su-nghiep-chan-hung-va-phat-trien-dat-nuoc-185240901235258086.htm,1
Thống nhất nhận thức về kỷ nguyên vươn mình của dân tộc,https://thanhnien.vn/thong-nhat-nhan-thuc-ve-ky-nguyen-vuon-minh-cua-dan-toc-185240830225314666.htm,1
Phó bí thư Tỉnh đoàn Quảng Ngãi được bổ nhiệm làm Phó trưởng ban Dân tộc tỉnh,https://thanhnien.vn/pho-bi-thu-tinh-doan-quang-ngai-duoc-bo-nhiem-lam-pho-truong-ban-dan-toc-tinh-185240830165138844.htm,1
Bà Nguyễn Thị Tuyết Thanh làm Chánh án TAND tỉnh Bình Dương,https://thanhnien.vn/ba-nguyen-thi-tuyet-thanh-lam-chanh-an-tand-tinh-binh-duong-185240830104831443.htm,1
Việt Nam sẽ cùng các đối tác quốc tế vượt qua mọi thách thức,https://thanhnien.vn/viet-nam-se-cung-cac-doi-tac-quoc-te-vuot-qua-moi-thach-thuc-18524082923151614.htm,1
Công an tìm chủ sở hữu ô tô Lexus LX570 trong vụ án làm giả con dấu,https://thanhnien.vn/cong-an-tim-chu-so-huu-o-to-lexus-lx570-trong-vu-an-lam-gia-con-dau-185240905202933592.htm,1
Vụ án Trương Mỹ Lan giai đoạn 2: Xét xử vắng mặt gần 36.000 người bị hại,https://thanhnien.vn/vu-an-truong-my-lan-giai-doan-2-xet-xu-vang-mat-gan-36000-nguoi-bi-hai-185240906183417661.htm,1
Bạc Liêu: Điều tra dấu hiệu tham ô tài sản tại Trường mẫu giáo Sao Biển,https://thanhnien.vn/bac-lieu-dieu-tra-dau-hieu-tham-o-tai-san-tai-truong-mau-giao-sao-bien-185240906173150885.htm,1
Có tình trạng cơ sở trợ giúp xã hội giữ trẻ lại để hút nguồn tài trợ,https://thanhnien.vn/co-tinh-trang-co-so-tro-giup-xa-hoi-giu-tre-lai-de-hut-nguon-tai-tro-18524090600095496.htm,1
Thả nhiều động vật hoang dã quý hiếm về Vườn quốc gia Cát Tiên,https://thanhnien.vn/tha-nhieu-dong-vat-hoang-da-quy-hiem-ve-vuon-quoc-gia-cat-tien-18524090619083769.htm,1
Sở LĐ-TB-XH TP.HCM thông tin tình hình sức khỏe của trẻ ở Mái ấm Hoa Hồng,https://thanhnien.vn/so-ld-tb-xh-tphcm-thong-tin-tinh-hinh-suc-khoe-cua-tre-o-mai-am-hoa-hong-185240906195348991.htm,1
Bà Lương Thị Thuận tiếp tục làm Chủ tịch Hội Bảo trợ trẻ em TP.HCM,https://thanhnien.vn/ba-luong-thi-thuan-tiep-tuc-lam-chu-tich-hoi-bao-tro-tre-em-tphcm-185240906100859614.htm,1
Đưa 1.000 lao động Việt Nam đi làm việc tại Úc,https://thanhnien.vn/dua-1000-lao-dong-viet-nam-di-lam-viec-tai-uc-185240906174850737.htm,1
Bộ LĐ-TB-XH khuyến cáo người sắp đi lao động tại Hàn Quốc,https://thanhnien.vn/bo-ld-tb-xh-khuyen-cao-nguoi-sap-di-lao-dong-tai-han-quoc-185240905180221122.htm,1
"Bán xe, chủ xe không làm thủ tục thu hồi biển số thì bị xử lý sao?",https://thanhnien.vn/ban-xe-chu-xe-khong-lam-thu-tuc-thu-hoi-bien-so-thi-bi-xu-ly-sao-185240827154739839.htm,1
"Mua xe ô tô đấu giá từ ngân hàng, cần làm gì để được đăng ký xe?",https://thanhnien.vn/mua-xe-o-to-dau-gia-tu-ngan-hang-can-lam-gi-de-duoc-dang-ky-xe-185240827163354445.htm,1
Thủ tục thành lập công ty với người nước ngoài,https://thanhnien.vn/thu-tuc-thanh-lap-cong-ty-voi-nguoi-nuoc-ngoai-185240824214850633.htm,1
Tội ác trong một mái ấm,https://thanhnien.vn/toi-ac-trong-mot-mai-am-18524090322594226.htm,1
Tội ác trong một mái ấm: Trục lợi từ việc quyên góp,https://thanhnien.vn/toi-ac-trong-mot-mai-am-truc-loi-tu-viec-quyen-gop-185240905002832628.htm,1
Tội ác trong một mái ấm: Dạy trẻ cách bạo hành,https://thanhnien.vn/toi-ac-trong-mot-mai-am-day-tre-cach-bao-hanh-185240905001434624.htm,1
Đại hội thi đua quyết thắng Quân khu 5,https://thanhnien.vn/dai-hoi-thi-dua-quyet-thang-quan-khu-5-185240822115445391.htm,1
Những người mở đường huyền thoại,https://thanhnien.vn/nhung-nguoi-mo-duong-huyen-thoai-185240519204405944.htm,1
"Đại tướng Võ Nguyên Giáp, vị Tổng tư lệnh biết lắng nghe và quyết đoán",https://thanhnien.vn/dai-tuong-vo-nguyen-giap-nguoi-biet-lang-nghe-va-quyet-doan-185240507001915545.htm,1
Mạo danh tỉ phú Phạm Nhật Vượng và NSND Xuân Bắc để lừa đảo,https://thanhnien.vn/mao-danh-ti-phu-pham-nhat-vuong-va-nsnd-xuan-bac-de-lua-dao-185240824164213493.htm,1
Sự thật việc người dân sơn cờ Tổ quốc lên tường bị chính quyền bắt xóa,https://thanhnien.vn/su-that-viec-nguoi-dan-son-co-to-quoc-len-tuong-bi-chinh-quyen-bat-xoa-185240815205649213.htm,1
Quảng Bình: Chủ tài khoản Facebook 'Cao Tuổi Bản Tin' lợi dụng quyền tự do dân chủ,https://thanhnien.vn/quang-binh-chu-tai-khoan-facebook-cao-tuoi-ban-tin-loi-dung-quyen-tu-do-dan-chu-185240803201008841.htm,1
Tiếp nối lý tưởng cách mạng của cha anh,https://thanhnien.vn/tiep-noi-ly-tuong-cach-mang-cua-cha-anh-185240808211612384.htm,1
Xây dựng nước Việt Nam giàu lòng nhân ái,https://thanhnien.vn/xay-dung-nuoc-viet-nam-giau-long-nhan-ai-185240830172120513.htm,1
"Từ ngày 1.8, hết thời hạn sử dụng đất mà quên gia hạn sẽ bị thu hồi",https://thanhnien.vn/tu-ngay-18-het-thoi-han-su-dung-dat-ma-quen-gia-han-se-bi-thu-hoi-18524080400160457.htm,1
"Tham gia BHXH dưới 20 năm, cần làm gì để được hưởng lương hưu?",https://thanhnien.vn/tham-gia-bhxh-duoi-20-nam-can-lam-gi-de-duoc-huong-luong-huu-185240807165319122.htm,1
Đổi căn cước công dân sang thẻ căn cước cần mang giấy tờ gì?,https://thanhnien.vn/doi-can-cuoc-cong-dan-sang-the-can-cuoc-can-mang-giay-to-gi-185240703090230538.htm,1
"Không đến Sở Tư pháp TP.HCM, ở nhà làm lý lịch tư pháp bằng cách nào?",https://thanhnien.vn/khong-den-so-tu-phap-tphcm-o-nha-lam-ly-lich-tu-phap-bang-cach-nao-185240809180856048.htm,1
"Hiểu sao cho đúng về gia hạn sử dụng đất, để không bị thu hồi?",https://thanhnien.vn/hieu-sao-cho-dung-ve-gia-han-su-dung-dat-de-khong-bi-thu-hoi-185240809155001803.htm,1
"‘Bóc phốt’ công ty trên mạng xã hội, bị phạt 30 triệu đồng?",https://thanhnien.vn/boc-phot-cong-ty-tren-mang-xa-hoi-bi-phat-30-trieu-dong-185240806174544864.htm,1
Những ai được đặc xá vào ngày 1.10?,https://thanhnien.vn/nhung-ai-duoc-dac-xa-vao-ngay-110-185240806225151981.htm,1
"Từ ngày 1.8, tranh chấp đất đai nộp đơn ở đâu để được giải quyết?",https://thanhnien.vn/tu-ngay-18-tranh-chap-dat-dai-nop-don-o-dau-de-duoc-giai-quyet-185240805191757033.htm,1
"Khi nào người dân bị thu hồi đất, được hoàn trả tiền ra sao?",https://thanhnien.vn/khi-nao-nguoi-dan-bi-thu-hoi-dat-duoc-hoan-tra-tien-ra-sao-185240803140151859.htm,1
Không phải tất cả cá nhân nợ thuế đều bị hoãn xuất cảnh,https://thanhnien.vn/khong-phai-tat-ca-ca-nhan-no-thue-deu-bi-hoan-xuat-canh-1852407302254065.htm,1
Nhà chung cư cũ được bồi thường như thế nào từ 1.8?,https://thanhnien.vn/nha-chung-cu-cu-duoc-boi-thuong-nhu-the-nao-tu-18-185240727235827198.htm,1
"Những ai phải kê khai tài sản, số tiền tối thiểu phải kê khai là bao nhiêu?",https://thanhnien.vn/nhung-ai-phai-ke-khai-tai-san-so-tien-toi-thieu-phai-ke-khai-la-bao-nhieu-185240725205034647.htm,1
Thừa phát lại không được làm những gì trong mua bán nhà đất?,https://thanhnien.vn/thua-phat-lai-khong-duoc-lam-nhung-gi-trong-mua-ban-nha-dat-185240723191247239.htm,1
"Từ vụ người Việt chết ở Thái Lan, khi nào Nhà nước bảo hộ công dân?",https://thanhnien.vn/tu-vu-nguoi-viet-chet-o-thai-lan-khi-nao-nha-nuoc-bao-ho-cong-dan-185240720174918724.htm,1
"Bộ Công an hướng dẫn đăng ký xe, biển số trên cổng dịch vụ công",https://thanhnien.vn/bo-cong-an-huong-dan-dang-ky-xe-bien-so-tren-cong-dich-vu-cong-185240718182707972.htm,1
"Khi nào bắt buộc phải đấu giá, đấu thầu?",https://thanhnien.vn/khi-nao-bat-buoc-phai-dau-gia-dau-thau-185240714203723907.htm,1
Kiện CSGT đòi bồi thường 32 triệu: Cần làm gì nếu không đồng ý lỗi vi phạm?,https://thanhnien.vn/kien-csgt-doi-boi-thuong-32-trieu-can-lam-gi-neu-khong-dong-y-loi-vi-pham-185240713072100931.htm,1
"Mở quán cà phê trên đất trồng lúa để khách ‘check in’, có phạm luật?",https://thanhnien.vn/mo-quan-ca-phe-tren-dat-trong-lua-de-khach-check-in-co-pham-luat-185240708220704029.htm,1
"Từ ngày 1.8, tặng cho và mua bán đất trồng lúa như thế nào?",https://thanhnien.vn/tu-ngay-18-tang-cho-va-mua-ban-dat-trong-lua-nhu-the-nao-185240707174544548.htm,1
Làm thẻ căn cước trẻ dưới 6 tuổi mang theo giấy tờ gì?,https://thanhnien.vn/lam-the-can-cuoc-tre-duoi-6-tuoi-mang-theo-giay-to-gi-185240704160242338.htm,1
"Mức đóng BHXH, bảo hiểm thất nghiệp, bảo hiểm tai nạn lao động từ ngày 1.7",https://thanhnien.vn/muc-dong-bhxh-bao-hiem-that-nghiep-bao-hiem-tai-nan-lao-dong-tu-ngay-17-185240701225600328.htm,1
"Mức đóng BHYT học sinh - sinh viên, BHYT hộ gia đình từ ngày 1.7",https://thanhnien.vn/muc-dong-bhyt-hoc-sinh-sinh-vien-bhyt-ho-gia-dinh-tu-ngay-17-185240701214026611.htm,1
"Tăng lương cơ sở, lương tối thiểu vùng từ 1.7: Thu nhập theo lương tăng thế nào?",https://thanhnien.vn/tang-luong-co-so-luong-toi-thieu-vung-tu-17-thu-nhap-theo-luong-tang-the-nao-185240630181422157.htm,1
Thẻ căn cước tích hợp ADN như thế nào?,https://thanhnien.vn/4-buoc-thu-nhan-adn-vao-co-so-du-lieu-ve-can-cuoc-185240629181607522.htm,1
"Lấy dân làm gốc, xây dựng Việt Nam giàu mạnh, dân chủ, công bằng, văn minh",https://thanhnien.vn/lay-dan-lam-goc-xay-dung-viet-nam-giau-manh-dan-chu-cong-bang-van-minh-185240830154256548.htm,1
"'Bảo mẫu' bạo hành trẻ hơn 6 tháng tuổi, lãnh tù chung thân",https://thanhnien.vn/bao-mau-bao-hanh-tre-hon-6-thang-tuoi-lanh-tu-chung-than-18524090415331599.htm,1
Quảng Ngãi: Khởi tố cựu trưởng phòng Ban Quản lý KKT Dung Quất,https://thanhnien.vn/quang-ngai-khoi-to-cuu-truong-phong-ban-quan-ly-kkt-dung-quat-185240905201305399.htm,1
"Tạm dừng hoạt động các tuyến tàu, phà ra vào Phú Quốc do thời tiết xấu",https://thanhnien.vn/tam-dung-hoat-dong-cac-tuyen-tau-pha-ra-vao-phu-quoc-do-thoi-tiet-xau-185240906080516879.htm,1
Tin tức thời tiết hôm nay 6.9.2024: Siêu bão số 3 đổ bộ miền Bắc khi nào?,https://thanhnien.vn/tin-tuc-thoi-tiet-hom-nay-692024-sieu-bao-so-3-do-bo-mien-bac-khi-nao-185240906063356598.htm,1
Công đoàn lưu ý gì với người lao động trong kỳ nghỉ lễ 2.9?,https://thanhnien.vn/cong-doan-luu-y-gi-voi-nguoi-lao-dong-trong-ky-nghi-le-29-185240830182542805.htm,1
Sợ hãi khi đồng nghiệp thân thiết nghỉ việc?,https://thanhnien.vn/so-hai-khi-dong-nghiep-than-thiet-nghi-viec-185240828194534034.htm,1
Nguyên Phó Chủ tịch TPHCM Nguyễn Thị Hồng và 2 cán bộ bị khai trừ Đảng,https://baomoi.com/nguyen-pho-chu-tich-tphcm-nguyen-thi-hong-va-2-can-bo-bi-khai-tru-dang-c50095725.epi,1
"Bổ nhiệm Phó Cục trưởng Cục An ninh điều tra, Bộ Công an",https://baomoi.com/bo-nhiem-pho-cuc-truong-cuc-an-ninh-dieu-tra-bo-cong-an-c50098479.epi,1
Ông Vũ Thế Phiệt làm Chủ tịch Hội đồng Quản trị ACV,https://baomoi.com/ong-vu-the-phiet-lam-chu-tich-hoi-dong-quan-tri-acv-c50099102.epi,1
An Giang: Kỷ luật Phó trưởng công an có tình cảm với phụ nữ đang có chồng,https://baomoi.com/an-giang-ky-luat-pho-truong-cong-an-co-tinh-cam-voi-phu-nu-dang-co-chong-c50096862.epi,1
Phê duyệt Kế hoạch tổ chức Khu trưng bày thành tựu xây dựng lực lượng vũ trang,https://baomoi.com/phe-duyet-ke-hoach-to-chuc-khu-trung-bay-thanh-tuu-xay-dung-luc-luong-vu-trang-c50099433.epi,1
"UBND tỉnh Khánh Hòa:: Phát động phong trào thi đua chào mừng Đại hội Đảng bộ tỉnh lần thứ XIX, nhiệm kỳ 2025 - 2030",https://baomoi.com/ubnd-tinh-khanh-hoa-phat-dong-phong-trao-thi-dua-chao-mung-dai-hoi-dang-bo-tinh-lan-thu-xix-nhiem-ky-2025-2030-c50099309.epi,1
Na Rì họp Tiểu ban Văn kiện Đại hội Đảng bộ huyện lần thứ XX,https://baomoi.com/na-ri-hop-tieu-ban-van-kien-dai-hoi-dang-bo-huyen-lan-thu-xx-c50099381.epi,1
Mỹ và Trung Quốc vẫn còn bất đồng trong vấn đề tài chính khí hậu,https://baomoi.com/my-va-trung-quoc-van-con-bat-dong-trong-van-de-tai-chinh-khi-hau-c50099329.epi,1
Tạp chí điện tử Văn hóa và Phát triển bổ nhiệm loạt cán bộ,https://baomoi.com/tap-chi-dien-tu-van-hoa-va-phat-trien-bo-nhiem-loat-can-bo-c50099294.epi,1
"Khách Hồi giáo, Ấn Độ - tiềm năng cho du lịch Việt Nam",https://baomoi.com/khach-hoi-giao-an-do-tiem-nang-cho-du-lich-viet-nam-c50099195.epi,1
Đoàn khảo sát Ủy ban Quốc phòng và An ninh của Quốc hội làm việc tại tỉnh Phú Thọ,https://baomoi.com/doan-khao-sat-uy-ban-quoc-phong-va-an-ninh-cua-quoc-hoi-lam-viec-tai-tinh-phu-tho-c50099303.epi,1
"Phổ biến Luật đất đai, Luật căn cước mới cho kiều bào",https://baomoi.com/pho-bien-luat-dat-dai-luat-can-cuoc-moi-cho-kieu-bao-c50099207.epi,1
"Điều động, bổ nhiệm nhiều cán bộ ở VKSND tỉnh Đắk Nông",https://baomoi.com/dieu-dong-bo-nhiem-nhieu-can-bo-o-vksnd-tinh-dak-nong-c50099205.epi,1
Nhiệm vụ ổn định đất nước của tân Thủ tướng Pháp,https://baomoi.com/nhiem-vu-on-dinh-dat-nuoc-cua-tan-thu-tuong-phap-c50099185.epi,1
Thái Nguyên có tân Chủ tịch UBND tỉnh,https://baomoi.com/thai-nguyen-co-tan-chu-tich-ubnd-tinh-c50099202.epi,1
Việt Nam chuyển giao vai trò Chủ tịch Ủy ban ASEAN tại Paris cho Brunei,https://baomoi.com/viet-nam-chuyen-giao-vai-tro-chu-tich-uy-ban-asean-tai-paris-cho-brunei-c50099226.epi,1
"Tổng công ty Cảng hàng không Việt Nam có tân Bí thư Đảng ủy, Chủ tịch Hội đồng quản trị",https://baomoi.com/tong-cong-ty-cang-hang-khong-viet-nam-co-tan-bi-thu-dang-uy-chu-tich-hoi-dong-quan-tri-c50099173.epi,1
Mối quan hệ Trung Quốc-châu Phi đang trên đà phát triển,https://baomoi.com/moi-quan-he-trung-quoc-chau-phi-dang-tren-da-phat-trien-c50099299.epi,1
Tổng thống Guinea-Bissau thăm Viện Cây lương thực và Cây thực phẩm tại Hải Dương,https://baomoi.com/tong-thong-guinea-bissau-tham-vien-cay-luong-thuc-va-cay-thuc-pham-tai-hai-duong-c50099147.epi,1
Kỳ họp lần thứ 101 ASEAN BAC: đánh dấu một bước quan trọng trong nỗ lực của ASEAN BAC Việt Nam,https://baomoi.com/ky-hop-lan-thu-101-asean-bac-danh-dau-mot-buoc-quan-trong-trong-no-luc-cua-asean-bac-viet-nam-c50099163.epi,1
"Bộ Chính trị, Ban Bí thư kỷ luật tổ chức đảng, đảng viên",https://baomoi.com/bo-chinh-tri-ban-bi-thu-ky-luat-to-chuc-dang-dang-vien-c50099106.epi,1
Anh Nguyễn Hải Đăng làm Chủ tịch Hội Liên hiệp thanh niên Việt Nam tỉnh Lào Cai,https://baomoi.com/anh-nguyen-hai-dang-lam-chu-tich-hoi-lien-hiep-thanh-nien-viet-nam-tinh-lao-cai-c50099190.epi,1
Nâng cao năng lực cho cán bộ mặt trận thực hiện công tác giảm nghèo,https://baomoi.com/nang-cao-nang-luc-cho-can-bo-mat-tran-thuc-hien-cong-tac-giam-ngheo-c50099362.epi,1
"Đại sứ Hoa Kỳ tại Việt Nam Marc Knapper thăm, giao lưu thể thao với nạn nhân da cam",https://baomoi.com/dai-su-hoa-ky-tai-viet-nam-marc-knapper-tham-giao-luu-the-thao-voi-nan-nhan-da-cam-c50099049.epi,1
EU cam kết hợp tác với Ấn Độ tại khu vực Ấn Độ Dương - Thái Bình Dương,https://baomoi.com/eu-cam-ket-hop-tac-voi-an-do-tai-khu-vuc-an-do-duong-thai-binh-duong-c50099110.epi,1
Hình ảnh hoạt động của Tổng thống Cộng hòa Guinea-Bissau và Phu nhân trong chuyến thăm chính thức Việt Nam,https://baomoi.com/hinh-anh-hoat-dong-cua-tong-thong-cong-hoa-guinea-bissau-va-phu-nhan-trong-chuyen-tham-chinh-thuc-viet-nam-c50099052.epi,1
"Sự kiện nổi bật trong nước, quốc tế ngày 6/9",https://baomoi.com/su-kien-noi-bat-trong-nuoc-quoc-te-ngay-6-9-c50099010.epi,1
"Hội CCB PVFCCo sinh hoạt chuyên đề 'Một đội ngũ, một mục tiêu'",https://baomoi.com/hoi-ccb-pvfcco-sinh-hoat-chuyen-de-mot-doi-ngu-mot-muc-tieu-c50099018.epi,1
Hợp tác vì một tương lai phát triển bền vững,https://baomoi.com/hop-tac-vi-mot-tuong-lai-phat-trien-ben-vung-c50099000.epi,1
"Tạo hành lang pháp lý đầy đủ cho sự phát triển nhanh, bền vững của ngành Dầu khí",https://baomoi.com/tao-hanh-lang-phap-ly-day-du-cho-su-phat-trien-nhanh-ben-vung-cua-nganh-dau-khi-c50098946.epi,1
Thúc đẩy bình đẳng giới vùng đồng bào dân tộc thiểu số và miền núi,https://baomoi.com/thuc-day-binh-dang-gioi-vung-dong-bao-dan-toc-thieu-so-va-mien-nui-c50099085.epi,1
Bộ Chính trị cho ý kiến về dự thảo báo cáo đánh giá 5 năm thực hiện chiến lược phát triển kinh tế - xã hội,https://baomoi.com/bo-chinh-tri-cho-y-kien-ve-du-thao-bao-cao-danh-gia-5-nam-thuc-hien-chien-luoc-phat-trien-kinh-te-xa-hoi-c50099477.epi,1
Việt Nam dự Hội nghị cấp cao Mạng lưới Tin tức châu Á 2024,https://baomoi.com/viet-nam-du-hoi-nghi-cap-cao-mang-luoi-tin-tuc-chau-a-2024-c50098857.epi,1
Thứ trưởng Nguyễn Huy Dũng được bầu giữ chức Chủ tịch UBND tỉnh Thái Nguyên,https://baomoi.com/thu-truong-nguyen-huy-dung-duoc-bau-giu-chuc-chu-tich-ubnd-tinh-thai-nguyen-c50098798.epi,1
Thái Lan là đối tác thương mại và đầu tư hàng đầu của Việt Nam trong ASEAN,https://baomoi.com/thai-lan-la-doi-tac-thuong-mai-va-dau-tu-hang-dau-cua-viet-nam-trong-asean-c50098858.epi,1
Phó Chủ tịch Quốc hội Lào quan tâm mô hình chính quyền đô thị tại Đà Nẵng,https://baomoi.com/pho-chu-tich-quoc-hoi-lao-quan-tam-mo-hinh-chinh-quyen-do-thi-tai-da-nang-c50098854.epi,1
Phó Chủ tịch Quốc hội Nguyễn Thị Thanh thăm và làm việc tại Australia,https://baomoi.com/pho-chu-tich-quoc-hoi-nguyen-thi-thanh-tham-va-lam-viec-tai-australia-c50099143.epi,1
"Việt Nam có đủ các điều kiện hạ tầng, cơ chế, chính sách để SpaceX đầu tư kinh doanh hiệu quả",https://baomoi.com/viet-nam-co-du-cac-dieu-kien-ha-tang-co-che-chinh-sach-de-spacex-dau-tu-kinh-doanh-hieu-qua-c50098830.epi,1
Ông Nguyễn Huy Dũng giữ chức Chủ tịch UBND tỉnh Thái Nguyên,https://baomoi.com/ong-nguyen-huy-dung-giu-chuc-chu-tich-ubnd-tinh-thai-nguyen-c50098747.epi,1
"Tổng Bí thư, Chủ tịch nước Tô Lâm chủ trì chiêu đãi trọng thể Tổng thống Guinea-Bissau",https://baomoi.com/tong-bi-thu-chu-tich-nuoc-to-lam-chu-tri-chieu-dai-trong-the-tong-thong-guinea-bissau-c50098716.epi,1
Tham khảo Chính trị Việt Nam – Thái Lan lần thứ 10,https://baomoi.com/tham-khao-chinh-tri-viet-nam-thai-lan-lan-thu-10-c50098884.epi,1
Thủ tướng Phạm Minh Chính tiếp Lãnh đạo Tập đoàn SpaceX,https://baomoi.com/thu-tuong-pham-minh-chinh-tiep-lanh-dao-tap-doan-spacex-c50099039.epi,1
Giám sát việc thực hiện chính sách đối với cán bộ người dân tộc thiểu số,https://baomoi.com/giam-sat-viec-thuc-hien-chinh-sach-doi-voi-can-bo-nguoi-dan-toc-thieu-so-c50098912.epi,1
Vun đắp mối quan hệ đoàn kết Việt - Lào phát triển lên tầm cao mới,https://baomoi.com/vun-dap-moi-quan-he-doan-ket-viet-lao-phat-trien-len-tam-cao-moi-c50098734.epi,1
Ông Nguyễn Huy Dũng làm Chủ tịch UBND tỉnh Thái Nguyên,https://baomoi.com/ong-nguyen-huy-dung-lam-chu-tich-ubnd-tinh-thai-nguyen-c50098643.epi,1
Bổ nhiệm Bí thư Ban cán sự Đảng UBND tỉnh Gia Lai,https://baomoi.com/bo-nhiem-bi-thu-ban-can-su-dang-ubnd-tinh-gia-lai-c50098669.epi,1
Bổ nhiệm chức vụ Phó Chánh án TAND huyện Hòa Bình,https://baomoi.com/bo-nhiem-chuc-vu-pho-chanh-an-tand-huyen-hoa-binh-c50098896.epi,1
Sinh hoạt chuyên đề 'Đồng chí Tổng Bí thư Nguyễn Phú Trọng với cơ quan dân cử và đại biểu dân cử',https://baomoi.com/sinh-hoat-chuyen-de-dong-chi-tong-bi-thu-nguyen-phu-trong-voi-co-quan-dan-cu-va-dai-bieu-dan-cu-c50098595.epi,1
Bộ Chính trị phân công ông Lại Thế Nguyên điều hành công việc Tỉnh ủy Thanh Hóa,https://baomoi.com/bo-chinh-tri-phan-cong-ong-lai-the-nguyen-dieu-hanh-cong-viec-tinh-uy-thanh-hoa-c50098715.epi,1
"Tổng Bí thư, Chủ tịch nước Tô Lâm chủ trì tiệc chiêu đãi trọng thể Tổng thống Cộng hòa Guinea-Bissau Umaro Sissoco Embaló",https://baomoi.com/tong-bi-thu-chu-tich-nuoc-to-lam-chu-tri-tiec-chieu-dai-trong-the-tong-thong-cong-hoa-guinea-bissau-umaro-sissoco-embalo-c50098597.epi,1
Thắt chặt mối quan hệ hữu nghị giữa tỉnh Thừa Thiên Huế và tỉnh Salavan (Lào),https://baomoi.com/that-chat-moi-quan-he-huu-nghi-giua-tinh-thua-thien-hue-va-tinh-salavan-lao-c50098639.epi,1
Thúc đẩy triển khai các thỏa thuận của Lãnh đạo cấp cao Việt Nam và Hàn Quốc,https://baomoi.com/thuc-day-trien-khai-cac-thoa-thuan-cua-lanh-dao-cap-cao-viet-nam-va-han-quoc-c50098713.epi,1
"Tổng Bí thư, Chủ tịch nước chủ trì tiệc chiêu đãi Tổng thống Guinea-Bissau",https://baomoi.com/tong-bi-thu-chu-tich-nuoc-chu-tri-tiec-chieu-dai-tong-thong-guinea-bissau-c50098565.epi,1
"Tổng Bí thư, Chủ tịch nước Tô Lâm chủ trì chiêu đãi trọng thể Tổng thống Guinea-Bissau",https://baomoi.com/tong-bi-thu-chu-tich-nuoc-to-lam-chu-tri-chieu-dai-trong-the-tong-thong-guinea-bissau-c50098580.epi,1
Phân công ông Lại Thế Nguyên điều hành công việc Tỉnh ủy Thanh Hóa,https://baomoi.com/phan-cong-ong-lai-the-nguyen-dieu-hanh-cong-viec-tinh-uy-thanh-hoa-c50098645.epi,1
Bản tin Quân sự - Quốc phòng: Các đơn vị quân đội chủ động ứng phó bão số 3,https://baomoi.com/ban-tin-quan-su-quoc-phong-cac-don-vi-quan-doi-chu-dong-ung-pho-bao-so-3-c50098552.epi,1
Ông Nguyễn Huy Dũng được bầu giữ chức Chủ tịch UBND tỉnh Thái Nguyên,https://baomoi.com/ong-nguyen-huy-dung-duoc-bau-giu-chuc-chu-tich-ubnd-tinh-thai-nguyen-c50098503.epi,1
Bộ Chính trị phân công ông Lại Thế Nguyên điều hành công việc Tỉnh ủy Thanh Hóa,https://baomoi.com/bo-chinh-tri-phan-cong-ong-lai-the-nguyen-dieu-hanh-cong-viec-tinh-uy-thanh-hoa-c50098513.epi,1
Bộ Chính trị phân công người điều hành công việc của Tỉnh ủy Thanh Hóa,https://baomoi.com/bo-chinh-tri-phan-cong-nguoi-dieu-hanh-cong-viec-cua-tinh-uy-thanh-hoa-c50098558.epi,1
"Vận động nông dân phát triển kinh tế, gắn với bảo vệ biên giới",https://baomoi.com/van-dong-nong-dan-phat-trien-kinh-te-gan-voi-bao-ve-bien-gioi-c50098446.epi,1
Ông Nguyễn Quốc Tuấn được bổ nhiệm Giám đốc Sở Tư pháp Hà Tĩnh,https://baomoi.com/ong-nguyen-quoc-tuan-duoc-bo-nhiem-giam-doc-so-tu-phap-ha-tinh-c50098476.epi,1
Đắk Lắk: TP. Buôn Ma Thuột tổ chức Giải báo chí 120 năm hình thành và phát triển,https://baomoi.com/dak-lak-tp-buon-ma-thuot-to-chuc-giai-bao-chi-120-nam-hinh-thanh-va-phat-trien-c50098547.epi,1
Làm sâu sắc hơn quan hệ Đối tác chiến lược toàn diện Việt Nam - Liên bang Nga,https://baomoi.com/lam-sau-sac-hon-quan-he-doi-tac-chien-luoc-toan-dien-viet-nam-lien-bang-nga-c50098578.epi,1
Báo Nga: Quan hệ Moskva và Hà Nội trước cơ hội lớn về phát triển,https://baomoi.com/bao-nga-quan-he-moskva-va-ha-noi-truoc-co-hoi-lon-ve-phat-trien-c50098732.epi,1
Cháy lớn tại nhà xe của công ty giày da,https://baomoi.com/chay-lon-tai-nha-xe-cua-cong-ty-giay-da-c50098816.epi,1
Xử phạt một chủ hộ ở Đắk Nông vì kinh doanh thực phẩm không rõ nguồn gốc,https://baomoi.com/xu-phat-mot-chu-ho-o-dak-nong-vi-kinh-doanh-thuc-pham-khong-ro-nguon-goc-c50099313.epi,1
Lai Châu: Tiêu hủy hàng nghìn bánh Trung Thu không rõ nguồn gốc,https://baomoi.com/lai-chau-tieu-huy-hang-nghin-banh-trung-thu-khong-ro-nguon-goc-c50099308.epi,1
Hà Nội: Nam sinh lớp 10 tử vong tại lễ khai giảng,https://baomoi.com/ha-noi-nam-sinh-lop-10-tu-vong-tai-le-khai-giang-c50095384.epi,1
Cháy lớn tại nhà xe của công ty giày da,https://baomoi.com/chay-lon-tai-nha-xe-cua-cong-ty-giay-da-c50099399.epi,1
Ngùn ngụt cháy xưởng thu mua phế liệu,https://baomoi.com/ngun-ngut-chay-xuong-thu-mua-phe-lieu-c50099215.epi,1
Quận Hoàn Kiếm khẳng định không có nhà sập sau cơn mưa giông chiều 6/9,https://baomoi.com/quan-hoan-kiem-khang-dinh-khong-co-nha-sap-sau-con-mua-giong-chieu-6-9-c50099136.epi,1
"Trượt chân, nam sinh ở TP Hải Dương chết đuối trên sông Hương (Thanh Hà)",https://baomoi.com/truot-chan-nam-sinh-o-tp-hai-duong-chet-duoi-tren-song-huong-thanh-ha-c50099146.epi,1
Bắt hai đối tượng vận chuyển pháo lậu,https://baomoi.com/bat-hai-doi-tuong-van-chuyen-phao-lau-c50098980.epi,1
Cháy lớn tại nhà xe của công ty giày da,https://baomoi.com/chay-lon-tai-nha-xe-cua-cong-ty-giay-da-c50099079.epi,1
"Lào Cai: Nguồn cung hàng hóa dồi dào, đảm bảo trước bão Yagi",https://baomoi.com/lao-cai-nguon-cung-hang-hoa-doi-dao-dam-bao-truoc-bao-yagi-c50099254.epi,1
Công an huyện Vân Hồ kịp thời cứu 2 cháu bé đuối nước khi đi tắm hồ,https://baomoi.com/cong-an-huyen-van-ho-kip-thoi-cuu-2-chau-be-duoi-nuoc-khi-di-tam-ho-c50099062.epi,1
"Lái xe buổi đêm, tài xế nhận cái kết hú hồn khiến cho ai cũng phải giật mình",https://baomoi.com/lai-xe-buoi-dem-tai-xe-nhan-cai-ket-hu-hon-khien-cho-ai-cung-phai-giat-minh-c50098777.epi,1
"Thanh Hóa: Cháy lớn tại nhà xe của công ty giày da, khói đen bốc cao",https://baomoi.com/thanh-hoa-chay-lon-tai-nha-xe-cua-cong-ty-giay-da-khoi-den-boc-cao-c50098911.epi,1
"Gia Lai: Tịch thu hơn 2.000 chiếc bánh Trung thu không rõ nguồn gốc, xuất xứ",https://baomoi.com/gia-lai-tich-thu-hon-2-000-chiec-banh-trung-thu-khong-ro-nguon-goc-xuat-xu-c50098702.epi,1
"Siết chặt quản lý, không để giả mạo nông sản Đà Lạt",https://baomoi.com/siet-chat-quan-ly-khong-de-gia-mao-nong-san-da-lat-c50098723.epi,1
"Thanh Hóa: Cháy lớn tại công ty giày thể thao xuất khẩu, nhiều công nhân hoảng loạn",https://baomoi.com/thanh-hoa-chay-lon-tai-cong-ty-giay-the-thao-xuat-khau-nhieu-cong-nhan-hoang-loan-c50098649.epi,1
"Nha Trang: Vi phạm về phòng cháy, chữa cháy, 4 khách sạn, 1 cơ sở lưu trú bị đình chỉ hoạt động",https://baomoi.com/nha-trang-vi-pham-ve-phong-chay-chua-chay-4-khach-san-1-co-so-luu-tru-bi-dinh-chi-hoat-dong-c50099450.epi,1
"Cháy ký túc xá trường nội trú ở Kenya, 17 em nhỏ thiệt mạng",https://baomoi.com/chay-ky-tuc-xa-truong-noi-tru-o-kenya-17-em-nho-thiet-mang-c50098539.epi,1
"Đan Phượng tuyên truyền luật giao thông, kỹ năng phòng cháy chữa cháy cho học sinh",https://baomoi.com/dan-phuong-tuyen-truyen-luat-giao-thong-ky-nang-phong-chay-chua-chay-cho-hoc-sinh-c50097929.epi,1
Cháy nhà để xe tại Công ty TNHH Công nghệ Thể thao Victory,https://baomoi.com/chay-nha-de-xe-tai-cong-ty-tnhh-cong-nghe-the-thao-victory-c50098149.epi,1
Tiêu hủy hàng ngàn chiếc bánh trung thu và thực phẩm không rõ nguồn gốc,https://baomoi.com/tieu-huy-hang-ngan-chiec-banh-trung-thu-va-thuc-pham-khong-ro-nguon-goc-c50097915.epi,1
"Tạm giữ gần 3 tấn sữa bột, thực phẩm chức năng nghi nhập lậu",https://baomoi.com/tam-giu-gan-3-tan-sua-bot-thuc-pham-chuc-nang-nghi-nhap-lau-c50097718.epi,1
Hé lộ cuộc đời sóng gió của ông chủ hãng xe Thành Bưởi Lê Đức Thành,https://baomoi.com/he-lo-cuoc-doi-song-gio-cua-ong-chu-hang-xe-thanh-buoi-le-duc-thanh-c50097625.epi,1
Kenya: Hỏa hoạn khiến 17 học sinh thiệt mạng,https://baomoi.com/kenya-hoa-hoan-khien-17-hoc-sinh-thiet-mang-c50097599.epi,1
Công an hai tỉnh phối hợp chặn bắt kẻ cướp giật dây chuyền,https://baomoi.com/cong-an-hai-tinh-phoi-hop-chan-bat-ke-cuop-giat-day-chuyen-c50097482.epi,1
"Hoàn Kiếm: đổi bình chữa cháy lấy vũ khí, vật liệu nổ, công cụ hỗ trợ",https://baomoi.com/hoan-kiem-doi-binh-chua-chay-lay-vu-khi-vat-lieu-no-cong-cu-ho-tro-c50097284.epi,1
Hơn 34 ngàn người bị tai nạn thương tích trong 6 tháng đầu năm 2024,https://baomoi.com/hon-34-ngan-nguoi-bi-tai-nan-thuong-tich-trong-6-thang-dau-nam-2024-c50097232.epi,1
"Đà Nẵng yêu cầu các địa phương khẩn trương phòng, chống bệnh dịch tả lợn Châu Phi",https://baomoi.com/da-nang-yeu-cau-cac-dia-phuong-khan-truong-phong-chong-benh-dich-ta-lon-chau-phi-c50097057.epi,1
Thành lập 14 tổ công tác đặc biệt trấn áp tội phạm,https://baomoi.com/thanh-lap-14-to-cong-tac-dac-biet-tran-ap-toi-pham-c50097099.epi,1
Cháy nhà sàn gỗ 5 gian ở huyện miền núi Nghệ An,https://baomoi.com/chay-nha-san-go-5-gian-o-huyen-mien-nui-nghe-an-c50097152.epi,1
"Rớt xuống hố chứa nước thải nhà máy sắn, 2 công nhân tử vong",https://baomoi.com/rot-xuong-ho-chua-nuoc-thai-nha-may-san-2-cong-nhan-tu-vong-c50096900.epi,1
Truy xét đối tượng giật 450 tờ vé số của cụ bà đi bán dạo,https://baomoi.com/truy-xet-doi-tuong-giat-450-to-ve-so-cua-cu-ba-di-ban-dao-c50096818.epi,1
Cát Tiên: Bắt quả tang đối tượng tàng trữ trái phép chất ma túy,https://baomoi.com/cat-tien-bat-qua-tang-doi-tuong-tang-tru-trai-phep-chat-ma-tuy-c50096855.epi,1
EU tăng kiểm soát hành lý xách tay tại các sân bay,https://baomoi.com/eu-tang-kiem-soat-hanh-ly-xach-tay-tai-cac-san-bay-c50096890.epi,1
Điều tra vụ 'phù phép' khoai tây Trung Quốc thành nông sản Đà Lạt,https://baomoi.com/dieu-tra-vu-phu-phep-khoai-tay-trung-quoc-thanh-nong-san-da-lat-c50096566.epi,1
Hà Nội: Xử phạt chủ cơ sở kinh doanh và buộc tiêu hủy 380 chiếc bánh trung thu nhập lậu,https://baomoi.com/ha-noi-xu-phat-chu-co-so-kinh-doanh-va-buoc-tieu-huy-380-chiec-banh-trung-thu-nhap-lau-c50098741.epi,1
Cứu hai bà cháu thoát khỏi căn nhà cháy ở quận 8,https://baomoi.com/cuu-hai-ba-chau-thoat-khoi-can-nha-chay-o-quan-8-c50098819.epi,1
Sản xuất bánh trung thu không đảm bảo một hộ kinh doanh ở Vĩnh Phúc bị phạt 15 triệu đồng,https://baomoi.com/san-xuat-banh-trung-thu-khong-dam-bao-mot-ho-kinh-doanh-o-vinh-phuc-bi-phat-15-trieu-dong-c50096369.epi,1
Phú Yên: Tạm giữ gần 3 tấn hàng hóa không có hóa đơn chứng từ kèm theo,https://baomoi.com/phu-yen-tam-giu-gan-3-tan-hang-hoa-khong-co-hoa-don-chung-tu-kem-theo-c50096368.epi,1
Cục QLTT TP.HCM nói gì về bánh trung thu khổng lồ giá rẻ đang gây sốt thị trường?,https://baomoi.com/cuc-qltt-tp-hcm-noi-gi-ve-banh-trung-thu-khong-lo-gia-re-dang-gay-sot-thi-truong-c50096187.epi,1
Ngăn chặn tệ nạn mại dâm trong các cơ sở kinh doanh dịch vụ nhạy cảm,https://baomoi.com/ngan-chan-te-nan-mai-dam-trong-cac-co-so-kinh-doanh-dich-vu-nhay-cam-c50097295.epi,1
Công an huyện Tri Tôn bắt quả tang 2 đối tượng vận chuyển pháo lậu,https://baomoi.com/cong-an-huyen-tri-ton-bat-qua-tang-2-doi-tuong-van-chuyen-phao-lau-c50096349.epi,1
"Khai thác đất trái phép ở Minh Đức vẫn diễn ra thậm thụt, Bắc Giang chỉ đạo khẩn",https://baomoi.com/khai-thac-dat-trai-phep-o-minh-duc-van-dien-ra-tham-thut-bac-giang-chi-dao-khan-c50096152.epi,1
"Thái Nguyên: Kho phế liệu cháy, cột khói bốc cao hàng trăm mét",https://baomoi.com/thai-nguyen-kho-phe-lieu-chay-cot-khoi-boc-cao-hang-tram-met-c50096016.epi,1
"Huấn luyện kỹ năng nghiệp vụ phòng cháy, chữa cháy cho các hộ kinh doanh trên địa bàn",https://baomoi.com/huan-luyen-ky-nang-nghiep-vu-phong-chay-chua-chay-cho-cac-ho-kinh-doanh-tren-dia-ban-c50096009.epi,1
"Công an TP. Tây Ninh thực tập phương án chữa cháy và cứu nạn, cứu hộ tại doanh nghiệp",https://baomoi.com/cong-an-tp-tay-ninh-thuc-tap-phuong-an-chua-chay-va-cuu-nan-cuu-ho-tai-doanh-nghiep-c50096229.epi,1
Đoàn giám sát chuyên đề của Ban Pháp chế HĐND tỉnh làm việc với Ban chỉ đạo 389 huyện Tân Biên,https://baomoi.com/doan-giam-sat-chuyen-de-cua-ban-phap-che-hdnd-tinh-lam-viec-voi-ban-chi-dao-389-huyen-tan-bien-c50096620.epi,1
Cứu cụ già và bé trai mắc kẹt trong đám cháy,https://baomoi.com/cuu-cu-gia-va-be-trai-mac-ket-trong-dam-chay-c50096392.epi,1
"Bắt đối tượng mạo danh lãnh đạo Bộ Công an, Bí thư Thành ủy TPHCM để lừa đảo",https://baomoi.com/bat-doi-tuong-mao-danh-lanh-dao-bo-cong-an-bi-thu-thanh-uy-tphcm-de-lua-dao-c50096074.epi,1
"Phát hiện hơn 2.600 quyển SGK, tài liệu tham khảo có dấu hiệu làm giả ở Bạc Liêu",https://baomoi.com/phat-hien-hon-2-600-quyen-sgk-tai-lieu-tham-khao-co-dau-hieu-lam-gia-o-bac-lieu-c50095927.epi,1
"Đà Lạt cấm tụ tập ăn uống, ngồi trên thảm cỏ tại phố đi bộ Trần Quốc Toản",https://baomoi.com/da-lat-cam-tu-tap-an-uong-ngoi-tren-tham-co-tai-pho-di-bo-tran-quoc-toan-c50095746.epi,1
"Cháy ngôi nhà gỗ 5 gian ở Nghệ An, thiệt hại nhiều tỷ đồng",https://baomoi.com/chay-ngoi-nha-go-5-gian-o-nghe-an-thiet-hai-nhieu-ty-dong-c50095759.epi,1
"Cháy nhà ở quận 8, cụ bà và 1 thiếu niên được cảnh sát cứu",https://baomoi.com/chay-nha-o-quan-8-cu-ba-va-1-thieu-nien-duoc-canh-sat-cuu-c50095520.epi,1
"TP HCM: Quạt treo tường bị chập điện, cụ bà và bé trai bị mắc kẹt",https://baomoi.com/tp-hcm-quat-treo-tuong-bi-chap-dien-cu-ba-va-be-trai-bi-mac-ket-c50095443.epi,1
Cảnh sát giao thông hỗ trợ đỡ đẻ ngay trên cao tốc,https://baomoi.com/canh-sat-giao-thong-ho-tro-do-de-ngay-tren-cao-toc-c50095460.epi,1
Thầy giáo dạy lái trình báo xe đỗ trước tiệm bánh trung thu bị rạch sơn,https://baomoi.com/thay-giao-day-lai-trinh-bao-xe-do-truoc-tiem-banh-trung-thu-bi-rach-son-c50095433.epi,1
"Kho phế liệu ở Thái Nguyên cháy ngùn ngụt, cột khói cuồn cuộn bốc cao",https://baomoi.com/kho-phe-lieu-o-thai-nguyen-chay-ngun-ngut-cot-khoi-cuon-cuon-boc-cao-c50095230.epi,1
Tăng cường kiểm soát thị trường dịp Tết Trung thu,https://baomoi.com/tang-cuong-kiem-soat-thi-truong-dip-tet-trung-thu-c50095547.epi,1
"Phan Thiết: Duy trì, nhân rộng hàng trăm mô hình đảm bảo an ninh trật tự",https://baomoi.com/phan-thiet-duy-tri-nhan-rong-hang-tram-mo-hinh-dam-bao-an-ninh-trat-tu-c33540305.epi,1
"Dấu mốc mới trong quan hệ hữu nghị, sâu sắc và toàn diện Việt Nam-Trung Quốc",https://nhandan.vn/dau-moc-moi-trong-quan-he-huu-nghi-sau-sac-va-toan-dien-viet-nam-trung-quoc-post825386.html,1
Củng cố quan hệ hữu nghị và hợp tác Việt Nam-Timor Leste ,https://nhandan.vn/cung-co-quan-he-huu-nghi-va-hop-tac-viet-nam-timor-leste-post822055.html,1
Phát triển quan hệ Việt Nam-Ấn Độ thực chất và hiệu quả hơn nữa ,https://nhandan.vn/phat-trien-quan-he-viet-nam-an-do-thuc-chat-va-hieu-qua-hon-nua-post821857.html,1
Tri ân người có công với sự chân thành từ trái tim,https://nhandan.vn/tri-an-nguoi-co-cong-voi-su-chan-thanh-tu-trai-tim-post821325.html,1
Vô cùng thương tiếc đồng chí Tổng Bí thư kính mến! ,https://nhandan.vn/vo-cung-thuong-tiec-dong-chi-tong-bi-thu-kinh-men-post820289.html,1
Tạo xung lực mở rộng hợp tác giữa Việt Nam và Guinea-Bissau,https://nhandan.vn/tao-xung-luc-mo-rong-hop-tac-giua-viet-nam-va-guinea-bissau-post828771.html,1
"Tiến vào kỷ nguyên mới với tinh thần độc lập, khát vọng tự cường ",https://nhandan.vn/tien-vao-ky-nguyen-moi-voi-tinh-than-doc-lap-khat-vong-tu-cuong-post828151.html,1
Thúc đẩy hợp tác nghị viện xứng tầm quan hệ Việt Nam-Australia,https://nhandan.vn/thuc-day-hop-tac-nghi-vien-xung-tam-quan-he-viet-nam-australia-post826625.html,1
"Xây đắp quan hệ láng giềng hữu nghị, làm sâu sắc hơn hợp tác toàn diện Việt Nam-Trung Quốc ",https://nhandan.vn/xay-dap-quan-he-lang-gieng-huu-nghi-lam-sau-sac-hon-hop-tac-toan-dien-viet-nam-trung-quoc-post825889.html,1
Phát huy giá trị vĩ đại của Cách mạng Tháng Tám trong thời đại mới,https://nhandan.vn/phat-huy-gia-tri-vi-dai-cua-cach-mang-thang-tam-trong-thoi-dai-moi-post825540.html,1
Thắng lợi to lớn trên con đường bảo vệ nền độc lập dân tộc ,https://nhandan.vn/thang-loi-to-lon-tren-con-duong-bao-ve-nen-doc-lap-dan-toc-post820291.html,1
Đưa quan hệ giữa Việt Nam với Lào và Campuchia vào giai đoạn phát triển mới,https://nhandan.vn/dua-quan-he-giua-viet-nam-voi-lao-va-campuchia-vao-giai-doan-phat-trien-moi-post818419.html,1
"Triển khai tốt các luật, nghị quyết vừa được thông qua",https://nhandan.vn/trien-khai-tot-cac-luat-nghi-quyet-vua-duoc-thong-qua-post816818.html,1
"Tăng cường tin cậy, mở rộng hợp tác Việt Nam-Hàn Quốc trong giai đoạn mới",https://nhandan.vn/tang-cuong-tin-cay-mo-rong-hop-tac-viet-nam-han-quoc-trong-giai-doan-moi-post816819.html,1
"Truyền tải thông điệp Việt Nam năng động, đổi mới, đóng góp cho phát triển toàn cầu ",https://nhandan.vn/truyen-tai-thong-diep-viet-nam-nang-dong-doi-moi-dong-gop-cho-phat-trien-toan-cau-post815753.html,1
Ghi dấu mốc quan trọng mới trong quan hệ Việt Nam-Liên bang Nga,https://nhandan.vn/ghi-dau-moc-quan-trong-moi-trong-quan-he-viet-nam-lien-bang-nga-post815178.html,1
"Noi gương Chủ tịch Hồ Chí Minh vĩ đại, rèn đức, luyện tài, xây dựng đất nước hùng cường",https://nhandan.vn/noi-guong-chu-tich-ho-chi-minh-vi-dai-ren-duc-luyen-tai-xay-dung-dat-nuoc-hung-cuong-post810042.html,1
Tiếp nối hào khí Điện Biên Phủ trong thời kỳ mới,https://nhandan.vn/tiep-noi-hao-khi-dien-bien-phu-trong-thoi-ky-moi-post808183.html,1
"Xây dựng Cộng đồng ASEAN phát triển bền vững, lấy người dân làm trung tâm ",https://nhandan.vn/xay-dung-cong-dong-asean-phat-trien-ben-vung-lay-nguoi-dan-lam-trung-tam-post805996.html,1
"Phát triển quan hệ Việt Nam-Trung Quốc toàn diện, sâu sắc và bền vững",https://nhandan.vn/phat-trien-quan-he-viet-nam-trung-quoc-toan-dien-sau-sac-va-ben-vung-post803482.html,1
Mở ra chương mới trong quan hệ với các đối tác Nam Thái Bình Dương,https://nhandan.vn/mo-ra-chuong-moi-trong-quan-he-voi-cac-doi-tac-nam-thai-binh-duong-post798634.html,1
"Tự hào Đảng ta quang vinh, mãi mãi là ngọn cờ dẫn dắt toàn dân tộc ",https://nhandan.vn/tu-hao-dang-ta-quang-vinh-mai-mai-la-ngon-co-dan-dat-toan-dan-toc-post795088.html,1
Phát triển quan hệ Đối tác chiến lược Việt Nam-Philippines thực chất và hiệu quả hơn,https://nhandan.vn/phat-trien-quan-he-doi-tac-chien-luoc-viet-nam-philippines-thuc-chat-va-hieu-qua-hon-post794407.html,1
Mở cánh cửa hợp tác mới cho quan hệ Việt Nam-Đức,https://nhandan.vn/mo-canh-cua-hop-tac-moi-cho-quan-he-viet-nam-duc-post793264.html,1
"Các quyết sách đột phá sớm đi vào cuộc sống, đưa đất nước phát triển nhanh, bền vững",https://nhandan.vn/cac-quyet-sach-dot-pha-som-di-vao-cuoc-song-dua-dat-nuoc-phat-trien-nhanh-ben-vung-post792739.html,1
Tạo xung lực cho quan hệ giữa Việt Nam và các nước châu Âu,https://nhandan.vn/tao-xung-luc-cho-quan-he-giua-viet-nam-va-cac-nuoc-chau-au-post792197.html,1
Tiếp nối đà phát triển quan hệ Đối tác chiến lược Việt Nam-Indonesia ,https://nhandan.vn/tiep-noi-da-phat-trien-quan-he-doi-tac-chien-luoc-viet-nam-indonesia-post791678.html,1
Không ngừng nâng cao hiệu quả hợp tác toàn diện Việt Nam-Lào,https://nhandan.vn/khong-ngung-nang-cao-hieu-qua-hop-tac-toan-dien-viet-nam-lao-post790861.html,1
Điểm nhấn quan trọng trong quan hệ truyền thống Việt Nam-Bulgaria,https://nhandan.vn/diem-nhan-quan-trong-trong-quan-he-truyen-thong-viet-nam-bulgaria-post790666.html,1
Phát huy vai trò chủ thể của nông dân trong phát triển nông nghiệp ,https://nhandan.vn/phat-huy-vai-tro-chu-the-cua-nong-dan-trong-phat-trien-nong-nghiep-post789252.html,1
"Đóng góp thiết thực tăng cường hợp tác ASEAN-Nhật Bản, thúc đẩy phát triển bền vững ",https://nhandan.vn/dong-gop-thiet-thuc-tang-cuong-hop-tac-asean-nhat-ban-thuc-day-phat-trien-ben-vung-post787572.html,1
Phát triển quan hệ Việt Nam-Trung Quốc ổn định và bền vững,https://nhandan.vn/phat-trien-quan-he-viet-nam-trung-quoc-on-dinh-va-ben-vung-post787032.html,1
"Củng cố tin cậy, thúc đẩy hợp tác Việt Nam-Campuchia",https://nhandan.vn/cung-co-tin-cay-thuc-day-hop-tac-viet-nam-campuchia-post786849.html,1
Tầm nhìn mới cho quan hệ truyền thống Việt Nam-Belarus,https://nhandan.vn/tam-nhin-moi-cho-quan-he-truyen-thong-viet-nam-belarus-post786205.html,1
"Nâng cao vai trò Quốc hội thúc đẩy hợp tác với Campuchia, Lào và Thái Lan ",https://nhandan.vn/nang-cao-vai-tro-quoc-hoi-thuc-day-hop-tac-voi-campuchia-lao-va-thai-lan-post785721.html,1
"Phát huy tinh thần đổi mới, dân chủ, trí tuệ và trách nhiệm cao ",https://nhandan.vn/phat-huy-tinh-than-doi-moi-dan-chu-tri-tue-va-trach-nhiem-cao-post785130.html,1
"Tăng cường tin cậy, gắn bó và hợp tác Việt Nam-Campuchia",https://nhandan.vn/tang-cuong-tin-cay-gan-bo-va-hop-tac-viet-nam-campuchia-post785127.html,1
"Thông điệp về Việt Nam chân thành, tin cậy, hữu nghị và hợp tác",https://nhandan.vn/thong-diep-ve-viet-nam-chan-thanh-tin-cay-huu-nghi-va-hop-tac-post784953.html,1
Dấu mốc mới trong quan hệ Đối tác chiến lược sâu rộng Việt Nam-Nhật Bản ,https://nhandan.vn/dau-moc-moi-trong-quan-he-doi-tac-chien-luoc-sau-rong-viet-nam-nhat-ban-post784617.html,1
Các nhà lãnh đạo APEC cùng kiến tạo tương lai tự cường và bền vững ,https://nhandan.vn/cung-kien-tao-tuong-lai-tu-cuong-va-ben-vung-post782433.html,1
Kiểm tra hoạt động cung ứng hàng hóa của các siêu thị tại Hà Nội,https://nhandan.vn/kiem-tra-hoat-dong-cung-ung-hang-hoa-cua-cac-sieu-thi-tai-ha-noi-post829007.html,1
Tổ chức “Ngày văn hóa doanh nghiệp Việt Nam ở nước ngoài” lần thứ nhất tại Pháp,https://nhandan.vn/to-chuc-ngay-van-hoa-doanh-nghiep-viet-nam-o-nuoc-ngoai-lan-thu-nhat-tai-phap-post828958.html,1
Vinamilk & Quỹ Sữa năm 2024: Gần nửa triệu hộp sữa cùng trẻ em khó khăn đến trường,https://nhandan.vn/vinamilk-quy-sua-nam-2024-gan-nua-trieu-hop-sua-cung-tre-em-kho-khan-den-truong-post828982.html,1
Thanh Hóa: Dập tắt đám cháy ở bãi trông giữ xe của công nhân tại thị trấn Sao Vàng,https://nhandan.vn/thanh-hoa-dap-tat-dam-chay-o-bai-trong-giu-xe-cua-cong-nhan-tai-thi-tran-sao-vang-post829038.html,1
Vinh danh 12 đơn vị tại Hội chợ Du lịch quốc tế Thành phố Hồ Chí Minh lần thứ 18,https://nhandan.vn/vinh-danh-12-don-vi-tai-hoi-cho-du-lich-quoc-te-thanh-pho-ho-chi-minh-lan-thu-18-post828977.html,1
