Title,True Label,DT Prediction,NB Prediction,RFC Prediction,SVM Prediction
Bắt giữ 2 đối tượng truy nã về tội Cố ý gây thương tích,0,0,0,0,0
Bản án nào cho đối tượng giết người trong trạng thái kích động,0,0,0,0,0
Thanh Hóa: Bắt giữ đối tượng giờ trò lưu manh ở cửa hàng điện thoại,0,0,0,0,0
Bà trùm tín dụng đen ở Hà Nam bị bắt,0,0,0,0,0
Bắt giam kẻ nổ là cán bộ Tổng cục 2 để lừa đảo chạy việc,0,0,0,0,0
Nổ quen biết lãnh đạo cao cấp Đô Chuột lừa tiền nhiều doanh nghiệp nhà hàng,0,0,0,0,0
Bắt giữ 2 nữ quái thu giữ hàng trăm vũ khí nóng,0,0,0,0,0
Đối tượng truy nã thực hiện 108 vụ trộm xe máy sa lưới,0,0,0,0,0
Đề nghị truy tố cựu Thứ trưởng Bộ Công Thương Hoàng Quốc Vượng,0,0,0,0,0
Cô đồng bổ cau Trương Thị Hương lĩnh hơn 7 năm tù,0,0,0,0,0
Vụ bé gái 8 tuổi bị dâm ô ở Bà Rịa- Vũng Tàu: Yêu râu xanh nói gì với nạn nhân?,0,0,0,0,0
Vụ tài xế taxi bị sát hại phi tang xác ở Hà Nội: Hé lộ nguyên nhân gây án,0,0,0,0,0
Hôm nay (12/9) tuyên án cô đồng bổ cau đúng nhận sai cãi ở Hải Dương,0,0,0,0,0
Vụ 2 người phụ nữ tử vong dưới ao nước ở Bình Phước: Hé lộ nguyên nhân,0,0,0,0,0
Bắt giữ thành công 2 đối tượng truy nã đặc biệt nguy hiểm,0,0,0,0,0
Thế giới ngầm mại dâm 4.0 (Kỳ 7): Adam Hòa và dàn mẫu nam khiến quý bà móc ví tung tiền giải đen,0,0,0,0,0
Khởi tố người đàn ông tăng ga bỏ chạy kéo lê CSGT khi đo nồng độ cồn,0,0,0,0,0
Bí mật không ngờ của 2 gã đàn ông chuyên đi lang thang ở Hải Phòng,0,0,0,0,0
Khởi tố đối tượng lập 3 công ty để mua bán trái phép hóa đơn gần 3.200 tỷ đồng,0,0,0,0,0
Chạy xe quá tốc độ bị xử phạt bao nhiêu tiền?,0,0,0,0,0
Tin tức pháp luật mới nhất ngày 12/9: Bắt cò đất chuyên lừa đảo phụ nữ,0,0,0,0,0
Chủ gara ô tô ở Quảng Ninh tổ chức bay lắc cùng 3 cô gái trẻ để chống bão,0,0,0,0,0
Phú Thọ: Kiểm tra tạm giữ trên 9.000 sản phẩm có dấu hiệu giả mạo nhãn hiệu,0,0,0,0,0
Xử phạt 2 người dân cố thủ trên bãi bồi quyết không chịu vào bờ tránh lũ,0,0,0,0,0
Nhiều lần đốt nhà mẹ ruột và mẹ chồng của người tình gã đàn ông lãnh án tù,0,0,0,0,0
Bi kịch chồng sát hại vợ và bản án 15 năm tù,0,1,0,0,0
Hẹn giải quyết mâu thuẫn trên mạng xã hội thiếu niên 14 tuổi bị đâm tử vong,0,0,0,0,0
Nhóm nam thanh niên bị đưa sang Campuchia ép giả làm phụ nữ để mời gọi đầu tư,0,0,0,0,0
Bắt nam thanh niên cứ hết tiền lại dùng clip nóng tống tiền bạn gái,0,1,0,0,0
Khởi tố nguyên Phó chủ tịch Hội Chữ thập đỏ Bình Dương cầm cố sổ đỏ giả,0,0,0,0,0
Tìm tên chủ xe qua biển số xe ô tô thế nào?,0,0,0,0,0
Lùi xe trong hầm đường bộ bị xử phạt như nào?,0,0,0,0,0
Xe đổi biển vàng có phải đổi đăng ký không?,0,0,0,0,0
Vụ phát hiện thi thể tài xế taxi ở mép bờ sông Đáy: Lộ diện hung thủ,0,0,0,0,0
Bắt khẩn cấp hai người phụ nữ táo tợn dùng nước sôi cây gỗ hành hung công an,0,1,0,0,0
Điều tra vụ 2 người phụ nữ tử vong dưới ao nước ở Bình Phước,0,0,0,0,0
Vụ con dâu bị tống tiền 5 tỷ đồng mộ bố chồng bị trộm hài cốt: Công an vào cuộc,0,0,0,0,0
Tuyên án 15 năm tù với yêu râu xanh hiếp dâm con riêng của người tình,0,0,0,0,0
Lật tẩy bí mật của 5 người đàn ông trên chiếc xe khách 45 chỗ,0,0,0,0,0
Có vợ hờ và con yêu râu xanh vẫn dụ bé gái 13 tuổi quan hệ tình dục,0,0,0,0,0
Bi kịch tình- tiền: Xác chết lõa thể gần bờ biển Đà Nẵng và tội ác của kẻ khát tình,0,0,0,0,0
Sự thật về thông tin phát hiện 16 xác người buộc vào nhau ở Quảng Ninh,0,0,0,0,0
Điều tra vụ mâu thuẫn trong đám cưới Quảng Trị 1 người tử vong,0,0,0,0,0
Tin tức pháp luật mới nhất ngày 11/9: Nữ kế toán trưởng chiếm đoạt gần 1 tỷ đồng,0,0,0,0,0
Dùng chân điều khiển vô lăng xe ô tô có bị phạt không?,0,0,0,0,0
Vụ bố chồng vác súng AK dọa con dâu: Tiết lộ sốc về kho vũ khí của bố chồng,0,0,0,0,0
Cụ bà mất hơn 200 triệu đồng khi nghe cuộc gọi giả mạo Công an,0,0,0,0,0
Khám xét nơi ở đối tượng vận chuyển trái phép ngà voi Châu Phi,0,0,0,0,0
Triệu tập hàng loạt chủ Facebook đăng thông tin sai sự thật vỡ đê ở Hải Dương,0,0,0,0,0
Nữ sinh lớp 8 nghi bị bắt cóc ở Tây Ninh trở về nhà tiết lộ sốc,0,0,0,0,0
Vụ camera gắn trong phòng tắm 2 nữ sinh viên: Tình tiết mới nhất,0,0,0,0,0
Lợi dụng bão Yagi để hôi của 2 đối tượng bị xử lý,0,0,0,0,0
Bất ngờ trước lý do tú bà từng bay trên mây môi giới mại dâm xin hưởng án treo?,0,0,0,0,0
Tuyên án cựu CSGT say xỉn lái xe tông chết người,0,0,0,0,0
Vụ con rể sát hại mẹ vợ ở Tiền Giang: Người dân địa phương nói gì về nghi can?,0,0,0,0,0
Tra cứu biển số xe máy bằng CCCD như thế nào?,0,0,0,0,0
Vụ hơn 35.000 người sập bẫy lừa đảo của bà Trương Mỹ Lan: Các nạn nhân có được đền bù thiệt hại?,0,0,0,0,0
Thế giới ngầm mại dâm 4.0: Tú bà 22 tuổi đội lốt sinh viên cầm đầu đường dây sugar baby,0,0,0,0,0
Bác tin vỡ đê ở Bắc Giang triệu tập người đưa tin thất thiệt lên làm việc,0,0,0,0,0
Lừa đảo hàng chục tỷ đồng của Chủ tịch Tân Hoàng Minh Cựu Vụ trưởng Nguyễn Sỹ Tá lĩnh án chung thân,0,1,0,0,0
Vụ người yêu nhí sinh con thanh niên lĩnh án tù: Kết quả ADN gây sốc,0,0,0,0,0
Không chấp hành hiệu lệnh của CSGT phạt bao nhiêu?,0,0,0,0,0
Tin tức pháp luật mới nhất ngày 10/9: CSGT đón lõng bắt nghi can trộm xe máy,0,0,0,0,0
Khi qua đường giao nhau thứ tự xe được quyền ưu tiên đi trước cụ thể như nào?,0,0,0,0,0
Khởi tố đối tượng cướp tài sản ở cửa hàng tiện lợi,0,0,0,0,0
Phát hiện đối tượng vận chuyển số lượng lớn động vật hoang dã trái phép,0,0,0,0,0
Lẻn vào bệnh viện để trộm cắp tài sản,0,0,0,0,0
Vụ mẹ chồng con dâu cầm đầu đường dây tổ chức mại dâm: Gái bán dâm bị ép nộp phế khủng,0,0,0,0,0
Vụ nữ chủ quán nước mía bị sát hại ở Đà Nẵng: Hé lộ nguyên nhân,0,0,0,0,0
Triệt phá đường dây lừa đảo xuyên quốc gia đặt trụ sở tại Campuchia,0,0,0,0,0
Khởi tố Phó Chánh án TAND huyện ở Gia Lai về tội nhận hối lộ,0,0,0,0,0
Bắt nam thanh niên dùng video nhạy cảm ép người yêu cũ đưa 10 triệu đồng,0,1,0,0,0
Vụ xe tải cán qua người đàn ông ở Đồng Nai: Khởi tố tài xế,0,0,0,0,0
Vụ nữ sinh phát hiện camera quay lén trong phòng tắm: Công an xác minh,0,0,0,0,0
Bắt người đàn ông đi uống rượu về đánh cháu ruột tử vong,0,0,0,0,0
Vụ giải cứu 11 bé gái bị ép làm nô lệ tình dục : Lời khai của các đối tượng,0,0,0,0,0
Vụ bạo hành trẻ em tại Mái ấm Hoa Hồng : Cha mẹ những đứa trẻ là ai?,0,0,0,0,0
Bi kịch tình-tiền: Giá đắt cho thiếu phụ cuồng yêu phóng hoả trả thù tình nhân,0,0,0,0,0
Kẻ tống tiền bằng clip nhạy cảm tiếp tục bị truy tố vì chiếm đoạt 1.200 camera,0,0,0,0,0
Khởi tố đối tượng gây rối trật tự công cộng,0,0,0,0,0
Tin tức pháp luật mới nhất ngày 9/9: Bắt kẻ lừa đảo chiếm đoạt 450 triệu đồng,0,0,0,0,0
Tạm giữ thanh niên ngáo đá cầm hung khí cố thủ trong nhà hơn 22 giờ,0,0,0,0,0
Triệt phá đường dây mua bán người dưới 16 tuổi liên tỉnh,0,0,0,0,0
Vụ 3 mẹ con tử vong trên cao tốc Cam Lộ - La Sơn: Tài xế vượt ẩu lĩnh bao nhiêu năm tù?,0,0,0,0,0
Diễn biến mới vụ bé gái 14 tuổi bị mẹ ép bán cái ngàn vàng,0,0,0,0,0
Vụ người phụ nữ ngồi trên nắp capo xe ô tô ở Bình Dương : Diễn biến mới,0,0,0,0,0
Vụ 3 đôi nam nữ mua bán dâm tại khách sạn ở Bình Thuận: Lộ diện 2 tú bà,0,1,0,0,0
Điều tra vụ án mạng tại vựa thanh long 1 người chết 1 người bị thương,0,0,0,0,0
Vụ hỗn chiến khiến nam sinh 16 tuổi tử vong ở Hà Nội: Hé lộ nguyên nhân,0,0,0,0,0
Ô tô bị cây đổ đè do bão số 3 có được công ty bảo hiểm đền bù?,0,0,0,0,0
Lý do một Bí thư xã ở Ninh Bình bị bắt tạm giam,0,0,0,0,0
Xác minh việc 2 tài xế ô tô đánh nhau trên Quốc lộ 51,0,0,0,0,0
Vụ bạo hành trẻ em tại Mái ấm Hoa Hồng : Thứ trưởng Bộ LĐTB&XH thông tin,0,0,0,0,0
Vào đất liền tránh bão đối tượng truy nã đặc biệt bị bắt sau 23 năm bỏ trốn,0,0,0,0,0
Công an Hà Đông chủ động ứng phó bão số 3 đảm bảo an toàn giao thông,0,0,0,0,0
Gần 5000 cán bộ chiến sĩ công an tỉnh Quảng Ninh căng mình tham gia ứng phó với cơn bão số 3,0,0,0,0,0
Cãi nhau với vợ người chồng nghi ngáo đá kề mã tấu vào cổ dọa tự sát,0,0,0,0,0
Vụ trẻ 5 tuổi khuyết tật bị bạo hành tử vong:Thủ phạm là người không bình thường,0,0,0,0,0
Bắt quả tang nhân viên xông hơi Tây Thi New kích dục cho khách chủ khai gì?,0,0,0,0,0
Bắt giữ đối tượng khống chế cháu bé hơn 1 tuổi làm con tin do mâu thuẫn,0,0,0,0,0
Người phụ nữ trung niên làm điều mờ ám cùng nhiều dân chơi xăm trổ,0,0,0,0,0
Thế giới ngầm mại dâm 4.0 (Kỳ 6): Chiêu tuyển đào đặc biệt của tú bà 9X tốt nghiệp ĐH Luật,0,0,0,0,0
Tin tức pháp luật mới nhất ngày 7/9: Bắt đối tượng lừa đảo chiếm đoạt tiền tỷ,0,0,0,0,0
Bắt tạm giam nguyên Giám định viên Trung tâm giám định pháp y tỉnh Sơn La,0,0,0,0,0
Xử lý 9 quái xế vi phạm giao thông ở Hải Phòng,0,0,0,0,0
Dính bẫy lừa đảo làm căn cước online một phụ nữ tại Hà Nội mất 900 triệu đồng,0,0,0,0,0
Bắt kẻ trộm sau sự cố mất điện ở xưởng đá,0,0,0,0,0
Phát hiện quán karaoke hoạt động trái phép ở Hải Phòng,0,0,0,0,0
Vụ thi thể đôi nam nữ trôi trên sông Hồng: Chủ tịch xã nói gì?,0,0,0,0,0
Xét xử vụ Vạn Thịnh Phát giai đoạn 2: Bà Trương Mỹ Lan bị truy tố các tội nào?,0,0,0,0,0
Khởi tố thêm nhiều lãnh đạo nguyên lãnh đạo 1 xã ở Nam Định,0,0,0,0,0
Vì sao con gái ông Trần Quí Thanh được giảm 9 tháng tù?,0,0,0,0,0
Triệt phá boong ke ma túy do nữ quái 51 tuổi cầm đầu,0,0,0,0,0
Tạm giữ yêu râu xanh đưa bé gái 14 tuổi về nhà quan hệ tình dục ở Bắc Giang,0,0,0,0,0
Vụ bạo hành trẻ em tại Mái ấm Hoa Hồng : Danh tính 2 bảo mẫu vừa bị bắt,0,0,0,0,0
Vĩnh Phúc: Phát hiện cơ sở sản xuất bánh trung thu không đảm bảo vệ sinh,0,0,0,0,0
Truy tìm đối tượng giật 450 tờ vé số của cụ bà tại Buôn Ma Thuột,0,0,0,0,0
Vụ nổ súng ở Đồng Nai: Người chồng tử vong,0,0,0,0,0
Dụ dỗ nữ sinh lớp 7 vào nhà nghỉ yêu rồi quay clip nóng thanh niên nhận kết đắng,0,0,0,0,0
Bắt nhóm thanh niên cầm hung khí đi dạo gặp ai không vừa mắt là đánh,0,0,0,0,0
Ông Trần Quí Thanh xin xem xét lại tội danh vì cho rằng không chiếm đoạt tài sản,0,0,0,0,0
Khởi tố 2 đối tượng cho vay lãi nặng liên tỉnh với lãi suất lên đến 386%/năm,0,0,0,0,0
Bi kịch tình- tiền: Rợn người với kịch bản sát hại người tình đồng tính của gã giác hơi dạo,0,0,0,0,0
Thủ đoạn giả danh CSGT Công an Hà Nội xử phạt vi phạm giao thông,0,0,0,0,0
Vừa ra tù người đàn ông đã rủ bạn gái mở đại lý ma túy để khởi nghiệp,0,0,0,0,0
Vụ Tổ phó Tổ bảo vệ an ninh bị chém tử vong: Công an Tuyên Quang thông tin,0,0,0,0,0
Vụ Tổ phó Tổ bảo vệ an ninh bị chém tử vong ở Tuyên Quang: Hé lộ nguyên nhân,0,0,0,0,0
Tin tức pháp luật mới nhất ngày 6/9: Mẹ bị cướp khi đang chở con đi khai giảng,0,0,0,0,0
Chủ Mái ấm Hoa Hồng nghiên cứu đối phó đoàn kiểm tra rất tinh vi,0,0,0,0,0
Bắt 2 đối tượng lẻn vào bệnh viện trộm cắp tài sản,0,0,0,0,0
Truy nóng nhóm tội phạm 10X gây án tại cửa hàng điện thoại,0,0,0,0,0
Xử lý người đàn ông tán phát tin giả tin sai sự thật ở Hà Nội,0,0,0,0,0
Bộ đôi chém gió lừa đảo chiếm đoạt 5 tỷ đồng và 40.000 USD để chạy dự án,0,0,0,0,0
Thông tin mới nhất vụ nam thanh niên sát hại cô gái dẫn đi xem phòng trọ tại Hà Nội,0,0,0,0,0
Vụ bạo hành trẻ em ở Mái ấm Hoa Hồng : Lời khai bất ngờ của bảo mẫu,0,0,0,0,0
Vụ bé trai 5 tuổi khuyết tật tử vong bất thường ở Gia Lai: Tử vong ngoại viện,0,0,0,0,0
Triệt phá ổ nhóm chuyên đóng vai người mua kẻ bán để lừa đảo chiếm đoạt tài sản,0,0,0,0,0
Đánh sập ổ nhóm đánh bạc hơn 10 triệu USDT thu giữ nhiều siêu xe,0,0,0,0,0
Bạo hành tại Mái ấm Hoa Hồng : Danh tính 5 bảo mẫu đánh trẻ không thương tiếc,0,0,0,0,0
Nhóm đối tượng thuê ô tô tự lái từ Thanh Hóa ra Ninh Bình để trộm cắp,0,0,0,0,0
Cho vay nặng lãi với giá cắt cổ nam thanh niên bị tạm giữ hình sự,0,0,0,0,0
Giết người do mâu thuẫn trong tiệc sinh nhật 2 nam thanh niên lĩnh 18 năm tù,0,0,0,0,0
Bị truy nã ở Việt Nam nam thanh niên trốn ra nước ngoài rồi tiếp tục gây án,0,0,0,0,0
Vụ cầm dao chém 3 người bị thương rồi về nhà cố thủ: Bất ngờ nguyên nhân gây án,0,1,0,0,0
Vụ người nước ngoài bị đâm tử vong ở Bình Dương: Hé lộ nguyên nhân,0,0,0,0,0
Vụ bạo hành trẻ em ở Mái ấm Hoa Hồng : Chuyên gia pháp lý phân tích thế nào?,0,0,0,0,0
Vụ bạo hành ở Mái ấm Hoa Hồng nghi trục lợi từ thiện: Mẹ Hương từng đánh bóng tên tuổi ra sao?,0,0,0,0,0
Lật tẩy hành tung mờ ám sau giờ làm của gã công nhân ở Đà Nẵng,0,0,0,0,0
Vụ bạo hành ở Mái ấm Hoa Hồng : Tạm giữ bà Giáp Thị Sông Hương và các bảo mẫu,0,0,0,0,0
Thế giới ngầm mại dâm 4.0: Cơ trưởng hàng không làm trùm đường dây hotgirl đi khách đại gia,0,1,0,0,0
Vụ nhận hối lộ trung tâm đăng kiểm: Chia tiền qua nhóm Tí tách mỗi ngày,0,0,0,0,0
Sang nhà người thân ăn cơm cô gái trẻ tiện tay lấy hơn 190 triệu đồng,0,0,0,0,0
Xử phạt 2 người phụ nữ dùng mạng xã hội xúc phạm ban quản lý chợ ở Quảng Ninh,0,0,0,0,0
Bắt giữ đối tượng trộm cắp tài sản,0,0,0,0,0
Khởi tố vụ án hình sự sản xuất hàng giả mật ong tại Công ty TNHH Ong Hòa Bình,0,0,0,0,0
Quyết liệt ngăn chặn thanh thiếu niên tụ tập gây mất trật tự ở Quảng Ninh,0,1,0,0,0
Hé lộ kế hoạch đi cướp máy Pod manh động của 3 thanh thiếu niên Hà Nội,0,0,0,0,0
Khởi tố thêm tội danh với nữ cựu Giám đốc Công ty Bất động sản ở Hải Phòng,0,0,0,0,0
Tin tức pháp luật mới nhất ngày 5/9: Lừa bán đất chiếm đoạt hơn 23 tỷ đồng,0,0,0,0,0
Ô tô chạy quá tốc độ 13km/h bị phạt bao nhiêu tiền?,0,0,0,0,0
Ninh Bình: Phát hiện buộc tiêu huỷ 288 bánh trung thu nhập lậu,0,0,0,0,0
Sau 6 năm lẩn trốn đối tượng có 5 lệnh truy nã sa lưới,0,0,0,0,0
Truy nã đối tượng cố ý gây thương tích ở Thái Bình,0,0,0,0,0
Sau cuộc điện thoại người phụ nữ Hà Nội mất 700 triệu đồng trong tài khoản,0,0,0,0,0
Bảo mẫu bạo hành bé trai 6 tháng tuổi dẫn đến tử vong lĩnh án,0,0,0,0,0
Vụ thanh niên đâm người đàn ông ngoại quốc tử vong: Công an Bình Dương thông tin,0,0,0,0,0
Đối tượng vận chuyển 15 bánh heroin dùng hung khí chống trả cảnh sát quyết liệt,0,0,0,0,0
Vụ bạo hành trẻ em ở Mái ấm Hoa Hồng : Sở LĐ-TB&XH TP.HCM thông tin,0,0,0,0,0
Bộ Công an thông tin về tình hình tội phạm trong kỳ nghỉ 2/9,0,0,0,0,0
Vụ thiếu nữ 15 tuổi bị sát hại ở Bình Dương: Hành động đáng sợ của nghi phạm,0,0,0,0,0
Vụ bạo hành trẻ em ở Mái ấm Hoa Hồng : Chủ cơ sở khai gì?,0,0,0,0,0
Đu trend tiktok 2 thiếu niên ở Hà Giang bị triệu tập,0,0,0,0,0
Vụ thiếu nữ 15 tuổi bị sát hại ở Bình Dương: Tình tiết bất ngờ,0,0,0,0,0
Vụ tài xế xe tải nghi cố tình cán chết người: Diễn biến mới nhất,0,0,0,0,0
Bộ Công an: Nhiều trẻ em trong độ tuổi từ 13-15 nghiện ma túy,0,0,0,0,0
Bí mật của đôi bạn tù trên chiếc xe bán tải di chuyển khắp nơi,0,0,0,0,0
Vụ bạo hành trẻ ở Mái ấm Hoa Hồng : Xót xa cảnh trẻ bị đánh không thương tiếc,0,0,0,0,0
Vụ nghi bạo hành tại Mái ấm Hoa Hồng: Thu hồi giấy phép hoạt động,0,0,0,0,0
Bộ Công an đề nghị khẩn trương điều tra vụ án tại đặc khu Tam Giác Vàng,0,0,0,0,0
Vụ nghi bạo hành tại Mái ấm Hoa Hồng: Chủ tịch quận lên tiếng,0,0,0,0,0
Mức phạt ô tô không có đủ hệ thống hãm khi tham gia giao thông,0,0,0,0,0
Vụ bé gái 11 tuổi bị hàng xóm dâm ô: Khởi tố yêu râu xanh,0,0,0,0,0
Vụ bạo hành trẻ em ở Mái ấm Hoa Hồng : Lãnh đạo TP.HCM yêu cầu xử lý nghiêm,0,0,0,0,0
Vụ nghi bạo hành ở Mái ấm Hoa Hồng : Tiết lộ bất ngờ,0,0,0,0,0
Thủ tục bấm biển xe ô tô như thế nào?,0,0,0,0,0
Vụ bạo hành trẻ em ở Mái ấm Hoa Hồng : Hàng xóm tiết lộ sốc về các bảo mẫu,0,0,0,0,0
Vụ thiếu nữ 15 tuổi bị sát hại ở Bình Dương: Hé lộ nguyên nhân,0,0,0,0,0
Bị mắng vì lao vào ô tô nam thanh niên đâm người đàn ông ngoại quốc tử vong,0,0,0,0,0
Bi kịch tình- tiền: Kẻ thủ ác ra tay tàn độc phi tang xác người tình hơn 8 tuổi xuống cống,0,0,0,0,0
Lật tẩy bí mật của người đàn ông lúc rạng sáng,0,0,0,0,0
Mức phạt đối với hành vi đội mũ bảo hiểm kém chất lượng?,0,1,0,0,0
Vụ nghi nhiều trẻ em bị bảo mẫu bạo hành trong mái ấm ở TP.HCM: Công an vào cuộc,0,0,0,0,0
Vụ thiếu nữ 15 tuổi bị sát hại ở Bình Dương: Nghi phạm làm gì sau khi gây án?,0,0,0,0,0
Bảo mẫu bạo hành khiến bé trai 6 tháng tuổi tử vong hầu tòa,0,0,0,0,0
Truy nóng hành vi manh động của đối tượng cộm cán trên tỉnh lộ 427,0,0,0,0,0
Chặt hạ gỗ quý vùng lõi Vườn quốc gia Xuân Sơn 7 đối tượng bị khởi tố,0,0,0,0,0
Bắt tạm giam nam nhân viên kế toán tham ô tài sản ở Bắc Giang,0,0,0,0,0
Công an Hà Giang thông tin vụ hàng chục quái xế tổ chức offline trong ngày 2/9,0,0,0,0,0
Điều tra vụ thanh niên sát hại bạn gái rồi ôm bình gas cố thủ trong phòng trọ,0,0,0,0,0
Xe ô tô 5 chỗ chở 8 người vượt chốt công an tại Biên Hòa trên xe có chứa ma túy,0,0,0,0,0
Vụ lừa đảo gần 300 tỷ đồng ở Hải Phòng: Công an tìm bị hại,0,0,0,0,0
Lai Châu: Hỗn chiến giữa 2 nhóm thanh thiếu niên 2 người thương vong,0,0,0,0,0
Hà Nội: Bắt giữ đối tượng truy nã đặc biệt nguy hiểm,0,0,0,0,0
Lào Cai: Phát hiện xử lý 792 kg khí cười N2O không rõ nguồn gốc xuất xứ,0,0,0,0,0
Vụ nữ chủ nhà bị hiếp dâm cướp dây chuyền vàng ở Hà Nội: Lời khai của yêu râu xanh,0,0,0,0,0
Biển số định danh có bắt buộc không?,0,0,0,0,0
Thế giới ngầm mại dâm 4.0 (Kỳ 4): Cú đáp khẩn cấp vào vòng lao lý của tú bà từng bay trên mây,0,0,0,0,0
Xử lý nam thanh niên lái xe máy bằng chân ở Hà Tĩnh,0,0,0,0,0
Nguyên Chủ tịch HĐQT kiêm Tổng Giám đốc Công ty Cổ phần Thuốc lá và Thực phẩm Bắc Giang bị bắt,0,1,0,0,0
Tin tức pháp luật mới nhất ngày 3/9: Bắt 3 đối tượng sử dụng trái phép ma túy,0,0,0,0,0
Lừa cung cấp dịch vụ đọc trộm tin nhắn hai đối tượng lừa đảo hàng chục người,0,0,0,0,0
Bất ngờ danh tính tài xế tông tử vong cụ bà nhặt rác ở Bắc Giang,0,0,0,0,0
Thực hư hình ảnh Trang Nemo được ra tù,0,0,0,0,0
Bị cự tuyệt tình cảm nam thanh niên đâm tình cũ trọng thương,0,0,0,0,0
Phát hiện người đàn ông bị cây đè tử vong trong rừng bảo tồn,0,0,0,0,0
Hà Nội: Liên tiếp xử lý các cơ sở kinh doanh bóng cười tại quận Hoàn Kiếm,0,0,0,0,0
Bắt giữ người đàn ông đâm hàng xóm trọng thương rồi bỏ trốn,0,0,0,0,0
Thông chốt nam thiếu niên 16 tuổi tông thiếu tá công an trọng thương,0,0,0,0,0
Người đàn ông Nga tử vong nghi rơi từ tầng cao ở trung tâm Nha Trang,0,0,0,0,0
Hành trình truy bắt đối tượng trốn truy nã 30 năm,0,0,0,0,0
Hẹn nhau nói chuyện một thanh niên bị đâm tử vong,0,0,0,0,0
Cần tiền tiêu xài bố dượng đưa ma túy cho con riêng của vợ để mang đi bán,0,0,0,0,0
Nữ nhân viên phiên dịch nâng khống hóa đơn chiếm đoạt hơn 3 tỷ đồng ở Bắc Giang,0,0,0,0,0
Bắt cặp vợ chồng thuê trọ ở Phú Yên nuôi 11 cô gái làm mại dâm,0,1,0,0,0
Dính 2 lệnh truy nã vẫn gây ra hàng loạt vụ lừa đảo chiếm đoạt tiền tỷ,0,0,0,0,0
Vụ bắt ông trùm điều hành gái mại dâm ở Hà Nội: Tiết lộ mức giá gây sốc,0,0,0,0,0
Bắt đối tượng mua bán trái phép 18.000 tài khoản ngân hàng,0,0,0,0,0
Bắt nhóm đối tượng tạt sơn khủng bố đòi nợ thuê ở TPHCM,0,0,0,0,0
CSGT có được dừng xe khi không vi phạm pháp luật giao thông đường bộ,0,0,0,0,0
Bí mật bên trong nhà nghỉ tố cáo những bữa tiệc ma túy xuyên đêm,0,0,0,0,0
Vĩnh Phúc: Thuê nhà làm địa điểm tổ chức tiệc ma túy,0,0,0,0,0
Bình Phước: Tạm giữ tài xế xe container cán tử vong hai dì cháu,0,0,0,0,0
Lào Cai: Phát hiện xử lý 792 kg khí cười không rõ nguồn gốc xuất xứ,0,0,0,0,0
Khởi tố đối tượng dùng điếu cày tấn công công an ở Phú Thọ,0,0,0,0,0
Vụ va chạm khiến 2 người thương vong ở Long An: Truy tìm tài xế ô tô,0,0,0,0,0
Lật tẩy bí mật trong chiếc ô tô 7 chỗ liên tục di chuyển tại Vũng Tàu,0,0,0,0,0
Điều tra vụ bà cụ bị ô tô chèn qua người khi đang nhặt rác ở Bắc Giang,0,0,0,0,0
Chân tướng ông trùm chuyên điều hành gái mại dâm trên mạng ở Hà Nội,0,0,0,0,0
Mới ra tù đã xông vào nhà một phụ nữ hiếp dâm cướp dây chuyền vàng,0,0,0,0,0
Phát hiện tàu hút cát trái phép tại Thái Bình,0,0,0,0,0
Lợi dụng được hoãn chấp hành án nữ quái trốn sang Campuchia,0,0,0,0,0
Khởi tố nam thanh niên đóng giả xe ôm công nghệ mang ma tuý đi bán,0,0,0,0,0
Mức phạt đối với xe ô tô chở quá số người theo quy định,0,1,0,0,0
Xử lý đối tượng mang 6 tiền án vẫn liều lĩnh đi trộm cắp tài sản,0,0,0,0,0
Ngăn chặn kịp thời vụ giả danh công an lừa đảo chiếm đoạt tài sản của cụ bà 82 tuổi,0,0,0,0,0
Phạt nguội gần 16.000 trường hợp vi phạm giao thông ở Thanh Hóa,0,0,0,0,0
Điều tra nhóm nam thanh nữ tú tụ tập mang theo phóng lợn đi tìm đối thủ,0,0,0,0,0
Vụ chồng hành hung vợ trọng thương ở Hà Nội: Có thể do mâu thuẫn gia đình,0,0,0,0,0
Thông tin mới nhất vụ gần 60 thanh thiếu niên hỗn chiến ở Tây Ninh,0,0,0,0,0
Vác dao chém bạn nhậu vì xin thanh toán tiền về trước nhưung không được,0,0,0,0,0
Tin tức pháp luật mới nhất ngày 1/9: Truy xét nhanh nhóm đối tượng cướp tài sản,0,0,0,0,0
Danh tính nhóm kẻ gian mà như đại gia lái 2 ô tô 7 chỗ đi trộm gần 200 quả sầu riêng,0,0,0,0,0
135 bị cáo trong đường dây cho vay lãi nặng ghép ảnh đồi trụy để đòi nợ lĩnh án,0,0,0,0,0
Vụ mua bán người dưới 16 tuổi hoạt động khiêu dâm: Hiện trường có gì gây chú ý?,0,0,0,0,0
Triệt phá đường dây chuyên ship ma túy qua xe khách từ Hà Nội về Hòa Bình,0,0,0,0,0
Nghẹt thở truy bắt nhóm đối tượng manh động vờ mua cỏ Mỹ để cướp tài sản ở Huế,0,0,0,0,0
Bí mật của 2 cặp đôi nam nữ trong phòng khách sạn ở Quảng Ninh,0,1,0,0,0
Bắt đối tượng cõng 15 bánh heroin từ biên giới về xuôi để lấy tiền công,0,0,0,0,0
Hé lộ thủ đoạn của đường dây mua bán hóa đơn khủng gây thiệt hại 740 tỷ đồng,0,0,0,0,0
Vụ cầm điếu cày đánh người ở Thanh Hóa: Hé lộ nguyên nhân,0,0,0,0,0
Trả thù tình người đàn ông tung chiêu nhét ma túy vào cốp xe để vu khống cho tình địch,0,0,0,0,0
Vụ đầu độc Xyanua ở Đồng Nai: Xuất hiện tình tiết mới,0,0,0,0,0
Cựu cảnh sát giao thông say xỉn lái ô tô tông chết người phụ nữ bị truy tố,0,0,0,0,0
Công an tóm gọn kẻ lừa đảo khét tiếng Lê Văn Bang sau 33 năm truy lùng,0,0,0,0,0
Bi kịch tình ái: Kẻ thủ ác sát hại nhân tình được vợ khuyên đi đầu thú,0,0,0,0,0
Đánh bạn nhậu bị thương vì xin thanh toán tiền để về trước mà không đồng ý,0,0,0,0,0
Thủ tục mua bán xe máy cũ biển 4 số như thế nào?,0,0,0,0,0
Thế giới ngầm mại dâm 4.0 (Kỳ 3): Bóc trần nguyên tắc bán hoa kỳ quái của tú ông Lê Hoàng Long,0,0,0,0,0
Khởi tố nhóm quái xế lạng lách bốc đầu trong đêm ở Nam Định,0,0,0,0,0
Khởi tố 7 đối tượng thao túng thị trường chứng khoán mã cổ phiếu CMS,0,0,0,0,0
Bắt đối tượng ở Nam Định hoạt động trong tổ chức phản động,0,0,0,0,0
Mức phạt lấn làn xe ô tô năm 2024,0,0,0,0,0
Lào Cai: Triệt phá điểm ma túy hoạt động dưới hình thức boongke,0,0,0,0,0
Xe khách 40 chỗ chở 41 người có bị phạt không?,0,0,0,0,0
Vụ người đàn ông tử vong tại nhà riêng ở Yên Bái: Hé lộ nguyên nhân,0,0,0,0,0
Hiện trường vụ dùng điện bẫy chuột gây chết người ở An Giang,0,0,0,0,0
Khởi tố nhóm đối tượng mang hung khí đi giải quyết mâu thuẫn ở Thái Bình,0,0,0,0,0
Hải Dương: Thu giữ gần 1.200 bánh trung thu nhập lậu,0,0,0,0,0
Con rể báo công an mẹ vợ thoát nạn ngoạn mục,0,0,0,0,0
Vụ thiếu nữ 16 tuổi nghi bị 2 anh em cha dượng xâm hại: Công an vào cuộc,0,0,0,0,0
Tuyên án tử hình hung thủ dùng kéo đâm đại úy công an tử vong,0,0,0,0,0
Khởi tố nhóm nhân viên văn phòng đăng ký đất đai đánh bạc theo kiểu 3 cây,0,0,0,0,0
Xét xử vụ Vimedimex: Bà Nguyễn Thị Loan phủ nhận nhiều biên bản hỏi cung,0,0,0,0,0
Nhận lời làm việc phi pháp cho 1 đối tượng lạ mặt nam thanh niên bị bắt giữ,0,0,0,0,0
Nhóm thanh niên mở dây chuyền sản xuất tiền giả làm giả giấy tờ giữa Thủ đô,0,0,0,0,0
Vì sao Tổng Giám đốc Công ty cổ phần sữa Hà Lan bị bắt?,0,0,0,0,0
Vụ nam sinh lớp 9 bị bố bạn đánh nhập viện: Người đàn ông lĩnh án 2 năm tù,0,1,0,0,0
Trốn truy nã vì môi giới mại dâm hotgirl Ngô Thị Linh bị bắt,0,0,0,0,0
Cựu Chủ tịch Hà Nội Nguyễn Đức Chung đã nộp bao nhiêu tiền để hoàn tất thi hành án dân sự?,0,0,0,0,0
Vụ nổ súng 2 vợ chồng trúng đạn ở Đồng Nai: Danh tính nghi phạm,0,0,0,0,0
Nỗi đau sau bản án tử hình cho kẻ giết vợ và 3 con bằng khí CO,0,0,0,0,0
Vụ nữ sinh lớp 8 mang thai nghi bị cha dượng xâm hại ở Gia Lai: Diễn biến nóng,0,0,0,0,0
Tình huống pháp lý vụ bé gái 13 tuổi dùng búa sát hại ông nội ở Thái Nguyên,0,0,0,0,0
Làm lại đăng ký xe máy và bằng lái xe ở đâu?,0,0,0,0,0
Màn tung hứng tinh vi giữa 2 đối tượng cộm cán nhằm vào cô gái trẻ giữa phố Hà Nội,0,0,0,0,0
Tổ chức offline nhóm những thằng tù và 8h Tô Hiệu để gây rối 18 thanh niên bị bắt,0,1,0,0,0
Con gái nhỏ bị chú rể nhiều lần xâm hại cha đau đớn trình báo công an,0,0,0,0,0
Bi kịch Tình-tiền: Anh rể sát hại em dâu khi bị từ chối đi nhà nghỉ vụng trộm,0,0,0,0,0
Giải cứu 13 nạn nhân bị cưỡng bức lao động tại đặc khu Tam giác vàng,0,0,0,0,0
Cái kết đắng cho gã trai 9x đâm mẹ con người yêu châm lửa đốt nhà vì ghen,0,0,0,0,0
Phú Thọ: Nghi án 2 anh em cha dượng hóa yêu râu xanh xâm hại thiếu nữ 16 tuổi,0,0,0,0,0
Từ vụ Xuyên Việt Oil Bộ Công an kiến nghị giải pháp chặn lỗ hổng trong quản lý xăng dầu,0,0,0,0,0
Bằng lái xe hạng C có thể điều khiển những loại xe nào?,0,0,0,0,0
Tin tức pháp luật mới nhất ngày 30/8: Đối tượng lừa 400 triệu đồng để xin việc,0,0,0,0,0
Mức phạt khi đi vào tuyến đường không có giấy phép lưu hành?,0,0,0,0,0
Khởi tố đối tượng lừa 400 triệu đồng để chạy xin việc,0,0,0,0,0
Bắt nhanh đối tượng cướp giật điện thoại của cô gái trẻ ở Gò Vấp,0,0,0,0,0
Hưng Yên: Phát hiện kho hàng xe đạp điện không rõ nguồn gốc xuất xứ,0,0,0,0,0
Vụ bé gái 13 tuổi bị dụ dỗ làm chuyện người lớn : Quen qua mạng xã hội,0,0,0,0,0
Trùm giang hồ Quân Idol cùng 3 đàn em bị tuyên án tử hình,0,0,0,0,0
Khởi tố nhóm thanh thiếu niên mang đao đi giải quyết mâu thuẫn,0,0,0,0,0
Đề nghị truy tố đối tượng về tội Chế tạo trái phép vũ khí quân dụng,0,0,0,0,0
Hỗn chiến bằng dao phóng lợn vỏ chai bia 35 báo thủ ở Hưng Yên bị khởi tố,0,0,0,0,0
Công an TP.HCM thu thập tài liệu trò chơi xổ số Labubu,0,0,0,0,0
Phát hiện gần 2.500 sản phẩm không rõ nguồn gốc xuất xứ,0,0,0,0,0
Người phụ nữ suýt mất gần 600 triệu đồng với kịch bản dọa bắt của kẻ lừa đảo,0,0,0,0,0
Vạch trần thủ đoạn của nhóm hack tài khoản Facebook lừa gần 400 bị hại,0,0,0,0,0
Người tố cáo sai phạm của Xuyên Việt Oil lộ loạt cựu quan chức nhận hối lộ hàng triệu USD là ai?,0,0,0,0,0
Nổ làm ăn với cán bộ cấp cao siêu cò đất lừa đảo chiếm đoạt hơn 22 tỷ đồng,0,1,0,0,0
Xét xử nhóm đối tượng lừa mua ngoại tệ online xịt thuốc mê để cướp tài sản,0,0,0,0,0
Vụ bé gái 13 tuổi dùng búa đánh ông nội tử vong ở Thái Nguyên: Thi thể nạn nhân được giấu ở đâu?,0,1,0,0,0
Vụ bé trai bị đánh đập trước sảnh chung cư New Horion: Tạm giữ đối tượng,0,0,0,0,0
Vụ bé gái 13 tuổi dùng búa đánh ông nội tử vong ở Thái Nguyên: Hé lộ nguyên nhân,0,0,0,0,0
Kê biên hơn 200 thửa đất thuộc 2 Dự án ở Hải Phòng để phục vụ điều tra,0,0,0,0,0
Vụ ném bé trai 3 tuổi xuống kênh ở miền Tây: Thanh niên 25 tuổi lĩnh án,0,0,0,0,0
Giả mạo Cục phó An ninh điều tra Bộ Công an nhận đòi nợ thuê chạy án,0,0,0,0,0
Lật tẩy trò lừa bán thiên thạch huyền bí khiến một phụ nữ mất 2 tỷ đồng,0,0,0,0,0
Sốc: Bực tức vì ông nội nhờ đấm lưng bé gái 13 tuổi dùng búa đánh ông tử vong,0,0,0,0,0
Cảnh báo cuộc gọi điện thoại mạo danh Cục Đăng kiểm Việt Nam để lừa đảo,0,0,0,0,0
Sập bẫy lừa đảo người phụ nữ sợ sệt đi rút 580 triệu đồng,0,0,0,0,0
Bản án ma túy treo lơ lửng trên đầu bà trùm trốn thi hành án tinh vi thế nào?,0,0,0,0,0
Lật tẩy bí mật trong đám tang ở Quảng Nam bắt giữ 12 đối tượng,0,1,0,0,0
Nữ quái sa lưới sau hơn 5 năm trốn truy nã sang Lào,0,0,0,0,0
Cuộc ngã giá tại khách sạn giữa nữ Giám đốc Xuyên Việt Oil và cựu Vụ phó Bộ Công thương,0,0,0,0,0
Vụ ly hôn của ông Lê Phước Hoài Bảo: Tòa bác kháng cáo tài sản trị giá triệu đô chia như án sơ thẩm,0,0,0,0,0
Đem bán 5 tivi của trung tâm nuôi dưỡng người có công một cán bộ bị bắt,0,0,0,0,0
Những biển báo giao thông cấm quay đầu bạn cần nắm rõ,0,0,1,0,0
Quái chiêu của nữ Giám đốc Xuyên Việt Oil khiến nhiều cựu quan chức nhúng chàm,0,0,0,0,0
Lừa đảo qua mô hình kinh doanh dropshipping: Thủ đoạn tinh vi nhiều người sập bẫy,0,1,0,0,0
Vụ tài xế xe tải nghi cố tình cán chết người: Tạm giữ tài xế,0,0,0,0,0
Thế giới ngầm mại dâm 4.0 (Kỳ 2): Tú ông Lục Triều Vỹ điều hoa hậu bán dâm 30.000 USD,0,0,1,0,0
Hành trình lần theo dấu vết triệt phá đường dây mua bán trẻ sơ sinh núp bóng cho nhận con nuôi,0,0,0,0,0
Khởi tố 18 báo thủ ở Quảng Ninh mang hung khí giải quyết mâu thuẫn trong đêm,0,0,0,0,0
Hotgirl phạm tội lừa đảo ra đầu thú sau 20 ngày trốn chạy,0,0,0,0,0
Bí mật trong chiếc túi xách màu đen của đôi nam nữ lượn phố Hà Nội,0,0,0,0,0
Huỷ hoại rừng tự nhiên 3 đối tượng lãnh án tù,0,0,0,0,0
Cầm điện thoại khi đang điều khiển xe ô tô có bị xử phạt không,0,0,0,0,0
Cựu Phó Chủ tịch phường vừa bị bắt ở Quảng Ninh tạo bẫy lừa đảo như thế nào?,0,0,0,0,0
Truy quét nhanh tóm gọn ổ nhóm chặt cướp biển số xe để khoe chiến tích,0,0,0,0,0
Xe cứu thương đi làm nhiệm vụ có được đi quá tốc độ không?,0,0,0,0,0
Vụ án đưa nhận hối lộ ở Hòa Bình: Khởi tố 3 bị can,0,0,0,0,0
Phó giám đốc Sở Công Thương Lai Châu bị bắt về hành vi Nhận hối lộ,0,0,0,0,0
Xin dừng xe để xuống nữ hành khách bị nhân viên nhà xe đe dọa,0,0,0,0,0
Hưng Yên: Kiểm tra phát hiện gần 2.800 chiếc bánh Trung thu không rõ nguồn gốc,0,1,0,0,0
Kí ức rùng rợn nơi động quỷ xứ người: Những ngày tháng địa ngục trần gian,0,0,0,0,0
Điều tra vụ chủ nợ bị đâm tử vong ở Long An,0,1,0,0,0
Khởi tố đối tượng liều lĩnh giật điện thoại của người đi đường ở Hà Nội,0,0,0,0,0
Nhóm thiếu niên từ Hải Dương sang Hải Phòng cướp xe bị bắt,0,0,0,0,0
Vụ bố vợ đâm chết con rể cũ: Diễn biến đau lòng và bản án 9 năm tù,0,1,0,0,0
Biểu hiện lạ của người đàn ông suýt sập bẫy 2 2 tỷ đồng,0,0,0,0,0
Trend giới trẻ tụ tập check-in bằng camera giám sát ở Hà Nội: Công an vào cuộc,0,1,0,0,0
Công an TP.HCM triệt phá đường dây mua bán trẻ sơ sinh quy mô lớn chưa từng thấy,0,0,0,0,0
Vợ thấy chồng có biểu hiện lạ liền báo công an thoát bẫy lừa 2 2 tỷ đồng,0,0,0,0,0
Bắt quả tang nhóm nam nữ tụ tập xuyên đêm làm điều mờ ám trong căn hộ,0,0,0,0,0
Quân Idol và đồng phạm hầu tòa: An ninh thắt chặt,0,0,0,0,0
Bắt nhóm đối tượng chém người khoe chiến tích trên mạng xã hội ở Phú Thọ,0,0,0,0,0
Bật ngửa với mánh khóe ăn chặn tiền hối lộ của Phó Giám đốc chi nhánh Xuyên Việt Oil,0,0,0,0,0
Các tình tiết giảm nhẹ trong xử lý vi phạm giao thông là gì,0,0,0,0,0
Cảnh sát giao thông có được truy đuổi theo phương tiện vi phạm,0,0,0,0,0
Đi vào đường cao tốc cần tuân thủ những quy tắc nào?,0,0,0,0,0
Thấy người yêu làm ở quán karaoke đến khuya gã trai cùng bạn đánh khách tử vong,0,0,0,0,0
Hé lộ nguồn tiền khủng mà nữ Giám đốc Xuyên Việt Oil dùng để chi hối lộ các cựu lãnh đạo,0,0,0,0,0
Biển số xe định danh có bao nhiêu số?,0,0,0,0,0
Bi kịch tình tiền: Thi thể cô gái lõa thể trong bao tải ven đường tố cáo tội ác của gã tình nhân,0,0,0,0,0
Bắt 2 nữ quái chuyên gây nỗi ám ảnh cho người dân trong lễ hội trung thu,0,0,0,0,0
Tỷ phú Phạm Nhật Vượng và nghệ sĩ Xuân Bắc bị giả mạo để lừa đảo trên mạng,0,0,0,0,0
Cảnh sát phá cửa cuốn dập tắt đám cháy ở kho hàng chuyển phát nhanh Hà Nội,0,0,0,0,0
Người điểu khiển xe máy phải giảm tốc độ trong những trường hợp nào?,0,0,0,0,0
CSGT tăng cường xử lý học sinh vi phạm giao thông,0,0,0,0,0
Ném bom xăng vào trụ sở 3 ngân hàng,0,1,0,0,0
Bộ Công an đề nghị tổng rà soát cơ sở bảo trợ trẻ em,0,0,0,0,0
Lừa quen nhiều lãnh đạo để bảo kê nhà hàng,0,0,0,0,0
Cựu thứ trưởng cục trưởng bị cáo buộc gây thiệt hại 937 tỷ đồng cho EVN,0,0,0,0,0
Bị bắt vì mỗi ngày gọi cho vợ 100 cuộc điện thoại,0,1,1,0,1
Chủ xe Macan đòi Porsche Sài Gòn bồi thường bất thành,0,0,0,0,0
Làm giả hồ sơ thiết kế cải tạo xe tập lái,0,0,0,0,0
Vây bắt hai thanh niên cướp giật điện thoại 4 người dân bị đâm,0,0,0,0,0
Công an TPHCM thu giữ gần 1 tấn ma túy,0,0,0,0,0
Triệt phá đường dây đưa ngư phủ trốn ra nước ngoài đánh bắt hải sản,0,0,0,0,0
Một cán bộ ngân hàng ở Phú Quốc bị giữ trong trường hợp khẩn cấp,0,0,0,0,0
Người đàn ông giả làm khách vào cửa hàng ở TPHCM trộm laptop,0,0,0,0,0
Bà Trương Mỹ Lan muốn dùng dự án trị giá gấp 3 Times Square để bồi thường,0,0,0,0,0
DJ Bé Vi giúp sức cho ông trùm buôn ma túy xuyên quốc gia,0,0,0,0,0
Thực nghiệm lại cách cựu Chủ tịch NXB Giáo dục nhận hối lộ từ doanh nghiệp,0,0,0,0,0
Dự án đường sắt tốc độ cao 67 tỉ USD: Chậm mà chắc,0,0,1,0,1
Ninh Bình tôn vinh 65 tập thể cá nhân điển hình tiên tiến trong học tập làm theo tư tưởng đạo đức phong cách Hồ Chí Minh,0,0,0,0,0
Ông Nguyễn Trọng Nghĩa dự lễ tôn vinh Nhà khoa học của nhà nông,0,1,0,0,0
Việt Nam phản đối việc Trung Quốc hành xử thô bạo với ngư dân ở Hoàng Sa,0,0,0,0,0
Đề nghị kỷ luật 3 nguyên Bí thư Tỉnh ủy,0,0,0,0,0
Chủ tịch UBND TP Hồ Chí Minh nêu 3 đề xuất 3 kiến nghị đối với Mặt trận Tổ quốc,0,0,0,0,0
Đại hội thi đua yêu nước cựu chiến binh gương mẫu tỉnh Bình Phước lần thứ VII,0,1,0,0,0
Toàn tỉnh có 69/94 xã được công nhận đạt chuẩn nông thôn mới,0,0,0,0,0
Ông Phan Tiến Hòa được bổ nhiệm làm Phó Cục trưởng Cục Thuế thành phố Hà Nội,0,1,0,0,0
Đề nghị hỗ trợ cho người dân trồng hoa đào Nhật Tân quất cảnh Tứ Liên,0,0,0,0,0
Triển lãm số về Hoàng Sa Trường Sa của Việt Nam đến với học sinh,0,0,0,0,0
Phú Yên kỷ niệm 94 năm ngày thành lập chi bộ Đảng Cộng sản đầu tiên và trao Giải báo chí về xây dựng Đảng năm 2024,0,0,0,0,0
Bài 3: Đổi mới phương thức lãnh đạo - nhân tố quyết định thành công công việc lãnh đạo cầm quyền của Đảng,0,1,1,1,0
Trang bị kiến thức về văn hóa gia đình cho hơn 260 cán bộ cơ sở,0,0,0,0,0
Liên đoàn Lao động tỉnh Cao Bằng gửi thư cảm ơn Báo Công Thương,0,0,0,0,0
TP Hà Nội gặp mặt tri ân người có công tham gia giải phóng Thủ đô,0,0,0,0,0
Cử tri Bù Đăng quan tâm nhiều đến quy hoạch bô xít,0,0,0,0,0
Ra mắt Chatbot AI hỗ trợ điều phối hoạt động tình nguyện,0,0,0,0,0
Tăng cường cầu nối của nhóm nghị sỹ hữu nghị trong quan hệ Việt Nam-Canada,0,0,0,0,0
Giới thiệu 80 bức ảnh chủ đề Bác Tôn với Quân đội nhân dân Việt Nam,0,1,0,0,0
Thông báo nhanh kết quả hội nghị Trung ương 10 và quán triệt các nội dung chuẩn bị tổ chức đại hội đảng bộ các cấp,0,0,0,0,0
Hướng dẫn tổ chức đại hội các hợp tác xã nhiệm kỳ 2024 – 2029,0,0,0,0,0
Đồng chí Nguyễn Trọng Đông thăm tặng quà cựu chiến binh tham gia giải phóng Thủ đô,0,0,0,0,0
Cục Lưu trữ Văn phòng Trung ương Đảng kiểm tra công tác văn thư lưu trữ tại Đồng Nai,0,1,0,0,0
Tuyên truyền những chủ đề lớn trọng tâm từ nay đến Đại hội lần thứ XIV của Đảng,0,0,0,0,0
Chủ tịch UBND TPHCM đề nghị nên có Diễn đàn nhân dân,0,0,0,0,0
Ninh Bình: Tôn vinh các điển hình tiên tiến trong học tập và làm theo tư tưởng đạo đức phong cách Hồ Chí Minh,0,0,0,0,0
Thăm tặng quà cựu chiến binh tham gia giải phóng Thủ đô,0,0,0,0,0
Trao bằng khen tặng quân nhân thuộc Bộ đội Biên phòng tỉnh Cà Mau,0,0,0,0,0
Ký kết Thỏa thuận trao đổi và hợp tác giữa tỉnh Vĩnh Phúc và tỉnh Mayabeque (Cuba),0,0,0,0,0
Như Xuân triển khai Chỉ thị số 35 của Bộ Chính trị và Kế hoạch tổ chức Đại hội đảng bộ các cấp nhiệm kỳ 2025-2030,0,0,0,0,0
Bồi dưỡng cập nhật kiến thức về công tác phòng chống tham nhũng tiêu cực,0,0,0,0,0
Sáng mãi tinh thần Quyết tử để Tổ quốc quyết sinh,0,0,0,0,0
Triển lãm ảnh chuyên đề Bác Tôn với Quân đội nhân dân Việt Nam,0,0,0,0,0
Tiếp tục tuyên truyền hiệu quả về nhiệm vụ quân sự quốc phòng,0,0,0,0,0
Huyện Thanh Bình có 17 công trình chào mừng Đại hội đại biểu Mặt trận Tổ quốc Việt Nam các cấp,0,0,0,0,0
Xác định nhiệm vụ khoa học và công nghệ thuộc lĩnh vực Công nghệ thông tin và môi trường thực hiện vào năm 2025,0,0,0,0,0
Đại biểu Quốc hội tiếp xúc cử tri huyện Yên Sơn trước kỳ họp thứ 8 Quốc hội khóa XV,0,0,0,0,0
100 Thủ khoa xuất sắc Thủ đô Hà Nội ghi danh Sổ Vàng,0,0,0,0,0
Thúc đẩy hợp tác chặt chẽ giáo dục Việt Nam - Nhật Bản,0,1,0,0,0
Huyện Sóc Sơn: 55 đơn vị ủng hộ 1 4 tỷ đồng cho Quỹ Vì người nghèo,0,0,0,0,0
Kinh tế - xã hội quốc phòng an ninh tỉnh Đắk Nông đạt kết quả khá toàn diện,0,0,0,0,0
Bến Tre: Trao chủ trương chứng nhận đầu tư cho 6 dự án với tổng vốn hơn 7.985 tỷ đồng,0,0,0,0,0
Đoàn ĐBQH tỉnh Gia Lai tiếp xúc cử tri là cán bộ công đoàn đoàn viên người lao động,0,0,0,0,0
Lễ tôn vinh điển hình tiên tiến học tập và làm theo tư tưởng đạo đức phong cách Hồ Chí Minh (giai đoạn 2014-2024),0,0,0,0,0
Nâng cao nghiệp vụ biên phòng cho cán bộ quân đội Lào,0,0,0,0,0
Sôi nổi Hội thao truyền thống các cơ quan Khối Đảng tỉnh Khánh Hòa lần thứ 22 - năm 2024,0,0,0,0,0
Báo chí xuất bản Quân đội tuyên truyền đậm nét các hoạt động kỷ niệm 80 năm Ngày thành lập Quân đội nhân dân Việt Nam,0,0,0,0,0
Dâng hương dâng hoa Nhà tưởng niệm Chủ tịch Hồ Chí Minh Khu di tích Quốc gia đặc biệt địa điểm Chiến thắng Biên giới tại xã Đức Long (Thạch An),0,0,0,0,0
Tập huấn nâng cao nghiệp vụ Biên phòng cho cán bộ Quân đội Nhân dân Lào,0,0,0,0,0
Ông Nguyễn Xuân Thắng tiếp Giám đốc Quốc gia Ngân hàng thế giới tại Việt Nam,0,1,0,0,0
Đảng ủy PV Drilling quán triệt Kết luận 76-KL/TW và triển khai sinh hoạt chuyên đề Một đội ngũ một mục tiêu,0,1,0,0,0
UN-Habitat cam kết tăng cường thể chế và nâng cao năng lực trong lĩnh vực đô thị của Việt Nam,0,1,0,0,0
Kỷ niệm 94 năm ngày thành lập Chi bộ Đảng Cộng sản đầu tiên tại Phú Yên,0,0,0,0,0
Các chính sách dân tộc đã tạo chuyển biến rõ rệt,0,0,0,0,0
Thúc đẩy hợp tác giữa TP.Hồ Chí Minh và 9 tỉnh phía Bắc Bắc Trung Bộ,0,0,0,0,0
Thị xã Kỳ Anh Hà Tĩnh đã tổ chức xong 151/183 Đại hội chi bộ nhiệm kỳ 2024-2027,0,0,0,0,0
Sôi nổi livestream tại Hội chợ sản phẩm Thanh niên Kon Tum,0,1,0,0,0
Giám sát việc ban hành nghị quyết của HĐND cấp huyện tại Thạch Thành,0,0,0,0,0
Lễ kỷ niệm 50 năm giải phóng Đồng Xoài phải trang trọng và thiết thực,0,0,0,0,0
Tìm thấy thi thể tài xế xe tải bị nước lũ cuốn cách 20km,0,0,0,0,0
Bão kỳ lạ Krathon đổ bộ Đài Loan (Trung Quốc) đã có 2 người thiệt mạng,0,0,0,0,0
Chiều nay khả năng TP HCM và Nam Bộ có mưa to,0,0,0,0,0
Bão Krathon di chuyển khỏi Biển Đông và suy yếu,0,0,0,0,0
Lũ lụt Nepal: Hơn 200 người thiệt mạng 27 người mất tích,0,1,0,0,0
Bão Helene tan đã lâu người Mỹ vẫn phải chờ nước sạch cả tháng trời,0,1,1,1,0
Bị lộ vị trí CSGT phải thay đổi chốt chặn tuần lưu liên tục trên đường,0,0,0,0,0
Ô tô 7 chỗ va chạm xe máy người đàn ông bị húc văng xa tử vong tại chỗ,0,0,0,0,0
Khoảng 3.300 doanh nghiệp thiệt hại do bão sẽ được tạm dừng đóng 2 loại quỹ,0,0,0,0,0
Làm rõ vụ tai nạn khiến 1 người tử vong ở khu vực rào chắn thi công trên QL 1,0,0,0,0,0
Bão Krathon đổ bộ vào Đài Loan (Trung Quốc) đã có 2 người tử vong,0,0,0,0,1
Tìm thấy thi thể tài xế bị suối cuốn trôi ở Đà Lạt,0,0,0,0,0
Phú Thọ cần sớm có phương án tháo dỡ phần còn lại của cầu Phong Châu,0,1,0,0,0
Biển đông có thể đón 2 cơn bão trong tháng này,0,1,0,0,0
21 lượt ý kiến tại cuộc tiếp xúc cử tri của Đoàn ĐBQH với công nhân lao động,0,0,0,0,0
TP.HCM đang mưa lớn giông sét ầm ầm,0,1,0,0,0
Mexico bắt buộc cung cấp ghế ngồi có tựa lưng cho người lao động,0,0,0,0,1
Nhiều năm lưu thông trên con đường đau khổ cử tri Lang Chánh đồng loạt kiến nghị,0,0,0,0,0
Tiềm ẩn nguy cơ sạt lở trên đèo Hải Vân,0,0,0,0,0
Tìm thấy thi thể tài xế bị nước cuốn trôi khi lái xe qua đập tràn ở Đà Lạt,0,0,0,0,0
Chi tiết 28 ga trong dự án đường sắt cao tốc Bắc - Nam,0,0,0,0,0
Xuất hiện vết nứt ngang đồi huyện Như Thanh khẩn cấp di dời các hộ dân,0,0,0,0,0
Rốt ráo chuẩn bị công tác cấp điện năm 2025,0,0,0,0,0
Khôi phục nhanh sản xuất chăn nuôi thủy sản sau bão lũ,0,0,0,0,0
Dự án đường Vành đai 4 - vùng Thủ đô giảm hơn 2.100 tỷ đồng vốn đầu tư,0,0,0,0,0
Kon Tum chủ động ứng phó động đất,0,0,0,0,0
Trao gói thầu trị giá 1.105 tỷ đồng xây cao tốc Hòa Bình - Mộc Châu,0,0,0,0,0
Vừa chào tạm biệt bão Krathon dự báo mùa bão khốc liệt lại cận kề,0,0,1,0,1
Xe đầu kéo cuốn xe đạp điện vào gầm người phụ nữ tử vong thương tâm,0,0,0,0,0
TKV: 9 tháng sản xuất trên 27 5 triệu tấn than nguyên khai,0,0,0,0,0
Chuyển đối số ngành Y: Lợi đơn lợi kép cho người bệnh lẫn bác sĩ và bệnh viện,0,0,0,0,0
Hội Nông dân huyện Bình Lục trao bò vàng sinh sản cho hội viên,0,0,0,0,0
Kiến nghị bỏ mua sổ khám bệnh giấy,0,0,0,0,0
Đường sắt tốc độ cao: Ăn sáng Hà Nội - ăn trưa Sài Gòn,0,0,0,0,0
Thí điểm Sổ sức khỏe điện tử qua VNeID,0,1,0,0,0
Triệt phá sòng bạc khủng ở Hậu Giang: Choáng trước quy mô và cách thức tổ chức,0,0,0,0,0
Làn xe cơ giới là gì?,0,1,1,0,1
Tin tức pháp luật mới nhất ngày 29/9: Cán bộ ngân hàng lừa đảo hơn 10 tỷ đồng,0,0,0,0,0
Ôtô đâm vào người đi bộ trên cao tốc chịu trách nhiệm thế nào?,0,0,0,0,0
Điều tra nguyên nhân vụ cháy xưởng tái chế nhựa khiến một người tử vong,0,0,0,0,0
Bình Dương: Tạm giữ 2 thanh niên tạt sơn chất bẩn để đòi nợ,0,0,0,0,0
Vụ bé trai 2 ngày tuổi bị bắt cóc: Nghi phạm Thạch Thị Sóc Sô Khone khai gì?,0,0,0,0,0
Hà Tĩnh: Khởi tố bắt tạm giam đối tượng thông chốt tấn công CSGT,0,0,0,0,0
Vụ giết người vì mâu thuẫn khi chơi tổ tôm ở Nam Định: 4 nhân chứng đều vắng mặt,0,0,0,0,0
Người phụ nữ đặt mua 4 sổ đỏ giả trên Facebook rồi lấy đi vay 800 triệu đồng,0,0,0,0,0
Vụ xe tải do vợ cầm lái cán chồng tử vong ở Bình Phước: Lời khai ban đầu gây sốc,0,0,0,0,0
Thế giới ngầm mại dâm 4.0: Chân dài Bolero điều hành đường dây gái gọi nuôi mơ ước làm ca sĩ,0,0,0,0,0
Lừa đảo chiếm đoạt hơn 41 tỷ đồng nữ đại gia lĩnh án chung thân,0,0,0,0,0
Bế mạc Đại hội đại biểu MTTQ Việt Nam TPHCM lần thứ XII,0,0,0,0,0
Sớm đề nghị có Luật Đô thị đặc biệt cho TPHCM,0,0,0,0,0
Đà Lạt: Hô biến hơn 3 6ha đất rừng thành vườn,0,0,0,0,0
Sẽ sửa đổi quy định cưỡng chế thi hành quyết định hành chính về quản lý thuế,0,0,0,0,0
Bộ VH-TT-DL nói gì về việc quy định Quốc phục của Việt Nam?,0,0,0,0,0
Năm 2025 lựa chọn nhà đầu tư xây dựng Cảng trung chuyển quốc tế Cần Giờ,0,0,0,0,0
Xác định lộ trình để thực hiện thẻ bảo hiểm y tế điện tử,0,0,0,0,0
Lan tỏa công tác giáo dục chủ nghĩa yêu nước cho các thế hệ người Hà Nội,0,0,0,0,0
Phú Yên kỷ niệm 94 năm ngày thành lập chi bộ Đảng Cộng sản đầu tiên và trao Giải báo chí về xây dựng Đảng năm 2024,0,0,0,0,0
Táº§m nhÃ¬n vá» ká»· nguyÃªn má»i trong quan há» há»¯u nghá» vÃ  há»£p tÃ¡c Viá»t Nam-Ireland,0,0,1,1,1
Tạo không gian phát triển mới vì lợi ích và thịnh vượng nhân dân hai nước Việt Nam-Ireland,0,0,0,0,0
Khai mạc Diễn tập khu vực phòng thủ tỉnh Hòa Bình năm 2024,0,0,0,0,0
Tổng Bí thư Chủ tịch nước Tô Lâm thăm Trường liên cấp mang tên Chủ tịch Hồ Chí Minh,0,0,0,0,0
Trao giải Cuộc thi chính luận về bảo vệ nền tảng tư tưởng của Đảng trong Đảng bộ Khối các cơ quan Trung ương,0,0,0,0,0
Mở ra một giai đoạn phát triển mới trong quan hệ song phương Việt Nam-Ireland,0,0,0,0,0
Lần đầu tiên công bố Quy hoạch hệ thống đô thị và nông thôn,0,0,0,0,0
Mạn đàm văn chương về văn hóa tinh hoa trong văn thơ Việt Nam xưa và nay,0,0,1,0,1
EVNHCMC khuyến cáo các biện pháp phòng chống cháy nổ,0,0,0,0,0
Khẩn trương xử lý sạt trượt trên đèo Prenn-Đà Lạt,0,0,0,0,0
Giá xăng giảm mạnh hơn 700 đồng/1 lít từ 15 giờ hôm nay 3/10,0,0,0,0,0
HDBank được vinh danh Ngân hàng Xanh của năm tại Better Choice Awards 2024,0,1,0,0,0
Thanh khoản tăng vọt VN-Index giảm tiếp hơn 9 điểm,0,0,0,0,1
Thái Bình cần 1.780 tỷ đồng để sửa chữa nâng cấp đê điều sau bão số 3,0,0,0,0,0
Bắt giữ vụ tàng trữ vận chuyển 342kg pháo nổ trái phép,0,1,0,0,0
Hút trộm dầu của phương tiện thi công cao tốc Khánh Hòa - Buôn Ma Thuột,0,0,0,0,0
Đà Nẵng: Địa phương nào thu ngân sách vượt dự toán cao nhất ?,0,0,0,0,0
Tặng vé tàu vé máy bay tết Ất Tỵ 2025 cho công nhân,0,0,0,0,0
Voọc Cát Bà đang ‘hồi sinh’,0,1,1,0,1
Hà Nội tri ân những người con ưu tú tiếp quản giải phóng thủ đô,0,0,0,0,0
Khởi tố đôi vợ chồng để điều tra tội lợi dụng các quyền tự do dân chủ,0,0,0,0,0
Giai đoạn 2 vụ ‘chuyến bay giải cứu’: Cựu công an bị lôi kéo nhúng chàm,0,0,0,0,0
Bắt 3 bị can trộm hàng ngàn mét dây cáp điện bán phế liệu,0,0,0,0,0
Bình Thuận: Bắt đầu tháo dỡ ‘biệt phủ’ xây dựng không phép ở Tánh Linh,0,0,0,0,0
Thừa Thiên - Huế: Khởi tố 4 đăng kiểm viên nhận hối lộ của chủ tàu cá,0,0,0,0,0
Điều tra vụ ném bom xăng trước cửa 3 trụ sở ngân hàng ở Phú Yên,0,0,0,0,0
Đà Lạt: Mưa lớn khiến ta luy dương trên đèo Prenn bị sạt lở,0,0,0,0,0
Có những con người đầy khổ đau nhưng lại hy sinh bao bọc những mảnh đời nghèo khổ,0,0,0,0,0
TP.HCM quy trách nhiệm người đứng đầu khi cấp dưới sai phạm,0,0,0,0,0
Vụ ngư dân Quảng Ngãi bị hành hung trên biển: Một người còn tiếp tục điều trị,0,1,0,0,0
Hòa Bình diễn tập xử lý tình huống chống khủng bố gây rối an ninh trật tự,0,0,0,0,0
Thái Nguyên: Tăng cường kiểm tra kiểm soát mặt hàng dược phẩm mỹ phẩm thực phẩm chức năng thiết bị y tế,0,0,0,0,0
Bắt thanh niên ném bom xăng vào ngân hàng ở Phú Yên,0,0,0,0,0
Bắt thanh niên nghi ngáo đá ném bom xăng vào 3 chi nhánh ngân hàng,0,0,0,0,0
Bắt nam thanh niên ném bom xăng vào 3 ngân hàng ở Phú Yên,0,0,0,0,0
Nhóm người mua bán tinh dầu chiết xuất từ cây cần sa bị bắt,0,1,0,0,0
Bắt nghi phạm ném bom xăng trước 3 cơ sở giao dịch ngân hàng ở Phú Yên,0,0,0,0,0
Diễn tập phương án chữa cháy và cứu nạn cứu hộ tại trụ sở UBND phường Hòa Xuân,0,1,0,0,0
Gần 300 người tham gia diễn tập thực binh chữa cháy cấp tỉnh,0,0,0,0,0
Hỗ trợ Đại sứ quán Mỹ tìm tài sản thất lạc cho du khách,0,0,0,0,0
Bắt nam thanh niên ném bom xăng vào 3 ngân hàng,0,0,0,0,0
Hỗ trợ du khách Mỹ tìm lại tài sản thất lạc,0,0,0,0,0
EVNHCMC khuyến cáo các biện pháp đảm bảo an toàn phòng chống cháy nổ đối với hộ gia đình tại khu dân cư,0,0,0,0,0
Nhộn nhịp Cảng cá Sông Ðốc,0,0,0,0,0
Chuyến ra khơi kinh hoàng của ngư dân Bình Châu,0,1,0,0,0
Lập trung tâm kiểm soát chất lượng để kiểm soát hàng hóa chợ đầu mối,0,0,0,0,0
Nâng cao hơn nữa trách nhiệm của các cấp các ngành và người dân trong công tác PCCC,0,0,0,0,0
Việc truy xuất nguồn gốc thực phẩm đầu vào các bếp ăn trường học là rất quan trọng,0,0,0,0,0
Đồng Nai tổ chức họp liên ngành để xử lý 20 cá thể hổ Bengal và 1 cá thể báo đã chết,0,0,0,0,0
Đà Nẵng: Bắt hai đối tượng mua bán ma túy tinh dầu cần sa,0,0,0,0,0
Hai giờ truy nóng bắt đối tượng ném bom xăng tại 3 cơ sở giao dịch ngân hàng,0,0,0,0,0
Khởi tố bắt giam đối tượng bán ma túy dưới dạng nước vui,0,0,0,0,0
Đắk Nông phạt 8 cơ sở kinh doanh xe đạp điện,0,0,0,0,0
Kỳ 6: Nín thở đón tàu địch,0,0,0,0,0
Thót tim với cảnh người mẹ bế con bỏ chạy kịp thời trước khi tòa nhà đổ sập,0,0,0,0,0
Cảnh báo ma túy dạng nước vui tiêu thụ tại các trường học,0,0,0,0,0
Thực binh diễn tập chống khủng bố tấn công mạng; giải tán đám đông gây rối an ninh trật tự và đánh bắt khủng bố giải cứu con tin,0,0,0,0,0
Bắt đối tượng trộm nhiên liệu của phương tiện thi công cao tốc Khánh Hòa – Buôn Ma Thuột,0,0,0,0,0
Bắt nghi can hút trộm dầu giữa đêm khuya trên công trình cao tốc Khánh Hòa - Buôn Ma Thuột,0,0,0,0,0
CSGT cải trang xử lý học sinh vi phạm giao thông mời phụ huynh đến ký phạt,0,0,0,0,0
Bắt hai đối tượng mua bán ma túy dạng lỏng,0,0,0,0,0
Bắt nghi phạm ném bom xăng vào 3 ngân hàng ở Phú Yên,0,0,0,0,0
Đàn hổ chết ở Khu du lịch Vườn Xoài vẫn chờ tiêu hủy,0,0,0,0,0
Vụ hổ chết hàng loạt ở Vườn Xoài: Tiếp tục trữ đông chờ phương án xử lý,0,0,0,0,0
Trao quyết định bổ nhiệm 3 tân Giám đốc Sở,0,0,0,0,0
3 nữ Trưởng phòng được bầu giữ chức Phó Chủ tịch Ủy viên UBND thành phố,0,0,0,0,0
Thủ tướng Phạm Minh Chính sẽ dự Hội nghị Cấp cao ASEAN tại Lào,0,1,0,1,1
Hà Nội tri ân lực lượng trực tiếp tham gia giải phóng Thủ đô cách đây 70 năm,0,0,0,0,0
Tri ân 33 phụ nữ tiêu biểu tham gia kháng chiến và tiếp quản Thủ đô,0,0,0,0,0
Trao giải Cuộc thi trắc nghiệm trực tuyến Tìm hiểu về cuộc đời thân thế sự nghiệp và Di chúc Chủ tịch Hồ Chí Minh,0,0,0,0,0
Hà Nội tri ân những người trực tiếp tham gia giải phóng Thủ đô,0,0,0,0,0
Thủ tướng chủ trì làm việc với các doanh nghiệp xây dựng công trình trọng điểm,0,0,0,0,0
Kiểm soát dịch bệnh từ động vật sang người,0,1,0,0,0
Thường trực Chính phủ làm việc với doanh nghiệp tháo gỡ khó khăn thúc đẩy các công trình trọng điểm quốc gia,0,1,0,0,0
Vùng lãnh thổ Jammu và Kashmir của Ấn Độ hoàn tất bầu cử hội đồng lập pháp,0,1,1,1,0
Thủ tướng Phạm Minh Chính sẽ tham dự Hội nghị Cấp cao ASEAN lần thứ 44 45 ở Lào,0,1,0,1,1
Đại tướng Phan Văn Giang biểu dương toàn quân trong công tác ứng phó thiên tai,0,0,0,0,0
Đồng chí Nguyễn Xuân Thắng tiếp Giám đốc Quốc gia Ngân hàng Thế giới tại Việt Nam,0,0,0,0,1
Quận ủy Hoàn Kiếm giao ban với Ủy ban MTTQ các tổ chức chính trị-xã hội,0,0,0,0,0
Tiền Giang chú trọng chuyển đổi số và nâng cao năng lực số cho thanh niên,0,0,0,0,0
Triển khai công tác Tuyên giáo quý IV năm 2024,0,0,0,0,0
Khai mạc Hội nghị Quảng Ngãi gặp gỡ tiếp xúc doanh nghiệp tại TP.Hồ Chí Minh,0,0,0,0,0
Bồi dưỡng cán bộ lãnh đạo có kỹ năng làm việc trong môi trường quốc tế,0,0,0,0,0
Kiến Tường: Thực hiện đạt và vượt 7/14 chỉ tiêu Nghị quyết Thị ủy năm 2024,0,1,0,0,0
Đánh dấu giai đoạn hợp tác mới giữa Việt Nam với Pháp ngữ và CH Pháp,0,0,1,0,1
Bà con Việt kiều tại Hungary hỗ trợ đồng bào bị thiệt hại vì bão lũ,0,0,0,0,0
Bộ GD&ĐT phối hợp chặt chẽ với Bộ Tư pháp trong các hoạt động pháp chế,0,1,0,0,0
Anh Nguyễn Thành Luân tái đắc cử Chủ tịch Hội LHTN tỉnh Tiền Giang,0,0,0,0,0
Thạch Thất tổng kết 10 năm Chỉ thị 34 và phong trào Người tốt việc tốt,0,0,0,0,0
Sáng mãi truyền thống Thủ đô Anh hùng,0,1,0,0,0
Những vấn đề đáng chú ý trong các hội nghị thượng đỉnh của ASEAN,0,1,1,1,1
Thị xã Bỉm Sơn triển khai nhiệm vụ trọng tâm 3 tháng cuối năm 2024,0,0,0,0,0
Đại hội Đại biểu Hội Liên hiệp Thanh niên Việt Nam tỉnh Tiền Giang lần thứ VII thành công tốt đẹp,0,0,0,0,0
Thủ tướng Chính phủ tham dự Hội nghị Cấp cao ASEAN 44 45 và các Hội nghị Cấp cao liên quan,0,1,0,1,1
Đề cao trách nhiệm người đứng đầu trong hoạt động kiểm toán,0,0,0,0,0
Bí thư Tỉnh ủy Lâm Văn Mẫn dự Hội nghị Ban Thường vụ Thành ủy Sóc Trăng,0,0,0,0,0
Hội nghị Ban Chấp hành Đảng bộ tỉnh lần thứ hai mươi mốt,0,0,0,0,0
Hội thảo Quá khứ hiện tại và tương lai của Kinh tế và Luật ở châu Á,0,0,1,1,1
Đảng bộ Khối các cơ quan TP Hà Nội: tự hào chặng đường 70 năm phát triển,0,0,0,0,0
Mong nhiều hơn những cống hiến phát triển Thành phố Hồ Chí Minh,0,0,0,0,0
Bế mạc thông qua Nghị quyết Đại hội MTTQVN TP.HCM lần thứ XII nhiệm kỳ 2024-2029,0,0,0,0,0
Diễn tập ngày thứ 2: Thực hành diễn tập đánh địch tiến công đường không vào địa bàn,0,0,0,0,0
Tập trung trí tuệ tổ chức thành công đại hội đảng các cấp,0,0,0,0,0
Vĩnh Thuận trao Huy hiệu Đảng cho 39 đảng viên,0,0,0,0,0
Thực hiện Nghị quyết số 09-NQ/TW công tác cựu chiến binh là của cả hệ thống chính trị,0,0,0,0,0
MTTQ các huyện thành phố tập trung rà soát khẩn trương hoàn thành các chỉ tiêu nhiệm vụ được giao năm 2024,0,0,0,0,0
Đẩy mạnh nâng cao chất lượng hoạt động kiểm toán,0,0,0,0,0
Tri ân các lực lượng tham gia giải phóng Thủ đô trong thời kỳ kháng chiến chống Pháp,0,0,0,0,0
Bộ đội Biên phòng tỉnh Đắk Lắk: Nhiều thành tích cao trong Phong trào Thi đua Quyết thắng,0,0,0,0,0
Chính phủ mới của Nhật Bản hoan nghênh thông điệp chúc mừng từ Trung Quốc,0,0,1,1,0
Thạch Thất: 153 cá nhân được tặng danh hiệu Người tốt việc tốt,0,0,0,0,0
Bế mạc Đại hội đại biểu MTTQ Việt Nam TP.HCM,0,0,0,0,0
Triển khai mô hình Văn nghệ sỹ Hà Nam tích cực tham gia bảo đảm an ninh trật tự,0,0,0,0,0
Hỗ trợ nhân dân khắc phục thiệt hại cơn bão số 3 (đợt 2) số tiền trên 65 7 tỷ đồng,0,0,0,0,0
Phó Chủ tịch UBND TP Hà Nội Nguyễn Trọng Đông thăm tặng quà người có công,0,0,0,0,0
Đẩy nhanh tiến độ giải ngân vốn đầu tư phát triển năm 2024,0,0,0,0,0
Nâng cao hiệu quả thực hiện Quy chế dân chủ cơ sở trong quân đội,0,0,0,0,0
Như Thanh: Kinh tế tiếp tục tăng trưởng nhiều chỉ tiêu tăng cao so với cùng kỳ,0,0,0,0,0
Tập huấn bồi dưỡng cập nhật kiến thức kỹ năng công tác tuyên giáo năm 2024,0,0,0,0,0
Kiểm tra về xây dựng cơ sở và thực hiện dân chủ ở cơ sở tại huyện Lang Chánh,0,0,0,0,0
Thị xã Bỉm Sơn xây dựng nếp sống văn minh đô thị,0,0,0,0,0
Tăng cường hợp tác giữa cơ quan kiểm sát Hà Nội - Viêng Chăn trong tình hình mới,0,0,0,0,0
Ninh Bình: Tôn vinh 65 điển hình tiên tiến trong học tập và làm theo tư tưởng đạo đức phong cách Hồ Chí Minh,0,0,0,0,0
Tỉnh ủy Bạc Liêu triển khai nhiệm vụ trọng tâm những tháng cuối năm 2024,0,0,0,0,0
Tăng cường hoạt động hợp tác trong kiểm sát giữa Thủ đô Hà Nội - Vientiane,0,0,0,0,0
Giao ban Bộ Quốc phòng tháng 9-2024: Quân đội chủ động kịp thời ứng phó hiệu quả với các tình huống thiên tai khẩn cấp,0,0,0,0,0
Nhiều ý kiến tham gia vào nội dung đề tài nghiên cứu khoa học của Đảng ủy Khối Cơ quan – Doanh nghiệp tỉnh,0,0,0,0,0
Xăng giảm hơn 700 đồng/lít,0,1,0,0,0
Năm 2024 đủ năm đóng BHXH nhưng chưa đủ tuổi nghỉ hưu thì xử lý thế nào?,0,0,0,0,0
Đèo Prenn Đà Lạt bị sạt lở sau trận mưa lớn,0,0,0,0,0
Hà Nội: 95 7% gười bệnh hài lòng với bệnh viện công lập,0,0,0,0,0
Đồng Nai trao 4 tỷ đồng hỗ trợ tỉnh Bắc Kạn khắc phục hậu quả thiên tai,0,0,0,0,0
Ngày 3/10 giá xăng RON 95 giảm về mức 19.800 đồng/lít,0,0,0,0,0
Bão Krathon suy yếu,0,0,0,0,0
Lời giải nào cho bài toán mức sinh thấp?,0,0,0,0,0
Lãnh đạo Sở NN&PNNT Hà Nội thông tin về khắc phục hậu quả sau mưa bão,0,0,0,0,0
Nhà máy xử lý rác… sợ rác ở Quảng Ngãi,0,1,0,0,0
Mưa lớn gây sạt lở trên đèo Prenn Đà Lạt,0,0,0,0,0
Nhớ những ngày thơ ấu cả làng gọi nhau gặt lúa chạy lũ,0,1,1,1,0
32.000 tỷ đồng để mở rộng cao tốc TP.HCM- Trung Lương lên 6-8 làn xe,0,0,0,0,0
Giảm ùn tắc nâng cao văn hóa giao thông từ mô hình con đường màu xanh,0,0,0,0,0
Sở Kế hoạch và Đầu tư Tp.HCM thông tin việc đấu thầu trong trường học,0,0,0,0,0
Bàn giao 5 nhà tình nghĩa cho các gia đình khó khăn,0,0,0,0,0
Giá xăng RON95-III giảm hơn 700 đồng mỗi lít,0,0,0,0,0
Giá xăng dầu quay đầu giảm xăng RON95-III về dưới mức 20.000 đồng/lít,0,1,0,1,0
Giá xăng dầu giảm mạnh,0,1,0,0,0
Bắc Giang: Xử lý gần 3 5 nghìn trường hợp xe quá khổ quá tải,0,0,0,0,0
Cháy rừng kinh hoàng ở Hy Lạp hàng chục ngôi làng phải sơ tán,0,1,0,1,0
Dự báo thời tiết đêm 3 ngày 4/10,0,0,0,0,0
Sạt lở bờ taluy đèo Prenn ở Đà Lạt đất đá tràn xuống đường,0,0,0,0,0
Đồi cao 600m xuất hiện vết nứt dài uy hiếp 136 người cùng bản ở Sơn La,0,0,0,0,0
Giá xăng dầu đồng loạt giảm,0,0,0,0,0
Nông dân Thái Nguyên khôi phục trồng trọt chăn nuôi sau lũ,0,0,0,0,0
Hé lộ phương án đầu tư nâng cấp tuyến cao tốc TP.HCM - Trung Lương - Mỹ Thuận,0,0,0,0,0
Từ chiều nay giá xăng dầu quay đầu giảm xăng RON95 về dưới 20.000 đồng/lít,0,1,0,0,0
Giá xăng dầu quay đầu giảm RON 95-III về dưới 20.000 đồng/lít,0,1,0,0,0
Bão Krathon đổ bộ Đài Loan: Gió giật trên cấp 17 người bị ngã không thể đứng lên,0,0,0,0,1
Giá xăng giảm mạnh RON 95 về dưới 20.000 đồng/lít,0,0,0,0,0
Tìm giải pháp giảm thiệt hại do dịch bệnh trên thủy sản,0,0,0,0,0
Sau bão số 3 vẫn còn trên 3.000 người dân Hà Nội phải sơ tán do ngập lụt,0,0,0,0,0
Giá xăng giảm mạnh xăng RON95-III xuống ngưỡng 20.000 đồng/lít,0,1,0,1,1
Xăng giảm về dưới 20.000 đồng/lít,0,1,0,0,0
Đồng Nai tổ chức 4 đoàn đi thăm tặng quà hỗ trợ Nhân dân ở các tỉnh phía Bắc khắc phục thiệt hại cơn bão số 3,0,0,0,0,0
Vụ cháy xe buýt tại Thái Lan: Tăng cường các biện pháp an toàn giao thông công cộng,0,0,0,0,0
Giá xăng giảm mạnh hơn 700 đồng/1 lít từ 15 giờ hôm nay 3/10,0,0,0,0,0
Bắc Hà: Tuyên truyền giảm thiểu tình trạng tảo hôn và hôn nhân cận huyết thống,0,1,0,0,0
Khẩn trương xử lý sạt trượt trên đèo Prenn-Đà Lạt,0,0,0,0,0
Tài xế có thể bị phạt tới 30 - 40 triệu đồng trừ hết điểm GPLX nếu lái ô tô ngược chiều đi lùi trên cao tốc,0,0,0,0,0
Trao cần câu giúp thoát nghèo,0,0,0,0,0
Trâu bò nghênh ngang trên quốc lộ 15A,0,0,0,0,0
Đồng chí Nguyễn Xuân Thắng tiếp Giám đốc Quốc gia Ngân hàng Thế giới tại Việt Nam,0,0,0,0,1
TPHCM hiện có 56 doanh nghiệp 16 chi nhánh công ty thực hiện dịch vụ đưa người lao động đi làm việc ở nước ngoài,0,0,0,0,0
Vết nứt núi Mang Kà Muồng đang lan rộng gây nguy hiểm nhà dân,0,0,0,0,0
Thường trực Chính phủ làm việc với các doanh nghiệp xây dựng các công trình trọng điểm quốc gia,0,0,0,0,0
Thay đổi từ chính sách đến hành động để phát triển công trình xanh,0,0,0,0,0
Mong nhiều hơn những cống hiến phát triển Thành phố Hồ Chí Minh,0,0,0,0,0
Ninh Bình: Tôn vinh 65 tấm gương điển hình tiên tiến làm theo lời Bác,0,0,0,0,0
Khai mạc Ngày hội Nhân vật biểu tượng và Bản quyền Việt Nam – Hàn Quốc 2024 tại Bình Dương,0,1,0,0,0
Lào Cai có 52 trẻ mồ côi từ bão số 3 cần nuôi dưỡng và chăm sóc,0,0,0,0,0
Tạm giữ đối tượng giết người tại Bình Dương,0,0,0,0,0
Hà Nội truy tìm chủ đầu tư trồng cây xanh lộ bầu ni lông khi gãy đổ,0,0,0,0,0
Nhiều héc ta rừng ở Đà Lạt bị lấn chiếm để trồng hoa,0,0,0,0,0
Sát hại bà chủ quán tạp hóa vì không bán bia chịu,0,0,0,0,0
Ít nhất 60 người thiệt mạng trong vụ tai nạn lật thuyền tại Nigeria,0,0,0,0,0
Bắt giữ đối tượng ném bom xăng nhiều cơ sở giao dịch ngân hàng,0,0,0,0,0
Lại phát hiện cơ sở chế biến mỡ heo trái phép ở huyện Thống Nhất,0,0,0,0,0
Tiêu hủy hơn 1 6 tấn hổ báo chết do cúm A/H5N1 tại Khu du lịch Vườn Xoài,0,0,0,0,0
Hải Dương không để tình trạng lái xe trốn kiểm tra sức khỏe chất ma túy,0,0,0,0,0
Lào Cai: Bắt quả tang 2 đối tượng thu giữ hơn 300 viên ma túy tổng hợp,0,0,0,0,0
Quảng Bình: Quyết liệt các biện pháp phòng chống khai thác IUU,0,1,0,0,0
EVNHCMC khuyến cáo các biện pháp phòng chống cháy nổ,0,0,0,0,0
Hơn 400 công nhân được hỗ trợ kiến thức pháp luật về an ninh trật tự,0,1,0,0,0
Đà Nẵng: Bắt giữ 2 đối tượng bán tinh dầu chứa ma túy,0,1,0,0,0
Điều động Ủy viên Thường vụ Tỉnh ủy; phân công nhân sự Quyền Bí thư Phó Bí thư Chủ tịch huyện,0,0,0,0,0
Thủ tướng Phạm Minh Chính sắp dự Hội nghị cấp cao ASEAN tại Lào,0,0,0,0,0
Chủ tịch TPHCM thông tin về 2 chính sách quan trọng sắp triển khai,0,0,0,0,0
Tổng thống Hàn Quốc Yoon Suk Yeol công du ba nước Đông Nam Á,0,0,0,0,0
Cử tri đề nghị Quốc tiếp tục nâng cao công tác lập pháp giám sát tối cao,0,0,0,0,0
Đắk Nông tiếp nhận 17 8 tỷ đồng ủng hộ đồng bào phía Bắc,0,0,0,0,0
Hàn Quốc và Nhật Bản thúc đẩy cuộc gặp cấp nguyên thủ tại Lào,0,0,0,0,0
Chuyển đổi số - bước đột phá trong phát triển kinh tế - xã hội,0,0,0,0,0
Triển lãm ảnh Bác Tôn với Quân đội nhân dân Việt Nam,0,1,0,0,0
Ngoại trưởng Vương Nghị: Quan hệ Nga-Trung Quốc dựa trên niềm tin vững chắc nỗ lực mở ra những chân trời mới,0,0,0,0,0
20 tấm gương nhận Giải thưởng Thanh niên sống đẹp năm 2024,0,0,0,0,0
Huyện Đan Phượng tri ân người có công tham gia giải phóng Thủ đô,0,0,0,0,0
New Zealand mong muốn đào tạo nâng cao năng lực giảng viên cho Việt Nam,0,1,0,0,0
Thủ tướng Phạm Minh Chính sắp tham dự Hội nghị Cấp cao ASEAN tại Lào,0,0,0,0,0
Vì sao chế độ sinh hoạt của chi bộ phải nghiêm túc ?,0,0,0,0,0
Công bố Quyết định của Thủ tướng Chính phủ phê chuẩn kết quả bầu đồng chí Hồ Văn Mừng giữ chức Chủ tịch UBND tỉnh An Giang nhiệm kỳ 2021-2026,0,0,0,0,0
Petrovietnam công bố quyết định bổ nhiệm Trưởng Ban Quản lý Hợp đồng dầu khí,0,1,0,1,0
3 huyện Cẩm Mỹ Nhơn Trạch và Vĩnh Cửu có bí thư Huyện ủy mới,0,0,0,0,0
Bà Nguyễn Thị Loan được bổ nhiệm Phó Trưởng Ban Dân vận Tỉnh ủy,0,0,0,0,0
Trường Sĩ quan Thông tin kết hợp làm tốt công tác dân vận trong diễn tập,0,0,0,0,0
Bộ đội Biên phòng tỉnh Đắk Lắk tổng kết phong trào thi đua Quyết thắng năm 2024,0,0,0,0,0
Bộ đội Biên phòng tỉnh Đắk Lắk tổng kết phong trào thi đua Quyết thắng,0,0,0,0,0
Tháo gỡ vướng mắc thúc đẩy triển khai các công trình trọng điểm quốc gia,0,0,0,0,0
Nâng cao kỹ năng đưa tin về bảo vệ trẻ em trên môi trường mạng,0,0,0,0,0
Hiệp hội phát triển kinh tế Nhật Bản – Việt Nam làm việc tại Lào Cai,0,1,0,0,0
Tổng Giám đốc TTXVN Vũ Việt Trang tiếp Đại sứ Cộng hòa Azerbaijan,0,1,1,0,1
Huyện ủy Bù Đăng đối thoại trực tiếp với nhân dân,0,0,0,0,0
Thủ tướng Phạm Minh Chính sẽ tham dự Hội nghị Cấp cao ASEAN ở Lào,0,0,0,0,0
Chơn Thành: Phát triển đảng viên đạt 90 4%,0,0,0,0,0
Hà Nội tri ân người có công các lực lượng trực tiếp tham gia giải phóng Thủ đô,0,0,0,0,0
Thủ tướng Chính phủ tham dự Hội nghị Cấp cao ASEAN 44 45 và các Hội nghị Cấp cao liên quan,0,0,0,1,1
Tiếp tục ghi nhận tâm tư nguyện vọng kiến nghị của cử tri tỉnh An Giang,0,0,0,0,0
BĐBP Long An tổng kết xây dựng đơn vị điểm về xây dựng chính quy quản lý kỷ luật năm 2024,0,0,0,0,0
Tổng Bí thư Chủ tịch nước Tô Lâm gặp mặt doanh nghiệp Ireland,0,0,0,0,0
Ba Bể rút kinh nghiệm diễn tập khu vực phòng thủ huyện năm 2024,0,0,0,0,0
Khẩn trương tìm kiếm cứu nạn hỗ trợ nhân dân trên địa bàn cầu Phong Châu và Làng Nủ,0,0,0,0,0
Khối thi đua số 2 Bộ CHQS tỉnh Yên Bái tổng kết phong trào thi đua Quyết thắng năm 2024,0,0,0,0,0
Quảng Ngãi sẵn sàng cho sự kiện gặp gỡ tiếp xúc doanh nghiệp tại Thành phố Hồ Chí Minh,0,0,0,0,0
Giới kinh tế Nhật Bản bày tỏ sự ủng hộ đối với tân thủ tướng,0,1,1,1,1
Thường trực Tỉnh ủy quán triệt nhiệm vụ quyết nghị chủ trương chuẩn bị tác chiến phòng thủ,0,0,0,0,0
Thường trực Chính phủ làm việc với doanh nghiệp tháo gỡ khó khăn thúc đẩy các công trình trọng điểm quốc gia,0,0,0,0,0
Thọ Xuân: Đánh giá kết quả thực hiện nhiệm vụ 9 tháng triển khai nhiệm vụ 3 tháng cuối năm 2024,0,0,0,0,0
Hội nghị lần thứ 22 Ban Chấp hành Đảng bộ huyện Vĩnh Lộc khóa XXVI,0,0,0,0,0
Hà Nội truy trách nhiệm về cây xanh trồng mà còn nguyên bầu,0,0,0,0,0
Dự báo thời tiết ngày mai (4/10): Nhiều nơi ngày nắng; Bắc Bộ sáng sớm trời lạnh có sương mù vùng núi trời rét; phía Nam chiều tối mưa vừa mưa to,0,0,0,0,0
Hình ảnh tuyến đường Âu Cơ - Nghi Tàm mở rộng trước ngày khánh thành,0,0,0,0,0
Tổng công ty Thăng Long hoàn thành công việc tại dự án hầm chui hơn 800 tỷ đồng,0,0,0,0,0
Hệ thống quan trắc khí tượng tự động mặt đất phủ khắp Trung Quốc,0,0,0,0,0
Khắc phục chấn thương tâm lý sau thiên tai: Cần dựa vào cộng đồng,0,1,0,0,0
Chia khó với Nhân dân vùng lũ,0,0,0,0,0
Tai nạn giao thông mới nhất 3/10/2024: người phụ nữ tử vong trên cầu giữa đêm,0,0,0,0,0
Biển Đông sắp đón 2 cơn bão?,0,1,0,0,0
Phát động thi đua 525 ngày đêm thông tuyến cao tốc Đồng Đăng – Trà Lĩnh,0,0,0,0,0
Hỗ trợ dinh dưỡng trị giá 1 tỷ đồng tới trẻ em bị ảnh hưởng bão lũ tại miền Bắc,0,0,0,0,0
Tiêm phòng vaccine không thuộc phạm vi thanh toán của bảo hiểm y tế,0,0,0,0,0
Dự báo thời tiết Hà Nội ngày 4/10/2024: trời se lạnh không mưa,0,0,0,0,0
Lâm Đồng: sạt lở trên đèo Prenn,0,0,0,0,0
Hà Nội hỗ trợ các đối tượng tham gia bảo hiểm xã hội mức cao,0,0,0,0,0
Nam Định: Khốn khổ đường vào thôn gần 500 hộ dân,0,0,0,0,0
Hà Tĩnh: nhiều con bò chết bất thường nghi do bị sét đánh,0,1,0,0,0
Nâng cao cảnh giác trước diễn biến thiên tai phức tạp,0,0,0,0,0
Brazil: Hạn hán cực đoan cô lập các cộng đồng ven sông Amazon,0,1,1,1,1
Chi 32.200 tỉ đồng để mở rộng cao tốc TP. Hồ Chí Minh - Trung Lương - Mỹ Thuận,0,0,0,0,0
Hà Nội cấm nhiều tuyến đường phục vụ Ngày hội Văn hóa vì hòa bình,0,0,0,0,0
Giá xăng tiếp tục giảm về dưới 20.000 đồng/lít,0,1,0,0,0
Cục Quản lý khám chữa bệnh tập huấn kỹ năng cấp cứu tai nạn giao thông tại Đồng Nai,0,0,0,0,0
Cảnh báo nguy cơ cháy rừng ở cấp cao,0,0,0,0,0
Bão Krathon gây thiệt hại nặng ở Đài Loan,0,0,0,0,0
Triển khai Dự án 5 - Hỗ trợ nhà ở cho hộ nghèo hộ cận nghèo thuộc chương trình giảm nghèo bền vững,0,0,0,0,0
Phát động thi đua 525 ngày đêm thông tuyến Dự án cao tốc Đồng Đăng - Trà Lĩnh,0,0,0,0,0
Hà Nội thống kê thiệt hại và khắc phục bão số 3,0,0,0,0,0
Lào Cai có 50 trẻ mồ côi sau hoàn lưu bão số 3 cần được hỗ trợ,0,0,0,0,0
Lào Cai có 52 trẻ mồ côi từ bão số 3 cần nuôi dưỡng và chăm sóc,0,0,0,0,0
Mưa lớn đường đèo Prenn Đà Lạt sạt lở nghiêm trọng,0,0,0,0,0
Quảng Xương: Ghi nhận những ngày đầu thực hiện cao điểm đảm bảo an toàn giao thông cho lứa tuổi học sinh,0,0,0,0,0
Ngày mai thông xe một nhánh hầm chui Nguyễn Văn Linh - Nguyễn Hữu Thọ người dân đi lại ra sao?,0,0,0,0,0
Giá xăng giảm hơn 700 đồng/lít từ chiều nay,0,1,0,0,0
Từ 15/11 phân loại các đơn vị sự nghiệp công lập thuộc ngành lĩnh vực y tế theo 3 tiêu chí,0,0,0,0,0
Thủ tướng Phạm Minh Chính dự Hội nghị Cấp cao ASEAN lần thứ 44 45,0,1,0,0,0
Thủ tướng Phạm Minh Chính chủ trì Lễ đón chính thức Thủ tướng Trung Quốc Lý Cường,0,0,0,0,0
Hội Cựu chiến binh và Hội Cựu công an nhân dân quận 8 hợp tác bảo vệ an ninh trật tự trên địa bàn,0,0,0,0,0
Tổng Bí thư Chủ tịch nước Tô Lâm tiếp Thủ tướng Trung Quốc Lý Cường,0,1,0,0,1
Thủ tướng Quốc vụ viện nước Cộng hòa Nhân dân Trung Hoa Lý Cường bắt đầu thăm chính thức Việt Nam,0,0,0,0,0
ASEAN khẳng định vị thế trung tâm trong cấu trúc Ấn Độ Dương - Thái Bình Dương,0,0,0,0,0
Thủ tướng Phạm Minh Chính kết thúc tốt đẹp chuyến công tác tham dự Hội nghị Cấp cao ASEAN tại Lào,0,0,0,0,0
Thường trực Ban Bí thư Lương Cường hội kiến Tổng Bí thư Chủ tịch nước Trung Quốc Tập Cận Bình,0,0,0,0,0
Cán bộ đảng viên tích cực nêu gương trong học và làm theo Bác,0,0,0,0,0
Giao lưu các gương điển hình tiêu biểu trong học tập và làm theo Bác Hồ,0,1,0,0,0
Nỗ lực toàn diện để hoàn thành các chỉ tiêu tạo động lực mới và khí thế trước Đại hội Đảng bộ quận 6,0,0,0,0,0
Bộ Chính trị thi hành kỷ luật nhiều tổ chức đảng và cá nhân liên quan,0,0,0,0,0
Quan tâm hơn nữa công tác quy hoạch bố trí cán bộ nữ,0,0,0,0,0
Sớm hoàn thành các dự án công trình trọng điểm ở huyện Hóc Môn,0,0,0,0,0
Tọa đàm Giải pháp thu hồi tài sản tham nhũng trên địa bàn TPHCM,0,0,0,0,0
Kết nối hợp tác vì thịnh vượng của ASEAN,0,0,0,0,0
Đẩy mạnh giải ngân vốn đầu tư công những tháng cuối năm,0,0,0,0,0
Chuẩn bị Đại hội Đảng bộ Lực lượng TNXP nhiệm kỳ 2025-2030 đạt kết quả tốt nhất,0,0,0,0,0
Huyện Củ Chi giải ngân vốn đầu tư công đạt 61% trong 9 tháng năm 2024,0,0,0,0,0
Mít tinh trọng thể kỷ niệm 70 năm Ngày Giải phóng Thủ đô,0,0,0,0,0
Thi đua Dân vận khéo gắn với chăm lo đời sống vật chất tinh thần người dân,0,0,0,0,0
Lãnh đạo Đảng Nhà nước vào Lăng viếng Chủ tịch Hồ Chí Minh nhân kỷ niệm 70 năm Ngày Giải phóng Thủ đô,0,0,0,0,0
TPHCM nghiêm cấm cán bộ đi nước ngoài do các doanh nghiệp tổ chức và đài thọ,0,0,0,0,0
Quận 4 có tân Chủ nhiệm Ủy ban Kiểm tra Quận ủy,0,0,0,0,0
An Giang: Cảnh cáo khiển trách nhiều tổ chức Đảng đảng viên,0,0,0,0,0
Bí thư Thành ủy TPHCM Nguyễn Văn Nên: 84 cán bộ được quy hoạch Thành ủy viên là lực lượng kế thừa,0,0,0,0,0
Làm tốt công tác chuẩn bị nhân sự Đại hội Đảng bộ quận Phú Nhuận,0,1,0,0,0
Bí thư Quận ủy quận 1 yêu cầu không làm việc theo kiểu đầu voi đuôi chuột,0,0,0,0,0
TPHCM tiếp tục quan tâm chăm lo chu đáo người có công,0,0,0,0,0
Lấy người dân làm chủ thể để triển khai các mục tiêu phục vụ,0,0,0,0,0
Chủ tịch UBND TPHCM Phan Văn Mãi đề nghị tập trung cao độ giải ngân vốn đầu tư công,0,0,0,0,0
Bộ trưởng Bộ Công an: Chuyển đổi số ngành công an phải thực chất,0,1,0,0,0
Quận 3 làm ứng dụng giúp người dân đặt lịch hẹn với lãnh đạo,0,0,0,0,0
Quận 1: Trang bị thẻ xác minh thông tin từ căn cước tại cơ sở kinh doanh có điều kiện,0,0,0,0,0
Phó Bí thư Thành ủy TPHCM Nguyễn Phước Lộc trao quyết định cán bộ tại quận 6,0,0,0,0,0
Đắk Lắk có tân Phó Bí thư Tỉnh ủy,0,0,0,0,0
Giám đốc Sở Nội vụ Gia Lai bị kỷ luật khiển trách,0,0,0,0,0
Lâm Đồng bổ nhiệm điều động nhiều cán bộ,0,0,0,0,0
Mãn nhãn màn trình diễn võ thuật bắn súng hội thi ngành công an,0,0,0,0,0
Ra mắt 362 Tổ an ninh trật tự cơ sở ở các xã - thị trấn tại huyện Hóc Môn,0,0,0,0,0
Cảnh sát biển Việt Nam và Indonesia luyện tập chung công tác cứu hộ cứu nạn,0,0,0,0,0
Những nữ ứng viên gốc Việt tranh cử ở Brussels,0,1,1,0,0
10 năm thành lập Trường Đại học Việt Nhật,0,1,0,1,1
Chập điện gây cháy nhà 3 người thoát chết ở quận 6,0,0,0,0,0
An Giang: Cháy 2 căn nhà 1 người tử vong,0,0,0,0,0
Miền Bắc sắp có mưa ô nhiễm không khí còn tiếp diễn,0,1,0,0,1
Thót tim màn xử lý tình huống giả định nhóm đối tượng tổ chức cướp ngân hàng,0,0,0,0,0
Đi bộ ngày doanh nhân gây quỹ gần 3 1 tỷ đồng,0,0,0,0,0
Gỡ vướng chính sách tạo động lực phát triển,0,1,1,1,1
Biển người theo dõi kỵ binh nhạc kèn diễu hành trên đường phố Đà Lạt,0,0,0,0,0
Nhiều quy định mới về cấp giấy chứng nhận lần đầu,0,1,0,0,0
Vào rừng sâu giải cứu sơn dương dính bẫy,0,0,0,0,0
Hơn 300 phụ nữ đi bộ góp kinh phí chăm lo trẻ mồ côi phụ nữ khó khăn,0,1,0,0,0
4 tập thể và 11 cá nhân nhận Giải thưởng Phụ nữ Việt Nam năm 2024,0,0,0,0,0
Xúc động học sinh miền núi òa khóc khi biết thầy giáo chuyển trường,0,0,0,0,0
Tân cảng Sài Gòn quyên góp 7 tỷ đồng Quỹ phụng dưỡng suốt đời Mẹ Việt Nam anh hùng thân nhân liệt sĩ và vì Trường Sa thân yêu,0,0,0,0,0
4 người dân giúp công an bắt tội phạm ở quận 1,0,0,0,0,0
TPHCM phấn đấu xóa 100% nhà tạm nhà dột nát cho hộ nghèo hộ cận nghèo,0,1,0,0,0
Hà Tĩnh: Nhếch nhác bùn than trên Quốc lộ 12C,0,0,0,0,0
Doanh nhân dâng hương tưởng niệm cố Thủ tướng Phan Văn Khải,0,0,0,0,0
Thủ tướng yêu cầu sớm đưa 5G vào thương mại tại một số thành phố lớn,0,0,0,0,0
Chính phủ phê duyệt Đề án truyền thông phòng chống tác hại của rượu bia đến năm 2030,0,0,0,0,0
Ngư dân trúng luồng tép biển gần bờ,0,0,0,0,1
Thời tiết ngày 12-10: Bắc bộ nắng hanh Nam Tây Nguyên và Nam bộ mưa lớn,0,0,0,0,0
Chương trình hợp tác TPHCM - các tỉnh vùng duyên hải Trung bộ: Khởi đầu đầy hứa hẹn,0,0,0,0,0
Siết quản lý kinh doanh phòng gym,0,1,1,1,0
Các địa phương đồng hành cùng Chính phủ hoàn thành mục tiêu giải ngân 95% vốn đầu tư công,0,0,0,0,0
Chủ tịch HĐND TPHCM Nguyễn Thị Lệ: Làm rõ trách nhiệm để xảy ra vi phạm trật tự xây dựng,0,0,0,0,0
Hơn 2.114 tỷ đồng ủng hộ đồng bào miền Bắc khắc phục hậu quả bão số 3,0,0,0,0,0
Chỗ đứng trái cây Việt,0,0,0,0,0
Tạo đột phá trong chuyển đổi số,0,1,0,0,0
Để ngành mía đường ĐBSCL thôi thoi thóp,0,1,0,0,0
Không sợ ra gió,0,0,0,1,1
Phạt nặng mới chừa,0,1,1,1,1
Thấy được là tin,0,0,1,0,1
Động lực đổi thay,0,1,1,1,1
Lòng tin hai chiều,0,1,1,1,1
Vĩnh biệt cánh chim báo hiệu vật lý hạt thế giới,0,1,1,0,0
Nguyên Giám đốc Sở TT-TT TPHCM Lê Thái Hỷ từ trần,0,0,0,0,0
TPHCM huy động nguồn vốn đầu tư các tuyến metro,0,0,0,0,0
Nhiều phiền toái từ cho thuê căn hộ chung cư ngắn ngày,0,0,0,0,0
Hà Nội là thành phố ô nhiễm không khí nhất thế giới,0,1,0,0,1
Tiếp tục di dời trường đại học bệnh viện ra khỏi trung tâm Thủ đô Hà Nội,0,0,0,0,0
Các quận trung tâm TPHCM: Hạn mức đất ở không quá 160m²/hộ gia đình cá nhân,0,0,0,0,0
Nền kinh tế Việt Nam có thể đạt giá trị 2.000 tỷ USD vào năm 2050,0,1,0,0,0
Cùng Vietjet tận hưởng đại tiệc vé bay chỉ từ 0 đồng!,0,0,0,0,0
Quảng Bình: Đường mới thảm nhựa đã nứt chằng chịt,0,0,0,0,0
Hàng không Việt Nam cần chi ít nhất 5 6 triệu USD mua tín chỉ carbon,0,0,0,0,0
Khánh Hòa: Người dân sống trong ô nhiễm dưới nút giao Ngọc Hội,0,0,0,0,0
Khi Gen Z và Alpha ưu tiên lựa chọn tiêu dùng xanh,0,0,0,0,0
Trao quyền cho thế hệ trẻ vì một tương lai an toàn trước thiên tai,0,0,0,0,0
Tìm giải pháp xử lý rác thải ở vùng biển đảo,0,0,0,0,0
Nhiều hoạt động thiết thực ở Công ty VWS trong ngày 9 và 10-10-2024,0,0,0,0,0
[Ảnh] Tổng Bí thư Chủ tịch nước Tô Lâm tiếp Thủ tướng Trung Quốc Lý Cường,0,1,0,1,1
Thủ tướng Quốc vụ viện nước Cộng hòa Nhân dân Trung Hoa Lý Cường thăm Việt Nam,0,0,0,1,0
[ Ảnh] Thủ tướng Phạm Minh Chính dự sự kiện Chào mừng Ngày Chuyển đổi số quốc gia năm 2024,0,0,0,0,0
Bộ Chính trị thi hành kỷ luật một số ban thường vụ tỉnh ủy và đảng viên,0,0,0,0,0
Phu nhân Tổng Bí thư Chủ tịch nước Tô Lâm gặp mặt Ban Chấp hành Nhóm Phụ nữ Cộng đồng ASEAN,0,0,0,0,0
Bế giảng Lớp bồi dưỡng cán bộ quy hoạch Ủy viên Trung ương khóa XIV,0,0,0,0,0
Khánh thành Sở Chỉ huy Bộ Tư lệnh 86,0,0,0,0,0
[Ảnh] Tổng Bí thư Chủ tịch nước Tô Lâm dự Lễ khai giảng năm học mới tại Học viện Nông nghiệp Việt Nam,0,0,0,0,0
Học viện Nông nghiệp Việt Nam phấn đấu là cơ sở giáo dục đại học có uy tín cao trong khu vực và thế giới,0,0,0,0,0
Quyết tâm thực hiện chuyển đổi số toàn diện sâu rộng thực chất và hiệu quả,0,0,0,0,0
Thủ tướng Trung Quốc Lý Cường thăm chính thức Việt Nam,0,0,1,1,1
Tự tin trước một thế giới đầy biến động,0,0,0,0,0
Phát huy xu thế tích cực của quan hệ Việt Nam-Trung Quốc,0,0,0,0,0
Nhân rộng thêm nhiều mô hình điển hình tiêu biểu tạo thành phong trào thi đua sôi nổi sâu rộng,0,0,0,0,0
Ban Dân vận Trung ương làm việc với Tỉnh ủy Vĩnh Phúc,0,0,0,0,0
Phó Thủ tướng Thường trực Chính phủ Nguyễn Hòa Bình: Các địa phương cần tập trung tháo gỡ khó khăn đẩy mạnh giải ngân vốn đầu tư công,0,0,0,0,0
Sôi nổi Hội thi Dân vận khéo tỉnh Hà Nam năm 2024,0,0,0,0,0
Thủ tướng Phạm Minh Chính hội kiến Thường trực Ban Bí thư Phó Chủ tịch nước Lào Bounthong Chitmany,0,0,0,0,0
Đưa quan hệ Việt Nam-Trung Quốc ngày càng thực chất hiệu quả hơn,0,0,0,0,0
Thúc đẩy chủ nghĩa đa phương chung tay xử lý các vấn đề toàn cầu cùng xây dựng tương lai phát triển tự cường bao trùm và bền vững,0,0,0,0,0
Thủ tướng Phạm Minh Chính nêu 3 đề xuất tăng cường hợp tác Cộng đồng châu Á phát thải ròng bằng 0,0,0,0,0,0
Tổng Bí thư Chủ tịch nước Tô Lâm gặp mặt Đoàn đại biểu doanh nhân tiêu biểu,0,0,0,0,0
Công bố các Nghị quyết của Ủy ban Thường vụ Quốc hội khóa XV,0,0,0,1,1
Phát động Giải Báo chí Thành phố Hồ Chí Minh về công tác phòng chống tham nhũng tiêu cực năm 2024,0,0,0,0,0
Tập trung tuyên truyền các chủ đề lớn trọng tâm tiến tới Đại hội lần thứ 14 của Đảng,0,0,0,0,0
Hội thảo khoa học 75 năm tác phẩm Dân vận của Chủ tịch Hồ Chí Minh,0,0,0,0,0
Khẳng định hiệu quả của Chiến lược Kinh tế Đông Nam Á 2040 của Australia,0,0,0,0,0
Việt Nam coi trọng và ủng hộ vai trò trung tâm của Liên hợp quốc trong quản trị toàn cầu,0,0,0,0,0
[Ảnh] Tổng Bí thư Chủ tịch nước Tô Lâm gặp mặt các doanh nhân tiêu biểu,0,1,0,1,0
Đồng Nai nâng tầm chất lượng sứ mệnh cán bộ,0,0,0,0,0
Cao Bằng: 4/18 chỉ tiêu nhiệm vụ năm 2024 khó hoàn thành theo kế hoạch,0,0,0,0,0
Nhiều đề xuất nhằm thu hồi tài sản tham nhũng,0,0,0,0,0
Ý nghĩa chuyến thăm Việt Nam lần đầu tiên của Thủ tướng Trung Quốc Lý Cường,0,0,1,1,0
Việt Nam và Trung Quốc đẩy mạnh hợp tác sâu rộng thực chất,0,0,0,0,0
Việt Nam và Indonesia phấn đấu đưa kim ngạch thương mại sớm đạt 18 tỷ USD,0,0,0,0,0
Cộng đồng doanh nghiệp Quảng Ngãi đóng góp lớn vào nguồn thu ngân sách,0,0,0,0,0
TÃI LIá»U THAM KHáº¢O,0,0,1,1,1
Đại học Giao thông vận tải Thành phố Hồ Chí Minh thành lập Viện Đường sắt tốc độ cao,0,0,0,0,0
Nhiều phần việc ấn tượng của thanh niên Cà Mau,0,0,0,0,0
Du lịch Lào Cai hồi phục sau bão số 3,0,0,0,0,0
Tăng cường đấu tranh với các thông tin quan điểm sai trái trên lĩnh vực văn học nghệ thuật,0,0,0,0,0
Khẳng định vị thế uy tín quốc tế ngày càng cao của Việt Nam,0,0,0,0,0
Chủ động tích cực đóng góp thúc đẩy ASEAN gắn kết và tự cường,0,0,0,0,0
Công an Nghệ An triệt xóa ổ nhóm cho vay lãi nặng trên cả nước với lãi suất lên đến 365%/năm,0,1,0,0,0
Bị lừa mất 400 triệu đồng khi vay tiền online,0,1,0,0,0
Hàn xì gây cháy tại quán bar Lamboghini Đà Nẵng,0,0,0,0,0
Bộ đội Biên phòng Gia Lai triệt phá đường dây mua bán ma túy,0,0,0,0,0
Kiên Giang: Khởi tố Viện trưởng Viện Kiểm sát nhân dân huyện An Biên,0,1,0,0,1
Triệt xóa đường dây ma túy Hà Nội-Thanh Hóa,0,0,0,0,0
Sơn La: Bắt 3 đối tượng thu giữ 6 bánh heroin,0,0,0,0,0
Khởi tố bắt tạm giam một phụ nữ lừa đảo chiếm đoạt hơn 5 tỷ đồng,0,0,0,0,0
Triệu tập nhiều trường hợp thông tin sai sự thật về Đại hội khỏe Vì an ninh Tổ quốc tại Đà Lạt,0,1,0,0,0
Cảnh giác với những cuộc điện thoại từ nhân viên giao hàng giả mạo,0,0,0,0,0
Truy tố đối tượng giả điên để trốn tránh công tác điều tra của cơ quan chức năng,0,1,0,0,0
Công an tỉnh Bạc Liêu khởi tố nhóm đối tượng mua bán người dưới 16 tuổi ra nước ngoài,0,0,0,0,0
Lâm Đồng xử phạt trường hợp đăng tin sai sự thật trên mạng xã hội,0,0,0,0,0
Bắt tạm giam 5 đối tượng có hành vi Bắt giữ người trái pháp luật tại cơ sở massage Hoa Kiều,0,0,0,0,0
Liên tục phát hiện trường hợp mạo danh cán bộ y tế tại Lâm Đồng,0,0,0,0,0
Sơn La khởi tố giám đốc làm giả con dấu tài liệu của cơ quan tổ chức,0,0,0,1,0
Một cán bộ ngân hàng ở huyện Gò Công Tây gây tai nạn chết người,0,0,0,0,0
Liên tiếp xuất hiện văn bản giả mạo Sở Y tế tỉnh Đắk Lắk để lừa đảo chiếm đoạt tài sản,0,1,0,1,0
Bạc Liêu trả lời nhiều vấn đề nóng được quan tâm,0,1,0,0,0
Tây Ninh khen thưởng ban chuyên án bắt giữ 30kg ma túy,0,0,0,0,0
Triệt phá ổ nhóm tổ chức đánh bạc qua livestream,0,1,0,0,0
Nữ sinh dùng dao tấn công làm bạn trọng thương,0,0,0,0,0
Quảng Nam khởi tố vụ án hình sự xâm nhập trái phép vào mạng máy tính,0,0,0,0,0
Quảng Ninh khởi tố 7 bị can thuộc Trung tâm quan trắc tài nguyên và môi trường,0,0,0,0,0
TP Hồ Chí Minh xử lý hàng giả hàng không rõ nguồn gốc rao bán trên mạng xã hội,0,0,0,0,0
Xây dựng hệ thống pháp luật đồng bộ thống nhất ổn định,0,0,0,0,0
Tuyên phạt 15 bị cáo trong vụ án đưa và nhận hối lộ tại Trung tâm Đăng kiểm 60-04D,0,0,0,0,0
Biểu dương vụ bắt 3 bánh heroin và 1.800 viên hồng phiến,0,0,0,0,0
Bắt đối tượng vận chuyển 4 bánh heroin tại Vĩnh Phúc,0,1,0,0,0
Tăng cường phối hợp thi hành án dân sự,0,0,0,0,0
Bắt giam Tổng Giám đốc Công ty cổ phần đầu tư AVS Đắk Lắk,0,0,0,0,0
Bắt giữ 3 đối tượng chế tạo và mua bán súng tự chế,0,1,0,0,0
Xử phạt vi phạm hành chính trong lĩnh vực đất đai,0,0,0,0,0
Công an Kiên Giang bắt đối tượng giết người cướp tài sản ở tỉnh Bến Tre chạy sang,0,0,0,0,0
Yên Bái truy bắt hai đối tượng chém trưởng công an xã,0,0,0,0,0
Khởi tố bố ruột và người tình hành hạ bé trai 6 tuổi,0,0,0,0,0
Xóa đường dây làm giả giấy tờ quy mô lớn tại Bình Dương,0,0,0,0,0
Cần cơ chế đặc thù xử lý tài sản đại án?,0,1,0,1,1
Mạnh tay xử lý dứt điểm xe ôm ma,0,1,0,0,0
Cách tính tiền sử dụng đất khi chuyển mục đích,0,0,0,0,0
Giải mã đầu lân: Lương y làm... đầu lân,0,0,1,0,1
An Giang: Cháy nhà 1 người tử vong,0,0,0,0,0
Cháy nhà dân ở Q.6 trong đêm khuya cả khu dân cư nháo nhào,0,0,0,0,0
Độc lạ vùng giáp ranh Bình Dương - Đồng Nai: Nơi nước sông có 2 màu khác biệt,0,0,0,0,0
Nghiên cứu phát triển nền nông nghiệp thông minh tăng sức cạnh tranh cho nông sản Việt,0,0,0,0,0
Vẫn còn nhiều vướng mắc trong đấu thầu thuốc thiết bị y tế,0,0,0,0,0
Đưa quan hệ hai Đảng hai nước Việt - Trung ngày càng phát triển,0,0,0,0,0
Xây dựng doanh nghiệp công nghệ số VN cạnh tranh toàn cầu,0,0,0,0,0
Sống phập phồng dưới chân núi sạt lở,0,0,0,0,0
Đi làm ngoại ngữ giỏi có phải là tất cả?,0,0,0,0,0
Xóm nghề đồng hương tại TP.HCM: Xóm vé số xứ Nẫu giữa trung tâm Q.1 phồn hoa,0,1,1,1,0
Việt Nam và Trung Quốc cần đoàn kết hợp tác chặt chẽ để cùng nhau phát triển,0,0,0,0,0
Ngăn vụ nhảy cầu Thuận Phước,0,0,0,0,0
Tổng Bí thư Chủ tịch nước Tô Lâm hội kiến Thủ tướng Trung Quốc Lý Cường,0,0,0,0,0
Triệu tập 5 người đăng tin xuyên tạc sai sự thật về đoàn mô tô,0,0,0,0,0
Đề nghị truy tố nhân viên tham ô 600 triệu đồng của công ty dược,0,0,0,0,0
Thủ tướng Trung Quốc Lý Cường bắt đầu chuyến thăm chính thức Việt Nam,0,0,0,0,0
Tây Ninh: Bắt giữ 2 người bị truy nã khi đang làm thủ tục xuất nhập cảnh,0,0,0,0,0
Quảng Bình: Nổ mìn phá khối đá trăm tấn trên quả núi bị nứt ở Phong Nha,0,0,0,0,0
Điều tra vụ xuyên tạc về đoàn mô tô cảnh sát so với vụ Ngọc Trinh,0,0,0,0,0
Đậu sát hạch vẫn phải thuê tài xế vì bị chậm cấp giấy phép lái xe,0,0,0,0,0
Xóm nghề đồng hương tại TP.HCM: Gánh hàng rong ở xóm 77,0,0,1,1,0
Bị tai nạn trên đường đi làm được hưởng chế độ gì theo luật mới?,0,0,0,0,0
Ngoài giấy phép lái xe bắt buộc phải mang theo giấy tờ gì theo luật mới?,0,0,0,0,0
Thủ tục ly hôn đơn phương khi đi làm ăn xa,0,0,0,0,0
Gian nan ở trọ: Chủ trọ sẻ chia với người thuê,0,0,0,0,0
Tổng thư ký Liên Hiệp Quốc gọi Việt Nam là ngôi sao ASEAN,0,0,0,0,0
Ngoại trưởng Blinken: Mỹ sẽ tiếp tục hợp tác hỗ trợ ASEAN,0,0,0,0,0
Kỷ luật khiển trách Giám đốc Sở Nội vụ tỉnh Gia Lai,0,1,0,0,0
Tổng Bí thư Chủ tịch nước Tô Lâm: Tăng sức mạnh cạnh tranh cho nông sản Việt,0,0,0,0,0
Thủ tướng: Chúng ta đi sau về chuyển đổi số phải bắt kịp tiến cùng vượt lên,0,0,0,0,0
Thủ tướng và thông điệp tầm nhìn mới động lực mới cho ASEAN,0,0,0,0,0
Thường trực Ban Bí thư Lương Cường hội kiến Tổng Bí thư Chủ tịch nước Tập Cận Bình,0,0,0,0,0
Cam kết từ các đối tác lớn với Việt Nam,0,0,0,0,0
Doanh nhân trong kỷ nguyên mới của dân tộc,0,0,0,0,0
Doanh nhân sẽ đóng vai trò quan trọng trong kỷ nguyên vươn mình của dân tộc,0,0,0,0,0
Liên Hiệp Quốc muốn đẩy mạnh hợp tác với ASEAN,0,0,0,0,0
TP.HCM điều động ông Nguyễn Anh Thi đến Viện Nghiên cứu phát triển,0,0,0,0,0
Đại tá Nguyễn Thanh Liêm làm Giám đốc Công an tỉnh Quảng Bình,0,1,0,0,0
Thủ tướng đề nghị Nhật cung cấp ODA làm đường sắt tốc độ cao,0,0,0,0,0
Bà Huỳnh Thị Chiến Hòa giữ chức Phó bí thư Tỉnh ủy Đắk Lắk,0,0,0,0,0
Chánh thanh tra TP.HCM đề xuất hình sự hóa hành vi làm giàu bất chính,0,1,0,0,0
Bộ trưởng Ngoại giao Nga: Việt Nam là đối tác ưu tiên trong khu vực,0,0,0,0,0
Ấn Độ đặt ASEAN ở vị trí trung tâm trong chính sách hướng Đông,0,0,0,0,0
Chủ tịch EU: Sẽ xem xét gỡ thẻ vàng IUU cho Việt Nam,0,0,0,0,0
ASEAN+ mở ra các chân trời hợp tác mới,0,0,0,0,0
Xây dựng thủ đô góp phần đưa đất nước tiến vào kỷ nguyên mới,0,0,0,0,0
Tân Thủ tướng Nhật Bản lần đầu công du tham dự hội nghị ASEAN,0,0,0,0,0
2 vợ chồng bị hành hung tại nhà nghi do làm thơ đăng mạng xã hội,0,0,0,0,0
Cháy nhà ở phía sau Miếu Bà Chúa Xứ 1 người đàn ông tử vong,0,0,0,0,0
Cháy nhà 1 trệt 3 lầu ở TP.HCM nhiều người kịp chạy thoát,0,0,0,0,0
Diễn tập phương án khống chế nhóm cướp ngân hàng giải cứu 12 con tin,0,0,0,0,0
Nga: Trạm xăng phát nổ kinh hoàng khiến nhiều người thương vong,0,0,0,0,0
Chập điện gây cháy nhà 3 người thoát chết ở quận 6,0,0,0,0,0
An Giang: Cháy 2 căn nhà 1 người tử vong,0,0,0,0,0
Diễn tập phương án xử lý tình huống đối tượng cướp tài sản ngân hàng,0,0,0,0,0
An Giang: Làm rõ nguyên nhân vụ cháy 2 căn nhà cạnh miếu Bà Chúa Xứ núi Sam,0,0,0,0,0
Cháy 2 nhà sau miếu Bà Chúa Xứ ở An Giang khiến một người tử vong,0,0,0,0,0
Nổ trạm xăng tại Cộng hòa Chechnya thuộc Nga khiến 4 người thiệt mạng,0,0,0,0,0
Cháy nhà ở An Giang một người tử vong,0,0,0,0,0
An Giang: Cháy nhà một người tử vong,0,0,0,0,0
CLIP: Cháy lớn gần Miếu Bà Chúa Xứ núi Sam khiến 1 người chết,0,0,0,0,0
Cháy 2 căn nhà cạnh miếu Bà Chúa Xứ một người tử vong,0,0,0,0,0
An Giang: Cháy 2 căn nhà sau miếu Bà Chúa Xứ 1 người tử vong,0,0,0,0,0
Cháy nhà ở An Giang 1 người tử vong,0,0,0,0,0
Điều tra vụ cháy nhà phía sau miếu Bà Chúa Xứ ở An Giang một người chết,0,0,0,0,0
Thót tim màn xử lý tình huống giả định nhóm đối tượng tổ chức cướp ngân hàng,0,0,0,0,0
Cảnh sát giao thông Tây Ninh bắt đối tượng vận chuyển thuốc lá nhập lậu,0,0,0,0,0
9 tháng năm 2024 nhiều loại tội phạm được kiềm chế kéo giảm,0,0,0,0,0
Cháy 2 căn nhà khiến 1 người tử vong,0,0,0,0,0
An Giang: Gần 50 cán bộ chiến sĩ tham gia chữa cháy,0,0,0,0,0
Thu hồi tiêu hủy Sữa rửa mặt Cleanser do không đạt tiêu chuẩn chất lượng,0,0,0,0,0
Bắc Giang: Tiêu hủy gần 116 nghìn sản phẩm giả nhãn hiệu lớn,0,0,0,0,0
An Giang: Cháy hai căn nhà trong đêm khiến một người tử vong,0,1,0,0,0
Công an Bình Thuận diễn tập phương án xử lý tình huống cướp ngân hàng,0,0,0,0,0
Cháy nhà trong hẻm ở phường Núi Sam làm 1 người chết,0,0,0,0,0
Diễn tập phương án xử lý tình huống đối tượng sử dụng vũ khí nóng cướp ngân hàng,0,0,0,0,0
Tổng cục Quản lý thị trường vạch chiêu ngụy trang giấu hàng giả,0,0,0,0,0
Những chiến công thầm lặng của Đại úy Phạm Tuấn Anh,0,1,0,0,0
Tìm thấy thi thể ngư dân bị rơi xuống biển Bình Thuận mất tích,0,0,0,0,0
Phát hiện 1.450 bao thuốc lá điếu nhập lậu,0,0,0,0,0
Khoảnh khắc trạm xăng ở Nga nổ như bom làm 4 người thiệt mạng,0,0,0,0,0
Người dân hoảng loạn bỏ chạy khi trâu điên phá tan hoang đường phố,0,1,0,0,1
Công an xã sáng tạo đảm bảo ANTT phòng cháy chữa cháy,0,1,0,0,0
Nỗ lực vì sự yên bình trên quê hương Gò Nổi,0,0,0,0,0
Bắc Giang tiêu hủy hàng hóa vi phạm trị giá hơn 1 6 tỷ đồng,0,1,0,0,0
Khoảnh khắc vụ nổ làm rung chuyển trạm xăng ở Chechnya Nga,0,0,0,0,0
Chủ tịch Hà Nội tặng bằng khen 3 cá nhân thuộc Công an Thủ đô,0,0,0,0,0
Học sinh trải nghiệm phòng cháy chữa cháy cứu nạn cứu hộ,0,1,0,0,0
Bà trùm Oanh hà 34 cộng sự và những chuyến hàng tổng trị giá 1.400 tỷ đồng,0,0,0,0,0
Công an Hà Quảng hướng tới mục tiêu xây dựng cộng đồng sạch ma túy,0,0,0,0,0
Video vụ nổ kinh hoàng tại trạm xăng ở Chechnya Nga,0,1,0,1,1
Cảnh báo nguy cơ bùng phát buôn lậu thuốc lá vào cuối năm,0,0,0,0,0
Nam Phi bắt giữ cocaine trị giá hơn 1 4 triệu USD tại sân bay quốc tế,0,0,0,0,0
Bất chấp nguy hiểm nhiều người vẫn thản nhiên check-in tại phố cà phê đường tàu,0,0,0,0,1
Quyết liệt đấu tranh phòng ngừa tội phạm xâm phạm trật tự an toàn xã hội,0,0,0,0,0
Nhân vật được bà trùm Oanh Hà trả công hơn 15 tỷ đồng để vận chuyển ma túy,0,0,0,0,0
Bắt quả tang 2 đối tượng tổ chức sử dụng ma túy trong chòi rẫy,0,0,0,0,0
Công an TP. Thái Nguyên: Tiêu hủy trên 1 3 tấn lá cây thuốc lá,0,0,0,0,0
Cần xử lý đối tượng làm giả nhái sản phẩm Đông y Tiến Hạnh,0,0,0,0,0
Công an Đồng Nai vận động dân giao nộp nhiều súng quân dụng súng tự chế lựu đạn,0,0,0,0,0
Tiêu hủy lượng lớn hàng hóa giả mạo nhãn hiệu không rõ nguồn gốc,0,1,0,0,0
Cứu hộ thành công 2 em học sinh có nguy cơ bị nước cuốn,0,0,0,0,0
Liên tiếp phát hiện đối tượng bị truy nã khi làm thủ tục xuất nhập cảnh,0,0,0,0,0
THỦ TƯỚNG PHẠM MINH CHÍNH ĐÓN HỘI ĐÀM VỚI THỦ TƯỚNG TRUNG QUỐC LÝ CƯỜNG,0,0,0,0,0
Thường vụ Quốc hội xem xét công tác nhân sự cho ý kiến nhiều dự án trọng điểm quốc gia,0,0,0,0,0
Chủ tịch Quốc hội Trần Thanh Mẫn hội kiến Thủ tướng Trung Quốc Lý Cường,0,0,0,0,0
Thủ tướng Phạm Minh Chính và Thủ tướng Lý Cường xem trưng bày ảnh quan hệ Việt Nam - Trung Quốc,0,0,0,0,0
Thủ tướng Phạm Minh Chính hội đàm với Thủ tướng Trung Quốc Lý Cường,0,0,0,0,0
1/10 văn kiện hợp tác quan trọng: Đại học Quốc gia Hà Nội và Đại học Bắc Kinh Trung Quốc hợp tác toàn diện,0,0,0,0,0
Thủ tướng Phạm Minh Chính và Thủ tướng Lý Cường chứng kiến trao văn kiện hợp tác giữa hai nước,0,1,0,0,0
Truy tặng Bằng khen của Thủ tướng Chính phủ cho người dũng cảm tham gia cứu nạn cứu hộ trong bão số 3,0,0,0,0,0
Chủ tịch Quốc hội Trần Thanh Mẫn hội kiến Thủ tướng Trung Quốc Lý Cường,0,1,0,1,0
Sôi nổi Hội thao truyền thống 15/10 kỷ niệm 68 năm ngày thành lập Hội Liên hiệp Thanh niên Việt Nam,0,0,0,0,0
Nêu cao tinh thần tự lực tự cường; tham gia tích cực hiệu quả các chương trình phát triển kinh tế - xã hội ở địa phương,0,0,0,0,0
Thủ tướng Việt Nam và Trung Quốc chứng kiến trao văn kiện hợp tác giữa hai nước,0,0,0,0,0
Việt Nam - Trung Quốc trao 10 văn kiện hợp tác quan trọng,0,0,0,0,0
Nghệ sỹ Xuân Bắc diễn viên Bảo Thanh cùng livestream giới thiệu sản phẩm OCOP,0,0,0,0,0
Việt Nam - Trung Quốc ký 10 thỏa thuận hợp tác,0,0,0,0,0
Lãnh đạo THACO Chu Lai tham dự Hội thảo khoa học Nhận diện và phát huy giá trị văn hóa con người Quảng Nam trong giai đoạn mới,0,0,0,0,0
Lễ đón Thủ tướng Trung Quốc Lý Cường thăm chính thức Việt Nam,0,0,0,0,0
Phái đoàn Hội Nghiên cứu Tương lai Việt Nam - Nhật Bản diện kiến Đức Pháp chủ GHPGVN,0,0,1,0,0
Thủ tướng Phạm Minh Chính hội đàm với Thủ tướng Trung Quốc,0,0,0,0,0
Thủ tướng Phạm Minh Chính đón và hội đàm với Thủ tướng Lý Cường,0,0,0,0,0
Hội Kinh tế Môi trường Việt Nam tổ chức Hội nghị công tác Hội viên năm 2024,0,0,0,0,0
Hơn 9 5 tỷ đồng ra quân làm dân vận tại huyện Long Thành,0,0,0,0,0
UNESCO chỉ định Rabat là Thủ đô Sách thế giới năm 2026,0,0,1,0,1
Ba cây chụm lại...,0,0,0,0,0
Triển lãm LPG EXPO châu Á - Thái Bình Dương lần 5 sắp diễn ra tại Hà Nội,0,0,0,0,0
Thủ tướng hai nước xem trưng bày ảnh quan hệ Việt Nam-Trung Quốc,0,0,0,0,0
Huyện Kon Plông (tỉnh Kon Tum) đạt nhiều thành tựu quan trọng sau 50 năm giải phóng,0,0,0,0,0
Khai mạc Đại hội Khỏe Vì an ninh Tổ quốc và Hội thi Điều lệnh quân sự võ thuật CAND,0,0,0,0,0
Thủ tướng Phạm Minh Chính chủ trì Lễ đón chính thức Thủ tướng Trung Quốc Lý Cường,0,0,0,0,0
Thủ tướng Phạm Minh Chính chủ trì lễ đón Thủ tướng Lý Cường,0,0,0,0,0
Thủ tướng Phạm Minh Chính chủ trì Lễ đón trọng thể Thủ tướng Trung Quốc Lý Cường,0,0,0,0,0
Thủ tướng Phạm Minh Chính chủ trì lễ đón Thủ tướng Trung Quốc Lý Cường,0,0,0,0,0
Đại hội Câu lạc bộ Doanh nhân Quảng Bình tại Đà Nẵng nhiệm kỳ II,0,0,0,0,0
Phát huy sức mạnh tổng hợp giữ vững chủ quyền biên giới quốc gia,0,0,0,0,0
Thủ tướng Phạm Minh Chính chủ trì lễ đón Thủ tướng Trung Quốc Lý Cường,0,0,0,0,0
Thành phố Móng Cái (Việt Nam) bàn giao lồng nuôi trồng thủy sản đợt 1 cho thành phố Đông Hưng (Trung Quốc),0,0,0,0,0
Thủ tướng Phạm Minh Chính hội đàm với Thủ tướng Trung Quốc Lý Cường,0,0,0,0,0
Trung đoàn 98 phát huy dân chủ tạo sự đoàn kết thống nhất cao trong đơn vị,0,0,0,0,0
Thủ tướng Phạm Minh Chính hội đàm với Thủ tướng Trung Quốc Lý Cường,0,1,0,1,0
TP.Móng Cái (Việt Nam) và TP.Đông Hưng (Trung Quốc) bàn giao lồng nuôi thủy sản bị trôi dạt sau bão Yagi,0,0,0,0,0
Thủ tướng Trung Quốc Lý Cường vào Lăng viếng Chủ tịch Hồ Chí Minh,0,0,0,0,0
Yên Bái tổ chức Lễ truy tặng bằng khen của Thủ tướng Chính phủ cho ông Nguyễn Văn Thi huyện Yên Bình,0,0,0,0,0
Gặp mặt cán bộ hội viên phụ nữ Biên phòng khu vực phía Bắc,0,0,0,0,0
Thủ tướng Trung Quốc Lý Cường viếng Chủ tịch Hồ Chí Minh,0,0,0,0,0
Thủ tướng Phạm Minh Chính chủ trì Lễ đón chính thức Thủ tướng Trung Quốc Lý Cường,0,0,0,0,0
Thủ tướng Phạm Minh Chính chủ trì Lễ đón chính thức Thủ tướng Trung Quốc Lý Cường,0,0,0,0,0
Kiểm tra công tác thi đua khen thưởng và phong trào thi đua quyết thắng năm 2024,0,0,0,0,0
Thủ tướng Phạm Minh Chính hội đàm với Thủ tướng Trung Quốc Lý Cường,0,1,0,1,0
Thủ tướng Trung Quốc Lý Cường vào Lăng viếng Chủ tịch Hồ Chí Minh,0,0,1,0,1
Thủ tướng Phạm Minh Chính hội đàm với Thủ tướng Trung Quốc Lý Cường,0,0,0,0,0
Lễ đón Thủ tướng Trung Quốc Lý Cường thăm chính thức Việt Nam,0,0,0,0,0
Thủ tướng Phạm Minh Chính chủ trì lễ đón Thủ tướng Trung Quốc Lý Cường,0,0,0,0,0
Trưởng Đoàn ĐBQH Đồng Nai chia sẻ kỹ năng xử lý tình huống địa bàn cơ sở,0,0,0,0,0
Thủ tướng Phạm Minh Chính chủ trì lễ đón Thủ tướng Trung Quốc Lý Cường,0,0,0,0,0
Thủ tướng Trung Quốc Lý Cường vào Lăng viếng Chủ tịch Hồ Chí Minh,0,0,0,0,1
Huyện Phú Hòa tỉnh Phú Yên trao đổi kinh nghiệm với huyện Châu Thành,0,0,0,0,0
Họp mặt doanh nhân doanh nghiệp nhân ngày Doanh nhân Việt Nam,0,1,0,0,0
UBND tỉnh Long An tổ chức Đoàn công tác kết nối hợp tác đầu tư tại Hàn Quốc,0,0,0,0,0
Lãnh đạo tỉnh Long An chào xã giao Thống đốc tỉnh Ibaraki Nhật Bản,0,0,0,0,0
Chút kỷ niệm với doanh nhân và Tạp chí Doanh Nhân Sài Gòn,0,1,1,1,1
Thủ tướng Phạm Minh Chính chủ trì lễ đón chính thức Thủ tướng Trung Quốc Lý Cường,0,0,0,0,0
Tiến sĩ Quỳnh Paris được trao danh hiệu Doanh nhân tiêu biểu Asean,0,1,0,0,0
Lái xe tải tử vong trong cabin bẹp rúm,0,0,0,0,0
Từ ngày 1/1/2025: GIẤY PHÉP LÁI XE cấp trước 1/1/2025 thì được cấp đổi lại như thế nào?,0,0,0,0,0
Hưng Yên triển khai các biện pháp sớm phục hồi sản xuất nông nghiệp,0,0,0,0,0
Hà Nội: cảnh sát cưa cabin đưa lái xe tải tử vong ra ngoài,0,0,0,0,0
Khám bệnh và cấp thuốc miễn phí cho 500 người dân xã Mỹ Hương,0,0,0,0,0
6.488 tỉ đồng để mở rộng cao tốc Cam Lộ - La Sơn được lấy từ đâu?,0,0,0,0,0
Người bệnh mãn tính ngóng cấp thuốc dài ngày,0,1,0,0,0
Khảo sát đánh giá và triển khai kế hoạch hỗ trợ tăng cường năng lực chuyên môn quản lý tại Bệnh viện Đa khoa tỉnh Thanh Hóa,0,0,0,0,0
Kiên trì với 1 dãy số Vietlott người đàn ông bất ngờ nhận tin trúng độc đắc vài chục tỷ,0,0,0,0,0
Nhiều chuyển biến trong phân loại rác thải tại nguồn,0,0,0,0,0
Bộ Y tế đề xuất tăng mức phụ cấp phẫu thuật viên chính lên 790.000 đồng,0,0,1,1,0
Xóa nhà tạm: Ấm lòng những ngôi nhà Đại đoàn kết,0,0,0,0,0
Xử lý rác thải sinh hoạt dưới góc nhìn đa chiều,0,0,0,0,0
Hệ thống y tế Medic ra mắt Dự án Medilab lấy mẫu xét nghiệm tận nơi,0,0,0,0,0
Những tài xế thiếu ý thức trên cao tốc,0,1,1,1,1
Lào Cai thiết lập nhiều chốt kiểm soát và xử lý xe quá khổ quá tải,0,0,0,0,0
Tai nạn nghiêm trọng trên Đại lộ Thăng Long tài xế tử vong trong cabin,0,0,0,0,0
Người dân đứng ngồi không yên vì lo ô nhiễm từ kho xỉ than cạnh nhà máy Alumin,0,1,0,0,0
Thủ tướng truy tặng Bằng khen cho người hy sinh lúc cứu nạn trong bão số 3 tại Yên Bái,0,0,0,0,0
Hơn 2 tỷ đồng thực hiện Chương trình Vì một Việt Nam khỏe mạnh tại Quảng Ngãi,0,0,0,0,0
Trại heo 2.000 con ở Đồng Nai nuôi trái phép và xả thải ra môi trường,0,0,0,0,0
Thành phố nào ở Việt Nam chỉ có phường không có xã?,0,1,1,0,1
Từ ngày 21-10 Đồng Nai cấm xe trên 5 tấn lưu thông từ 6h-20h trên đường Hoàng Văn Bổn sau chỉ đạo nóng của Phó bí thư Tỉnh ủy,0,0,0,0,0
Clip: Xe khách chạy tốc độ cao gây tai nạn liên hoàn giữa ngã tư,0,0,0,0,0
Tài xế xe tải tử vong sau tai nạn trên Đại lộ Thăng Long,0,0,0,0,0
Đồng Nai: Dự án BOT đường tỉnh hơn 420 tỷ sắp thu phí trở lại,0,0,0,0,0
Chiều nay TPHCM có nơi mưa rất to,0,0,0,0,0
Một phụ nữ bịt mặt bắt cóc cháu bé 5 tuổi bị người dân tóm gọn,0,1,0,0,0
Tung tin &#39;Mr Bean&#39; qua đời để phát tán virus độc hại,0,1,1,1,1
Nhân chứng kể lại phút đối mặt với tên cướp ngân hàng,0,0,0,0,0
Hãng chuyển phát nhanh phá sản khách từ Sài Gòn ra Hà Nội đòi tiền,0,1,1,1,1
Go-Jek và Grab giành giật thị trường Indonesia ra sao?,0,1,1,1,1
Không có chuyện thí điểm chữ viết Tiếq Việt bậc đại học ở TP.HCM,0,0,0,0,0
Bộ Công Thương kết luận Con Cưng có sai sót nhưng không bán hàng giả,0,0,0,0,0
Phát hiện văn phòng công chứng giả tại TP.HCM,0,0,0,0,0
Thông ngã trên đèo Prenn giao thông tắc nghẽn 2 giờ,0,0,0,0,0
Thanh Bùi ôm vợ khóc trên sân khấu,0,1,1,1,1
Mưa lớn do bão Usagi gây ngập úng 70 ha rau ở Lâm Đồng,0,0,0,0,0
Sài Gòn mưa như trút nước cây đổ đè người tử vong,0,1,0,0,0
Ba thanh niên đánh nữ nhân viên ở sân bay Thọ Xuân,0,0,0,0,0
Nữ sinh lớp 5 trả lại iPhone X cùng tiền cho người đánh rơi,0,0,0,0,0
Cô giáo ở Quảng Bình bắt trò tát bạn học 230 cái,0,0,0,0,0
Hà Nội có thêm ba xe buýt mui trần 20 tỷ đồng,0,0,0,0,0
Hơn 55 tỷ đồng nâng cấp 8 5 km đại lộ Võ Văn Kiệt ở TP HCM,0,0,0,0,0
Nhiều máy bay không thể đáp xuống Tân Sơn Nhất,0,0,0,0,1
Đường Sài Gòn kẹt từ sáng đến trưa,0,0,0,0,1
Khán giả phố đi bộ Nguyễn Huệ cuồng nhiệt cổ vũ tuyển Việt Nam,0,0,1,0,0
Đường chạy của người phụ nữ cụt chân,0,1,0,0,0
Máy bay Vietjet gặp sự cố ở Buôn Ma Thuột mới chỉ bay 8 chặng,0,0,0,0,0
Người đàn ông chết khô ở máy dập có thể do đột quỵ,0,0,0,0,0
Bị cảnh báo giả khách trên máy bay TP.HCM đi Hà Nội hoảng sợ,0,0,0,0,0
An Giang cấm sử dụng âm thanh dụ chim yến trong đêm,0,1,0,1,0
Băng trộm SH đâm chết các hiệp sĩ : Tấm lòng người cha hiệp sĩ,0,0,0,0,0
Chiếc lốp thứ hai của máy bay Vietjet được tìm thấy,0,0,0,0,0
Sắp có tuyến buýt 5 sao từ Tân Sơn Nhất đi Vũng Tàu,0,0,0,0,0
Hành khách thoát khỏi chiếc máy bay bị rơi bánh như thế nào,0,0,0,0,0
Dòng người xếp hàng chờ lấy vé mua online trận Việt Nam,0,1,1,0,1
Thu bằng lái 2 phi công VietJet sau sự cố máy bay văng bánh,0,0,0,0,0
Đeo nhẫn... lưng chừng tay,0,1,1,1,1
Sinh viên Sài Gòn ùn ùn đăng ký thi TOEIC từ rạng sáng,0,0,0,0,0
9X Việt được công ty đắt giá nhất thế giới mời thực tập,0,1,1,1,0
Nam sinh quay lén bạn nữ tắm ở Đà Nẵng bị đuổi học,0,0,0,0,0
Nhân viên an ninh sân bay Thọ Xuân bị phạt vì phản ứng chậm,0,0,0,0,0
Nghi phạm bắn chết Phó chủ tịch HĐND phường trộm 2 khẩu súng 16 viên đạn,0,0,0,0,0
Phó chủ tịch HĐND phường ở Gia Lai bị bắn chết tại trụ sở,0,0,0,0,0
Bạo loạn khiến Paris thiệt hại ít nhất 3 triệu USD,0,1,1,1,1
Khải Hoàn Môn tan hoang sau cuộc bạo loạn lớn nhất 5 thập kỷ ở Paris,0,1,1,1,1
Hà Nội Sài Gòn cờ rợp đường mừng chiến thắng của tuyển Việt Nam,0,1,0,0,1
Hai tài xế đánh nhau vì giành đường tại nút cổ chai Hà Nội,0,0,0,0,1
Ôtô chôn chân vì bị chặn đầu bởi trăm xe máy đi ngược chiều ở Sài Gòn,0,0,0,1,1
Phụ huynh tố cáo trường cho trẻ ăn rau thối tôm ươn,0,0,0,0,0
Nhiều trường ở TP HCM thu sai quỹ hội phụ huynh,0,1,0,0,0
Chủ đầu tư nói gì về chuyện BOT An Sương - An Lạc thu phí quá hạn ?,0,0,0,0,0
Cầu vượt biển dài nhất Việt Nam bị rải đinh dày đặc,0,0,0,0,0
Trung Quốc giảm nhập bưởi và sầu riêng Việt,0,0,0,0,1
Ba du khách tử vong ở Đà Nẵng trúng chất độc ảnh hưởng tim mạch,0,0,0,0,0
Ôtô ở Sài Gòn cuốn hàng loạt người xe máy vào gầm,0,0,0,0,0
Xã hội đen Hải Phòng xây hàng trăm nhà trái phép trên đất quốc phòng,0,1,0,1,1
Nữ tiếp viên gốc Hoa bị chụp trộm gây sốt mạng xã hội,0,1,0,0,1
Xã hội đen Đài Loan mở tiệm mỳ miễn phí cho người nghèo,0,0,1,1,1
Khởi tố ông Nguyễn Hoài Nam - bí thư Quận ủy Quận 2,0,0,0,0,0
vũ khí kết nối người trẻ của Tổng thống Indonesia,0,0,1,1,0
Ăn chênh 600 triệu đồng một suất mua nhà xã hội khu trung tâm,0,0,0,0,0
Thừa Thiên Huế cảnh báo mưa lũ qua mạng xã hội,0,0,0,0,0
Tại sao Apple chưa bao giờ quảng cáo trên mạng xã hội,0,1,1,1,1
Lao động nước ngoài ở Việt Nam phải đóng bảo hiểm xã hội,0,0,0,0,0
Người Việt ở Paris: Cuộc sống vẫn diễn ra bình thường bất chấp bạo loạn,0,1,1,1,1
Cuộc sống của những người Thủ Thiêm cố giữ đất,0,0,0,0,1
Cảnh đời người đàn ông Nhật sống mòn trên tiền thừa kế,0,0,1,0,1
Cuộc sống ở ốc đảo biệt thự ngoại thành Hà Nội,0,1,0,0,0
Thương em bị mẹ vợ đoạ đày anh trai gây án giết người,0,0,0,0,0
Đội cảnh sát có khả năng siêu nhớ mặt tại Anh,0,1,1,1,1
Người Việt đã vỡ mộng xe giá rẻ?,0,0,1,0,1
Tài xế ép hàng loạt xe máy ôtô nhập đúng làn ở Đà Nẵng,0,0,0,1,1
Bộ sưu tập xe trị giá 1 3 triệu USD của Neymar,0,0,0,0,0
Vì sao Toyota Vios tăng giá trong khi xe hãng khác giảm?,0,1,1,1,1
Thói quen lái xe giúp tiết kiệm 25% nhiên liệu,0,1,1,1,0
Cụ bà Nhật ăn cắp vặt để vào tù trốn tránh cô đơn,0,1,1,1,1
Nam cảnh sát Mỹ truy đuổi nữ sinh viên để sàm sỡ,0,1,0,0,0
Tài xế xe sang che biển số để lùi trên cao tốc,0,0,0,0,1
Máy bay quay đầu để cấp cứu sản phụ người nước ngoài,0,0,0,0,0
Cô gái 17 tuổi được NASA đào tạo để đặt chân lên Sao Hỏa,0,1,1,1,0
Thói quen Bill Gates đã từ bỏ để thành công,0,1,1,1,1
Giáo viên đề nghị bỏ thi trắc nghiệm môn Lịch sử,0,0,1,1,1
Sẽ bỏ quản lý dân cư bằng hộ khẩu,0,0,0,0,0
Bé gái bị cha cứa cổ khi muốn đi tập văn nghệ đêm trung thu,0,1,0,0,0
Người đi xe đạp điện chém chết tài xế ôtô ở Trung Quốc thoát tội,0,1,1,1,1
Đường đi bộ lát gỗ lim ven sông Hương sắp hoàn thành,0,0,0,0,0
Cựu nữ chủ tịch xã 45 tuổi đi thi THPT quốc gia,0,0,0,0,0
Luật cho phép xe cứu hỏa được đi ngược chiều khi làm nhiệm vụ,0,0,0,0,0
Nguyễn Khắc Thủy tự nguyện đi thi hành án 3 năm tù,0,0,0,0,1
TP HCM muốn có tuyến buýt từ Tân Sơn Nhất đi các tỉnh,0,0,0,0,0
Thanh Hoá chi gần 700 triệu cho ba cán bộ đi Mỹ xúc tiến đầu tư,0,0,0,1,0
Đại ca giang hồ bị bắn chết khi đi dằn mặt,0,0,0,0,1
Con không chịu đi học mẹ Thái Lan bắt nhặt rác cả ngày,0,0,0,0,0
Ôtô đi ngược chiều bị phạt 800.000 đồng,0,0,0,0,0
Cha đẻ robot Sophia: Người máy sẽ có quyền kết hôn với con người,0,1,1,1,1
Nghi phạm sát hại 3 người trong gia đình ở Tiền Giang bị bắt,0,0,0,0,0
Tài xế taxi tông người trông xe tử vong vì bị nhắc nhở,0,0,0,0,0
Số người chết sau thảm họa ở Indonesia tăng lên 1.347,0,0,0,0,1
Ôtô Mercedes lật nhiều vòng trên đường Sài Gòn,0,0,0,0,0
Nhiều tụ điểm thác loạn ở TP HCM bị xem xét điều tra,0,0,0,0,0
Trung Quốc hủy nhiều chuyến bay tới Thường Châu CĐV Việt lo lắng,0,0,1,0,1
TP HCM sẽ có thêm nhiều phố đi bộ,0,0,0,0,0
Nhiều người mẩn ngứa sau khi tắm biển ở Đà Nẵng,0,0,0,0,0
Xả súng tại nhà thờ Mỹ ít nhất 26 người thiệt mạng,0,0,1,1,1
HLV Eriksson dự đoán tuyển VN sẽ đá bại Malaysia,0,1,1,1,1
Xuân Trường háo hức thi đấu trước 80.000 khán giả Malaysia,0,0,1,1,1
Mua vé trận chung kết: chen lấn giẫm đạp hỗn loạn ngất xỉu,0,0,0,0,0
Ông Lê Hoài Anh tiếp tục giữ chức tổng thư ký VFF khóa 8,0,0,1,1,1
Đánh bại Djokovic Zverev lần đầu vô địch Giải quần vợt ATP Finals,0,0,1,1,1
Hoa hậu quần vợt Bouchard trổ tài đá bóng,0,1,0,0,0
Quần vợt VN coi chừng lạc đường như Thái Lan,0,1,1,1,1
Federer đụng Djokovic ở bán kết Giải quần vợt Paris Masters,0,0,1,1,1
Nadal gặp Tsitsipas ở chung kết Giải quần vợt Barcelona mở rộng,0,1,1,1,1
Khởi tố cặp nữ quái chuyên cung cấp ma túy thuốc lắc,0,0,0,0,0
Dùng dao đâm chết người vì xích mích lúc đổ xăng,0,0,0,0,0
Quên khóa ô tô nữ tài xế bị khoắng sạch tài sản,0,0,0,0,0
Lừa bán bé gái 14 tuổi bắt luôn người giải cứu để đòi tiền chuộc,0,0,0,0,0
Đòi nợ 60 triệu không được ép nạn nhân viết giấy vay... 400 triệu,0,0,0,0,0
Vụ chạy thận chết người: Cựu giám đốc bệnh viện bị truy tố từ 3-12 năm tù,0,0,0,0,0
Sau ly hôn vợ tình nhân đòi chia tay nên ra tay sát hại,0,0,0,0,0
Đuổi theo kẻ ném chất bẩn chủ nhà bị gãy chân,0,1,0,0,0
Đối tượng cuối cùng trong vụ trốn khỏi trại tạm giam Kiên Giang đã bị bắt,0,1,0,0,0
Siêu máy bay A350 sẽ chở CĐV Việt Nam đi Malaysia cổ vũ chung kết lượt đi,0,0,0,0,0
Thưởng 20.000 USD cho đội tuyển cờ vua Việt Nam tại Olympiad 2018,0,0,1,0,0
Trường Sơn giành HCV tại giải cờ vua đồng đội thế giới 2018,0,1,1,1,1
Chuyện về chàng sinh viên Luật - Kiện tướng Lê Tuấn Minh,0,1,1,1,1
Tiền đạo Malaysia: Tôi đã có cách vượt qua hàng thủ đội tuyển Việt Nam,0,1,1,1,1
WHO không chấp nhận kit test của Công ty Việt Á,0,1,0,0,0
Thực hư thông tin Nhật Bản cấm lò vi sóng từ cuối năm 2019 vì độc hại,0,1,1,1,1
Nhật Bản cấm lò vi sóng phạt tù từ 5 đến 10 năm ai còn dùng lò vi sóng,0,0,1,1,1
Nhật Bản cấm dùng lò vi sóng là tin giả,0,0,1,1,1
Nhặt được chiếc hộp kì lạ trên biển người đàn ông phải vào viện ngay lập tức khi biết danh tính thật của nó,1,1,1,0,1
Những dấu hiệu nhận biết nhà bạn đang có ma và cách trừ ma quỷ trong nhà,1,1,1,1,1
Bí mật động trời mà không một nhân viên khách sạn nào dám nói cho bạn biết,1,1,1,1,1
Bí mật đằng sau chiếc nhẫn trên ngón tay út của Thanh Hằng và Chi Pu,1,1,0,0,0
Bé Nhật Lan báo mộng cho người nhà về nghi phạm trước khi bị bắt,1,0,0,0,0
Ao làng bỗng lúc nhúc toàn sinh vật lạ thò tay sờ vào mới tím mặt sợ hãi khi biết sự thật,1,1,1,1,1
Cậu bé kinh hãi khi thấy chân lúc nhúc hàng triệu sinh vật bấu chặt cúi xuống phát hiện sự thật bàng hoàng,1,1,1,1,1
Bác sĩ không đầu trước cửa phòng khám khiến cả bệnh viện náo loạn khi biết sự thật,1,0,0,0,0
Sốc với những loại bùa ngải có thật dấu hiệu khi bị dính và đây là cách phòng tránh !,1,0,1,1,1
Nhặt được xác trăn ven đường người đàn ông chết sững với thứ trong bụng trăn lâu năm,1,1,0,0,1
Tưởng ổ trứng gà mang về ấp thành con thanh niên ngay lập tức chuyển nhà chỉ sau 2 tuần,1,1,1,0,1
Cô gái tự sướng 101 lần liên tiếp trong suốt 12 giờ liền và cái kết gây sốc,1,0,0,1,0
Cặp đôi chụp 1000 kiểu ảnh chỉ một tư thế trong 3 năm ai cũng sốc khi biết sự thật,1,1,1,0,1
Vác bừa hòn đá về kê bếp người đàn ông sốc nặng khi được trả 400 triệu chỉ vì bí mật này bên trong,1,1,1,1,1
Vừa thấy quái khủng đen xì lòi ra từ khúc cây thanh niên vứt vội gỗ quý chạy mất dép chỉ sau 1 giây,1,0,1,1,1
Phát hoảng vì tiếng rít đinh tai mỗi đêm chạy ra kêu cứu mới kinh hoàng thấy cảnh tượng đẫm máu chồng đang làm sau vườn,1,0,0,0,0
Tưởng cả trăm con rắn bò vào nhà trả thù chàng trai kinh hãi tột độ khi thấy cảnh tượng chết chóc ám ảnh sau đó,1,0,0,0,1
Dụ em gái cosplay mới quen gửi ảnh trong bồn tắm chàng trai sốc tận não khi nàng trút bỏ xiêm y,1,1,1,1,1
Thời buổi giờ xinh quá cũng là cái tội như cô gái này chẳng hạn!,1,1,1,1,1
Vợ chết 3 ngày về báo mộng chồng dỡ trần nhà xuống để rồi sốc ngất khi thấy thứ đó,1,0,1,1,1
Đêm nào mẹ cũng báo mộng cho con trai và cái kết,1,0,1,0,1
Cưới vợ cho con trai bố mẹ đặt 200 mâm cỗ nhưng không ai tới thông gia biết được sự thật thì đòi hủy hôn ngay lập tức,1,1,1,1,1
Chấp nhận đổ vỏ cho con nhỏ bạn thân và cái kết sốc,1,1,1,1,1
Chồng chôn chuối xanh và trứng xuống dưới đất cảnh tượng đằng sau khiến vợ kinh hãi,1,0,0,0,1
Bạn gái Đạt Cỏ nhận muôn nghìn gạch đá khi bình luận cực sốc thế này ở bức ảnh hở bạo của Ngân 98,1,0,1,1,1
Sau thời gian dài chữa bệnh đại gia xấu nhất thế giới Trần Sơn gây sốc nặng với hình ảnh bảnh bao khó tin,1,1,1,1,1
Hot girl có vòng 1 tự nhiên khủng nhất châu Á phát ngôn gây sốc về lý do không bao giờ mặc hở,1,0,1,1,1
Mặc đồ không khác gì vải màn lên bar đú đởn Mon 2k nhận cái kết quá đắng khi phát ngôn câu này,1,1,1,1,1
Quán trứng vịt lộn 1 đêm bán 1.000 quả: Khách đến mua sốc nặng khi biết bên trong nồi có…,1,0,1,0,1
Lý do Phi Nhung phải uống thuốc trừ sâu tự tử khiến ai cũng ‘choáng’?,1,0,1,0,1
Dốc ống điều hòa rụng tim vì thấy sinh vật bằng cổ tay dài cả mét này trườn ra,1,1,1,1,1
Lấy chồng thực vật 35 tuổi vẫn còn zin 1 đêm chăm chồng mệt quá vợ ngủ thiếp đi lúc tỉnh dậy thì hốt hoảng khi thấy…,1,0,1,1,1
Muốn tiền vào như nước nhớ đừng để thứ này trong ví,1,0,1,1,0
Chỉ một lần vui quá trớn thanh niên sùi đầy nốt lạ trên lưng để rồi chết lặng khi biết sự thật đắng ngắt,1,0,1,1,1
Những dấu hiệu nhận biết nhà bạn đang có ma và cách trừ ma quỷ trong nhà,1,1,1,1,1
Tưởng nhặt được trứng khủng long giữa vườn mang vào nhà sợ hãi tột độ khi thấy nở trên tay là…,1,0,1,1,1
Cứ tưởng đào được trứng khủng long người đàn ông tách đôi mới câm nín vì bên trong thực ra là…,1,1,1,1,1
Đêm nào cũng nghe lục đục dưới gầm giường sợ hãi lật tấm phản phát hiện bí mật kinh hoàng,1,1,1,0,1
Thấy vợ máu me nằm bất động trên sàn tưởng con gái xuống tay hạ sát lao vào phát hiện sự thật kinh hoàng,1,1,1,0,1
Rạch đầu rắn mọc lổn nhổn đá dăm là cảnh tượng kinh hoàng không ai muốn chứng kiến quá 5 giây,1,0,0,1,1
Tím mặt bóp bụng trăn khủng quằn quại trên sàn bơm ra thứ kinh dị ám ảnh cả gia đình,1,0,0,1,1
Nếu thấy thứ này thò lên ngoài vườn nhà đừng chạm vào mà hãy chạy nhanh khi còn có thể,1,1,1,1,1
Vừa rời giường bệnh chưa bao lâu ai nấy chết ngất khi bắt gặp Trần Sơn đang làm việc kinh dị này,1,1,1,1,1
Khiếp sợ với chiếc mũi biến dạng kinh dị người đàn ông khiến cả phòng phẫu thuật ám ảnh khi vừa chạm kéo là cảnh tượng…,1,1,0,1,0
Vén quần thấy giun bò lúc nhúc trong bắp chân tới bệnh viện mới ói mửa khi biết sự thật bên trong,1,1,1,1,1
Đêm nào cũng thấy vợ biến mất đặt camera ẩn chồng phát hiện hành động quá kinh hoàng,1,1,0,1,1
Thích dạng háng check-in cho thoáng thiếu nữ khiến bạn bè đứng hình khi thấy thứ kinh dị lòi ra,1,1,1,1,1
Nhận xăm chỗ kín cho thiếu nữ tái mặt vì thấy điều kinh dị khiến anh thợ muốn hộc máu mồm,1,1,1,1,1
Nghiện xăm mình thiếu nữ khóc ngất khi nhìn thấy cánh tay mình sau vài ngày đi xóa,1,1,1,1,1
Mẹ già báo mộng nó ăn hết rồi con cháu cải mộ sau 3 năm khóc ngất khi thấy cảnh này,1,1,1,1,1
Hẹn hò người thương nơi sân trường nam sinh khóc thét cầm dép bỏ chạy khi thấy thứ này lòi ra từ vòng 3 thiếu nữ,1,0,1,1,1
Võ sư 60 tuổi tay không đánh bại hàng trăm giang hồ Sài Gòn,1,1,1,1,1
Bủn rủn chân tay khi lỡ chạm tay vào hàng triệu chiếc răng mọc chi chít trên da thịt người đàn ông,1,1,1,1,1
Liên tục được con trai báo mộng bà mẹ kinh hãi khi nhìn thấy cảnh tượng khi thăm mộ con,1,0,0,0,1
Ai cũng chăm chú tưởng biển số xe có điều gì khủng khiếp sốc nặng khi biết sự thật lại là…,1,1,1,1,1
Chuyện li kì người phụ nữ cứu rắn hổ chúa và bầy rắn hổ tìm đến nhà để…,1,1,1,0,1
Chỉ vài giây dừng chờ đèn đỏ người đàn ông này đã khiến cả quốc gia khóc thét khi tìm thấy điểm rùng rợn lấp ló trong áo,1,0,1,1,1
Người cha thú tính mang bệnh HIV vẫn c.ưỡng h.iếp con gái,1,0,1,0,1
Chữa hết bệnh câm cho vợ người chồng cay đắng nhìn vợ ra đi tìm cuộc sống mới vì lý do tưởng chỉ có trong phim,1,1,1,1,1
YÊU RÂU XANH (P51): Câu chuyện động trời sau tấm ri đô mỏng,1,0,0,0,0
NÓNG : xử phạt 10 đối tượng bom hàng Lợi dụng lòng tốt của các chiến sĩ Khai bom hàng cho vui,1,0,0,0,0
Chính thức: Chính sách một vợ được lấy nhiều chồng để giải quyết tình trạng dư thừa nam giới.,1,0,1,1,1
Tập đoàn lớn mạnh nhất UAE sản xuất xuất khẩu vaccine COVID-19 mang tên Hayat-Vax,1,0,1,1,0
Bộ KIT xét nghiệm Covid -19 của Việt Nam sản xuất vừa được Tổ chức Y tế Thế giới chấp thuận,1,1,0,0,0
Pravda: Đặc nhiệm Nga tiêu diệt tay súng bắn tỉa giỏi nhất thế giới ở Ukraine,1,1,1,1,1
Có tin Tổng thống Ukraine Zelensky đang trốn trong Đại sứ quán Mỹ ở Ba Lan,1,1,1,1,1
Tổng thống Ukraine Zelensky đang trốn trong Đại sứ quán Mỹ ở Ba Lan,1,1,1,1,1
qυên rúт ѕạc đιện тнoạι ĸнỏι ổ cắм вà мẹ ngấт lịм nнìn тнảм cảnн хảy đến vớι con gáι,1,0,1,1,1
Тáς giả Trường Lâm muốn đưa chữ 4.0 vào dạy THPT đại học : con tôi sẽ học khi đủ 5 tuổi !,1,1,1,1,1
ngнι ngờ vợ léng pнéng lúc мìnн đι công тác dàι нạn nên мớι có вầυ cнồng ѕững ngườι ĸнι вιếт ѕự тнậт,1,0,1,0,1
MC Lại Văn Sâm đột ngột qua đời ở tuổi 64,1,1,1,1,1
MC Lại Văn Sâm đột ngột qua đời ở tuổi 64,1,1,1,1,1
MC Lại Văn Sâm đột ngột qua đời ở tuổi 64 và sự thật chấn động?,1,1,1,1,1
Gái trẻ đi taxi trả tiền bằng... quần chip,1,1,1,1,1
Đàn ông có thể tự sinh con với nhau không cần nữ giới?,1,1,1,1,0
Đàn ông cũng có thể sinh con,1,1,1,1,1
Bỏ vợ già chi 2 tỷ cưới vợ trẻ măng cυồɴɢ ɴʜiệτ tới nửa đêm tôi ƈăm ʜậɴ trả về,1,0,1,1,1
Mừng sinh nhậт sếρ ƙhi thanh тoán hóa ᵭ‌ơn тhì тấт cả ᵭ‌ều cúi ᵭ‌ầu νào ᵭ‌iện тhoại cậu тhanh niên тrả тiền тhì hôm sau choáng νáng,1,1,1,1,1
CCTV: Nga 2 lần yêu cầu HĐBA họp khẩn nhưng bất thành sẽ nộp bằng chứng thảm sát Bucha,1,0,1,1,1
N̲gh̲i v̲ấn U̲k̲r̲a̲i̲n̲e ᴛ̲ự ᴛh̲ả̲m s̲á̲ᴛ d̲â̲n củ̲a̲ m̲ì̲n̲h: G̲i̲ới lãn̲h̲ đ̲ạo ph̲ư̲ơng T̲â̲y số̲c nặn̲g - N̲ga đ̲ề n̲gh̲ị HĐBA LH̲Q h̲ọp k̲h̲ẩ̲n,1,1,1,1,1
Có phải con gái là người tình kiếp trước của bố? Hiểu thế nào đây,1,1,1,1,1
Tình cảm giữa bố và con gái tưởng rằng xa cách nhưng lại rất gần,1,0,1,0,0
Lớn lên con sẽ lấy một người chồng giống bố,1,1,1,1,1
Bố và con gái: Tình yêu đến từ kiếp trước?,1,0,1,1,1
Mẹ và con gái mới đích thực là tình nhân nhiều kiếp,1,1,1,1,1
Chị Vân ạ chỉ 1 câu nói con gái là người tình kiếp trước của bố! thì chẳng khiến người ta loạn luân được đâu!,1,1,1,1,1
Con Gái Là Tình Nhân Kiếp Trước Của Bố,1,1,1,1,1
Tin tức Tổng Thống Trump & Q: CANH BÁO!!!! 18/8/2019 Chính phủ Nhật Bản đã quyết định chấm dứt sản xuất và loại bỏ lò vi sóng ở nước này trước cuối năm nay. Tất cả công dân và tổ chức không đáp ứng yê,1,0,1,1,1
Một nցười Ƭrunց ⵕuốc đănց nhữnց bức ảnh nàу lên mạnց weibo và bình luận,1,1,1,1,1
Bɑ Lɑn đe Ԁọɑ ѕẽ ƅắṅ tɾả EU bằnց tất cả ρɦáo tɾonց tɑу,1,0,1,1,1
