title,link,Processed
Tại sao CSVN e ngại Việt Tân?,https://viettan.org/tai-sao-csvn-e-ngai-viet-tan/,0
"Lãnh đạo Bộ Tứ – Nhật, Úc, Ấn Độ và Mỹ bày tỏ quan ngại về tình hình Biển Đông",https://viettan.org/lanh-dao-bo-tu-nhat-uc-an-do-va-my-bay-to-quan-ngai-ve-tinh-hinh-bien-dong/,0
Mùa thu Toronto nhớ về những chiến hữu trên đường Đông Tiến,https://viettan.org/mua-thu-toronto-nho-ve-nhung-chien-huu-tren-duong-dong-tien/,0
Vận động cho nhân quyền Việt Nam tại Quốc hội Hoa Kỳ,https://viettan.org/van-dong-cho-nhan-quyen-viet-nam-tai-quoc-hoi-hoa-ky/,0
Hãy là ngọn gió đổi thay!,https://viettan.org/hay-la-ngon-gio-doi-thay/,0
Hội nghị Thượng đỉnh Geneva về Nhân quyền và Dân chủ kỳ thứ 16,https://viettan.org/hoi-nghi-thuong-dinh-geneva-ve-nhan-quyen-va-dan-chu-ky-thu-16/,0
Cựu TNLT Châu Văn Khảm gặp gỡ đồng hương tại Hoa Kỳ,https://viettan.org/cuu-tnlt-chau-van-kham-gap-go-dong-huong-tai-hoa-ky/,0
Có nên chặt cây xanh để xây đường sắt trên không?,https://viettan.org/co-nen-chat-cay-xanh-de-xay-duong-sat-tren-khong/,0
Thực trạng người lao động trẻ tại Việt Nam và giải pháp,https://viettan.org/thuc-trang-nguoi-lao-dong-tre-tai-viet-nam-va-giai-phap/,0
"Hội thảo ‘Hứa hẹn của Hà Nội, Thực trạng Nhân quyền tại Việt Nam’ trước phiên Kiểm điểm Định kỳ Phổ quát (UPR) của CHXHCN Việt Nam",https://viettan.org/hoi-thao-hua-hen-cua-ha-noi-thuc-trang-nhan-quyen-tai-viet-nam-truoc-phien-kiem-diem-dinh-ky-pho-quat-upr-cua-chxhcn-viet-nam/,0
Các nhà phân tích: Việc chủ tịch nước Việt Nam từ chức cho thấy đấu đá trong nội bộ đảng,https://viettan.org/cac-nha-phan-tich-viec-chu-tich-nuoc-viet-nam-tu-chuc-cho-thay-dau-da-trong-noi-bo-dang/,0
"Biểu tình lớn tại miền Đông Cuba trong bối cảnh mất điện, thiếu lương thực",https://viettan.org/bieu-tinh-lon-tai-mien-dong-cuba-trong-boi-canh-mat-dien-thieu-luong-thuc/,0
"Campuchia chuyển hướng thương mại sông Mekong qua kênh đào do Trung Quốc xây dựng, gây khó chịu cho Việt Nam",https://viettan.org/campuchia-chuyen-huong-thuong-mai-song-mekong-qua-kenh-dao-do-trung-quoc-xay-dung-gay-kho-chiu-cho-viet-nam/,0
Những mối nguy hiểm tiềm ẩn trong con số GDP của Trung Quốc,https://viettan.org/nhung-moi-nguy-hiem-tiem-an-trong-con-so-gdp-cua-trung-quoc/,0
Một tài liệu mật chứng minh Việt Nam đang dối gạt các đối tác của họ,https://viettan.org/mot-tai-lieu-mat-chung-minh-viet-nam-dang-doi-gat-cac-doi-tac-cua-ho/,0
Tại sao chiến dịch chống tham nhũng của Việt Nam có thể phản tác dụng?,https://viettan.org/tai-sao-chien-dich-chong-tham-nhung-cua-viet-nam-co-the-phan-tac-dung/,0
Biển Đông 2024: “Vạc dầu Châu Á” sôi trào,https://viettan.org/bie%cc%89n-dong-2024-va%cc%a3c-dau-chau-a-soi-trao/,0
Sự trỗi dậy và sụp đổ của các cường quốc,https://viettan.org/su-troi-day-va-sup-do-cua-cac-cuong-quoc/,0
Liệu “sấm” Trạng Trình có đúng?,https://viettan.org/lieu-sam-trang-trinh-co-dung/,0
Bí quyết kiểm soát Internet của Trung Quốc,https://viettan.org/bi-quyet-kiem-soat-internet-cua-trung-quoc/,0
Navalny đã thay đổi nước Nga như thế nào,https://viettan.org/navalny-da-thay-doi-nuoc-nga-nhu-the-nao/,0
Chiến tranh biên giới phía Bắc 1979 – Các nguyên nhân chủ chốt,https://viettan.org/chien-tranh-bien-gioi-phia-bac-1979-cac-nguyen-nhan-chu-chot/,0
Một số nỗ lực tiêu biểu của Đảng Việt Tân năm 2023,https://viettan.org/mot-so-no-luc-tieu-bieu-cua-dang-viet-tan-nam-2023/,0
10 sự kiện Việt Nam đáng chú ý trong năm 2023,https://viettan.org/10-su-kien-viet-nam-dang-chu-y-trong-nam-2023/,0
10 sự kiện thế giới đáng chú ý trong năm 2023,https://viettan.org/10-su-kien-the-gioi-dang-chu-y-trong-nam-2023/,0
Nhớ TS Phạm Chí Dũng,https://viettan.org/nho-ts-pham-chi-dung/,0
Hội luận trực tuyến “75 năm Quốc Tế Nhân Quyền: Góc nhìn khác về hiện tình Việt Nam”,https://viettan.org/hoi-luan-truc-tuyen-75-nam-quoc-te-nhan-quyen-goc-nhin-khac-ve-hien-tinh-viet-nam/,0
Việt Tân kính tiễn biệt Đại lão Hòa Thượng Thích Tuệ Sỹ,https://viettan.org/viet-tan-kinh-tien-biet-dai-lao-hoa-thuong-thich-tue-sy/,0
Ai là người ‘chống lưng’ cho bà Trương Mỹ Lan?,https://viettan.org/ai-la-nguoi-chong-lung-cho-ba-truong-my-lan/,0
Bố già nào đằng sau Trương Mỹ Lan Vạn Thịnh Phát,https://viettan.org/bo-gia-nao-dang-sau-truong-my-lan-van-thinh-phat/,0
"Còn hơn 3 tháng mới đến Tết, nhiều công nhân nhập cư đã rục rịch trả phòng trọ về quê vì thất nghiệp",https://viettan.org/con-hon-3-thang-moi-den-tet-nhieu-cong-nhan-nhap-cu-da-ruc-rich-tra-phong-tro-ve-que-vi-that-nghiep/,0
"Kinh tế TP.HCM lao dốc, kinh doanh ế ẩm, chợ vắng tanh khách mua",https://viettan.org/kinh-te-tp-hcm-lao-doc-kinh-doanh-e-am-cho-vang-tanh-khach-mua/,0
Vì sao ông Lưu Bình Nhưỡng bị bắt? – Phần 2,https://viettan.org/vi-sao-ong-luu-binh-nhuong-bi-bat-phan-2/,0
Đất nước kém phát triển không hẳn do chiến tranh,https://viettan.org/dat-nuoc-kem-phat-trien-khong-han-do-chien-tranh/,0
Vì sao ông Lưu Bình Nhưỡng bị bắt? – Phần 1,https://viettan.org/vi-sao-ong-luu-binh-nhuong-bi-bat-phan-1/,0
Có dấu hiệu mờ ám trong vụ bắt giam Đại biểu Quốc hội Lưu Bình Nhưỡng,https://viettan.org/co-dau-hieu-mo-am-trong-vu-bat-giam-dai-bieu-quoc-hoi-luu-binh-nhuong/,0
Kinh tế Việt Nam 2024 sẽ đối diện với sụp đổ và khủng hoảng,https://viettan.org/kinh-te-viet-nam-2024-se-doi-dien-voi-sup-do-va-khung-hoang/,0
Tính chuyên chế của đám đông và xu hướng bài Hoa,https://viettan.org/tinh-chuyen-che-cu%cc%89a-dam-dong-va-xu-huong-bai-hoa/,0
Đức cảnh cáo Iran và Hezbollah chớ can thiệp vào xung đột đang nóng ở Trung Đông,https://viettan.org/duc-canh-cao-iran-va-hezbollah-cho-can-thiep-vao-xung-dot-dang-nong-o-trung-dong/,0
Cái hộp Pandora ở Trung Đông đã mở,https://viettan.org/cai-hop-pandora-o-trung-dong-da-mo/,0
À Ơi Cánh Cò,https://viettan.org/a-oi-canh-co/,0
Báo cáo viên Đặc biệt LHQ bàng hoàng trước việc hành quyết một tội phạm ở Việt Nam,https://viettan.org/bao-cao-vien-liep-hiep-quoc-bang-hoang-truoc-viec-hanh-quyet-mot-toi-pham-o-viet-nam/,0
Công lý đã bị tử hình?,https://viettan.org/cong-ly-da-bi-tu-hinh/,0
Trung Quốc và Hoa Kỳ chơi cờ vây trên bàn cờ Đông Nam Á,https://viettan.org/trung-quoc-va-hoa-ky-choi-co-vay-tren-ban-co-dong-nam-a/,0
"Tập Cận Bình không tới G20, tín hiệu đáng ngại từ “rồng Trung Hoa”",https://viettan.org/tap-can-binh-khong-toi-g20-tin-hieu-dang-ngai-tu-rong-trung-hoa/,0
"Cảnh giác về Trung Quốc, Mỹ xích lại gần hơn với cựu thù Việt Nam",https://viettan.org/canh-giac-ve-trung-quoc-my-xich-lai-gan-hon-voi-cuu-thu-viet-nam/,0
Phó Thủ tướng Lê Văn Thành từ trần: Lỗi hệ thống của thể chế chính trị bị phơi bày bằng những vụ thanh trừng phe phái!,https://viettan.org/pho-thu-tuong-le-van-thanh-tu-tran-loi-he-thong-cua-the-che-chinh-tri-bi-phoi-bay-bang-nhung-vu-thanh-trung-phe-phai/,0
Vingroup và canh bạc tất tay ở dự án Hạ Long Xanh,https://viettan.org/vingroup-va-canh-bac-tat-tay-o-du-an-ha-long-xanh/,0
Việt Nam đàn áp bất đồng chính kiến,https://viettan.org/viet-nam-dan-ap-bat-dong-chinh-kien/,0
Đạo quân tí hon của bạo chúa,https://viettan.org/dao-quan-ti-hon-cua-bao-chua/,0
Những lý do cuộc nổi loạn tại Pháp và hướng giải quyết trong một chế độ pháp trị,https://viettan.org/nhung-ly-do-cuoc-noi-loan-tai-phap-va-huong-giai-quyet-trong-mot-che-do-phap-tri/,0
Tướng hàng đầu của Nga bị bắt vì liên quan đến cuộc nổi dậy Wagner,https://viettan.org/tuong-hang-dau-cua-nga-bi-bat-vi-lien-quan-den-cuoc-noi-day-wagner/,0
"Putin biệt tăm trong khi mọi người tự hỏi, làm thế nào mà quân nổi dậy Wagner tiến được gần Moscow như vậy",https://viettan.org/putin-biet-tam-trong-khi-moi-nguoi-tu-hoi-lam-the-nao-ma-quan-noi-day-wagner-tien-gan-moscow-nhu-vay/,0
Nguồn gốc tội ác và bạo loạn ở Tây Nguyên,https://viettan.org/nguon-goc-toi-ac-va-bao-loan-o-tay-nguyen/,0
"Máy bay C919 của Trung Quốc cất cánh, nhưng có bay được hay không còn tùy thuộc vào lệnh cấm của Hoa Kỳ",https://viettan.org/may-bay-c919-cua-trung-quoc-cat-canh-nhung-co-bay-duoc-hay-khong-con-tuy-thuoc-vao-lenh-cam-cua-hoa-ky/,0
Những bất hợp lý qua vụ tăng giá điện tại Việt Nam,https://viettan.org/nhung-bat-hop-ly-qua-vu-tang-gia-dien-tai-viet-nam/,0
Geneva Summit kỳ thứ 15: Phản bác các tuyên truyền của các chế độ độc tài,https://viettan.org/geneva-summit-ky-thu-15-phan-bac-cac-tuyen-truyen-cua-cac-che-do-doc-tai/,0
Quốc Hội California Công Nhận Ngày 11 Tháng 5 là Ngày Nhân Quyền Cho Việt Nam,https://viettan.org/quoc-hoi-california-cong-nhan-ngay-11-thang-5-la-ngay-nhan-quyen-cho-viet-nam/,0
Tuổi trẻ Thái Lan đang thay đổi cục diện chính trị,https://viettan.org/tuoi-tre-thai-lan-dang-thay-doi-cuc-dien-chinh-tri/,0
Quân đội Việt Nam có một đội quân troll và Facebook là vũ khí của họ,https://viettan.org/quan-doi-viet-nam-co-mot-doi-quan-troll-va-facebook-la-vu-khi-cua-ho/,0
Sám hối,https://viettan.org/sam-hoi/,0
Viết cho Anh: Anh Trương Dũng,https://viettan.org/viet-cho-anh-anh-truong-van-dung/,0
Toà Hình Sự Quốc Tế ra lệnh bắt giữ Tổng Thống Nga Putin về tội ác chiến tranh,https://viettan.org/toa-hinh-su-quoc-te-ra-lenh-bat-giu-tong-thong-nga-putin-ve-toi-ac-chien-tranh/,0
Thấy gì qua việc Việt Nam công bố sách trắng tôn giáo,https://viettan.org/thay-gi-qua-viec-viet-nam-cong-bo-sach-trang-ton-giao/,0
CSVN: Chế độ cướp giữa ban ngày,https://viettan.org/csvn-che-do-cuop-giua-ban-ngay/,0
Cuộc chiến Ukraine – Một năm nhìn lại,https://viettan.org/cuoc-chien-ukraine-mot-nam-nhin-lai/,0
Một năm chiến tranh Nga – Ukraine,https://viettan.org/mot-nam-chien-tranh-nga-ukraine/,0
Việt Nam và “kỷ nguyên mất mát”,https://viettan.org/viet-nam-va-ky-nguyen-mat-mat/,0
Người ở lại Charlie,https://viettan.org/nguoi-o-lai-charlie/,0
Việt Nam 2023 và cuộc “khủng hoảng kép” (Phần 2),https://viettan.org/viet-nam-2023-va-cuoc-khung-hoang-kep-phan-2/,0
"Báo cáo của Hoa Kỳ cho biết: Trung Quốc dẫn đầu thế giới về hàng giả, hàng nhái",https://viettan.org/bao-cao-cua-hoa-ky-cho-biet-trung-quoc-dan-dau-the-gioi-ve-hang-gia-hang-nhai/,0
Khối NATO đáp ứng yêu cầu về nhu cầu xe tăng hạng nặng của Ukraine,https://viettan.org/khoi-nato-dap-ung-yeu-cau-ve-nhu-cau-xe-tang-hang-nang-cua-ukraine/,0
Việt Nam 2023 với “khủng hoảng kép”,https://viettan.org/viet-nam-2023-voi-khung-hoang-kep/,0
Bao giờ trở lại Hoàng Sa?,https://viettan.org/bao-gio-tro-lai-hoang-sa/,0
Sách nhiễu tình dục và hãm hiếp,https://viettan.org/sach-nhieu-tinh-duc-va-ham-hiep/,0
Lại một cuộc cướp cạn,https://viettan.org/lai-mot-cuoc-cuop-can/,0
Hạ viện Mỹ thành lập một ủy ban mới để đối phó với các mối đe dọa từ Trung Quốc,https://viettan.org/ha-vien-my-thanh-lap-mot-uy-ban-moi-de-doi-pho-voi-cac-moi-de-doa-tu-trung-quoc/,0
"Kịch cũ, kép mới",https://viettan.org/kich-cu-kep-moi/,0
“Ngạo nghễ” trên đói nghèo và nô dịch,https://viettan.org/ngao-nghe-tren-doi-ngheo-va-no-dich/,0
Tình thần liên đới,https://viettan.org/tinh-than-lien-doi/,0
Giáo Hoàng Benedikt (Biển Đức) XVI qua đời,https://viettan.org/giao-hoang-benedikt-bien-duc-xvi-qua-doi/,0
10 sự kiện Việt Nam đáng chú ý trong năm 2022,https://viettan.org/10-su-kien-viet-nam-dang-chu-y-trong-nam-2022/,0
10 sự kiện thế giới đáng chú ý trong năm 2022,https://viettan.org/10-su-kien-the-gioi-dang-chu-y-trong-nam-2022/,0
Cây thông Noel bất khả chiến bại đã được thắp sáng tại Quảng trường Sophia của Kyiv,https://viettan.org/cay-thong-noel-bat-kha-chien-bai-da-duoc-thap-sang-tai-quang-truong-sophia-cua-kyiv/,0
Mua vui cũng được một vài trống canh!,https://viettan.org/mua-vui-cung-duoc-mot-vai-trong-canh/,0
"Ukraine nhận thiện cảm và viện trợ lớn từ Mỹ, Tổng thống Zelensky được lưỡng viện Quốc hội Mỹ đón chào nhiệt liệt",https://viettan.org/ukraine-nhan-thien-cam-va-vien-tro-lon-tu-my/,0
Phải nghĩ gì về vụ Trường mầm non Hoa Lan?,https://viettan.org/phai-nghi-gi-ve-vu-truong-mam-non-hoa-lan/,0
Nhà cầm quyền Kontum tháo dỡ chùa Linh Sơn thuộc Giáo Hội Phật Giáo Việt Nam Thống Nhất,https://viettan.org/nha-cam-quyen-kontum-thao-do-chua-linh-son-thuoc-giao-hoi-phat-giao-viet-nam-thong-nhat/,0
Một cái Tết buồn,https://viettan.org/mot-cai-tet-buon/,0
Vận động chính phủ Hòa Lan dùng “gậy” trong chính sách ngoại giao với CS Việt Nam,https://viettan.org/van-dong-chinh-phu-hoa-lan-dung-gay-trong-chinh-sach-ngoai-giao-voi-cs-viet-nam/,0
Việt Nam là đất nước nông nghiệp nhưng phải chi tỷ đô để nhập khẩu nông sản,https://viettan.org/viet-nam-la-dat-nuoc-nong-nghiep-nhung-phai-chi-ty-do-de-nhap-khau-nong-san/,0
Tổng thư ký Liên Hiệp Quốc nêu quan ngại về vấn đề nhân quyền trong chuyến thăm Việt Nam,https://viettan.org/tong-thu-ky-lien-hiep-quoc-neu-quan-ngai-ve-van-den-nhan-quyen-trong-chuyen-tham-viet-nam/,0
Viết cho em: Thầy giáo Nguyễn Năng Tĩnh,https://viettan.org/viet-cho-em-thay-giao-nguyen-nang-tinh/,0
Giải Thưởng Nhân Quyền Lê Đình Lượng vinh danh Thầy giáo Nguyễn Năng Tĩnh: Tiếng hát từ ngục tù,https://viettan.org/giai-thuong-nhan-quyen-le-dinh-luong-vinh-danh-thay-giao-nguyen-nang-tinh-tieng-hat-tu-nguc-tu/,0
Phóng sự: Gia đình các tù nhân lương tâm vững tin vào con đường người thân đã chọn,https://viettan.org/phong-su-gia-dinh-cac-tu-nhan-luong-tam-vung-tin-vao-con-duong-nguoi-than-da-chon/,0
Hãy tìm hiểu về Tuyên Ngôn Quốc Tế Nhân Quyền vì đó là quyền của bạn,https://viettan.org/hay-tim-hieu-ve-tuyen-ngon-quoc-te-nhan-quyen-vi-do-la-quyen-cua-ban/,0
Ước vọng Nhân Quyền và cuộc chiến để làm Người,https://viettan.org/uoc-vong-nhan-quyen-va-cuoc-chien-de-lam-nguoi/,0
Nhân quyền cho những người yêu nước!,https://viettan.org/nhan-quyen-cho-nhung-nguoi-yeu-nuoc/,0
Phụ nữ Iran cương quyết đấu tranh đến cùng – cảnh sát ‘đạo đức’ mất dạng trên đường phố!,https://viettan.org/phu-nu-iran-cuong-quyet-dau-tranh-den-cung-canh-sat-dao-duc-mat-dang-tren-duong-pho/,0
Sức mạnh từ tờ giấy trắng bất bạo động,https://viettan.org/suc-manh-tu-to-giay-trang-bat-bao-dong/,0
Nỗ lực đấu tranh chống chính sách “zero Covid” của dân Trung Quốc đã mang lại kết quả,https://viettan.org/no-luc-dau-tranh-chong-chinh-sach-zero-covid-cua-dan-trung-quoc-da-mang-lai-ket-qua/,0
"Doanh nghiệp BOT thua lỗ, sao người dân phải gánh thay",https://viettan.org/doanh-nghiep-bot-thua-lo-sao-nguoi-dan-phai-ganh-thay/,0
Biểu tình giấy trắng – nói lên tất cả những điều không được nói,https://viettan.org/bieu-tinh-giay-trang-noi-len-tat-ca-nhung-dieu-khong-duoc-noi/,0
Việt Nam có nguy cơ giống Venezuela,https://viettan.org/viet-nam-co-nguy-co-giong-venezuela/,0
Tức nước vỡ bờ: Trung Quốc biểu tình tràn lan chống chính sách Zero Covid,https://viettan.org/tuc-nuoc-vo-bo-trung-quoc-bieu-tinh-tran-lan-chong-chinh-sach-zero-covid/,0
Thấy gì từ buổi trình diễn “sự kiện lịch sử” của VinFast,https://viettan.org/thay-gi-tu-buoi-trinh-dien-su-kien-lich-su-cua-vinfast/,0
Hãy nghĩ tới một nước Việt Nam tự do dân chủ,https://viettan.org/hay-nghi-toi-mot-nuoc-viet-nam-tu-do-dan-chu/,0
Việt Tân lên án CSVN chậm trễ chăm sóc y tế khiến TNLT Phan Văn Thu chết trong trại giam,https://viettan.org/viet-tan-len-an-csvn-cham-tre-cham-soc-te-khien-tnlt-phan-van-thu-chet-trong-trai-giam/,0
Lối thoát cho nền kinh tế có đuôi,https://viettan.org/loi-thoat-cho-nen-kinh-te-co-duoi/,0
Thấy gì qua việc Bộ Tài Chính nói nhà đầu tư tự chịu trách nhiệm khi mua trái phiếu?,https://viettan.org/thay-gi-qua-viec-bo-tai-chinh-noi-nha-dau-tu-tu-chiu-trach-nhiem-khi-mua-trai-phieu/,0
Đại Hội ACAT Quốc Tế đồng hành với tù nhân lương tâm Việt Nam,https://viettan.org/dai-hoi-acat-quoc-te-dong-hanh-voi-tu-nhan-luong-tam-viet-nam/,0
Miếng da lừa cuối cùng đã hết!,https://viettan.org/mieng-da-lua-cuoi-cung-da-het/,0
Những nền tảng tinh thần cho công cuộc canh tân: Tinh thần trách nhiệm,https://viettan.org/nhung-nen-tang-tinh-than-cho-cong-cuoc-canh-tan-tinh-than-trach-nhiem/,0
Hội chứng Bắc Kinh của chính quyền Hà Nội,https://viettan.org/hoi-chung-bac-kinh-cua-chinh-quyen-ha-noi/,0
Chuyến đi định mệnh?,https://viettan.org/chuyen-di-dinh-menh/,0
"Nội dung bài phát biểu của ông Hoàng Tứ Duy, Tổng Bí Thư Đảng Việt Tân trong chuyến vận động dân chủ, nhân quyền cho Việt Nam ở Quốc Hội Canada",https://viettan.org/noi-dung-bai-phat-bieu-cua-ong-hoang-tu-duy-tong-bi-thu-dang-viet-tan-trong-chuyen-van-dong-dan-chu-nhan-quyen-cho-viet-nam-o-quoc-hoi-canada/,0
"Đảng Việt Tân gặp chính giới Canada vận động dân chủ, nhân quyền cho Việt Nam",https://viettan.org/dang-viet-tan-gap-chinh-gioi-canada-van-dong-nhan-quyen-cho-viet-nam/,0
Khủng hoảng đúng qui trình,https://viettan.org/khung-hoang-dung-qui-trinh/,0
Chưa từng thấy tại Iran: Tuổi trẻ và phụ nữ lãnh đạo cuộc nổi dậy chống độc tài,https://viettan.org/chua-tung-thay-tai-iran-tuoi-tre-va-phu-nu-lanh-dao-cuoc-noi-day-chong-doc-tai/,0
"Thấy gì từ điệp khúc “giá lên thì bán, giá xuống thì… hết”",https://viettan.org/thay-gi-tu-diep-khuc-gia-len-thi-ban-gia-xuong-thi-het/,0
Đại gia: Những con cừu béo của chế độ Cộng Sản,https://viettan.org/dai-gia-nhung-con-cuu-beo-cua-che-do-cong-san/,0
Vụ tặng 155 triệu Bảng Anh của bà Phương Thảo cho Đại Học Oxford có vấn đề,https://viettan.org/vu-tang-155-trieu-bang-anh-cua-ba-phuong-thao-cho-dai-hoc-oxford-co-van-de/,0
Cộng Sản Việt Nam được chọn vào Hội Đồng Nhân Quyền LHQ,https://viettan.org/cong-san-viet-nam-duoc-chon-vao-hoi-dong-nhan-quyen-lhq/,0
Chủ Tịch Đảng Việt Tân – Lý Thái Hùng: Tân lãnh đạo & đường lối mới của Đảng Việt Tân,https://viettan.org/chu-tich-dang-viet-tan-ly-thai-hung-tan-lanh-dao-duong-loi-moi-cua-dang-viet-tan/,0
"Trợ lý Tập Đoàn Vạn Thịnh Phát đột ngột qua đời sau 2 ngày bị khởi tố, tạm giam",https://viettan.org/tro-ly-tap-doan-van-thinh-phat-dot-ngot-qua-doi-sau-2-ngay-bi-khoi-to-tam-giam/,0
GDP tăng trưởng kỷ lục nhưng nền kinh tế chỉ còn cái… vỏ,https://viettan.org/gdp-tang-truong-ky-luc-nhung-nen-kinh-te-chi-con-cai-vo/,0
Khi Thăng Long …đứt long mạch?,https://viettan.org/khi-thang-long-dut-long-mach/,0
Việt Nam không đủ tiêu chuẩn vào Hội Đồng Nhân Quyền LHQ,https://viettan.org/viet-nam-khong-du-tieu-chuan-vao-hoi-dong-nhan-quyen-lhq/,0
CSVN không xứng đáng là thành viên của Hội Đồng Nhân Quyền LHQ,https://viettan.org/csvn-khong-xung-dang-la-thanh-vien-cua-hoi-dong-nhan-quyen-lhq/,0
Gỗ của Nga lách lệnh trừng phạt của Mỹ thông qua Việt Nam,https://viettan.org/go-cua-nga-lach-lenh-trung-phat-cua-my-thong-qua-viet-nam/,0
Nhiều nước Châu Á lên tiếng phản đối Nga sát nhập 4 vùng lãnh thổ của Ukraine,https://viettan.org/nhieu-nuoc-chau-a-len-tieng-phan-doi-nga-sat-nhap-4-vung-lanh-tho-cua-ukraine/,0
Tổng Trọng điều phe Nam ra ‘Bắc phạt’,https://viettan.org/tong-trong-dieu-phe-nam-ra-bac-phat/,0
Việt Tân phản đối tình trạng công an gia tăng bạo lực với dân,https://viettan.org/viet-tan-phan-doi-tinh-trang-cong-an-gia-tang-bao-luc-voi-dan/,0
Gia đình thiếu niên bị công an tỉnh Sóc Trăng đánh nộp đơn tố cáo,https://viettan.org/gia-dinh-thieu-nien-bi-cong-an-tinh-soc-trang-danh-nop-don-to-cao/,0
Công An Sóc Trăng hành xử như côn an: Đánh tới tấp 2 thiếu niên khiến dư luận phẫn nộ,https://viettan.org/co%cc%82ng-an-soc-trang-hanh-xu-nhu-con-an-danh-2-thieu-nien-khien-du-luan-phan-no/,0
Vụ “chuyến bay giải cứu”: Bắt trợ lý Phó Thủ Tướng Phạm Bình Minh vì nhận hối lộ,https://viettan.org/vu-chuyen-bay-giai-cuu-bat-tro-ly-pho-thu-tuong-pham-binh-minh-vi-nhan-hoi-lo/,0
“Tôi sẽ không chết vì Putin!”,https://viettan.org/toi-se-khong-chet-vi-putin/,0
Hàng ngàn người biểu tình phản chiến bị cảnh sát Nga bắt giữ,https://viettan.org/hang-ngan-nguoi-bieu-tinh-phan-chien-bi-canh-sat-nga-bat-giu/,0
Người Nga biểu tình chống lệnh điều động quân dự bị của Tổng Thống Putin,https://viettan.org/nguoi-nga-bieu-tinh-chong-lenh-dieu-dong-quan-du-bi-cua-tong-thong-putin/,0
Làn sóng biểu tình trên khắp Iran phản đối cái chết của một phụ nữ trẻ bị cảnh sát giam giữ,https://viettan.org/lan-song-bieu-tinh-tren-khap-iran-phan-doi-cai-chet-cua-mot-phu-nu-tre-bi-canh-sat-giam-giu/,0
Những nguy cơ đe dọa sự tồn vong của chế độ Cộng Sản Việt Nam,https://viettan.org/nhung-nguy-co-de-doa-su-ton-vong-cua-che-do-cong-san-viet-nam/,0
Biến lớn ở Nga: Các nhóm phản chiến kêu gọi dân chúng phản đối lệnh động viên quân sự của Putin,https://viettan.org/bien-lon-o-nga-cac-nhom-phan-chien-keu-goi-dan-chung-phan-doi-lenh-dong-vien-quan-su-cua-putin/,0
Đấu giá siêu xe dát vàng tịch biên của cựu Chủ Tịch Tập Đoàn FLC Trịnh Văn Quyết,https://viettan.org/dau-gia-sieu-xe-dat-vang-tich-bien-cua-cuu-chu-tich-tap-doan-flc-trinh-van-quyet/,0
Thất bại cay đắng của Nguyễn Phú Trọng,https://viettan.org/that-bai-cay-dang-cua-nguyen-phu-trong/,0
"Nhà nước còn độc quyền, dân còn khổ",https://viettan.org/nha-nuoc-con-doc-quyen-dan-con-kho/,0
Tổng Thống Ukraine tố cáo Nga gây tội ác chiến tranh: Hố chôn tập thể tại Izium,https://viettan.org/tong-thong-ukraine-to-cao-nga-gay-toi-ac-chien-tranh-ho-chon-tap-the-tai-izium/,0
Tương lai nào cho nước Nga?,https://viettan.org/tuong-lai-nao-cho-nuoc-nga/,0
"Canada hỗ trợ hơn 4,5 tỷ CAD cho người dân có thu nhập thấp",https://viettan.org/canada-ho-tro-hon-45-ty-cad-cho-nguoi-dan-co-thu-nhap-thap/,0
Áp lực đòi Putin từ chức sau thất bại quân sự nặng nề mới nhất ở Ukraine,https://viettan.org/ap-luc-doi-putin-tu-chuc-sau-that-bai-quan-su-nang-ne-moi-nhat-o-ukraine/,0
Các doanh nghiệp Mỹ phản đối quy định lưu trữ dữ liệu người dùng tại Việt Nam,https://viettan.org/cac-doanh-nghiep-my-phan-doi-quy-dinh-luu-tru-du-lieu-nguoi-dung-tai-viet-nam/,0
Nữ Hoàng Elizabeth Đệ Nhị: Biểu tượng của sự ổn định trong một thế giới biến chuyển,https://viettan.org/nu-hoang-elizabeth-de-nhi-bieu-tuong-cua-su-on-dinh-trong-mot-the-gioi-bien-chuyen/,0
Vũ khí Bắc Hàn giúp gì được cho Nga trong cuộc chiến ở Ukraine?,https://viettan.org/vu-khi-bac-han-giup-gi-duoc-cho-nga-trong-cuoc-chien-o-ukraine/,0
Khu kinh tế ngàn tỷ ở Cà Mau bỏ hoang,https://viettan.org/khu-kinh-te-ngan-ty-o-ca-mau-bo-hoang/,0
Putin – Gorbachev: Hai tầm nhìn về sự vĩ đại của nước Nga,https://viettan.org/putin-gorbachev-hai-tam-nhin-ve-su-vi-dai-cua-nuoc-nga/,0
Mùa tựu trường: Nỗi lo không chỉ riêng ai,https://viettan.org/mua-tuu-truong-noi-lo-khong-chi-rieng-ai/,0
Di sản bị tranh chấp của Gorbachev,https://viettan.org/di-san-bi-tranh-chap-cua-gorbachev/,0
"Hội Tướng Lĩnh Huyện Đức Thọ bị giải tán, là vì… đảng “lo sợ hiện tượng đa nguyên”",https://viettan.org/hoi-tuong-linh-huyen-duc-tho-bi-giai-tan-la-vi-dang-lo-so-hien-tuong-da-nguyen/,0
Bóp nghẹt không gian sống trên mạng ảo,https://viettan.org/bop-nghet-khong-gian-song-tren-mang-ao/,0
Mùa đông đang đến!,https://viettan.org/mua-dong-dang-den/,0
Sáu tháng chiến tranh ở Ukraine,https://viettan.org/sau-thang-chien-tranh-o-ukraine/,0
CSVN báo động công nhân viên chức nhà nước tháo chạy khỏi cơ quan,https://viettan.org/csvn-bao-dong-cong-nhan-vien-chuc-nha-nuoc-thao-chay-khoi-co-quan/,0
Nhà nước thổ phỉ và cuộc trình diễn của cái ác,https://viettan.org/nha-nuoc-tho-phi-va-cuoc-trinh-dien-cua-cai-ac/,0
Tiệc xác người,https://viettan.org/tiec-xac-nguoi/,0
Tương lai của Việt Nam và nền giáo dục băng hoại không thể cứu vãn,https://viettan.org/tuong-lai-cua-viet-nam-va-nen-giao-duc-bang-hoai-khong-the-cuu-van/,0
"Dân nghèo kêu trời, Ngân Hàng Chính Sách Xã Hội ở đâu?",https://viettan.org/dan-ngheo-keu-troi-ngan-hang-chinh-sach-xa-hoi-o-dau/,0
“Công lý” vẫn là… thủ thuật trị an!,https://viettan.org/cong-ly-van-la-thu-thuat-tri-an/,0
Kinh tế Việt Nam trước rủi ro địa kinh tế chính trị khu vực,https://viettan.org/kinh-te-viet-nam-truoc-rui-ro-dia-kinh-te-chinh-tri-khu-vuc/,0
Việt Tân lên án CSVN ngược đãi khiến tù nhân chính trị Đỗ Công Đương chết trong tù,https://viettan.org/viet-tan-len-an-csvn-nguoc-dai-khien-tu-nhan-chinh-tri-do-cong-duong-chet-trong-tu/,0
Khả năng chiến tranh Trung – Đài sau chuyến đi của bà Pelosi,https://viettan.org/kha-nang-chien-tranh-trung-dai-sau-chuyen-di-cua-ba-pelosi/,0
Việt Nam tuần qua,https://viettan.org/viet-nam-tuan-qua/,0
"Từ câu chuyện gang thép Thái Nguyên đến mong ước về nền “kinh tế độc lập, tự chủ, hiệu quả, hiện đại”",https://viettan.org/tu-cau-chuyen-gang-thep-thai-nguyen-den-mong-uoc-ve-nen-kinh-te-doc-lap-tu-chu-hieu-qua-hien-dai/,0
Ông Phạm Minh Chính ‘xót ruột’ khi đến thăm dự án Gang Thép Thái Nguyên,https://viettan.org/ong-pham-minh-chinh-xot-ruot-khi-den-tham-du-an-gang-thep-thai-nguyen/,0
Nhà hát Opera Hà Nội và phép thử của chính sách cướp đất mới của các tập đoàn Tư Bản Đỏ,https://viettan.org/nha-hat-opera-ha-noi-va-phep-thu-cua-chinh-sach-cuop-dat-moi-cua-cac-tap-doan-tu-ban-do/,0
Hai Bà Đầm Thép dạy Trung Cộng bài học dũng cảm,https://viettan.org/hai-ba-dam-thep-day-trung-cong-bai-hoc-dung-cam/,0
Tự Trị Đại Học,https://viettan.org/tu-tri-dai-hoc/,0
Cú hích Thái Bình Dương của Trung Quốc đang phản tác dụng,https://viettan.org/cu-hich-thai-binh-duong-cua-trung-quoc-dang-phan-tac-dung/,0
Bản án Tịnh Thất Bồng Lai là chuyện “thích nhật từ và Bò”,https://viettan.org/ban-an-tinh-that-bong-lai-la-chuyen-thich-nhat-tu-va-bo/,0
Bản chất lật lọng của Bắc Kinh đối với gia đình Rajapaksa: Bài học cho các nhà lãnh đạo thân TQ,https://viettan.org/ban-chat-lat-long-cua-bac-kinh-doi-voi-gia-dinh-rajapaksa-bai-hoc-cho-cac-nha-lanh-dao-than-tq/,0
"Ngày càng có nhiều người phản đối dự án xây nhà hát trên Đầm Trị, Hồ Tây",https://viettan.org/ngay-cang-co-nhieu-nguoi-phan-doi-du-an-xay-nha-hat-tren-dam-tri-ho-tay/,0
Thử thách của Bộ Y Tế,https://viettan.org/thu-thach-cua-bo-y-te/,0
Thu hút người tài,https://viettan.org/thu-hut-nguoi-tai/,0
Bổ nhiệm bà Đào Hồng Lan là quyền bộ trưởng Y Tế: Dụng nhân như dụng… ‘củi’?,https://viettan.org/bo-nhiem-ba-dao-hong-lan-la-quyen-bo-truong-y-te-dung-nhan-nhu-dung-cui/,0
Khi tham nhũng là… “đòn bẩy” GDP ở Việt Nam,https://viettan.org/khi-tham-nhung-la-don-bay-gdp-o-viet-nam/,0
Chợ phiên cung đình,https://viettan.org/cho-phien-cung-dinh/,0
"Bà Akie Abe, hình mẫu mới cho các đệ nhất phu nhân",https://viettan.org/ba-akie-abe-hinh-mau-moi-cho-cac-de-nhat-phu-nhan/,0
“Lòng tốt” của kẻ cướp,https://viettan.org/long-tot-cua-ke-cuop/,0
Tại sao nền kinh tế Sri Lanka sụp đổ và những gì sẽ xảy ra tiếp theo,https://viettan.org/tai-sao-nen-kinh-te-sri-lanka-sup-do-va-nhung-gi-se-xay-ra-tiep-theo/,0
"Con vẹt “Độc lập, Tự chủ”",https://viettan.org/con-vet-doc-lap-tu-chu/,0
Tập đoàn Tân Tạo của bà Đặng Thị Hoàng Yến khởi kiện chính phủ Việt Nam ra cơ quan trọng tài quốc tế,https://viettan.org/tap-doan-tan-tao-cua-ba-dang-thi-hoang-yen-khoi-kien-chinh-phu-viet-nam-ra-co-quan-trong-tai-quoc-te/,0
Từ “đạo đức Hồ hố” đến “gia tài của mẹ”,https://viettan.org/tu-dao-duc-ho-ho-den-gia-tai-cua-me/,0
Lá cờ Liên Minh Châu Âu được long trọng đưa vào Quốc Hội Ukraine – Verkhovna Rada,https://viettan.org/la-co-lien-minh-chau-au-duoc-long-trong-dua-vao-quoc-hoi-ukraine-verkhovna-rada/,0
"Khủng hoảng y tế hay khủng hoảng đạo đức, chính trị ở xã hội Việt Nam?",https://viettan.org/khung-hoang-y-te-hay-khung-hoang-dao-duc-chinh-tri-o-xa-hoi-viet-nam/,0
"Giậu chưa đổ, bìm đã leo",https://viettan.org/giau-chua-do-bim-da-leo/,0
Ngành Y Tế Việt Nam bị “toang” sau vụ Việt Á,https://viettan.org/nganh-y-te-viet-nam-bi-toang-sau-vu-viet-a/,0
Những quốc gia “Cùng Nhau Xuống Hố”,https://viettan.org/nhung-quoc-gia-cung-nhau-xuong-ho/,0
Vì sao CSVN phát động phong trào thi đua xây dựng môi trường văn hóa trong báo chí?,https://viettan.org/vi-sao-csvn-phat-dong-phong-trao-thi-dua-xay-dung-moi-truong-van-hoa-trong-bao-chi/,0
Chuông nguyện hồn… Vin!,https://viettan.org/chuong-nguyen-hon-vin/,0
“Trùm cuối” và cuộc săn lùng “cá voi trắng Mobi Dick” của ông tổng Tịch,https://viettan.org/trum-cuoi-va-cuoc-san-lung-ca-voi-trang-mobi-dick-cua-ong-tong-tich/,0
Cuộc chiến ở Ukraine có phải cán cân đang nghiêng về phía Moscow không? Vẫn chưa!,https://viettan.org/cuoc-chien-o-ukraine-co-phai-can-can-dang-nghieng-ve-phia-moscow-khong-van-chua/,0
"Juneteenth, kỷ niệm ngày giải phóng nô lệ da đen ở Hoa Kỳ",https://viettan.org/juneteenth-ky-niem-ngay-giai-phong-no-le-da-den-o-hoa-ky/,0
Các tổ chức bảo vệ môi trường áp lực CSVN trả tự do cho bà Ngụy Thị Khanh,https://viettan.org/cac-to-chuc-bao-ve-moi-truong-ap-luc-csvn-tra-tu-do-cho-ba-nguy-thi-khanh/,0
Mỹ và Trung Quốc: Câu chuyện đấu tay đôi tại Đối Thoại Shangri-La,https://viettan.org/my-va-trung-quoc-cau-chuyen-dau-tay-doi-tai-doi-thoai-shangri-la/,0
“Thuyền trưởng” Phạm Minh Chính và “con tàu đắm” Việt Nam,https://viettan.org/thuyen-truo%cc%89ng-pha%cc%a3m-minh-chinh-va-con-tau-dam-vie%cc%a3t-nam/,0
"Đại án Việt Á: Nguyễn Thanh Long, Chu Ngọc Anh có phải là “trùm cuối”?",https://viettan.org/dai-an-viet-a-nguyen-thanh-long-chu-ngoc-anh-co-phai-la-trum-cuoi/,0
Vì sao Ông Trọng xuống tay triệt để đối với ông Long và ông Anh qua vụ Việt Á?,https://viettan.org/vi-sao-ong-trong-xuong-tay-triet-de-doi-voi-ong-long-va-ong-anh-qua-vu-viet-a/,0
Báo chí quốc tế nói gì về vụ Bộ Trưởng Nguyễn Thanh Long và Chủ Tịch Hà Nội Chu Ngọc Anh bị bắt,https://viettan.org/bao-chi-quoc-te-noi-gi-ve-vu-bo-truong-nguyen-thanh-long-va-chu-tich-ha-noi-chu-ngoc-anh-bi-bat/,0
"Các giới chức Tây Phương cho biết, Trung Quốc đang xây dựng một căn cứ Hải Quân tại Campuchia",https://viettan.org/cac-gioi-chuc-tay-phuong-cho-biet-trung-quoc-dang-xay-dung-mot-can-cu-hai-quan-tai-campuchia/,0
Cánh tay dài của chủ nghĩa độc tài,https://viettan.org/canh-tay-dai-cua-chu-nghia-doc-tai/,0
"Cướp, cướp nữa bàn tay không ngưng nghỉ",https://viettan.org/cuop-cuop-nua-ban-tay-khong-ngung-nghi/,0
Buổi trao Giải Nhân Quyền Martin Ennals 2022 cho Phạm Đoan Trang,https://viettan.org/buoi-trao-giai-nhan-quyen-martin-ennals-2022-cho-pham-doan-trang/,0
Chủ Tịch Đảng Việt Tân Đỗ Hoàng Điềm nói về hoạt động đấu tranh của Việt Tân,https://viettan.org/chu-tich-dang-viet-tan-do-hoang-diem-noi-ve-hoat-dong-dau-tranh-cua-viet-tan/,0
Dân làng ở huyện Cư Mgar tỉnh Đắk Lắk biểu tình đòi đất,https://viettan.org/da%cc%82n-lang-o-huyen-cu-mgar-tinh-dak-lak-bie%cc%82%cc%89u-tinh-doi-dat/,0
Kế hoạch bí mật giúp Tòa Bạch Ốc đi trước Nga một bước,https://viettan.org/ke-hoach-bi-mat-giup-toa-bach-oc-di-truoc-nga-mot-buoc/,0
Ngoại Trưởng Mỹ Blinken: Trung Quốc là mối đe dọa lâu dài cho trật tự thế giới,https://viettan.org/ngoai-truong-my-blinken-trung-quoc-la-moi-de-doa-lau-dai-cho-trat-tu-the-gioi/,0
TNLT Hồ Đức Hòa ưu tư về điều kiện giam giữ mà các bạn tù chính trị còn phải chịu đựng,https://viettan.org/tnlt-ho%cc%82-du%cc%9bc-hoa-uu-tu-ve-dieu-kien-giam-giu-ma-cac-ban-tu-chinh-tri-con-phai-chiu-dung/,0
Cuộc chiến vì Đài Loan có thể chuyển sang chiến tranh hạt nhân,https://viettan.org/cuoc-chien-vi-dai-loan-co-the-chuyen-sang-chien-tranh-hat-nhan/,0
Tổng Thống Biden: Quân đội Hoa Kỳ sẽ bảo vệ Đài Loan nếu Trung Quốc tấn công,https://viettan.org/tong-thong-biden-quan-doi-hoa-ky-se-bao-ve-dai-loan-neu-trung-quoc-tan-cong/,0
Lòng Tin và Chân Thành,https://viettan.org/long-tin-va-chan-thanh/,0
"Ông Phạm Minh Chính hãy tổ chức đối thoại đi, đừng nói suông!",https://viettan.org/ong-pham-minh-chinh-hay-to-chuc-doi-thoai-di-dung-noi-suong/,0
Người Việt trẻ ở Mỹ: “Việt Nam cần cho người trẻ tham gia vào chính phủ!”,https://viettan.org/nguoi-viet-tre-o-my-viet-nam-can-cho-nguoi-tre-tham-gia-vao-chinh-phu/,0
"Vì sao cựu Bộ Trưởng Y Tế Nguyễn Thị Kim Tiến không bị khởi tố, bắt giam?",https://viettan.org/vi-sao-cuu-bo-truong-y-te-nguyen-thi-kim-tien-khong-bi-khoi-to-bat-giam/,0
Lại chuyện đất đai,https://viettan.org/lai-chuyen-dat-dai/,0
Nhiều cộng đồng cùng biểu tình tại Hoa Thịnh Đốn trong dịp Hội Nghị Thượng Đỉnh Mỹ-ASEAN,https://viettan.org/nhieu-cong-dong-cung-bieu-tinh-tai-hoa-thinh-don-trong-dip-hoi-nghi-thuong-dinh-my-asean/,0
"“Coin đất nền,” trái phiếu rác và sự trả giá của nền kinh tế quốc gia",https://viettan.org/coin-dat-nen-trai-phieu-rac-va-su-tra-gia-cua-nen-kinh-te-quoc-gia/,0
Câu chuyện một kẻ chuyên quyền,https://viettan.org/cau-chuyen-mot-ke-chuyen-quyen/,0
500.000 USD và “đường lối” của CSVN,https://viettan.org/500-000-usd-va-duong-loi-cua-csvn/,0
Việt Tân lên án nhà cầm quyền CSVN đưa tù nhân lương tâm Nguyễn Thúy Hạnh vào bệnh viện tâm thần,https://viettan.org/viet-tan-len-an-nha-cam-quyen-csvn-dua-tu-nhan-luong-tam-nguyen-thuy-hanh-vao-benh-vien-tam-than/,0
Liên Minh Trung Quốc – Campuchia – Lào: Việt Nam đang trong tình thế nguy hiểm,https://viettan.org/lien-minh-trung-quoc-campuchia-lao-viet-nam-dang-trong-tinh-the-nguy-hiem/,0
"Bài học từ chiến tranh Ukraine, từ Nhật Bản đến Việt Nam",https://viettan.org/bai-hoc-tu-chien-tranh-ukraine-tu-nhat-ban-den-viet-nam/,0
"Đánh Nhàn, không cẩn thận “vỡ bình”",https://viettan.org/danh-nhan-khong-can-than-vo-binh/,0
"47 năm, ai là “bên thắng cuộc,” ai là bên thua cuộc?",https://viettan.org/47-nam-ai-la-ben-thang-cuoc-ai-la-ben-thua-cuoc/,0
Sài Gòn Thương Mến,https://viettan.org/sai-gon-thuong-men-2/,0
Sự mở rộng của NATO ở Bắc Âu,https://viettan.org/su-mo-rong-cua-nato-o-bac-au/,0
Diễn giải bệnh hoạn của Tập Cận Bình và Putin về “hòa bình” và “an ninh”,https://viettan.org/dien-giai-benh-hoan-cua-tap-can-binh-va-putin-ve-hoa-binh-va-an-ninh/,0
Phần Lan và Thụy Điển quyết định,https://viettan.org/phan-lan-va-thuy-dien-quyet-dinh/,0
Tam giác quan hệ Việt – Nga – Trung trong tình hình mới,https://viettan.org/tam-giac-quan-he-viet-nga-trung-trong-tinh-hinh-moi/,0
“Thần tốc xét nghiệm trên diện rộng” không thể vô can,https://viettan.org/than-toc-xet-nghiem-tren-dien-rong-khong-the-vo-can/,0
Thời kỳ tăng trưởng chậm ở Trung Quốc,https://viettan.org/thoi-ky-tang-truong-cham-o-trung-quoc/,0
Những chính sách hủy hoại quốc gia và sự sụp đổ không thể né tránh,https://viettan.org/nhung-chinh-sach-huy-hoai-quoc-gia-va-su-sup-do-khong-the-ne-tranh/,0
Tại sao hầu hết các quốc gia Ấn Độ-Thái Bình Dương rón rén chung quanh Nga,https://viettan.org/tai-sao-hau-het-cac-quoc-gia-an-do-thai-binh-duong-ron-ren-chung-quanh-nga/,0
Khủng hoảng dân sinh và sự sụp đổ thị trường tài chính ở Việt Nam,https://viettan.org/khung-hoang-dan-sinh-va-su-sup-do-thi-truong-tai-chinh-o-viet-nam/,0
Nghị quyết Cá tháng Tư và những “tổ kiến hổng sụp toang đê vỡ”,https://viettan.org/nghi-quyet-ca-thang-tu-va-nhung-to-kien-hong-sup-toang-de-vo/,0
Hội Nghị Thượng Đỉnh Geneva về Nhân Quyền và Dân Chủ 2022,https://viettan.org/hoi-nghi-thuong-dinh-geneva-ve-nhan-quyen-va-dan-chu-2022/,0
“Cái lò ông Trọng” và cuộc chia chác cuối cùng của bầy kền kền Đỏ,https://viettan.org/cai-lo-ong-trong-va-cuoc-chia-chac-cuoi-cung-cua-bay-ken-ken-do/,0
Trung Quốc dồn dập bành trướng ở Biển Đông,https://viettan.org/trung-quoc-don-dap-banh-truong-o-bien-dong/,0
"Chủ Tịch Tập Đoàn FLC Trịnh Văn Quyết bị khởi tố, bắt tạm giam",https://viettan.org/chu-tich-tap-doan-flc-trinh-van-quyet-bi-khoi-to-bat-tam-giam/,0
Vụ bắt bà Nguyễn Phương Hằng: Những điều luật phục vụ thủ đoạn của chính quyền CSVN,https://viettan.org/vu-bat-ba-nguyen-phuong-hang-nhung-dieu-luat-phuc-vu-thu-doan-cua-chinh-quyen-csvn/,0
Điểm yếu của kẻ chuyên quyền (Phần 1),https://viettan.org/diem-yeu-cua-ke-chuyen-quyen-phan-1/,0
Khi tuyên giáo điều hành cả y tế và kinh tế,https://viettan.org/khi-tuyen-giao-dieu-hanh-ca-y-te-va-kinh-te/,0
CSVN lại nhắc đến xây dựng nhà nước pháp quyền xã hội chủ nghĩa,https://viettan.org/csvn-lai-nhac-den-xay-dung-nha-nuoc-phap-quyen-xa-hoi-chu-nghia/,0
"Đối với Trung Quốc, Việt Nam là mục tiêu dễ đánh chiếm hơn Đài Loan",https://viettan.org/doi-voi-trung-quoc-viet-nam-la-muc-tieu-de-danh-chiem-hon-dai-loan/,0
Cộng đồng người Việt tại Ba Lan cứu giúp người VN ở Ukraine tỵ nạn chiến tranh,https://viettan.org/cong-dong-nguoi-viet-tai-ba-lan-cuu-giup-nguoi-vn-o-ukraine-ty-nan-chien-tranh/,0
Nam Hàn cần phải nâng tầm,https://viettan.org/nam-han-can-phai-nang-tam/,0
Cố thủ trong lô cốt nội bộ,https://viettan.org/co-thu-trong-lo-cot-noi-bo/,0
Một nữ biên tập viên phản đối chiến tranh trong chương trình tin tức trực tiếp trên đài nhà nước Nga,https://viettan.org/mot-nu-bien-tap-vien-phan-doi-chien-tranh-trong-chuong-trinh-tin-tuc-truc-tiep-tren-dai-nha-nuoc-nga/,0
Não trạng nô lệ của người CSVN,https://viettan.org/nao-trang-no-le-cua-nguoi-csvn/,0
Khúc bi tráng Gạc Ma,https://viettan.org/khuc-bi-trang-gac-ma/,0
"Ukraine, Gạc Ma và Hoàng Sa",https://viettan.org/ukraine-gac-ma-va-hoang-sa/,0
Hội Nghị Thượng Đỉnh Châu Âu và tình hình Ukraine,https://viettan.org/hoi-nghi-thuong-dinh-chau-au-va-tinh-hinh-ukraine/,0
Khả năng phục hồi kinh tế của Việt Nam là con số không,https://viettan.org/kha-nang-phuc-hoi-kinh-te-cua-viet-nam-la-con-so-khong/,0
Gạc Ma 14/3/1988: Một cuộc hải chiến hay thảm sát?,https://viettan.org/gac-ma-14-3-1988-mot-cuoc-hai-chien-hay-tham-sat/,0
Dân Nga chất vấn giới chức địa phương tại sao gửi con của họ sang Ukraine xâm lược,https://viettan.org/dan-nga-chat-van-gioi-chuc-dia-phuong-tai-sao-gui-con-cua-ho-sang-ukraine-xam-luoc/,0
Quân đội Ukraine thật sự là một quân đội nhân dân,https://viettan.org/quan-doi-ukraine-that-su-la-mot-quan-doi-nhan-dan/,0
Các tù binh Nga kêu gọi: Dân Nga hãy làm mọi thứ có thể để ngăn chặn cuộc chiến này,https://viettan.org/cac-tu-binh-nga-keu-goi-dan-nga-hay-lam-moi-thu-co-the-de-ngan-chan-cuoc-chien-nay/,0
Chắc chết hay chết chắc,https://viettan.org/chac-chet-hay-chet-chac/,0
Ý Nghĩa và Ảnh Hưởng của Cuộc Chiến Ukraine,https://viettan.org/y-nghia-va-anh-huong-cua-cuoc-chien-ukraine/,0
Chạy đua vũ trang ở Châu Á: Trung Quốc thúc đẩy chi tiêu quân sự,https://viettan.org/chay-dua-vu-trang-o-chau-a-trung-quoc-thuc-day-chi-tieu-quan-su/,0
"Người dân Nga liên tục biểu tình chống chiến tranh xâm lăng Ukraine hàng ngày, gần 6000 người bị bắt",https://viettan.org/78554-2/,0
Đòn trừng phạt SWIFT tác động lên Nga ra sao?,https://viettan.org/don-trung-phat-swift-tac-dong-len-nga-ra-sao/,0
10 vấn đề của thế giới sau khi Nga tấn công Ukraine,https://viettan.org/10-van-de-cua-the-gioi-sau-khi-nga-tan-cong-ukraine/,0
Khinh Bỉ và Ngưỡng Phục,https://viettan.org/khinh-bi-va-nguong-phuc/,0
Sự can dự của Hoa Kỳ vào Trung Quốc là một “sai lầm chiến lược”,https://viettan.org/su-can-du-cua-hoa-ky-vao-trung-quoc-la-mot-sai-lam-chien-luoc/,0
Washington phải chuẩn bị cho cuộc chiến với cả Nga và Trung Quốc,https://viettan.org/washington-phai-chuan-bi-cho-cuoc-chien-voi-ca-nga-va-trung-quoc/,0
Nếu Nga thắng thì sao?,https://viettan.org/neu-nga-thang-thi-sao/,0
Putin không thể xóa sổ Ukraine,https://viettan.org/putin-khong-the-xoa-so-ukraine/,0
"Từ câu chuyện cũ về “giá, lương, tiền” đến miếng thịt lợn, xăng dầu, điện, kit xét nghiệm đểu… của nền kinh tế “định hướng XHCN”",https://viettan.org/tu-cau-chuyen-cu-ve-gia-luong-tien-den-mieng-thit-lon-xang-dau-dien-kit-xet-nghiem-deu-cua-nen-kinh-te-dinh-huong-xhcn/,0
Việt Nam trong Top 10 nước đứng cuối bảng xếp hạng dân chủ,https://viettan.org/viet-nam-trong-top-10-nuoc-dung-cuoi-bang-xep-hang-dan-chu/,0
"Giấc mơ “trâu hóa hổ,” “giun hóa rồng” của người Cộng Sản",https://viettan.org/giac-mo-trau-hoa-ho-giun-hoa-rong-cua-nguoi-cong-san/,0
Điểm cộng cho Bí thư Nên,https://viettan.org/diem-cong-cho-bi-thu-nen/,0
Cuộc tháo chạy của giới Tư Bản Đỏ,https://viettan.org/cuoc-thao-chay-cua-gioi-tu-ban-do/,0
Đổi mới thể chế – Ai sẽ là kẻ đeo chuông cổ mèo?,https://viettan.org/doi-moi-the-che-ai-se-la-ke-deo-chuong-co-meo/,0
“Covid-19” còn là đại dịch tham nhũng ở Việt Nam,https://viettan.org/covid-19-con-la-dai-dich-tham-nhung-o-viet-nam/,0
Ông Trọng “đốt lò” để làm gì?,https://viettan.org/ong-trong-dot-lo-de-lam-gi/,0
Có phải Trung Quốc đang khóa miệng “những chiến binh sói”?,https://viettan.org/co-phai-trung-quoc-dang-khoa-mieng-nhung-chien-binh-soi/,0
Nếu như ông Vượng làm cách khác thì hay hơn cho Vingroup,https://viettan.org/neu-nhu-ong-vuong-lam-cach-khac-thi-hay-hon-cho-vingroup/,0
Quyền Anh – Quyền Tôi,https://viettan.org/quyen-anh-quyen-toi-2/,0
Phép vua thua lệ làng,https://viettan.org/phep-vua-thua-le-lang/,0
Những kẻ chống lưng,https://viettan.org/nhung-ke-chong-lung/,0
Vì sao côn an xé to vụ án Tịnh Thất Bồng Lai,https://viettan.org/vi-sao-con-an-xe-to-vu-an-tinh-that-bong-lai/,0
Việt Á – cuộc đảo chính không tiếng súng của Tô Lâm,https://viettan.org/viet-a-cuoc-dao-chinh-khong-tieng-sung-cua-to-lam/,0
Phạm Minh Hoàng: Mưu đồ của chính quyền Long An khi khởi tố Tịnh Thất Bồng Lai,https://viettan.org/pham-minh-hoang-muu-do-cua-chinh-quyen-long-an-khi-khoi-to-tinh-that-bong-lai/,0
"Báo CAND: “Dân chủ không đồng nghĩa với đa nguyên, đa đảng”",https://viettan.org/bao-cand-dan-chu-khong-dong-nghia-voi-da-nguyen-da-dang/,0
50 bức ảnh độc đáo năm 2021 của Trang Foreign Policy,https://viettan.org/50-buc-anh-doc-dao-nam-2021-cua-trang-foreign-policy/,0
"Tân Đại sứ Knapper tuyên thệ tại Bộ Ngoại giao Mỹ, sẽ tới Việt Nam sau vài tuần",https://viettan.org/tan-dai-su-knapper-tuyen-the-tai-bo-ngoai-giao-my-se-toi-viet-nam-sau-vai-tuan/,0
Chu Ngọc Anh đứng sau vụ kít xét nghiệm Việt Á?,https://viettan.org/chu-ngoc-anh-dung-sau-vu-kit-xet-nghiem-viet-a/,0
10 sự kiện thế giới đáng chú ý trong năm 2021,https://viettan.org/10-su-kien-the-gioi-dang-chu-y-trong-nam-2021/,0
10 tin Việt Nam đáng chú ý trong năm 2021,https://viettan.org/10-tin-viet-nam-dang-chu-y-trong-nam-2021/,0
Học Viện Quân Y một thành phần của liên minh lừa đảo trong vụ án Việt Á,https://viettan.org/hoc-vien-quan-y-mot-thanh-phan-cua-lien-minh-lua-dao-trong-vu-an-viet-a/,0
Ông Phạm Minh Hoàng: Ai là người nắm giữ 80% cổ phần công ty Việt Á?,https://viettan.org/ong-pham-minh-hoang-ai-la-nguoi-nam-giu-80-co-phan-cong-ty-viet-a/,0
"Kinh tế tư nhân sụp đổ, nhưng 700.000 tỷ đồng “nhàn rỗi” lại được kho bạc đem gửi để “lấy lãi”",https://viettan.org/kinh-te-tu-nhan-sup-do-nhung-700-000-ty-dong-nhan-roi-lai-duoc-kho-bac-dem-gui-de-lay-lai/,0
Chỉnh đốn đảng chừng nào thành công?,https://viettan.org/chinh-don-dang-chung-nao-thanh-cong/,0
Những cái bánh vẽ to tướng,https://viettan.org/nhung-cai-banh-ve-to-tuong/,0
Sợ cả tiếng đàn Guitar,https://viettan.org/so-ca-tieng-dan-guitar/,0
Nan đề của lộ trình xây dựng nhà nước “kiến tạo phát triển”,https://viettan.org/nan-de-cua-lo-trinh-xay-dung-nha-nuoc-kien-tao-phat-trien/,0
"Những tài hoa đã đi qua, chỉ còn điêu tàn ở lại?",https://viettan.org/nhung-tai-hoa-da-di-qua-chi-con-dieu-tan-o-lai/,0
"Từ “nông thôn mới” đến “Tam nông,” những chính sách chỉ đẹp trên giấy",https://viettan.org/tu-nong-thon-moi-den-tam-nong-nhung-chinh-sach-chi-dep-tren-giay/,0
Nhà hoạt động nhân quyền Lê Đình Lượng,https://viettan.org/nha-hoat-dong-nhan-quyen-le-dinh-luong/,0
Giải Thưởng Nhân Quyền Lê Đình Lượng,https://viettan.org/giai-thuong-nhan-quyen-le-dinh-luong-2/,0
Việt Nam sẽ có 15 triệu dân thiếu đói trong năm 2022,https://viettan.org/viet-nam-se-co-15-trieu-dan-thieu-doi-trong-nam-2022/,0
Ông Lý Thái Hùng: Tập Cận Bình sẽ khiến Trung Quốc sụp đổ hay thành siêu cường số một?,https://viettan.org/ong-ly-thai-hung-tap-can-binh-se-khien-trung-quoc-sup-do-hay-thanh-sieu-cuong-so-mot/,0
Văn hóa cộng sản,https://viettan.org/van-hoa-cong-san/,0
Ông Phạm Minh Hoàng: Nhìn thấy gì qua vụ đốn cây cổ thụ trên đường Nguyễn Bỉnh Khiêm,https://viettan.org/ong-pham-minh-hoang-nhin-thay-gi-qua-vu-don-cay-co-thu-tren-duong-nguyen-binh-khiem/,0
Trần Ngọc Thêm: Thêm một anh dở chứng!,https://viettan.org/tran-ngoc-them-them-mot-anh-do-chung/,0
Ông Lý Thái Hùng: Hội Nghị Thượng Đỉnh Vì Dân Chủ một tấn công khác của Hoa Kỳ nhắm vào Trung Quốc,https://viettan.org/ong-ly-thai-hung-hoi-nghi-thuong-dinh-vi-dan-chu-mot-tan-cong-khac-cua-hoa-ky-nham-vao-trung-quoc/,0
Những điều đã biết và chưa biết về biến thể Omicron,https://viettan.org/nhung-dieu-da-biet-va-chua-biet-ve-bien-the-omicron/,0
Phát triển giá trị văn hóa để làm gì?,https://viettan.org/phat-trien-gia-tri-van-hoa-de-lam-gi/,0
Ông Lý Thái Hùng phân tích về quan hệ Nhật Bản – Việt Nam giữa sự căng thẳng Mỹ – Trung,https://viettan.org/ong-ly-thai-hung-phan-tich-ve-quan-he-nhat-ban-viet-nam-giua-su-cang-thang-my-trung/,0
Ai là kẻ phản động trong đại dịch?,https://viettan.org/ai-la-ke-phan-dong-trong-dai-dich/,0
Ông Lý Thái Hùng: Việt Nam cần học theo Úc trong chọn lựa liên minh chiến lược,https://viettan.org/ong-ly-thai-hung-viet-nam-can-hoc-theo-uc-trong-chon-lua-lien-minh-chien-luoc/,0
Chủ tịch đảng Việt Tân tham dự sự kiện hỗ trợ TNLT Việt Nam của Ủy Ban Thụy Sĩ-Việt Nam COSUNAM,https://viettan.org/chu-tich-dang-viet-tan-tham-du-su-kien-ho-tro-tnlt-viet-nam-cua-uy-ban-thuy-si-viet-nam-cosunam/,0
"Mất nhân tâm, sụp đổ là tất yếu!",https://viettan.org/mat-nhan-tam-sup-do-la-tat-yeu/,0
Ông Lý Thái Hùng giải thích ý nghĩa các tuyên bố của hai lãnh đạo trong hội nghị Mỹ – Trung,https://viettan.org/ong-ly-thai-hung-giai-thich-y-nghia-cac-tuyen-bo-cua-hai-lanh-dao-trong-hoi-nghi-my-trung/,0
Liệu rồi đất nước mình có khốn nạn đến thế không?,https://viettan.org/lieu-roi-dat-nuoc-minh-co-khon-nan-den-the-khong/,0
Con “cá gỗ” của ngài “tưởng thú”,https://viettan.org/con-ca-go-cua-ngai-tuong-thu/,0
Phe phái húc nhau cựu Đại Sứ Ted Osius lãnh đạn,https://viettan.org/phe-phai-huc-nhau-cuu-dai-su-ted-osius-lanh-dan/,0
Ông Lý Thái Hùng: Tập Cận Bình lên ngôi ‘hoàng đế’ ảnh hưởng đến quan hệ với Hoa Kỳ,https://viettan.org/ong-ly-thai-hung-tap-can-binh-len-ngoi-hoang-de-anh-huong-den-quan-he-voi-hoa-ky/,0
Bệnh sợ trách nhiệm,https://viettan.org/benh-so-trach-nhiem/,0
Lợi ích nhóm là ai?,https://viettan.org/loi-ich-nhom-la-ai/,0
Nhà giáo Phạm Minh Hoàng: Vì sao báo chí nhà nước không đăng về vụ Tô Lâm ăn thịt bò dát vàng,https://viettan.org/nha-giao-pham-minh-hoang-vi-sao-bao-chi-nha-nuoc-khong-dang-ve-vu-to-lam-an-thit-bo-dat-vang/,0
"Miếng “bò Cộng Sản” dát vàng, Cá Voi Xanh và chủ quyền quốc gia",https://viettan.org/mieng-bo-cong-san-dat-vang-ca-voi-xanh-va-chu-quyen-quoc-gia/,0
32 Năm (1989-2021) Bức Tường Bá Linh Sụp Đổ,https://viettan.org/32-nam-1989-2021-buc-tuong-ba-linh-sup-do/,0
Ông Lý Thái Hùng: Trung Quốc sẽ tấn công Đài Loan bằng cách nào & ảnh hưởng lên Việt Nam,https://viettan.org/ong-ly-thai-hung-trung-quoc-se-tan-cong-dai-loan-bang-cach-nao-anh-huong-len-viet-nam/,0
Vì sao không muốn vào đảng?,https://viettan.org/vi-sao-khong-muon-vao-dang/,0
Bộ Trưởng Công An Tô Lâm được Thánh Rắc Muối “đút ăn” steak dát vàng,https://viettan.org/bo-truong-cong-an-to-lam-duoc-thanh-rac-muoi-dut-an-steak-boc-vang/,0
Vì sao Bác sĩ tim Nguyễn Quang Tuấn đi tù?,https://viettan.org/vi-sao-bac-si-tim-nguyen-quang-tuan-di-tu/,0
Viện Kiểm Sát Nhân Dân Tối Cao muốn tăng quyền cho công an xã: Bạn có nên yên tâm?,https://viettan.org/vien-kiem-sat-nhan-dan-toi-cao-muon-tang-quyen-cho-cong-an-xa-ban-co-nen-yen-tam/,0
Nhân quyền theo cái nhìn của ông Phạm Minh Chính,https://viettan.org/nhan-quyen-theo-cai-nhin-cua-ong-pham-minh-chinh/,0
Nhà giáo Phạm Minh Hoàng: Vì sao nhóm Báo Sạch bị án tù nặng như vậy,https://viettan.org/nha-giao-pham-minh-hoang-vi-sao-nhom-bao-sach-bi-an-tu-nang-nhu-vay/,0
"Trạm thu phí xe vào nội thành Hà Nội, Sài Gòn: Cách kiếm ăn thời hậu đại dịch",https://viettan.org/tram-thu-phi-xe-vao-noi-thanh-ha-noi-sai-gon-cach-kiem-an-thoi-hau-dai-dich/,0
Quy Định 37 là trận đồ để ông Trọng nắm quyền vĩnh viễn,https://viettan.org/quy-dinh-37-la-tran-do-de-ong-trong-nam-quyen-vinh-vien/,0
Nhà giáo Phạm Minh Hoàng: Vụ BS. Nguyễn Quang Tuấn chỉ là “ăn chia” không đồng đều,https://viettan.org/nha-giao-pham-minh-hoang-vu-bs-nguyen-quang-tuan-chi-la-an-chia-khong-dong-deu/,0
Chính ông chủ Facebook đã quyết định tuân thủ yêu cầu kiểm duyệt của CSVN,https://viettan.org/chinh-ong-chu-facebook-da-quyet-dinh-tuan-thu-yeu-cau-kiem-duyet-cua-csvn/,0
Tại sao địa phương cát cứ – doanh nghiệp khổ?,https://viettan.org/tai-sao-dia-phuong-cat-cu-doanh-nghiep-kho/,0
Bác Sĩ Nguyễn Quang Tuấn bị khởi tố: Sự kết thúc mặc định của một trí thức Cộng Sản,https://viettan.org/bac-si-nguyen-quang-tuan-bi-khoi-to-su-ket-thuc-mac-dinh-cua-mot-tri-thuc-cong-san/,0
Sự lươn lẹo của Thành Hồ,https://viettan.org/su-luon-leo-cua-thanh-ho/,0
Vì sao trên bảo dưới không nghe?,https://viettan.org/vi-sao-tren-bao-duoi-khong-nghe/,0
Nhà giáo Phạm Minh Hoàng: Việt Nam có nên nhập 37 toa xe lửa cũ của Nhật?,https://viettan.org/nha-giao-pham-minh-hoang-viet-nam-co-nen-nhap-37-toa-xe-lua-cu-cua-nhat/,0
Nghị Quyết 128: Trung ương chỉ đạo nhưng địa phương không làm!,https://viettan.org/nghi-quyet-128-trung-uong-chi-dao-nhung-dia-phuong-khong-lam/,0
Thiên hạ luận gì về ý định của chính phủ muốn huy động “tiền trong dân còn nhiều”,https://viettan.org/thien-ha-luan-gi-ve-y-dinh-cua-chinh-phu-muon-huy-dong-tien-trong-dan-con-nhieu/,0
"Xã hội tan rã, quốc gia sụp đổ, liệu đảng có trường tồn?",https://viettan.org/xa-hoi-tan-ra-quoc-gia-sup-do-lieu-dang-co-truong-ton/,0
"Chó quan, chó dân",https://viettan.org/cho-quan-cho-dan/,0
"Tiểu thương bất bình phản đối giải tỏa, đóng cửa vĩnh viễn chợ truyền thống Tự Khoát",https://viettan.org/tieu-thuong-bat-binh-phan-doi-giai-toa-dong-cua-vinh-vien-cho-truyen-thong-tu-khoat/,0
"Ngày 10/10: Thế giới cổ vũ cho quyền sống và chất lượng sống, ở Việt Nam 15 chú chó bị tiêu hủy",https://viettan.org/ngay-10-10-the-gioi-co-vu-cho-quyen-song-va-chat-luong-song-o-viet-nam-15-chu-cho-bi-tieu-huy/,0
Đường Về Quê: Vượt qua cuộc hành trình đầy gian nan nhờ Dân Giúp Dân,https://viettan.org/duong-ve-que-vuot-qua-cuoc-hanh-trinh-day-gian-nan-nho-dan-giup-dan/,0
Bao giờ ‘chuông gọi hồn …Vin’?,https://viettan.org/bao-gio-chuong-goi-hon-vin/,0
Thanh trừng Bộ Tư Lệnh Cảnh Sát Biển,https://viettan.org/thanh-trung-bo-tu-lenh-canh-sat-bien/,0
Những điểm đáng lưu ý trong cuộc nói chuyện giữa giám đốc công an và cựu bí thư An Giang,https://viettan.org/nhung-diem-dang-luu-y-trong-cuoc-noi-chuyen-giua-giam-doc-cong-an-va-cuu-bi-thu-an-giang/,0
Cuộc tháo chạy của người dân,https://viettan.org/cuoc-thao-chay-cua-nguoi-dan/,0
Người dân giải thích vì sao nhất định chờ cho đến khi được qua chốt về quê,https://viettan.org/nguoi-dan-giai-thich-vi-sao-nhat-dinh-cho-cho-den-khi-duoc-qua-chot-ve-que/,0
Dấu chấm hết mô hình tăng trưởng “đặc sắc Trung Hoa” sẽ tác động như thế nào đến “phiên bản nhái” Việt Nam?,https://viettan.org/dau-cham-het-mo-hinh-tang-truong-dac-sac-trung-hoa-se-tac-dong-nhu-the-nao-den-phien-ban-nhai-viet-nam/,0
Hợp đồng tàu ngầm giữa Úc và Pháp bị hủy bỏ,https://viettan.org/hop-dong-tau-ngam-giua-uc-va-phap-bi-huy-bo/,0
Nhà giáo Phạm Minh Hoàng: Ai hưởng lợi khi chính quyền cương quyết xét nghiệm đại trà?,https://viettan.org/nha-giao-pham-minh-hoang-ai-huong-loi-khi-chinh-quyen-cuong-quyet-xet-nghiem-dai-tra/,0
Vì sao Việt Nam chịu thiệt thòi khi mua vắc-xin Trung Quốc?,https://viettan.org/vi-sao-viet-nam-chiu-thiet-thoi-khi-mua-vac-xin-trung-quoc/,0
Tâm tư “lãnh đạo”,https://viettan.org/tam-tu-lanh-dao/,0
Liên minh đối tác an ninh AUKUS: Cơ hội và thách thức cho Việt Nam,https://viettan.org/lien-minh-doi-tac-an-ninh-aukus-co-hoi-va-thach-thuc-cho-viet-nam/,0
Sống chung với dịch và nền kinh tế phía Nam,https://viettan.org/song-chung-voi-dich-va-nen-kinh-te-phia-nam/,0
Ngân sách hết tiền?,https://viettan.org/ngan-sach-het-tien/,0
"Dân kêu đói, doanh nghiệp kêu cứu nhưng “ngân sách trung ương gần như không còn đồng nào!”",https://viettan.org/dan-keu-doi-doanh-nghiep-keu-cuu-nhung-ngan-sach-trung-uong-gan-nhu-khong-con-dong-nao/,0
"Vì sao ông Phạm Minh Chính công khai vụ khiển trách hai lãnh đạo tỉnh Tiền Giang, Kiên Giang?",https://viettan.org/vi-sao-ong-pham-minh-chinh-cong-khai-vu-khien-trach-hai-lanh-dao-tinh-tien-giang-kien-giang/,0
Thẻ xanh – Thẻ vàng lại làm khổ dân nữa,https://viettan.org/the-xanh-the-vang-lai-lam-kho-dan-nua/,0
Giấc mơ “công xưởng thế giới” vỡ tan và sự sụp đổ của nền kinh tế “rỗng”,https://viettan.org/giac-mo-cong-xuong-the-gioi-vo-tan-va-su-sup-do-cua-nen-kinh-te-rong/,0
Khi dịch bệnh là kẻ tố cáo mạnh mẽ chế độ độc tài và phơi bày những sự thật,https://viettan.org/khi-dich-benh-la-ke-to-cao-manh-me-che-do-doc-tai-va-phoi-bay-nhung-su-that/,0
Nhìn lại 20 năm biến cố ngày 11 tháng 9,https://viettan.org/nhin-lai-20-nam-bien-co-ngay-11-thang-9/,0
Chính trị ảnh hưởng đến tất cả chúng ta – Quá đúng!,https://viettan.org/chinh-tri-anh-huong-den-tat-ca-chung-ta-qua-dung/,0
Kiêu ngạo nằm trong nguyên nhân đại dịch vẫn hoành hành,https://viettan.org/kieu-ngao-nam-trong-nguyen-nhan-dai-dich-van-hoanh-hanh/,0
Phạm Minh Hoàng: Người dân Tây phương bàng hoàng khi thấy binh lính cầm súng gác ở Sài Gòn,https://viettan.org/pham-minh-hoang-nguoi-dan-tay-phuong-bang-hoang-khi-thay-binh-linh-cam-sung-gac-o-sai-gon/,0
"Hãy tự cứu trước khi Trời cứu, đừng trông mong CSVN",https://viettan.org/hay-tu-cuu-truoc-khi-troi-cuu-dung-trong-mong-csvn/,0
Cho đến bây giờ đại biểu quốc hội không biết làm luật cho ai?,https://viettan.org/cho-den-bay-gio-dai-bieu-quoc-hoi-khong-biet-lam-luat-cho-ai/,0
Thủ Tướng Phạm Minh Chính đã thấy… quan tài nhiều quá,https://viettan.org/thu-tuong-pham-minh-chinh-da-thay-quan-tai-nhieu-qua/,0
“Sống lâu với dịch” vậy còn cuộc chiến “không thắng không về” giờ ra sao?,https://viettan.org/song-lau-voi-dich-vay-con-cuoc-chien-khong-thang-khong-ve-gio-ra-sao/,0
CSVN rối bời về chính sách an dân thời Covid,https://viettan.org/csvn-roi-boi-ve-chinh-sach-an-dan-thoi-covid/,0
"Quốc khánh, quốc tang",https://viettan.org/quoc-khanh-quoc-tang/,0
“Thất bại kép” và cuộc cướp bóc cuối cùng của CSVN,https://viettan.org/that-bai-kep-va-cuoc-cuop-boc-cuoi-cung-cua-csvn/,0
Điểm nghẽn trong quan hệ Việt – Mỹ nằm ở đâu?,https://viettan.org/diem-nghen-trong-quan-he-viet-my-nam-o-dau/,0
Lễ tưởng niệm Anh Hùng Đông Tiến,https://viettan.org/75886-2/,0
"Quá khốn khó, không được hỗ trợ dân Sài Gòn ra đường nổi loạn bất chấp Chỉ Thị 16",https://viettan.org/qua-khon-kho-khong-duoc-ho-tro-dan-sai-gon-ra-duong-noi-loan-bat-chap-chi-thi-16/,0
Đi chợ hộ trong mùa dịch,https://viettan.org/di-cho-ho-trong-mua-dich/,0
PTT Hoa Kỳ đề nghị hỗ trợ Việt Nam để đối phó với Trung Quốc ở Biển Đông và chống dịch Covid-19,https://viettan.org/ptt-hoa-ky-de-nghi-ho-tro-viet-nam-de-doi-pho-voi-trung-quoc-o-bien-dong-va-chong-dich-covid-19/,0
Chủ trương xét nghiệm toàn thành phố tìm F0 chỉ có lợi cho các tập đoàn dược phẩm,https://viettan.org/chu-truong-xet-nghiem-toan-thanh-pho-tim-f0-chi-co-loi-cho-cac-tap-doan-duoc-pham/,0
"Dùng quân đội, công an chống dịch, nhà cầm quyền CSVN đang mưu tính gì?",https://viettan.org/dung-quan-doi-cong-an-chong-dich-nha-cam-quyen-csvn-dang-muu-tinh-gi/,0
Lập tổ “vái tứ phương” xin vaccine,https://viettan.org/lap-to-vai-tu-phuong-xin-vaccine/,0
Thấy gì từ lời kêu cứu của thành phố HCM,https://viettan.org/thay-gi-tu-loi-keu-cuu-cua-thanh-pho-hcm/,0
Nhóm lưỡng đảng dân biểu Hoa Kỳ thúc giục Phó Tổng Thống Harris nêu vấn đề nhân quyền với CSVN,https://viettan.org/nhom-luong-dang-dan-bieu-hoa-ky-thuc-giuc-pho-tong-thong-harris-neu-van-de-nhan-quyen-voi-csvn/,0
"Câu chuyện “hỗ trợ” người dân 5,6 Mỹ Kim/người và bỏ ra 1.625 tỷ Hồ tệ để xây tháp 9 tầng",https://viettan.org/cau-chuyen-ho-tro-nguoi-dan-56-my-kim-nguoi-va-bo-ra-1-625-ty-ho-te-de-xay-thap-9-tang/,0
Đừng đặt cày trước con trâu,https://viettan.org/dung-dat-cay-truoc-con-trau/,0
Sài Gòn – Kabul: Bài học học mãi không xong! (*),https://viettan.org/sai-gon-kabul-bai-hoc-hoc-mai-khong-xong/,0
"Tôi Cố Bám Lấy Đất Nước Tôi – Nguyễn Đình Toàn, Khánh Ly trình bày",https://viettan.org/toi-co-bam-lay-dat-nuoc-toi-nguyen-dinh-toan-khanh-ly-trinh-bay/,0
Quan liêu trong thời dịch,https://viettan.org/quan-lieu-trong-thoi-dich/,0
10 khó khăn của doanh nghiệp Việt Nam,https://viettan.org/10-kho-khan-cua-doanh-nghiep-viet-nam/,0
Nhà giáo Phạm Minh Hoàng nhận định những tệ hại của vụ tin giả “bác sĩ Khoa”,https://viettan.org/nha-giao-pham-minh-hoang-nhan-dinh-nhung-te-hai-cua-vu-tin-gia-bac-si-khoa/,0
Tôi cố bám lấy đất nước tôi,https://viettan.org/toi-co-bam-lay-dat-nuoc-toi/,0
"Dân kêu cứu khắp nơi, chính quyền thì đang làm gì?",https://viettan.org/dan-keu-cuu-khap-noi-chinh-quyen-thi-dang-lam-gi/,0
Dân cần gói cứu trợ khẩn cấp,https://viettan.org/dan-can-goi-cuu-tro-khan-cap/,0
Mèo khen mèo dài đuôi – Nhân Văn và Minh Bạch,https://viettan.org/meo-khen-meo-dai-duoi-nhan-van-va-minh-bach/,0
Những “thay đổi” đã quá muộn màng?,https://viettan.org/nhung-thay-doi-da-qua-muon-mang/,0
Cuộc chiến chống Covid-19: Trường kỳ và vất vả,https://viettan.org/cuoc-chien-chong-covid-19-truong-ky-va-vat-va/,0
Đại dịch Covid-19: Chỉ Thị 16 của nhà nước Việt Nam là để chống dịch hay chống dân,https://viettan.org/dai-dich-covid-19-chi-thi-16-cua-nha-nuoc-viet-nam-la-de-chong-dich-hay-chong-dan/,0
Phạm Minh Hoàng: Có nên chích vắc-xin Sinopharm của Trung Quốc hay không?,https://viettan.org/pham-minh-hoang-co-nen-chich-vac-xin-sinopharm-cua-trung-quoc-hay-khong/,0
Cảm động trước cảnh phát lương thực cứu trợ lưu động,https://viettan.org/cam-dong-truoc-canh-phat-luong-thuc-cuu-tro-luu-dong/,0
Nguyễn Phú Trọng lại trồi lên,https://viettan.org/nguyen-phu-trong-lai-troi-len/,0
Nếu chống dịch như chống giặc… thì lãnh đạo cần làm nhiều hơn là những tuyên bố lên gân,https://viettan.org/neu-chong-dich-nhu-chong-giac-thi-lanh-dao-can-lam-nhieu-hon-la-nhung-tuyen-bo-len-gan/,0
Bộ Trưởng Quốc Phòng Hoa Kỳ đến Việt Nam để củng cố quan hệ khi lo ngại về Trung Quốc gia tăng,https://viettan.org/bo-truong-quoc-phong-hoa-ky-den-viet-nam-de-cung-co-quan-he-khi-lo-ngai-ve-trung-quoc-gia-tang/,0
Tài xế xe tải “bức xúc” vì tình trạng “ông nói gà bà nói vịt” tại chốt kiểm soát,https://viettan.org/tai-xe-xe-tai-buc-xuc-vi-tinh-trang-ong-noi-ga-ba-noi-vit-tai-chot-kiem-soat/,0
Trung Quốc sốt ruột vì những đòn bao vây của Hoa Kỳ,https://viettan.org/trung-quoc-sot-ruot-vi-nhung-don-bao-vay-cua-hoa-ky/,0
Lãng phí và tham nhũng,https://viettan.org/lang-phi-va-tham-nhung/,0
Phạm Minh Hoàng: Người dân lo lắng chết vì đói trước khi chết vì dịch bệnh,https://viettan.org/pham-minh-hoang-nguoi-dan-lo-lang-chet-vi-doi-truoc-khi-chet-vi-dich-benh/,0
Một chỉ thị quái đản!,https://viettan.org/mot-chi-thi-quai-dan/,0
Nên hủy bỏ “mục tiêu kép”,https://viettan.org/nen-huy-bo-muc-tieu-kep/,0
Ban Bí Thư sợ đời bỏ quên,https://viettan.org/ban-bi-thu-so-doi-bo-quen/,0
Hai chuyện “bánh mì” và “ông ngoại” thể hiện bản chất của chế độ CSVN,https://viettan.org/hai-chuyen-banh-mi-va-ong-ngoai-the-hien-ban-chat-cua-che-do-csvn/,0
Nhờ cô Vũ Phương Anh mà chiến dịch tiêm vaccine ở Việt Nam được bạch hóa,https://viettan.org/nho-co-vu-phuong-anh-ma-chien-dich-tiem-vaccine-o-viet-nam-duoc-bach-hoa/,0
Khi lãnh đạo thành phố HCM lên tiếng,https://viettan.org/khi-lanh-dao-thanh-pho-hcm-len-tieng/,0
Khi “lãnh đạo” …toàn là những “con lợn đội mũ phớt”,https://viettan.org/khi-lanh-dao-toan-la-nhung-con-lon-doi-mu-phot/,0
Dân chết vì khẩu hiệu,https://viettan.org/dan-chet-vi-khau-hieu/,0
Bác sĩ Phan Xuân Trung phát động một chiến dịch bất tuân dân sự,https://viettan.org/bac-si-phan-xuan-trung-phat-dong-mot-chien-dich-bat-tuan-dan-su/,0
"Với hơn 2 ngàn ca nhiễm Covid mới mỗi ngày, Sài Gòn đối mặt với nguy cơ hệ thống y tế sụp đổ",https://viettan.org/voi-hon-2-ngan-ca-nhiem-covid-moi-moi-ngay-sai-gon-doi-mat-voi-nguy-co-he-thong-y-te-sup-do/,0
Người Sài Gòn chia sẻ tình hình thành phố trong những ngày bị phong tỏa,https://viettan.org/nguoi-sai-gon-chia-se-tinh-hinh-thanh-pho-trong-nhung-ngay-bi-phong-toa/,0
Rừng ngập mặn ở Việt Nam đang nhanh chóng biến mất,https://viettan.org/rung-ngap-man-o-viet-nam-dang-nhanh-chong-bien-mat/,0
Công lý cho binh nhì Trần Đức Đô,https://viettan.org/cong-ly-cho-binh-nhi-tran-duc-do/,0
Covid-19 và phép thử cho các mô hình xã hội,https://viettan.org/covid-19-va-phep-thu-cho-cac-mo-hinh-xa-hoi/,0
Những điều về chiến dịch tiêm vaccine Covid-19 của Việt Nam người dân cần biết,https://viettan.org/nhung-dieu-ve-chien-dich-tiem-vaccine-covid-19-cua-viet-nam-nguoi-dan-can-biet/,0
Cách giải quyết dịch của nhà nước bất công đối với thành phần thật sự vô sản,https://viettan.org/cach-giai-quyet-dich-cua-nha-nuoc-bat-cong-doi-voi-thanh-phan-that-su-vo-san/,0
"Thị trường chứng khoán Việt Nam sụp đổ, có gì lạ đâu?",https://viettan.org/thi-truong-chung-khoan-viet-nam-su%cc%a3p-do%cc%89-co-gi-la%cc%a3-dau/,0
Phạm Minh Hoàng: Chính phủ yếu kém trong đối phó đại dịch khiến dân Cuba xuống đường,https://viettan.org/pham-minh-hoang-chinh-phu-yeu-kem-trong-doi-pho-dai-dich-khien-dan-cuba-xuong-duong/,0
"Biểu tình lớn tại Cuba đòi tự do, thực phẩm, vaccine và dẹp bỏ chế độ CS",https://viettan.org/bieu-tinh-lon-tai-cuba-doi-tu-do-va-dep-bo-che-do-cs/,0
Việt Nam: Cơn ác mộng mới chỉ bắt đầu,https://viettan.org/viet-nam-con-ac-mong-moi-chi-bat-dau/,0
5 câu hỏi đối với quyết định tiếp tục phong tỏa của chính quyền TP.HCM,https://viettan.org/5-cau-hoi-doi-voi-quyet-dinh-tiep-tuc-phong-toa-cua-chinh-quyen-tp-hcm/,0
Chống dịch Covid kiểu Việt Nam khác với thế giới như thế nào?,https://viettan.org/75190-2/,0
Vụ đưa 300 sinh viên y khoa Hải Dương vào “giải phóng” dịch Covid-19 tại Thành Hồ,https://viettan.org/vu-dua-300-sinh-vien-y-khoa-hai-duong-vao-giai-phong-dich-covid-19-tai-thanh-ho/,0
Từ ‘Con Đường Tơ Lụa Mới’ của Trung Cộng… tới đề án Tái Thiết Một Thế Giới Tốt Hơn của Nhóm G7,https://viettan.org/tu-con-duong-to-lua-moi-cua-trung-cong-toi-de-an-tai-thiet-mot-the-gioi-tot-hon-cua-nhom-g7/,0
Đừng để dân chờ gói cứu trợ 26 ngàn tỷ trên TV nữa,https://viettan.org/dung-de-dan-cho-goi-cuu-tro-26-ngan-ty-tren-tv-nua/,0
Vụ tử vong của quân nhân Trần Đức Đô,https://viettan.org/vu-tu-vong-cua-quan-nhan-tran-duc-do/,0
Đảng CSTQ kỷ niệm 100 năm: Những bí quyết khiến đảng CSTQ sống dai,https://viettan.org/dang-cstq-ky-niem-100-nam-nhung-bi-quyet-khien-dang-cstq-song-dai/,0
Trung Quốc có thể tiếp tục đà trỗi dậy hay không?,https://viettan.org/trung-quoc-co-the-tiep-tuc-da-troi-day-hay-khong/,0
Tại sao quan chức lại có những phát ngôn và có những quyết định kỳ quặc?,https://viettan.org/tai-sao-quan-chuc-lai-co-nhung-phat-ngon-va-co-nhung-quyet-dinh-ky-quac/,0
Ông Phạm Minh Chính áp lực WHO,https://viettan.org/ong-pham-minh-chinh-ap-luc-who/,0
Câu chuyện cách ly mùa dịch tại Việt Nam,https://viettan.org/cau-chuyen-cach-ly-mua-dich-tai-viet-nam/,0
Vòng kim cô thể chế chính trị tai hại như thế nào?,https://viettan.org/vong-kim-co-the-che-chinh-tri-tai-hai-nhu-the-nao/,0
"Chuyên gia môi trường: Để chống tác động của biến đổi khí hậu, Việt Nam cần chú trọng trồng rừng",https://viettan.org/chuyen-gia-moi-truong-de-chong-tac-dong-cua-bien-doi-khi-hau-viet-nam-can-chu-trong-trong-rung/,0
Quyết tâm của G-7 và Khối NATO đối với tham vọng của Trung Quốc,https://viettan.org/quyet-tam-cua-g-7-va-khoi-nato-doi-voi-tham-vong-cua-trung-quoc/,0
Bộ quy tắc ứng xử trên mạng xã hội không có giá trị bắt buộc thi hành,https://viettan.org/bo-quy-tac-ung-xu-tren-mang-xa-hoi-khong-co-gia-tri-bat-buoc-thi-hanh/,0
Quân hồi bông phèng,https://viettan.org/csvn-tham-don-covid-19/,0
Các chuyên gia phản bác lập luận “cần xây thêm nhiệt điện than để bảo đảm năng lượng”,https://viettan.org/cac-chuyen-gia-phan-bac-lap-luan-can-xay-them-nhiet-dien-than-de-bao-dam-nang-luong/,0
Những điểm nổi bật trong cuộc gặp giữa Tổng Thống Mỹ Biden và Tổng Thống Nga Putin,https://viettan.org/nhung-diem-noi-bat-trong-cuoc-gap-giua-tong-thong-my-biden-va-tong-thong-nga-putin/,0
Hãy thay đổi chiến lược phòng chống dịch hiện nay trước khi quá muộn,https://viettan.org/hay-thay-doi-chien-luoc-phong-chong-dich-hien-nay-truoc-khi-qua-muon/,0
Phạm Minh Hoàng: Tình hình lây nhiễm dịch Covid-19 tại Sài Gòn rất đáng lo ngại,https://viettan.org/pham-minh-hoang-tinh-hinh-lay-nhiem-dich-covid-19-tai-sai-gon-rat-dang-lo-ngai/,0
Tự Do Nhé Chuột Ơi!,https://viettan.org/tu-do-nhe-chuot-oi/,0
“Công nghiệp văn hóa”,https://viettan.org/cong-nghiep-van-hoa/,0
Một cổ 3 tròng: Câu chuyện hòm công đức của các sư quốc doanh,https://viettan.org/mot-co-3-trong-cau-chuyen-hom-cong-duc-cua-cac-su-quoc-doanh/,0
Quân đội Hoa Kỳ tập trung tối đa khả năng để giải quyết “thách thức Trung Quốc”,https://viettan.org/quan-doi-hoa-ky-tap-trung-toi-da-kha-nang-de-giai-quyet-thach-thuc-trung-quoc/,0
Hệ thống đường sắt Cát Linh – Hà Đông bị đánh giá không an toàn,https://viettan.org/he-thong-duong-sat-cat-linh-ha-dong-bi-danh-gia-khong-an-toan/,0
CSVN thấm đòn đợt Covid-19 lần thứ tư,https://viettan.org/csvn-tham-don-dot-covid-19-lan-thu-tu/,0
Thành phố Hà Nội muốn biến thành viện nghiên cứu,https://viettan.org/thanh-pho-ha-noi-muon-bien-thanh-vien-nghien-cuu/,0
Covid đó đây,https://viettan.org/covid-do-day/,0
Việt Nam chỉ khống chế được sự lây lan chứ không thể dập được dịch Covid-19,https://viettan.org/viet-nam-chi-khong-che-duoc-su-lay-lan-chu-khong-the-dap-duoc-dich-covid-19/,0
Phạm Minh Hoàng: Hội Thánh Truyền Giáo Phục Hưng hay lãnh đạo CSVN gây lây nhiễm dịch?,https://viettan.org/pham-minh-hoang-hoi-thanh-truyen-giao-phuc-hung-hay-lanh-dao-csvn-gay-lay-nhiem-dich/,0
Vì sao ông Phúc viết thơ gởi ông Biden?,https://viettan.org/vi-sao-ong-phuc-viet-tho-goi-ong-biden/,0
Covid và “nhiệm vụ chính trị!”,https://viettan.org/covid-va-nhiem-vu-chinh-tri/,0
Khi nào thì công an được phép thu giữ điện thoại của bạn và yêu cầu cung cấp mật khẩu?,https://viettan.org/khi-nao-thi-cong-an-duoc-phep-thu-giu-dien-thoai-cua-ban-va-yeu-cau-cung-cap-mat-khau/,0
"Chi thêm một trăm ngàn tỷ đồng, TP.HCM có hết ngập vào năm 2026?",https://viettan.org/chi-them-mot-tram-ngan-ty-dong-tp-hcm-co-het-ngap-vao-nam-2026/,0
Đốt tiền cúng ma,https://viettan.org/dot-tien-cung-ma/,0
"Luận về học thật, thi thật, nhân tài thật",https://viettan.org/luan-ve-hoc-that-thi-that-nhan-tai-that/,0
Nhờ Tổng Thư ký Quốc hội Bùi Văn Cường giải đáp vài thắc mắc về cuộc bầu cử,https://viettan.org/nho-tong-thu-ky-quoc-hoi-bui-van-cuong-giai-dap-vai-thac-mac-ve-cuoc-bau-cu/,0
Quốc hội của ai?,https://viettan.org/quoc-hoi-cua-ai/,0
"CSVN vu cáo, bôi nhọ bà Nguyễn Thúy Hạnh trước khi ra tòa",https://viettan.org/csvn-vu-cao-boi-nho-ba-nguyen-thuy-hanh-truoc-khi-ra-toa/,0
Covid Việt Nam: Nỗi lo đã thành sự thật!,https://viettan.org/covid-viet-nam-noi-lo-da-thanh-su-that/,0
Nhờ xuất khẩu lao động,https://viettan.org/nho-xuat-khau-lao-dong/,0
Báo chí quốc tế nói gì về cuộc bầu cử Quốc Hội ở Việt Nam,https://viettan.org/bao-chi-quoc-te-noi-gi-ve-cuoc-bau-cu-quoc-hoi-o-viet-nam/,0
Tại sao gọi “tự ứng cử” là màn kịch?,https://viettan.org/tai-sao-goi-tu-ung-cu-la-man-kich/,0
Bong bóng kinh tế nổ tung: Từ thiên đường tới địa ngục bao xa? (Phần II),https://viettan.org/bong-bong-kinh-te-no-tung-tu-thien-duong-toi-dia-nguc-bao-xa-phan-ii/,0
Bong bóng kinh tế nổ tung: Từ thiên đường tới địa ngục bao xa?,https://viettan.org/bong-bong-kinh-te-no-tung-tu-thien-duong-toi-dia-nguc-bao-xa/,0
"Phạm Minh Chính: Dự án, mối quan hệ và sự nghiệp",https://viettan.org/pham-minh-chinh-du-an-moi-quan-he-va-su-nghiep/,0
Nhà cho công nhân quá ít!,https://viettan.org/nha-cho-cong-nhan-qua-it/,0
Nhà giáo Phạm Minh Hoàng: Bầu cử ở Việt Nam chỉ có tuyên truyền không có tranh cử,https://viettan.org/nha-giao-pham-minh-hoang-bau-cu-o-viet-nam-chi-co-tuyen-truyen-khong-co-tranh-cu/,0
Bạn Có Nghe Người Nông Dân Khóc,https://viettan.org/ban-co-nghe-nguoi-nong-dan-khoc/,0
Bầu cử Quốc Hội đảng CSVN: Món đồ dỏm được bảo vệ bằng họng súng,https://viettan.org/bau-cu-quoc-hoi-dang-csvn-mon-do-dom-duoc-bao-ve-bang-hong-sung/,0
“Dân chủ tào lao” thì đất nước sẽ loạn,https://viettan.org/dan-chu-tao-lao-thi-dat-nuoc-se-loan/,0
Dự Luật Nhân Quyền Việt Nam 2021 một biện pháp hữu hiệu để Việt Nam tự do hơn?,https://viettan.org/du-luat-nhan-quyen-viet-nam-2021-mot-bien-phap-huu-hieu-de-viet-nam-tu-do-hon/,0
Hỏi lại Chủ Tịch Nguyễn Xuân Phúc: Ai mới thật sự tào lao hơn cả… ‘tào lao’!,https://viettan.org/hoi-lai-chu-tich-nguyen-xuan-phuc-ai-moi-that-su-tao-lao-hon-ca-tao-lao/,0
Tại sao đảng CSVN nhất định phải bắt dân đi bỏ phiếu bầu cử quốc hội?,https://viettan.org/tai-sao-dang-csvn-nhat-dinh-phai-bat-dan-di-bo-phieu-bau-cu-quoc-hoi/,0
Rác Thành Hồ,https://viettan.org/rac-thanh-ho/,0
Dân biểu lưỡng đảng Mỹ giới thiệu Đạo luật Nhân Quyền Việt Nam,https://viettan.org/74395-2/,0
Động cơ thật sự khiến Trung Quốc đòi chủ quyền trên Biển Đông nằm sâu dưới đáy biển,https://viettan.org/dong-co-that-su-khien-trung-quoc-doi-chu-quyen-tren-bien-dong-nam-sau-duoi-day-bien/,0
"Covid-19: Modi & Phúc, không thể không lo!",https://viettan.org/covid-19-modi-phuc-khong-the-khong-lo/,0
Covid-19: Ấn Độ vỡ trận và nỗi lo cho Việt Nam!,https://viettan.org/covid-19-an-do-vo-tran-va-noi-lo-cho-viet-nam/,0
Đường sắt trên cao Cát Linh – Hà Đông lại lỗi hẹn lần thứ 9,https://viettan.org/duong-sat-tren-cao-cat-linh-ha-dong-lai-loi-hen-lan-thu-9/,0
Hai nhà hoạt động Cấn Thị Thêu và Trịnh Bá Tư bị tuyên án tổng cộng 16 năm tù,https://viettan.org/hai-nha-hoat-dong-can-thi-theu-va-trinh-ba-tu-bi-tuyen-an-tong-cong-16-nam-tu/,0
Nhà giáo Phạm Minh Hoàng nhận định về vụ du học sinh VN xâm phạm Cờ Vàng tại Úc,https://viettan.org/nha-giao-pham-minh-hoang-nhan-dinh-ve-vu-du-hoc-sinh-vn-xam-pham-co-vang-tai-uc/,0
Đài Loan là nơi nguy hiểm nhất thế giới hiện nay,https://viettan.org/dai-loan-la-noi-nguy-hiem-nhat-the-gioi-hien-nay/,0
Cuộc thi mò kim dưới đáy biển?,https://viettan.org/cuoc-thi-mo-kim-duoi-day-bien/,0
Bang giao Trung – Việt: Những màn nói dối hào nhoáng,https://viettan.org/bang-giao-trung-viet-nhung-man-noi-doi-hao-nhoang/,0
Ngày 30 tháng Tư – Mãi mãi không quên,https://viettan.org/ngay-30-thang-tu-mai-mai-khong-quen/,0
Chuyện thật nhưng tưởng như đùa: Hướng dẫn ứng cử viên viết tiểu sử và chương trình hành động,https://viettan.org/chuyen-that-nhung-tuong-nhu-dua-huong-dan-ung-cu-vien-viet-tieu-su-va-chuong-trinh-hanh-dong/,0
Việt Trung đồng sàng dị mộng,https://viettan.org/viet-trung-dong-sang-di-mong/,0
Phạm Minh Hoàng: Việt Nam khó trở thành nước có thu nhập trung bình cao vào năm 2030,https://viettan.org/pham-minh-hoang-viet-nam-kho-tro-thanh-nuoc-co-thu-nhap-trung-binh-cao-vao-nam-2030/,0
Giật mình con số 42% người thất nghiệp là thanh niên,https://viettan.org/giat-minh-con-so-42-nguoi-that-nghiep-la-thanh-nien/,0
"Sau “liêm chính, kiến tạo”… là cái gì? (Phần 2)",https://viettan.org/sau-liem-chinh-kien-tao-la-cai-gi-phan-2/,0
Bàn về vụ Tất Thành Cang bị khai trừ khỏi đảng,https://viettan.org/ban-ve-vu-tat-thanh-cang-bi-khai-tru-khoi-dang/,0
"Sau “liêm chính, kiến tạo”… là cái gì?",https://viettan.org/sau-liem-chinh-kien-tao-la-cai-gi/,0
Vở kịch đại hội XIII nhiều tập đã kết thúc,https://viettan.org/vo-kich-dai-hoi-xiii-nhieu-tap-da-ket-thuc/,0
Nhà giáo Phạm Minh Hoàng kể về nhà hoạt động Nguyễn Thúy Hạnh & Quỹ 50K tương trợ tù nhân lương tâm,https://viettan.org/nha-giao-pham-minh-hoang-ke-ve-nha-hoat-dong-nguyen-thuy-hanh-quy-50k-tuong-tro-tu-nhan-luong-tam/,0
Ứng cử viên độc lập vào Quốc Hội CSVN GS Nguyễn Đình Cống vừa chính thức bị loại,https://viettan.org/ung-cu-vien-doc-lap-vao-quoc-hoi-csvn-gs-nguyen-dinh-cong-vua-chinh-thuc-bi-loai/,0
Ai “chống lưng” cho Bùi Văn Cường được chức tổng thư ký Quốc Hội khóa 15?,https://viettan.org/ai-chong-lung-cho-bui-van-cuong-duoc-chuc-tong-thu-ky-quoc-hoi-khoa-15/,0
Nhiệm vụ của Phạm Minh Chính trong vai trò thủ tướng là gì?,https://viettan.org/nhiem-vu-cua-pham-minh-chinh-trong-vai-tro-thu-tuong-la-gi/,0
Quốc Hội Việt Nam: “Sức vóc” đắt đỏ nhưng… vô dụng,https://viettan.org/quoc-hoi-viet-nam-suc-voc-dat-do-nhung-vo-dung/,0
"Tiếp tục đàn áp, Hà Nội bắt giữ nhà hoạt động xã hội Nguyễn Thúy Hạnh",https://viettan.org/tiep-tuc-dan-ap-ha-noi-bat-giu-nha-hoat-dong-xa-hoi-nguyen-thuy-hanh/,0
Những “tâm tư” trước khi về hưu!,https://viettan.org/nhung-tam-tu-truoc-khi-ve-huu/,0
“Sân sau” Mường Thanh của Tổng Trọng bị động,https://viettan.org/san-sau-muong-thanh-cua-tong-trong-bi-dong/,0
Vì sao Trung Quốc không mời CSVN gặp mặt ở Phúc Kiến,https://viettan.org/vi-sao-trung-quoc-khong-moi-csvn-gap-mat-o-phuc-kien/,0
Nhà hoạt động Trịnh Bá Phương được chuyển trở lại trại tạm giam,https://viettan.org/nha-hoat-dong-trinh-ba-phuong-duoc-chuyen-tro-lai-trai-tam-giam/,0
Bộ Tứ và CSVN: Lợi ích song trùng và sự gắn kết chiến lược đến mức độ nào?,https://viettan.org/bo-tu-va-csvn-loi-ich-song-trung-va-su-gan-ket-chien-luoc-den-muc-do-nao/,0
Hoa Kỳ đình chỉ tất cả các cam kết thương mại với Myanmar,https://viettan.org/hoa-ky-dinh-chi-tat-ca-cac-cam-ket-thuong-mai-voi-myanmar/,0
Ngày xấu hổ của quân đội Myanmar: Hơn 90 người biểu tình bị phe quân đội bắn chết,https://viettan.org/ngay-xau-ho-cua-quan-doi-myanmar-hon-90-nguoi-bieu-tinh-bi-phe-quan-doi-ban-chet/,0
Hải quân Việt Nam đủ sức “răn đe”,https://viettan.org/hai-quan-viet-nam-du-suc-ran-de/,0
Độc quyền nhà nước và sự lộng hành của EVN,https://viettan.org/doc-quyen-nha-nuoc-va-su-long-hanh-cua-evn/,0
Con người 0.4 mà đòi cách mạng 4.0 làm sao được,https://viettan.org/con-nguoi-0-4-ma-doi-cach-mang-4-0-lam-sao-duoc/,0
Phạm Minh Hoàng: Dự án đường sắt cao tốc Bắc Nam vì mục đích gì?,https://viettan.org/pham-minh-hoang-du-an-duong-sat-cao-toc-bac-nam-vi-muc-dich-gi/,0
Ai cần đổi mới sáng tạo?,https://viettan.org/ai-can-doi-moi-sang-tao/,0
Nhà giáo Phạm Minh Hoàng: Học sinh Việt Nam bị biến thành những con robot đi học,https://viettan.org/nha-giao-pham-minh-hoang-hoc-sinh-viet-nam-bi-bien-thanh-nhung-con-robot-di-hoc/,0
"Liên Minh Trà Sữa: Uống trà sữa, chống độc tài, tranh đấu cho tự do",https://viettan.org/lien-minh-tra-sua-uong-tra-sua-chong-doc-tai-tranh-dau-cho-tu-do/,0
Hoa Kỳ trừng phạt 24 quan chức Trung Quốc ngay trước cuộc đối thoại cấp cao của hai nước,https://viettan.org/hoa-ky-trung-phat-24-quan-chuc-trung-quoc-ngay-truoc-cuoc-doi-thoai-cap-cao-cua-hai-nuoc/,0
Vì sao “nền kinh tế tư nhân” không chịu lớn,https://viettan.org/vi-sao-nen-kinh-te-tu-nhan-khong-chiu-lon/,0
Phỏng vấn: Các Tổ chức Nhân Quyền Quốc Tế nói tư pháp Việt Nam vi phạm luật trong vụ án Đồng Tâm,https://viettan.org/phong-van-cac-to-chuc-nhan-quyen-quoc-te-noi-tu-phap-viet-nam-vi-pham-luat-trong-vu-an-dong-tam/,0
Sự mông muội của người Việt,https://viettan.org/su-mong-muoi-cua-nguoi-viet/,0
Ông Lý Thái Hùng: Viễn cảnh biến động tại Miến Điện & tác động đối với phong trào dân chủ Việt Nam,https://viettan.org/ong-ly-thai-hung-vien-canh-bien-dong-tai-mien-dien-tac-dong-doi-voi-phong-trao-dan-chu-viet-nam/,0
Bao giờ “vạc dầu Biển Đông” bùng cháy?,https://viettan.org/bao-gio-va%cc%a3c-dau-bie%cc%89n-dong-bung-chay/,0
Gạc Ma 14/3/1988: Hải Chiến hay một cuộc Thảm Sát?,https://viettan.org/gac-ma-14-3-1988-hai-chien-hay-cuoc-tham-sat/,0
Làm sao Việt Nam ra khỏi bẫy thu nhập trung bình thấp,https://viettan.org/lam-sao-viet-nam-ra-khoi-bay-thu-nhap-trung-binh-thap/,0
Sự Thật: Đảng có giết Đảng không?,https://viettan.org/su-that-dang-co-giet-dang-khong/,0
Y án Đồng Tâm: Nhà nước coi dân là “thế lực thù địch”,https://viettan.org/y-an-dong-tam-nha-nuoc-coi-dan-la-the-luc-thu-dich/,0
Việt Nam là quốc gia hạnh phúc nhất Á Châu?,https://viettan.org/viet-nam-la-quoc-gia-hanh-phuc-nhat-a-chau/,0
Đánh dấu 39 năm Ngày Dựng Cờ Chính Nghĩa,https://viettan.org/danh-dau-39-nam-ngay-dung-co-chinh-nghia/,0
“Siêu đặc khu kinh tế” Hải Phòng – Quảng Ninh,https://viettan.org/sieu-dac-khu-kinh-te-hai-phong-quang-ninh/,0
Giấu đầu lòi đuôi,https://viettan.org/giau-dau-loi-duoi/,0
Vụ án Đồng Tâm: Chính phủ Việt Nam sát hại công dân của mình,https://viettan.org/vu-an-dong-tam-chinh-phu-viet-nam-sat-hai-cong-dan-cua-minh/,0
“Mọi thứ sẽ ổn”: Niềm tin của một thiếu nữ Miến Điện trở thành một câu thách thức thể chế độc tài,https://viettan.org/moi-thu-se-on-niem-tin-cua-mot-thieu-nu-mien-dien-tro-thanh-mot-cau-thach-thuc-the-che-doc-tai/,0
Văn Hóa và Thể Chế,https://viettan.org/van-hoa-va-the-che/,0
Biển Đông: Quốc tế tăng áp lực để đẩy lùi tham vọng của Trung Quốc,https://viettan.org/bien-dong-quoc-te-tang-ap-luc-de-day-lui-tham-vong-cua-trung-quoc-2/,0
Như đỉa phải vôi,https://viettan.org/nhu-dia-phai-voi/,0
Báo Công An lại lèm bèm,https://viettan.org/bao-cong-an-lai-lem-bem/,0
Tư cách của một dân tộc đến từ đâu?,https://viettan.org/tu-cach-cua-mot-dan-toc-den-tu-dau/,0
Việt Nam đang nằm dưới những gọng kềm của Trung Quốc,https://viettan.org/viet-nam-dang-nam-duoi-nhung-gong-kem-cua-trung-quoc/,0
Việt Tân cùng hơn 130 Tổ Chức gửi thư kêu gọi Hội Đồng Bảo An LHQ áp đặt lệnh cấm vận vũ khí đối với Myanmar,https://viettan.org/viet-tan-cung-hon-130-to-chuc-gui-thu-keu-goi-hoi-dong-bao-an-lhq-ap-dat-lenh-cam-van-vu-khi-doi-voi-myanmar/,0
Thấy gì từ hai cuộc bầu cử tại Miến Điện và Hoa Kỳ,https://viettan.org/thay-gi-tu-hai-cuoc-bau-cu-tai-mien-dien-va-hoa-ky/,0
Cả đảng lên đồng về “chuyển đổi số”,https://viettan.org/ca-dang-len-dong-ve-chuyen-doi-so/,0
Chuyên gia WHO sập bẫy Bắc Kinh,https://viettan.org/chuyen-gia-who-sap-bay-bac-kinh/,0
Sự sụp đổ của Hong Kong và tương lai các nền dân chủ Châu Á,https://viettan.org/su-sup-do-cua-hong-kong-va-tuong-lai-cac-nen-dan-chu-chau-a/,0
Việt Nam đã mất khả năng kiểm soát lây lan Covid-19 trong cộng đồng?,https://viettan.org/vie%cc%a3t-nam-da%cc%83-mat-kha%cc%89-nang-kie%cc%89m-soat-lay-lan-covid-19-trong-co%cc%a3ng-dong/,0
Những “lỗ đen” của nền kinh tế,https://viettan.org/nhu%cc%83ng-lo%cc%83-den-cu%cc%89a-nen-kinh-te/,0
Kinh tế Việt Nam 2021: Phía trước là vực thẳm!,https://viettan.org/kinh-te-viet-nam-2021-phia-truoc-la-vuc-tham/,0
WHO và Covid-19,https://viettan.org/who-va-covid-19/,0
Đối sách của Mỹ tại Biển Đông không thay đổi,https://viettan.org/doi-sach-cua-my-tai-bien-dong-khong-thay-doi/,0
Chúc Tết đảng Cộng Sản Việt Nam!,https://viettan.org/chuc-tet-dang-cong-san-viet-nam/,0
Bên Ngoài và Bên Trong,https://viettan.org/ben-ngoai-va-ben-trong/,0
50 đại biểu ngoài đảng để làm gì?,https://viettan.org/50-dai-bieu-ngoai-dang-de-lam-gi/,0
Về việc Trung Quốc đặt tên lửa gần Việt Nam,https://viettan.org/ve-viec-trung-quoc-dat-ten-lua-gan-viet-nam/,0
"Chính biến ở Myanmar, đại hội đảng CSVN 13 và sự sụp đổ của Hong Kong: Trung Quốc đang vẽ lại bản đồ Châu Á như thế nào?",https://viettan.org/chinh-bien-o-myanmar-dai-hoi-dang-csvn-13-va-su-sup-do-cua-hong-kong-trung-quoc-dang-ve-lai-ban-do-chau-a-nhu-the-nao/,0
Con đường dân chủ chông gai của Miến Điện,https://viettan.org/con-duong-dan-chu-chong-gai-cua-mien-dien/,0
Những hạn chế của nền giáo dục Việt Nam,https://viettan.org/nhung-han-che-cua-nen-giao-duc-viet-nam/,0
Tô Lâm nói về ba đe dọa của CSVN,https://viettan.org/to-lam-noi-ve-ba-de-doa-cua-csvn/,0
Quân đội Myanmar đột kích bắt giữ bà Aung San Suu Kyi và các nhân vật cao cấp của đảng cầm quyền,https://viettan.org/quan-doi-myanmar-dot-kich-bat-giu-ba-aung-san-suu-kyi-va-cac-nhan-vat-cao-cap-cua-dang-cam-quyen/,0
Về tân trung ương đảng khóa 13,https://viettan.org/ve-tan-trung-uong-dang-khoa-13/,0
Con đường lãnh đạo của ông Trọng trong 5 năm sắp tới,https://viettan.org/con-duong-lanh-dao-cua-ong-trong-trong-5-nam-sap-toi/,0
Đại hội XIII và đường sắt Cát Linh – Hà Đông,https://viettan.org/dai-hoi-xiii-va-duong-sat-cat-linh-ha-dong/,0
Đại hội 13: Rượu cũ mà bình cũng cũ,https://viettan.org/dai-hoi-13-ruou-cu-ma-binh-cung-cu/,0
Lưỡi gỗ Nguyễn Viết Thông,https://viettan.org/luoi-go-nguyen-viet-thong/,0
Đảng Việt Tân phản đối Luật Hải Cảnh của Trung Quốc,https://viettan.org/dang-viet-tan-phan-doi-luat-hai-canh-cua-trung-quoc/,0
Để phục hồi nền kinh tế,https://viettan.org/de-phuc-hoi-nen-kinh-te/,0
Câu chuyện chạy chức trước thềm đại hội 13,https://viettan.org/cau-chuyen-chay-chuc-truoc-them-dai-hoi-13/,0
Phe ông Nguyễn Phú Trọng toàn thắng,https://viettan.org/phe-ong-nguyen-phu-trong-toan-thang/,0
Viết cho anh – Nguyễn Tường Thụy,https://viettan.org/viet-cho-anh-nguyen-tuong-thuy/,0
Hai ba chục tuổi đứng tên tài sản ngàn tỷ,https://viettan.org/hai-ba-chuc-tuoi-dung-ten-tai-san-ngan-ty/,0
Phú Quốc và “giấc mộng phù hoa”,https://viettan.org/phu-quoc-va-giac-mong-phu-hoa/,0
GDP tăng trưởng có giúp gì cho giới tiểu thương Việt Nam đang khốn đốn?,https://viettan.org/gdp-tang-truong-co-giup-gi-cho-gioi-tieu-thuong-viet-nam-dang-khon-don/,0
Viết về một người anh – Châu Văn Khảm,https://viettan.org/viet-ve-mot-nguoi-anh-chau-van-kham/,0
"Phí phạm, phô trương, hay coi thường",https://viettan.org/phi-pham-pho-truong-hay-coi-thuong/,0
Nhóm lợi ích và Luật Đất Đai là đầu mối tình trạng cưỡng chế đất vô pháp,https://viettan.org/nhom-loi-ich-va-luat-dat-dai-la-dau-moi-tinh-trang-cuong-che-dat-vo-phap/,0
Thói dối trá hay chứng tự kỷ của người cộng sản?,https://viettan.org/thoi-doi-tra-hay-chung-tu-ky-cua-nguoi-cong-san/,0
Cao Ủy Nhân Quyền LHQ lên án vụ xét xử các thành viên Hội Nhà Báo Độc Lập Việt Nam,https://viettan.org/cao-uy-nhan-quyen-lhq-len-an-vu-xet-xu-cac-thanh-vien-hoi-nha-bao-doc-lap-viet-nam/,0
Viết cho em – Phạm Chí Dũng,https://viettan.org/viet-cho-em-pham-chi-dung/,0
Lên án phiên tòa sơ thẩm các thành viên Hội Nhà Báo Độc Lập Việt Nam,https://viettan.org/len-an-phien-toa-so-tham-cac-thanh-vien-hoi-nha-bao-doc-lap-viet-nam/,0
Nhìn lại Covid-19: Tác hại và những bài học,https://viettan.org/nhin-lai-covid-19-tac-hai-va-nhung-bai-hoc/,0
Nhìn lại quan hệ Mỹ-Trung năm 2020,https://viettan.org/nhin-lai-quan-he-my-trung-nam-2020/,0
“Bí mật” cuối năm,https://viettan.org/bi-mat-cuoi-nam/,0
Hãy tử tế với Lịch Sử,https://viettan.org/hay-tu-te-voi-lich-su/,0
Thảm kịch Thủ Thiêm giá chỉ 7500 tỷ đồng thôi sao?,https://viettan.org/tham-kich-thu-thiem-gia-chi-7-500-ty-dong-thoi-sao/,0
Những “thiên tài AQ” của đảng CSVN và “bên kia bờ ảo vọng”,https://viettan.org/nhung-thien-tai-aq-cua-dang-csvn-va-ben-kia-bo-ao-vong/,0
Khi độc tài diệt độc quyền,https://viettan.org/khi-doc-tai-diet-doc-quyen/,0
CSVN có thể bị áp thuế quan hàng nhập khẩu vào Mỹ,https://viettan.org/csvn-co-the-bi-ap-thue-quan-hang-nhap-khau-vao-my/,0
Dự án “giám sát đập Mekong” qua vệ tinh,https://viettan.org/du-an-giam-sat-dap-mekong-qua-ve-tinh/,0
Chiếc Khiên của Trần Hoàng Phúc,https://viettan.org/chiec-khien-cua-tran-hoang-phuc/,0
Giáng sinh của những phận người,https://viettan.org/giang-sinh-cua-nhung-phan-nguoi/,0
CSVN bị “dán nhãn” thao túng tiền tệ,https://viettan.org/csvn-bi-dan-nhan-thao-tung-tien-te/,0
Tất Thành Cang vô lò cuối năm,https://viettan.org/tat-thanh-cang-vo-lo-cuoi-nam/,0
Việt Nam sẽ phục hồi kinh tế theo hình chữ… L hay “toang” trong năm 2021?,https://viettan.org/viet-nam-se-phuc-hoi-kinh-te-theo-hinh-chu-l-hay-toang-trong-nam-2021/,0
Hội nghị 14 thất bại,https://viettan.org/hoi-nghi-14-that-bai/,0
Ông Trọng nằm mơ,https://viettan.org/ong-trong-nam-mo/,0
Dạy thêm – Cấm và không thể cấm,https://viettan.org/day-them-cam-va-khong-the-cam/,0
Năm 2020: Đầy áp bức và áp lực đối với cộng đồng tôn giáo Việt Nam,https://viettan.org/nam-2020-day-ap-buc-va-ap-luc-doi-voi-cong-dong-ton-giao-viet-nam/,0
Liên Minh Châu Âu thông qua đạo luật Global Magnitsky,https://viettan.org/lien-au-thong-qua-dao-luat-global-magnitsky/,0
Viết cho em − Phan Kim Khánh,https://viettan.org/viet-cho-em-%e2%88%92-phan-kim-khanh/,0
Trung Quốc không bắt nạt được Úc Châu,https://viettan.org/trung-quoc-khong-bat-nat-duoc-uc-chau/,0
Liệu đại hội XIII có thể khai mạc vào tháng Giêng 2021?,https://viettan.org/lieu-dai-hoi-xiii-co-the-khai-mac-vao-thang-gieng-2021/,0
Nghị Định 126 đang tạo phẫn nộ xã hội,https://viettan.org/nghi-dinh-126-dang-tao-phan-no-xa-hoi/,0
Tư cách và ý thức của Phạm Đoan Trang hơn cán bộ cao cấp của CSVN rất nhiều,https://viettan.org/tu-cach-va-y-thuc-cua-pham-doan-trang-hon-can-bo-cao-cap-cua-csvn-rat-nhieu/,0
Thắp Sáng Niềm Tin – Cánh Thiệp cho Tù Nhân Lương Tâm Việt Nam,https://viettan.org/thap-sang-niem-tin-canh-thiep-cho-tu-nhan-luong-tam-viet-nam/,0
TNLT Phan Kim Khánh được trao Giải Nhân Quyền Lê Đình Lượng 2020,https://viettan.org/tnlt-phan-kim-khanh-duoc-trao-giai-nhan-quyen-le-dinh-luong-2020/,0
Ngày Quốc Tế Nhân Quyền: Năm 2020 CSVN tiếp tục gia tăng đàn áp,https://viettan.org/ngay-quoc-te-nhan-quyen-nam-2020-csvn-tiep-tuc-gia-tang-dan-ap/,0
RCEP và những “con tin” của rồng Trung Hoa,https://viettan.org/rcep-va-nhung-con-tin-cua-rong-trung-hoa/,0
"TNLT Trần Đức Thạch: “Vì quê hương, dù có chết trong tù vẫn vui”",https://viettan.org/tnlt-tran-duc-thach-vi-que-huong-du-co-chet-trong-tu-van-vui/,0
Đường tới… thiên đàng XHCN,https://viettan.org/duong-toi-thien-dang-xhcn/,0
"Quyền anh, quyền tôi",https://viettan.org/quyen-anh-quyen-toi/,0
Ba đồng một mớ “nhà văn”,https://viettan.org/ba-dong-mot-mo-nha-van/,0
Tự quảng cáo thô bỉ,https://viettan.org/tu-quang-cao-tho-bi/,0
"Viết cho em, Lê Đình Lượng",https://viettan.org/viet-cho-em-le-dinh-luong/,0
“Miếng da lừa” cuối cùng của đảng Cộng Sản Việt Nam,https://viettan.org/mieng-da-lua-cuoi-cung-cua-dang-cong-san-viet-nam/,0
Ai bẫy để Nguyễn Đức Chung vào tù?,https://viettan.org/ai-bay-de-nguyen-duc-chung-vao-tu/,0
"Vụ án Nguyễn Đức Chung: Phan Huy Lệ là ai, vì sao lại “không liên quan?”",https://viettan.org/vu-an-nguyen-duc-chung-phan-huy-le-la-ai-vi-sao-lai-khong-lien-quan/,0
"Chứng chỉ, văn bằng để nuôi tham nhũng",https://viettan.org/chung-chi-van-bang-de-nuoi-tham-nhung/,0
Cải cách giáo dục hay cải cách tư tưởng,https://viettan.org/cai-cach-giao-duc-hay-cai-cach-tu-tuong/,0
Hoa hậu và đại hội đảng,https://viettan.org/hoa-hau-va-dai-hoi-dang/,0
Tô Lâm và Nguyễn Phú Trọng thua te tua ở Quốc Hội,https://viettan.org/to-lam-va-nguyen-phu-trong-thua-te-tua-o-quoc-hoi/,0
Tin đặc biệt: Việt Nam đe dọa đóng cửa Facebook liên quan đến đòi hỏi kiểm duyệt,https://viettan.org/tin-dac-biet-viet-nam-de-doa-dong-cua-facebook-lien-quan-den-doi-hoi-kiem-duyet/,0
Tây Nguyên đã bị bức tử như thế nào?,https://viettan.org/tay-nguyen-da-bi-buc-tu-nhu-the-nao/,0
EVN là nút thắt của sự phát triển Việt Nam,https://viettan.org/evn-la-nut-that-cua-su-phat-trien-viet-nam/,0
Ung thư chính trị,https://viettan.org/ung-thu-chinh-tri/,0
Câu chuyện thủy điện và sách Tiếng Việt lớp 1,https://viettan.org/cau-chuyen-thuy-dien-va-sach-tieng-viet-lop-1/,0
Tại sao ông Trọng cho “trảm” Nguyễn Văn Bình?,https://viettan.org/tai-sao-ong-trong-cho-tram-nguyen-van-binh/,0
Lấy quyền gì thôn thu lại tiền cứu trợ bão lụt?,https://viettan.org/lay-quyen-gi-thon-thu-lai-tien-cuu-tro-bao-lut/,0
Nguyễn Văn Bình sẽ bị trảm?,https://viettan.org/nguyen-van-binh-se-bi-tram/,0
Liệu Việt Nam có thể trở thành “kỳ tích Châu Á?”,https://viettan.org/lieu-viet-nam-co-the-tro-thanh-ky-tich-chau-a/,0
Thủ đô Hà Nội và bãi rác Nam Sơn,https://viettan.org/thu-do-ha-noi-va-bai-rac-nam-son/,0
"Lãnh sự quán CSVN tại Genève, Thụy Sĩ bị phái đoàn COSUNAM gõ cửa",https://viettan.org/lanh-su-quan-csvn-tai-geneve-thuy-si-bi-phai-doan-cosunam-go-cua/,0
Ai giúp Bộ Trưởng Nguyễn Văn Thể thoát nạn?,https://viettan.org/ai-giup-bo-truong-nguyen-van-the-thoat-nan/,0
Ông Lý Thái Hùng: Liên minh Trà Sữa kết nối giới trẻ đấu tranh ở Châu Á,https://viettan.org/ong-ly-thai-hung-lien-minh-tra-sua-ket-noi-gioi-tre-dau-tranh-o-chau-a/,0
Nguyên nhân thảm họa lũ lụt miền Trung,https://viettan.org/nguyen-nhan-tham-hoa-lu-lut-mien-trung/,0
Những nghịch lý tăng trưởng ở Việt Nam,https://viettan.org/nhung-nghich-ly-tang-truong-o-viet-nam/,0
Ông Phúc khoe thành tích,https://viettan.org/ong-phuc-khoe-thanh-tich/,0
"Facebook “quảng cáo” tự do ngôn luận. Ở Việt Nam, công ty hỗ trợ kiểm duyệt",https://viettan.org/facebook-quang-cao-tu-do-ngon-luan-o-viet-nam-cong-ty-ho-tro-kiem-duyet/,0
Từ thiện cũng phải chuyên nghiệp,https://viettan.org/tu-thien-cung-phai-chuyen-nghiep/,0
Ai cấp phép xây các thủy điện gây thảm họa bất chấp cảnh báo của giới chuyên gia?,https://viettan.org/ai-cap-phep-xay-cac-thuy-dien-gay-tham-hoa-bat-chap-canh-bao-cua-gioi-chuyen-gia/,0
Bầu cử lãnh đạo: Chính sách chống tham nhũng hay tạo phe cánh,https://viettan.org/bau-cu-lanh-dao-chinh-sach-chong-tham-nhung-hay-tao-phe-canh/,0
Ông Phạm Minh Hoàng: Nhà nước muốn “tịch thu” tiền quyên góp cho đồng bào miền Trung?,https://viettan.org/ong-pham-minh-hoang-nha-nuoc-muon-tich-thu-tien-quyen-gop-cho-dong-bao-mien-trung/,0
Bài học từ thảm kịch tại thủy điện Rào Trăng 3,https://viettan.org/bai-hoc-tu-tham-kich-tai-thuy-dien-rao-trang-3/,0
TNLT Lê Đình Lượng tuyệt thực trong tù để đòi quyền được sống xứng đáng,https://viettan.org/tnlt-le-dinh-luong-tuyet-thuc-trong-tu-de-doi-quyen-duoc-song-xung-dang/,0
Hội nghị trung ương 14 có chuẩn bị xong không?,https://viettan.org/hoi-nghi-trung-uong-14-co-chuan-bi-xong-khong/,0
Bầu kẻ chuyên đốt nhà vào ban chữa lửa,https://viettan.org/bau-ke-chuyen-dot-nha-vao-ban-chua-lua/,0
15 dân biểu liên bang Hoa Kỳ yêu cầu Bộ Ngoại Giao kêu gọi CSVN tôn trọng nhân quyền và luật pháp trong vụ Đồng Tâm,https://viettan.org/15-dan-bieu-lien-bang-hoa-ky-yeu-cau-bo-ngoai-giao-keu-goi-csvn-ton-trong-nhan-quyen-va-luat-phap-trong-vu-dong-tam/,0
Đức Quốc: Cầu nguyện hỗ trợ ông Lê Đình Lượng tuyệt thực đòi cải thiện chế độ lao tù,https://viettan.org/duc-quoc-cau-nguyen-ho-tro-ong-le-dinh-luong-tuyet-thuc-doi-cai-thien-che-do-lao-tu/,0
"Nền kinh tế “3 chân, còn 1” và khả năng trở thành “kỳ tích Châu Á”",https://viettan.org/nen-kinh-te-3-chan-con-1-va-kha-nang-tro-thanh-ky-tich-chau-a/,0
Nguyễn Tấn Dũng tái xuất giang hồ,https://viettan.org/nguyen-tan-dung-tai-xuat-giang-ho/,0
Trò hề “bầu cử” lãnh đạo tại Việt Nam,https://viettan.org/tro-he-bau-cu-lanh-dao-tai-viet-nam/,0
Chung quanh bộ sách Tiếng Việt Lớp 1,https://viettan.org/chung-quanh-bo-sach-tieng-viet-lop-1/,0
"Ông Lý Thái Hùng: Vì sao hội nghị trung ương 13 không có kết quả “tứ trụ,” Nguyễn Tấn Dũng vẫn gây ảnh hưởng",https://viettan.org/ong-ly-thai-hung-vi-sao-hoi-nghi-trung-uong-13-khong-co-ket-qua-tu-tru-nguyen-tan-dung-van-gay-anh-huong/,0
“Đảo chính” trước thềm đại hội 13,https://viettan.org/dao-chinh-truoc-them-dai-hoi-13/,0
VietJet – Vietnam Airlines: Hai mảng màu tối sáng,https://viettan.org/vietjet-vietnam-airlines-hai-mang-mau-toi-sang/,0
Sóng gió ngầm trong hội nghị trung ương 13,https://viettan.org/song-gio-ngam-trong-hoi-nghi-trung-uong-13/,0
"Vì sao nhà báo, nhà hoạt động nhân quyền Phạm Đoan Trang bị bắt vào lúc này?",https://viettan.org/vi-sao-nha-bao-nha-hoat-dong-nhan-quyen-pham-doan-trang-bi-bat-vao-luc-nay/,0
Vụ án đạo văn bằng tiến sĩ,https://viettan.org/vu-an-dao-van-bang-tien-si/,0
"Hơn 100 chính trị gia, tổ chức quốc tế và nhà hoạt động dân sự đòi công lý cho Đồng Tâm",https://viettan.org/the-gioi-yeu-cau-cong-ly-cho-dan-lang-dong-tam/,0
Nếu tôi có đi tù…,https://viettan.org/neu-toi-co-di-tu/,0
Mỹ muốn thành lập “NATO châu Á” để kìm hãm Trung Quốc,https://viettan.org/my-muon-thanh-lap-nato-chau-a-de-kim-ham-trung-quoc/,0
Sự phung phí không cần thiết,https://viettan.org/su-phung-phi-khong-can-thiet/,0
Người Việt và “sự im lặng của bầy cừu”,https://viettan.org/nguoi-viet-va-su-im-lang-cua-bay-cuu/,0
Đại hội “không chạy chức”,https://viettan.org/dai-hoi-khong-chay-chuc/,0
"Đại đô thị, thành phố thông minh …những “giấc mơ ban trưa” của CSVN",https://viettan.org/dai-do-thi-thanh-pho-thong-minh-nhung-giac-mo-ban-trua-cua-csvn/,0
“Bí kíp” biến tiền thành …giấy lộn,https://viettan.org/bi-kip-bien-tien-thanh-giay-lon/,0
Dân Biểu Hoa Kỳ Alan Lowenthal nhận bảo trợ TNLT Nguyễn Văn Hóa,https://viettan.org/dan-bieu-hoa-ky-alan-lowenthal-nhan-bao-tro-tnlt-nguyen-van-hoa/,0
Doanh nghiệp cũng chờ gói hỗ trợ trên TV,https://viettan.org/doanh-nghiep-cung-cho-goi-ho-tro-tren-tv/,0
64 Dân Biểu Nghị Viện Liên Âu kiến nghị EU đòi hỏi Việt Nam cải thiện nhân quyền theo cam kết EVFTA,https://viettan.org/64-dan-bieu-nghi-vien-lien-au-len-tieng-ve-tinh-hinh-nhan-quyen-viet-nam/,0
Về việc Chu Ngọc Anh thay Nguyễn Đức Chung,https://viettan.org/ve-viec-chu-ngoc-anh-thay-nguyen-duc-chung/,0
Tokyo: Ngày rước lửa truyền thống Đông Du – Đông Tiến,https://viettan.org/tokyo-ngay-ruoc-lua-truyen-thong-dong-du-dong-tien/,0
"Các hội đoàn tại Thụy Sĩ kêu gọi Bộ Ngoại Giao, cơ quan Nhân Quyền Quốc Tế lên tiếng cho Đồng Tâm",https://viettan.org/cac-hoi-doan-tai-thuy-si-keu-goi-bo-ngoai-giao-co-quan-nhan-quyen-quoc-te-len-tieng-cho-dong-tam/,0
Ai sợ ai?,https://viettan.org/ai-so-ai/,0
Chết mà không được chôn,https://viettan.org/chet-ma-khong-duoc-chon/,0
Trung Cộng đang bị bao vây,https://viettan.org/trung-cong-dang-bi-bao-vay/,0
Từ nhà nước công an trị tới chủ nghĩa phát xít ở Việt Nam,https://viettan.org/tu-nha-nuoc-cong-an-tri-toi-chu-nghia-phat-xit-o-viet-nam/,0
Đồng Tâm – Bất chấp!,https://viettan.org/dong-tam-bat-chap/,0
Sụp đổ,https://viettan.org/sup-do/,0
Facebook Việt Tân lên án phiên tòa bất công xét xử 29 nông dân Đồng Tâm,https://viettan.org/facebook-viet-tan-len-an-phien-toa-bat-cong-xet-xu-29-nong-dan-dong-tam/,0
Trung Quốc ve vãn ASEAN,https://viettan.org/trung-quoc-ve-van-asean/,0
Ngón đòn thâm ác của cơ quan Cảnh Sát Điều Tra khiến 29 người dân Đồng Tâm “nhận tội” trước tòa,https://viettan.org/ngon-don-tham-ac-cua-co-quan-canh-sat-dieu-tra-khien-29-nguoi-dan-dong-tam-nhan-toi-truoc-toa/,0
‘Công lý’ của quỉ dữ,https://viettan.org/cong-ly-cua-qui-du/,0
Ban Tuyên Giáo có chỉ đạo hướng dẫn chi tiết báo chí tường thuật vụ án Đồng Tâm,https://viettan.org/71548-2/,0
"Vụ án Đồng Tâm: Bị cáo khai bị tra tấn ép cung, tòa án vội vã kết thúc xét xử",https://viettan.org/vu-an-dong-tam-bi-cao-khai-bi-tra-tan-ep-cung-toa-an-voi-va-ket-thuc-xet-xu/,0
Phiên tòa Tội Ác,https://viettan.org/phien-toa-toi-ac/,0
"Ông Phạm Minh Hoàng: Toàn những gian trá trong điều tra, xét xử vụ án Đồng Tâm",https://viettan.org/ong-pham-minh-hoang-toan-nhung-gian-tra-trong-dieu-tra-xet-xu-vu-an-dong-tam/,0
Những diễn biến quan trọng trong ngày thứ nhất phiên tòa sơ thẩm vụ án Đồng Tâm,https://viettan.org/71463-2/,0
"Đừng hỏi tại sao Phạm Phú Quốc có 2,5 triệu Mỹ Kim",https://viettan.org/dung-hoi-tai-sao-pham-phu-quoc-co-25-trieu-my-kim/,0
Vụ án Đồng Tâm: Các luật sư cho biết nhiều chi tiết mới về cái chết của cụ Lê Đình Kình,https://viettan.org/vu-an-dong-tam-cac-luat-su-cho-biet-nhieu-chi-tiet-moi-ve-cai-chet-cua-cu-le-dinh-kinh/,0
Lại chuyện sức khoẻ của lãnh đạo là Tối Mật,https://viettan.org/lai-chuyen-suc-khoe-cua-lanh-dao-la-toi-mat/,0
Đảng Việt Tân cùng nhiều tổ chức gửi thư đến LHQ về phiên tòa xét xử các dân làng Đồng Tâm,https://viettan.org/dang-viet-tan-cung-nhieu-to-chuc-gui-thu-den-lhq-ve-phien-toa-xet-xu-cac-dan-lang-dong-tam/,0
Trung Quốc muốn gì qua việc phóng 4 hoả tiễn vào Biển Đông?,https://viettan.org/trung-quoc-muon-gi-qua-viec-phong-4-hoa-tien-vao-bien-dong/,0
"Vì sao đều bị kết luận “có sai phạm” nhưng có quan chức vào tù, có người thoát?",https://viettan.org/vi-sao-deu-bi-ket-luan-co-sai-pham-nhung-co-quan-chuc-vao-tu-co-nguoi-thoat/,0
Đấu tranh bất bạo động và… sự sợ hãi,https://viettan.org/dau-tranh-bat-bao-dong-va-su-so-hai/,0
Mục tiêu “hùng cường” của ông Phúc và câu chuyện “cách mạng công nghiệp 4.0” ở Việt Nam,https://viettan.org/muc-tieu-hung-cuong-cua-ong-phuc-va-cau-chuyen-cach-mang-cong-nghiep-4-0-o-viet-nam/,0
Nguyễn Phú Trọng lại biến mất – Thông tin sức khoẻ của lãnh đạo CSVN vào danh sách “tối mật”,https://viettan.org/nguyen-phu-trong-lai-bien-mat-thong-tin-suc-khoe-cua-lanh-dao-csvn-vao-danh-sach-toi-mat/,0
Nhân vụ Nguyễn Đức Chung: Global Magnitsky và tài sản phi pháp,https://viettan.org/nhan-vu-nguyen-duc-chung-global-magnitsky-va-tai-san-phi-phap/,0
“Một mình tôi thì làm được gì!”,https://viettan.org/mot-minh-toi-thi-lam-duoc-gi/,0
Cậu Ấm Kiên Giang khó thoát,https://viettan.org/cau-am-kien-giang-kho-thoat/,0
Kết cục của cơn hoang tưởng xã hội chủ nghĩa,https://viettan.org/ket-cuc-cua-con-hoang-tuong-xa-hoi-chu-nghia/,0
Đảo Síp nơi hạ cánh an toàn,https://viettan.org/dao-sip-noi-ha-canh-an-toan/,0
Hong Kong thấm đòn,https://viettan.org/hong-kong-tham-don/,0
"7 Dân Biểu Hoa Kỳ gởi thư chung cho TT Phúc, yêu cầu tôn trọng tự do ngôn luận, trả tự do cho các tù nhân lương tâm",https://viettan.org/7-dan-bieu-hoa-ky-goi-thu-chung-cho-tt-phuc-yeu-cau-ton-trong-tu-do-ngon-luan-tra-tu-do-cho-cac-tu-nhan-luong-tam/,0
"Việt Nam cần thay đổi chính trị, luật pháp để nắm cơ hội phát triển kinh tế",https://viettan.org/viet-nam-can-thay-doi-chinh-tri-luat-phap-de-nam-co-hoi-phat-trien-kinh-te/,0
Sự ngụy biện của đám tuyên giáo!,https://viettan.org/su-nguy-bien-cua-dam-tuyen-giao/,0
"Trao Lá Thư Chung của hơn 80 Đoàn Thể, Cộng Đồng về Biển Đông cho Bộ Ngoại Giao Nhật Bản",https://viettan.org/trao-la-thu-chung-cua-hon-80-doan-the-cong-dong-ve-bien-dong-cho-bo-ngoai-giao-nhat-ban/,0
Phạm Minh Hoàng nói về chiêu trò xếp hạng quốc tế của Đại Học Tôn Đức Thắng,https://viettan.org/pham-minh-hoang-noi-ve-chieu-tro-xep-hang-quoc-te-cua-dai-hoc-ton-duc-thang/,0
"Hơn 80 Tổ Chức, Đoàn Thể gởi thư chung kêu gọi 3 quốc gia Anh, Nhật, Ấn bác bỏ yêu sách của Trung Cộng tại Biển Đông",https://viettan.org/hon-80-to-chuc-doan-the-goi-thu-chung-keu-goi-3-quoc-gia-anh-nhat-an-bac-bo-yeu-sach-cua-trung-cong-tai-bien-dong/,0
Số đông để bảo toàn lực lượng,https://viettan.org/so-dong-de-bao-toan-luc-luong/,0
Một chính sách bệnh hoạn,https://viettan.org/mot-chinh-sach-benh-hoan/,0
"Ông Rolin Wavre: Một nhà hoạt động cho Nhân Quyền, một người bạn của TNLT Việt Nam",https://viettan.org/ong-rolin-wavre-mot-nha-hoat-dong-cho-nhan-quyen-mot-nguoi-ban-cua-tnlt-viet-nam/,0
Đan Viện Thiên An: 45 năm đối phó với hành vi cướp đất của nhà cầm quyền CSVN,https://viettan.org/dan-vien-thien-an-45-nam-doi-pho-voi-hanh-vi-cuop-dat-cua-nha-cam-quyen-csvn/,0
"Sau Nguyễn Đức Chung, đến lượt Chủ Tịch Đà Nẵng Huỳnh Đức Thơ bị thành củi?",https://viettan.org/sau-nguyen-duc-chung-den-luot-chu-tich-da-nang-huynh-duc-tho-bi-thanh-cui/,0
"Việt Nam ơi, đừng giao trứng cho ác!",https://viettan.org/viet-nam-oi-dung-giao-trung-cho-ac/,0
Dân tộc bị nguyền rủa,https://viettan.org/dan-toc-bi-nguyen-rua/,0
Vì sao VTV chiếu phim đánh nhau với Trung Cộng ở biên giới năm 1979 vào lúc này?,https://viettan.org/vi-sao-vtv-chieu-phim-danh-nhau-voi-trung-cong-o-bien-gioi-nam-1979-vao-luc-nay/,0
Vắc xin Covid-19: Trong giai đoạn thử nghiệm cuối – Dự báo cuối năm sẽ đưa vào sử dụng,https://viettan.org/vac-xin-covid-19-trong-giai-doan-thu-nghiem-cuoi-du-bao-cuoi-nam-se-dua-vao-su-dung/,0
Sức mạnh của số đông,https://viettan.org/suc-manh-cua-so-dong/,0
Tất Thành Cang thoát tội,https://viettan.org/tat-thanh-cang-thoat-toi/,0
Những thế lực nào ra tay hạ bệ Chủ Tịch Nguyễn Đức Chung?,https://viettan.org/nhung-the-luc-nao-ra-tay-ha-be-chu-tich-nguyen-duc-chung/,0
Hàng trăm ngàn dân xếp hàng mua báo để ủng hộ chủ báo vừa bị bắt,https://viettan.org/hang-tram-ngan-dan-xep-hang-mua-bao-de-ung-ho-chu-bao-vua-bi-bat/,0
Tỷ phú Jimmy Lai tuyên bố: Tôi ở lại Hong Kong để tiếp tục chiến đấu,https://viettan.org/ty-phu-jimmy-lai-tuyen-bo-toi-o-lai-hong-kong-de-tiep-tuc-chien-dau/,0
Nhà giáo Phạm Minh Hoàng: Những “bất thường” trong kết luận vụ Tiến Sĩ Bùi Quang Tín ngã lầu,https://viettan.org/nha-giao-pham-minh-hoang-nhung-bat-thuong-trong-ket-luan-vu-tien-si-bui-quang-tin-nga-lau/,0
"Cúm Tàu, đại hội đảng CSVN lần thứ 13, bãi Tư Chính và “thuyết âm mưu”",https://viettan.org/cum-tau-dai-hoi-dang-csvn-lan-thu-13-bai-tu-chinh-va-thuyet-am-muu/,0
Cột đèn bên Tàu có chân,https://viettan.org/cot-den-ben-tau-co-chan/,0
Báo động đỏ: Rủi ro lây nhiễm Covid-19 cho đội ngũ nhân viên các trung tâm kiểm soát dịch bệnh CDC Việt Nam,https://viettan.org/bao-dong-do-rui-ro-lay-nhiem-covid-19-cho-doi-ngu-nhan-vien-cac-trung-tam-kiem-soat-dich-benh-cdc-viet-nam/,0
Tội của Lê Khả Phiêu,https://viettan.org/toi-cua-le-kha-phieu/,0
Nghĩ về “bảo đảm tự do ngôn luận chứ không cổ suý tự do ngôn luận”,https://viettan.org/nghi-ve-bao-dam-tu-do-ngon-luan-chu-khong-co-suy-tu-do-ngon-luan/,0
"Khi tử thần gõ cửa, đừng “cố đấm ăn xôi”",https://viettan.org/khi-tu-than-go-cua-dung-co-dam-an-xoi/,0
Đảng và Trí Thức,https://viettan.org/dang-va-tri-thuc/,0
Chiến thắng của mạng xã hội,https://viettan.org/chien-thang-cua-mang-xa-hoi/,0
Canada: Biểu tình đồng hành cùng các sắc dân bạn chống cộng sản Trung Quốc,https://viettan.org/canada-bieu-tinh-dong-hanh-cung-cac-sac-dan-ban-chong-cong-san-trung-quoc/,0
World Bank cho chính phủ ông Phúc uống nước đường,https://viettan.org/world-bank-cho-chinh-phu-ong-phuc-uong-nuoc-duong/,0
Hai thượng nghị sĩ yêu cầu Bộ Ngoại Giao Hoa Kỳ nêu vấn đề vi phạm nhân quyền với Việt Nam,https://viettan.org/hai-thuong-nghi-si-yeu-cau-bo-ngoai-giao-hoa-ky-neu-van-de-vi-pham-nhan-quyen-voi-viet-nam/,0
Việt Nam làm được gì trong chuỗi cung ứng toàn cầu,https://viettan.org/viet-nam-lam-duoc-gi-trong-chuoi-cung-ung-toan-cau/,0
Những cái “Nhất” của Hà Nội,https://viettan.org/nhung-cai-nhat-cua-ha-noi/,0
Hai chữ “ăn năn”,https://viettan.org/hai-chu-an-nan/,0
Ông Phạm Minh Hoàng: Trung Quốc đẩy người mang virus corona sang Việt Nam?,https://viettan.org/trung-quoc-day-nguoi-mang-virus-corona-sang-vn/,0
Nhân Ngày Thương Binh Liệt Sĩ 27/7: Một sự thật không được nói tới,https://viettan.org/nhan-ngay-thuong-binh-liet-si-27-7-mot-su-that-khong-duoc-noi-toi/,0
Luật Sư Trần Hồng Phong: Ngụy tạo hồ sơ để che dấu thủ phạm vụ án Bưu Điện Cầu Voi,https://viettan.org/ls-tran-hong-phong-nguy-tao-ho-so-de-che-dau-thu-pham-vu-an-buu-dien-cau-voi/,0
Làm thế nào để đốt tiền “thổi”…GDP?,https://viettan.org/lam-the-nao-de-dot-tien-thoigdp/,0
Chung “con” nguy rồi!,https://viettan.org/chung-con-nguy-roi/,0
Lũ lụt ở Trung Quốc có cuốn trôi triều đại Tập Cận Bình?,https://viettan.org/lu-lut-o-trung-quoc-co-cuon-troi-trieu-dai-tap-can-binh/,0
CSVN khuyên Bắc Kinh và Hoa Thịnh Đốn nên “kiểm soát bất đồng” ở Biển Đông,https://viettan.org/csvn-khuyen-bac-kinh-va-hoa-thinh-don-nen-kiem-soat-bat-dong-o-bien-dong/,0
Trận Waterloo của hoàng đế Tập,https://viettan.org/tran-waterloo-cua-hoang-de-tap/,0
Vụ án Hồ Duy Hải: Viện Kiểm Sát Tối Cao tiếp tục phản bác quyết định giám đốc thẩm của Tòa Án Tối Cao,https://viettan.org/vu-an-ho-duy-hai-vien-kiem-sat-toi-cao-tiep-tuc-phan-bac-quyet-dinh-giam-doc-tham-cua-toa-an-toi-cao/,0
Bệnh nổ dễ lây ở Việt Nam,https://viettan.org/benh-no-de-lay-o-viet-nam/,0
"Nắng mưa là bởi do Trời, lũ lụt là bởi “nhân tài” đảng ta",https://viettan.org/nang-mua-la-boi-do-troi-lu-lut-la-boi-nhan-tai-dang-ta/,0
Tuyên bố cứng rắn của Hoa Kỳ về Biển Đông mở đường cho vận động quốc tế chống bành trướng của Trung Quốc,https://viettan.org/tuyen-bo-cung-ran-cua-hoa-ky-ve-bien-dong-mo-duong-cho-van-dong-quoc-te-chong-banh-truong-cua-trung-quoc/,0
Chuyện hài “truy tố” Hồ Kim Thoa và Vũ Huy Hoàng,https://viettan.org/chuyen-hai-truy-to-ho-kim-thoa-va-vu-huy-hoang/,0
Ông Tướng đứng chàng hảng,https://viettan.org/ong-tuong-dung-chang-hang/,0
"Súng lãnh đạo đảng, hay đảng lãnh đạo súng?",https://viettan.org/sung-lanh-dao-dang-hay-dang-lanh-dao-sung/,0
Nhà giáo Phạm Minh Hoàng: Có nhiều bất công trong ngành giáo dục Việt Nam,https://viettan.org/nha-giao-pham-minh-hoang-co-nhieu-bat-cong-trong-nganh-giao-duc-viet-nam/,0
Ông Trọng muốn gì?,https://viettan.org/ong-trong-muon-gi/,0
Lần đầu tiên Hoa Kỳ chính thức bác bỏ các tuyên bố chủ quyền ‘bất hợp pháp’ của Trung Quốc ở Biển Đông,https://viettan.org/lan-dau-tien-hoa-ky-chinh-thuc-bac-bo-cac-tuyen-bo-chu-quyen-bat-hop-phap-cua-trung-quoc-o-bien-dong/,0
Tâm Thư Gửi Bác Vũ Quý Kỳ,https://viettan.org/tam-thu-gui-bac-vu-quy-ky/,0
"Không thể để lươn, chạch trèo cao",https://viettan.org/khong-the-de-luon-chach-treo-cao/,0
Thảm trạng nền kinh tế Việt Nam,https://viettan.org/tham-trang-nen-kinh-te-viet-nam/,0
Sao lại sợ Thế Lực Thù Địch đến thế!,https://viettan.org/sao-lai-so-the-luc-thu-dich-den-the/,0
Kịch bản của thảm kịch,https://viettan.org/kich-ban-cua-tham-kich/,0
Vụ oan án Hồ Duy Hải: Công an “vào cuộc” đe dọa các đại biểu quốc hội,https://viettan.org/vu-oan-an-ho-duy-hai-cong-an-vao-cuoc-de-doa-cac-dai-bieu-quoc-hoi/,0
Nhà cầm quyền CSVN sắp xét xử vụ Đồng Tâm,https://viettan.org/nha-cam-quyen-csvn-sap-xet-xu-vu-dong-tam/,0
Ngu gì phải nóng ruột?,https://viettan.org/ngu-gi-phai-nong-ruot/,0
Chó cắn áo rách,https://viettan.org/cho-can-ao-rach/,0
"Hong Kong biểu tình đòi độc lập, thách thức Luật An Ninh Quốc Gia của Bắc Kinh",https://viettan.org/hong-kong-bieu-tinh-doi-doc-lap-thach-thuc-luat-an-ninh-quoc-gia-cua-bac-kinh/,0
"Đã tìm thấy công dân Úc Châu Văn Khảm trong hệ thống nhà tù VN, chính phủ Úc bị thúc giục phải hành động",https://viettan.org/da-tim-thay-cong-dan-uc-chau-van-kham-trong-he-thong-nha-tu-vn-chinh-phu-uc-bi-thuc-giuc-phai-hanh-dong/,0
CSVN “quảng cáo” cho Hội thảo đàn áp tự do ngôn luận,https://viettan.org/csvn-quang-cao-cho-hoi-thao-dan-ap-tu-do-ngon-luan/,0
Những “thiên tài” AQ,https://viettan.org/nhung-thien-tai-aq/,0
"Nhà giáo Phạm Minh Hoàng: Những cách thức, công cụ kiểm chứng Fake News",https://viettan.org/nha-giao-pham-minh-hoang-nhung-cach-thuc-cong-cu-kiem-chung-fake-news/,0
ACAT hiệp thông cầu nguyện cho anh Nguyễn Văn Hóa và các TNLT thế giới nhân “Ngày Hỗ Trợ các Nạn Nhân Bị Tra Tấn” của LHQ,https://viettan.org/acat-hiep-thong-cau-nguyen-cho-anh-nguyen-van-hoa-va-cac-tnlt-the-gioi-nhan-ngay-ho-tro-cac-nan-nhan-bi-tra-tan-cua-lhq/,0
Ông Lý Thái Hùng: Mục đích của CSVN khi vu khống ông Châu Văn Khảm là “khủng bố”,https://viettan.org/ong-ly-thai-hung-muc-dich-cua-csvn-khi-vu-khong-ong-chau-van-kham-la-khung-bo/,0
Cát Linh – Hà Đông là khúc xương hữu nghị Việt – Trung khó nuốt,https://viettan.org/cat-linh-ha-dong-la-khuc-xuong-huu-nghi-viet-trung-kho-nuot/,0
Hội thảo: CSVN lợi dụng Covid-19 đàn áp tự do ngôn luận,https://viettan.org/hoi-thao-csvn-loi-dung-covid-19-dan-ap-tu-do-ngon-luan/,0
Đường vinh quang của CSVN là khủng bố dân lành,https://viettan.org/duong-vinh-quang-cua-csvn-la-khung-bo-dan-lanh/,0
Họ là ai? Vì sao họ tranh đấu? Tại sao họ bị bắt?,https://viettan.org/ho-la-ai-vi-sao-ho-tranh-dau-tai-sao-ho-bi-bat/,0
Đừng mơ lót ổ đại bàng!,https://viettan.org/dung-mo-lot-o-dai-bang/,0
LS Đài: Vụ bắt giữ gia đình Trịnh Bá Phương liên quan đến ông Lê Đình Chức bị nguy hiểm tính mạng trong trại giam,https://viettan.org/ls-dai-vu-bat-giu-gia-dinh-trinh-ba-phuong-lien-quan-den-ong-le-dinh-chuc-bi-nguy-hiem-tinh-mang-trong-trai-giam/,0
Tâm sự của nhà hoạt động Trịnh Bá Tư gởi gia đình và cộng đồng trước khi bị bắt,https://viettan.org/tam-su-cua-nha-hoat-dong-trinh-ba-tu-goi-gia-dinh-va-cong-dong-truoc-khi-bi-bat/,0
CSVN thua đau ở Biển Đông,https://viettan.org/csvn-thua-dau-o-bien-dong/,0
"Tin nóng: Công an bẻ khóa cửa, bắt nhà hoạt động Trịnh Bá Phương và bà Cấn Thị Thêu",https://viettan.org/tin-nong-cong-an-be-khoa-cua-bat-nha-hoat-dong-trinh-ba-tu-va-ba-can-thi-theu/,0
"Phạm Minh Hoàng: Vì sao có 71% người VN được hỏi, nói ‘đất nước của tôi có dân chủ’?",https://viettan.org/pham-minh-hoang-vi-sao-71-pct-nguoi-vn-noi-co-dan-chu/,0
Làm sao giảm bớt lo lắng trong cuộc sống với corona virus,https://viettan.org/lam-sao-giam-bot-lo-lang-trong-cuoc-song-voi-corona-virus/,0
Người dân Ấn Độ sôi sục giận dữ trước hành động xâm lược của Trung Quốc ở vùng biên giới Ấn-Trung,https://viettan.org/nguoi-dan-an-do-soi-suc-gian-du-truoc-hanh-dong-xam-luoc-cua-trung-quoc/,0
Người Mỹ da đen và chúng ta – Phần 1,https://viettan.org/nguoi-my-da-den-va-chung-ta-phan-1/,0
Tới thời đảng “ăn” cả rác,https://viettan.org/toi-thoi-dang-an-ca-rac/,0
HRW: Việt Nam gia tăng đàn áp bất đồng chính kiến ôn hòa,https://viettan.org/hrw-viet-nam-gia-tang-dan-ap-bat-dong-chinh-kien-on-hoa/,0
Bóng ma “thế lực thù địch”,https://viettan.org/bong-ma-the-luc-thu-dich/,0
Ý nghĩa về sự hiện diện 3 hàng không mẫu hạm Hoa Kỳ tại Biển Đông,https://viettan.org/y-nghia-ve-su-hien-dien-3-hang-khong-mau-ham-hoa-ky-tai-bien-dong/,0
Việt Báo phỏng vấn ông Hoàng Tứ Duy về Phong Trào Black Lives Matter,https://viettan.org/viet-bao-phong-van-ong-hoang-tu-duy-ve-phong-trao-black-lives-matter/,0
Phạm Minh Hoàng: Tính phí rác sinh hoạt theo khối lượng không khả thi,https://viettan.org/pham-minh-hoang-tinh-phi-rac-sinh-hoat-theo-khoi-luong-khong-kha-thi/,0
Gói cứu trợ 62 ngàn tỷ đi về đâu?,https://viettan.org/goi-cuu-tro-62-ngan-ty-di-ve-dau/,0
LS Nguyễn Văn Đài: Mục đích của Tô Lâm thông qua kết luận điều tra vụ Đồng Tâm,https://viettan.org/ls-nguyen-van-dai-muc-dich-cua-to-lam-thong-qua-ket-luan-dieu-tra-vu-dong-tam/,0
Đại hội 13 chả có gì mới!,https://viettan.org/dai-hoi-13-cha-co-gi-moi/,0
"Chia để “chén,” hay còn gì nữa?",https://viettan.org/chia-de-chen-hay-con-gi-nua/,0
Tổng Tham Mưu Trưởng Quân Đội Hoa Kỳ Mark Milley xác định quân đội không can dự vào chính trị,https://viettan.org/tong-tham-muu-truong-quan-doi-hoa-ky-mark-milley-xac-dinh-quan-doi-khong-can-du-vao-chinh-tri/,0
Các tổ chức nhân quyền kêu gọi trả tự do cho các nhà văn và bloggers bị bắt giữ,https://viettan.org/cac-to-chuc-nhan-quyen-keu-goi-tra-tu-do-cho-cac-nha-van-va-bloggers-bi-bat-giu/,0
"Thương tiếc Dân Biểu Anne Marie von Arx-Vernon, người bạn thân thiết của Phong Trào Dân Chủ Việt Nam",https://viettan.org/thuong-tiec-dan-bieu-anne-marie-von-arx-vernon-nguoi-ban-than-thiet-cua-phong-trao-dan-chu-viet-nam/,0
Jakarta và Hà Nội ứng xử khác nhau trước nhà thầu ‘xấu’ Trung Quốc,https://viettan.org/jakarta-va-ha-noi-ung-xu-khac-nhau-truoc-nha-thau-xau-trung-quoc/,0
Phạm Minh Hoàng: Bắt dân trả phí chống ngập nhưng chính quyền cũng sẽ không giải quyết,https://viettan.org/pham-minh-hoang-bat-dan-tra-phi-chong-ngap-nhung-chinh-quyen-cung-se-khong-giai-quyet/,0
Vì sao Hoa Kỳ gởi công hàm cho Liên Hiệp Quốc vụ Biển Đông?,https://viettan.org/vi-sao-hoa-ky-goi-cong-ham-cho-lien-hiep-quoc-vu-bien-dong/,0
Cảnh sát Hoa Kỳ bày tỏ đoàn kết với người biểu tình “Black Lives Matter”,https://viettan.org/canh-sat-hoa-ky-bay-to-doan-ket-voi-nguoi-bieu-tinh-black-lives-matter/,0
Nhà Xuất Bản Tự Do được trao giải thưởng Prix Voltaire 2020 của Hiệp Hội các Nhà Xuất Bản Quốc Tế IPA,https://viettan.org/nha-xuat-ban-tu-do-duoc-trao-giai-thuong-prix-voltaire-2020-cua-hiep-hoi-cac-nha-xuat-ban-quoc-te-ipa/,0
Phạm Minh Hoàng: Hành động của ông Lương Hữu Phước thay đổi được gì?,https://viettan.org/pham-minh-hoang-hanh-dong-cua-onu-luat-anluong-huu-phuoc-thay-doi-duoc-gi/,0
Công an lại ngụy biện vụ bắt giữ các nhà yêu nước,https://viettan.org/cong-an-lai-nguy-bien-vu-bat-giu-cac-nha-yeu-nuoc/,0
Những điều nguy hiểm của Dự Luật An Ninh Quốc Gia đối với Hong Kong,https://viettan.org/nhung-dieu-nguy-hiem-cua-du-luat-an-ninh-quoc-gia-doi-voi-hong-kong/,0
Phạm Minh Hoàng: Chia sẻ kỷ niệm xúc động với 3 nhà hoạt động vừa bị bắt,https://viettan.org/pham-minh-hoang-chia-se-ky-niem-xuc-dong-voi-3-nha-bao-vua-bi-bat/,0
"Hôm qua, tôi đã thấy gì?",https://viettan.org/hom-qua-toi-da-thay-gi/,0
Câu chuyện “một đít chín ghế”,https://viettan.org/cau-chuyen-mot-dit-chin-ghe/,0
Vụ Hồ Duy Hải: Khám phá những lời chứng bị cố ý xoá khỏi hồ sơ điều tra,https://viettan.org/vu-ho-duy-hai-kham-pha-nhung-loi-chung-bi-co-y-xoa-khoi-ho-so-dieu-tra/,0
Bộ mặt Việt Nam hậu Covid-19,https://viettan.org/bo-mat-viet-nam-hau-covid-19/,0
Giáo Sư Carl Thayer: Những sắp xếp nhân sự ‘tứ trụ’ trong đại hội 13,https://viettan.org/giao-su-carl-thayer-nhung-sap-xep-nhan-su-tu-tru-trong-dai-hoi-13/,0
Hồ idol,https://viettan.org/ho-idol/,0
Nhà giáo Phạm Minh Hoàng lạc quan với diễn biến mới trong vụ Hồ Duy Hải,https://viettan.org/nha-giao-pham-minh-hoang-lac-quan-voi-dien-bien-moi-trong-vu-ho-duy-ha/,0
Xứ “gù”,https://viettan.org/xu-gu/,0
LS Nguyễn Văn Đài: Công an cố tình xoá dấu vết nghi can Nguyễn Văn Nghị,https://viettan.org/ls-nguyen-van-dai-cong-an-co-tinh-xoa-dau-vet-nghi-can-nguyen-van-nghi/,0
Bộ Công An lại “nợ” luật biểu tình đến năm 2021,https://viettan.org/bo-cong-an-lai-no-luat-bieu-tinh-den-nam-2021/,0
LS Trần Hồng Phong: Bất ngờ xuất hiện thông tin mới về vụ oan án Hồ Duy Hải,https://viettan.org/ls-tran-hong-phong-bat-ngo-xuat-hien-thong-tin-moi-ve-vu-oan-an-ho-duy-hai/,0
Ông Nguyễn Xuân Phúc sẽ là tổng bí thư khóa 13,https://viettan.org/ong-nguyen-xuan-phuc-se-la-tong-bi-thu-khoa-13/,0
LS Trần Hồng Phong: Những góc khuất của vụ oan án Hồ Duy Hải,https://viettan.org/ls-tran-hong-phong-nhung-goc-khuat-cua-vu-oan-an-ho-duy-hai/,0
LS Nguyễn Văn Đài: Vụ oan án Hồ Duy Hải kéo dài 12 năm do mục đích bao che và chính trị,https://viettan.org/nguyen-van-dai-vu-oan-an-ho-duy-hai-keo-dai-12-nam-do-muc-dich-bao-che-va-chinh-tri/,0
LS Trần Hồng Phong nói về ngày đầu phiên giám đốc thẩm vụ án Hồ Duy Hải,https://viettan.org/ls-tran-hong-phong-noi-ve-ngay-dau-phien-giam-doc-tham-vu-an-ho-duy-hai/,0
Vụ oan án Hồ Duy Hải: Sau phiên toà giám đốc thẩm sẽ là gì?,https://viettan.org/vu-oan-an-ho-duy-hai-sau-phien-toa-giam-doc-tham-se-la-gi/,0
Chiếc áo choàng cũ của “tân vương”,https://viettan.org/chiec-ao-choang-cu-cua-tan-vuong/,0
Ông Vượng lại chỉ thị tiếp,https://viettan.org/ong-vuong-lai-chi-thi-tiep/,0
30/4: Tự do không tự nhiên mà có,https://viettan.org/30-4-tu-do-khong-tu-nhien-ma-co/,0
Thế hệ trẻ Việt Nam nghĩ gì về biến cố 30 tháng Tư,https://viettan.org/the-he-tre-viet-nam-nghi-gi-ve-bien-co-30-thang-tu/,0
Khi chánh án là “vua”,https://viettan.org/khi-chanh-an-la-vua/,0
Cộng Sản Việt Nam lợi dụng đại dịch COVID-19 siết mạng xã hội,https://viettan.org/cong-san-viet-nam-loi-dung-dai-dich-covid-19-siet-mang-xa-hoi/,0
Sau 45 năm ‘giải phóng’ Miền Nam,https://viettan.org/sau-45-nam-giai-phong-mien-nam/,0
"45 năm sau, con đường nào cho giáo dục Việt Nam",https://viettan.org/45-nam-sau-con-duong-nao-cho-giao-duc-viet-nam/,0
Đa nguyên và khai phóng là nền tảng phát huy tiềm lực đại khối toàn dân,https://viettan.org/da-nguyen-va-khai-phong-la-nen-tang-phat-huy-tiem-luc-dai-khoi-toan-dan/,0
Phạm Minh Hoàng: So sánh nền giáo dục VNCH và nền giáo dục CSVN,https://viettan.org/pham-minh-hoang-so-sanh-nen-giao-duc-vnch-va-nen-giao-duc-csvn/,0
Môi trường sống đang chết dần bởi bàn tay quan chức Cộng Sản,https://viettan.org/moi-truong-song-dang-chet-dan-boi-ban-tay-quan-chuc-cong-san/,0
Vì sao hạt gạo Việt Nam thua xa hạt gạo Thái Lan?,https://viettan.org/vi-sao-hat-gao-viet-nam-thua-xa-hat-gao-thai-lan/,0
"Covid-19: Trung Cộng vô trách nhiệm, hống hách và đáng kinh tởm",https://viettan.org/covid-19-trung-cong-vo-trach-nhiem-hong-hach-va-dang-kinh-tom/,0
Tại sao “Công Hàm Phạm Văn Đồng” là công hàm bán nước?,https://viettan.org/tai-sao-cong-ham-pham-van-dong-la-cong-ham-ban-nuoc/,0
Từ Hiệp Định Genève 1954 đến 30/4/1975 ai gây tang thương cho dân tộc Việt Nam,https://viettan.org/tu-hiep-dinh-geneve-1954-den-30-4-1975-ai-gay-tang-thuong-cho-dan-toc-viet-nam/,0
"Ông Lý Thái Hùng: Hệ luỵ của 30 tháng 4 & Mục tiêu, đường lối đấu tranh của Đảng Việt Tân",https://viettan.org/ong-ly-thai-hung-he-luy-cua-30-thang-4-muc-tieu-duong-loi-dau-tranh-cua-dang-viet-tan/,0
COVID-19:  Cuộc chiến cho sự minh bạch,https://viettan.org/covid-19-cuoc-chien-cho-su-minh-bach/,0
Phạm Minh Hoàng: Việt Nam cần làm gì để ngăn cản Trung Quốc ở Biển Đông,https://viettan.org/pham-minh-hoang-viet-nam-can-lam-gi-de-ngan-can-trung-quoc-o-bien-dong/,0
Thương tiếc Rolin Wavre,https://viettan.org/thuong-tiec-rolin-wavre/,0
"Thế giới trong đại dịch COVID-19: Ảnh hưởng về kinh tế, xã hội, bang giao quốc tế",https://viettan.org/the-gioi-trong-dai-dich-covid-19-anh-huong-ve-kinh-te-xa-hoi-bang-giao-quoc-te/,0
LS Nguyễn Văn Đài: Vì sao báo chí rầm rộ đưa tin về Đường “Nhuệ”?,https://viettan.org/ls-nguyen-van-dai-vi-sao-bao-chi-ram-ro-dua-tin-ve-duong-nhue/,0
Có nên cách chức Tổng Cục Trưởng Tổng Cục Hải quan?,https://viettan.org/co-nen-cach-chuc-tong-cuc-truong-tong-cuc-hai-quan/,0
Phong trào đọc và làm theo báo đảng,https://viettan.org/phong-trao-doc-va-lam-theo-bao-dang/,0
Những bài học lịch sử từ 45 năm qua,https://viettan.org/nhung-bai-hoc-lich-su-tu-45-nam-qua/,0
Viễn cảnh Việt Nam sau đại dịch COVID-19,https://viettan.org/vien-canh-viet-nam-sau-dai-dich-covid-19-2/,0
Bác sĩ chuyên khoa virus học: Sẽ còn nhiều đợt lây nhiễm Covid-19,https://viettan.org/bac-si-chuyen-khoa-virus-hoc-se-con-nhieu-dot-lay-nhiem-covid-19/,0
Thế giới trong đại dịch COVID-19: Tình hình chung,https://viettan.org/the-gioi-trong-dai-dich-covid-19-phan-i-tinh-hinh-chung/,0
Trung Quốc chặn nước sông Mekong khiến nạn hạn hán ở hạ nguồn tồi tệ hơn,https://viettan.org/trung-quoc-chan-nuoc-song-mekong-khien-nan-han-han-o-ha-nguon-toi-te-hon/,0
Lò xo kinh tế của Thủ Tướng Phúc,https://viettan.org/lo-xo-kinh-te-cua-thu-tuong-phuc/,0
Kền kền Đỏ,https://viettan.org/ken-ken-do/,0
Công hàm gởi LHQ và cái chết ngã lầu mờ ám của LS Bùi Quang Tín,https://viettan.org/cong-ham-goi-lhq-va-cai-chet-nga-lau-mo-am-cua-ls-bui-quang-tin/,0
Vụ TS Bùi Quang Tín: Thêm một “tai nạn đúng quy trình”?,https://viettan.org/vu-ts-bui-quang-tin-them-mot-tai-nan-dung-quy-trinh/,0
Cần phải kiện Trung Quốc trước Toà Án Trọng Tài Liên Hiệp Quốc,https://viettan.org/can-phai-kien-trung-quoc-truoc-toa-an-trong-tai-lien-hiep-quoc/,0
Đại Tá Brett Crozier và hàng không mẫu hạm mang tên Theodore Roosevelt,https://viettan.org/dai-ta-brett-crozier-va-hang-khong-mau-ham-mang-ten-theodore-roosevelt/,0
Lý Thái Hùng: Kinh tế Việt Nam phá sản & Đại hội 13 triển hạn vì Covid-19?,https://viettan.org/ly-thai-hung-kinh-te-viet-nam-pha-san-amp-dai-hoi-13-trien-han-vi-covid-19/,0
Hàng chục ngàn người rời khỏi thành phố Vũ Hán ngay sau khi hết lệnh phong tỏa,https://viettan.org/dan-vu-han-thao-chay-khoi-thanh-pho-sau-khi-het-lenh-phong-toa/,0
COVID-19: Hãy tiếp tục chung tay hỗ trợ những người bị bỏ quên,https://viettan.org/covid-19-hay-tiep-tuc-chung-tay-ho-tro-nhung-nguoi-bi-bo-quen/,0
Lại rớt lầu: Trâu bò húc nhau ruồi muỗi chết,https://viettan.org/lai-rot-lau-trau-bo-huc-nhau-ruoi-muoi-chet/,0
"Gạo, nỗi lo của người Việt Nam",https://viettan.org/gao-noi-lo-cua-nguoi-viet-nam/,0
"Sẽ kinh khủng hơn Tần Thủy Hoàng, Hồi 2",https://viettan.org/se-kinh-khung-hon-tan-thuy-hoang-hoi-2/,0
Mất cảm giác về mùi vị: Triệu chứng mới được xác định của Covid-19,https://viettan.org/mat-cam-giac-ve-mui-vi-trieu-chung-moi-duoc-xac-dinh-cua-covid-19/,0
Làm sao cứu đói bà con nghèo trong thời gian cách ly?,https://viettan.org/lam-sao-cuu-doi-ba-con-ngheo-trong-thoi-gian-cach-ly/,0
CSVN tự tố cáo?,https://viettan.org/csvn-tu-to-cao/,0
Corona: Trách nhiệm của Trung Quốc và vấn đề toàn cầu hóa,https://viettan.org/corona-trach-nhiem-cua-trung-quoc-va-van-de-toan-cau-hoa/,0
COVID-19: Mọi người có nên đeo khẩu trang để chống dịch lây nhiễm?,https://viettan.org/covid-19-moi-nguoi-co-nen-deo-khau-trang-de-chong-dich-lay-nhiem/,0
Đã đến lúc người tiêu dùng cần có ý thức về giá trị của sản phẩm nội địa,https://viettan.org/da-den-luc-nguoi-tieu-dung-can-co-y-thuc-ve-gia-tri-cua-san-pham-noi-dia/,0
"Giữa lúc thế giới lo chống dịch COVID-19, Trung Quốc ngang nhiên đưa máy bay quân sự ra Trường Sa",https://viettan.org/giua-luc-the-gioi-lo-chong-dich-covid-19-trung-quoc-ngang-nhien-dua-may-bay-quan-su-ra-truong-sa/,0
Nhà cầm quyền CSVN đang che giấu thông tin dịch bệnh Covid-19 như thế nào,https://viettan.org/nha-cam-quyen-csvn-dang-che-giau-thong-tin-dich-benh-covid-19-nhu-the-nao/,0
Hợp tác xã – nỗi ám ảnh của thế kỷ 20,https://viettan.org/hop-tac-xa-noi-am-anh-cua-the-ky-20/,0
Hợp tác xã đội mồ sống lại?,https://viettan.org/mo-ma-hop-tac-xa-song-lai/,0
Ai đứng sau vụ tán phát văn thư “hỏa táng” nạn nhân COVID-19,https://viettan.org/ai-dung-sau-vu-tan-phat-van-thu-hoa-tang-nan-nhan-covid-19/,0
Bác sĩ ở Pháp nói về biến chuyển triệu chứng COVID-19 trong hơn 14 ngày cách ly,https://viettan.org/bac-si-o-phap-noi-ve-bien-chuyen-trieu-chung-covid-19-trong-hon-14-ngay-cach-ly/,0
10 hướng dẫn của CDC Hoa Kỳ cho người có triệu chứng bệnh COVID-19,https://viettan.org/10-huong-dan-cua-cdc-hoa-ky-cho-nguoi-co-trieu-chung-benh-covid-19/,0
Làm sao giảm tâm lý căng thẳng trong đại dịch COVID-19?,https://viettan.org/tien-si-tam-ly-lam-sang-lam-sao-giam-tam-ly-cang-thang-trong-dai-dich-covid-19/,0
COVID-19: Miễn Nhiễm Cộng Đồng là gì? Nó có thể ngăn chặn được virus corona?,https://viettan.org/covid-19-mien-nhiem-cong-dong-la-gi-no-co-the-ngan-chan-duoc-virus-corona/,0
COVID-19: Nước Ý có còn là nước Ý?,https://viettan.org/covid-19-nuoc-y-co-con-la-nuoc-y/,0
Càng gần đến đại hội 13 càng thêm nhiều “bí mật” Đảng được tiết lộ,https://viettan.org/cang-gan-den-dai-hoi-13-cang-them-nhieu-bi-mat-dang-duoc-tiet-lo/,0
Tại sao Nguyễn Phú Trọng không dám đụng đến Lê Thanh Hải?,https://viettan.org/tai-sao-nguyen-phu-trong-khong-dam-dung-den-le-thanh-hai/,0
Làm gì nếu bạn bị nhiễm hoặc nghi bị nhiễm COVID-19?,https://viettan.org/lam-gi-neu-ban-bi-nhiem-hoac-nghi-bi-nhiem-covid-19/,0
"Tiễn biệt Thiếu Tướng Lê Minh Đảo, cựu Tư Lệnh Sư Đoàn 18 Bộ Binh, QLVNCH",https://viettan.org/tien-biet-thieu-tuong-le-minh-dao-cuu-tu-lenh-su-doan-18-bo-binh-qlvnch/,0
"Ai xuyên tạc, bôi nhọ quân đội?",https://viettan.org/ai-xuyen-tac-boi-nho-quan-doi/,0
Vắc-xin chủng ngừa COVID-19 của công ty Đức CureVac sẽ sớm được thử nghiệm,https://viettan.org/vac-xin-chung-ngua-covid-19-cua-cong-ty-duc-curevac-se-som-duoc-thu-nghiem/,0
COVID-19 lây nhiễm như thế nào và làm sao để tránh bị lây nhiễm,https://viettan.org/covid-19-lay-nhiem-nhu-the-nao-va-lam-sao-de-tranh-bi-lay-nhiem/,0
Việt Nam đang bị nhiều “dịch” hoành hành chứ không chỉ có COVID-19,https://viettan.org/viet-nam-dang-bi-nhieu-dich-hoanh-hanh-chu-khong-chi-co-covid-19/,0
"14/3/2020: Nhớ hải chiến Trường Sa, nhớ 10 năm Thê Húc",https://viettan.org/14-3-2020-nho-hai-chien-truong-sa-nho-10-nam-the-huc/,0
Tổ Chức Y Tế Thế Giới WHO: Hướng dẫn & giải thích những hiểu sai về COVID-19,https://viettan.org/to-chuc-y-te-the-gioi-who-huong-dan-giai-thich-nhung-hieu-sai-ve-covid-19/,0
Báo Cáo Nhân Quyền 2019 của Bộ Ngoại Giao Hoa Kỳ lên án vi phạm nhân quyền trầm trọng tại Việt Nam,https://viettan.org/bao-cao-nhan-quyen-2019-cua-bo-ngoai-giao-hoa-ky-len-an-vi-pham-nhan-quyen-tram-trong-tai-viet-nam/,0
"Tham nhũng từ cổng chào, tượng đài cho đến độc quyền và quỹ đất",https://viettan.org/tham-nhung-tu-cong-chao-tuong-dai-cho-den-doc-quyen-va-quy-dat/,0
Biến chuyển nghiêm trọng trước khi virus corona chủng mới gây tử vong,https://viettan.org/bien-chuyen-nghiem-trong-truoc-khi-virus-covid-19-gay-tu-vong/,0
LS Nguyễn Văn Đài: 10 năm tù cho Trương Duy Nhất chính xác là đòn thù chính trị,https://viettan.org/ls-nguyen-van-dai-10-nam-tu-cho-truong-duy-nhat-chinh-xac-la-don-thu-chinh-tri/,0
Vụ án Trương Duy Nhất là đòn trả thù chính trị hèn hạ,https://viettan.org/vu-an-truong-duy-nhat-la-don-tra-thu-chinh-tri-hen-ha/,0
Làm show “cứu dân”,https://viettan.org/lam-show-cuu-dan/,0
"Phạm Minh Hoàng: Giải pháp cho vấn nạn hạn, mặn của đồng bằng sông Cửu Long",https://viettan.org/pham-minh-hoang-giai-phap-cho-van-nan-han-man-cua-dong-bang-song-cuu-long/,0
Sự sụp đổ của nền kinh tế phụ thuộc,https://viettan.org/su-sup-do-cua-nen-kinh-te-phu-thuoc/,0
Úc: Biểu tình phản đối bản án đối với ông Châu Văn Khảm và các nhà hoạt động,https://viettan.org/uc-bieu-tinh-phan-doi-ban-an-doi-voi-ong-chau-van-kham-va-cac-nha-hoat-dong/,0
“Bí mật quốc gia”,https://viettan.org/bi-mat-quoc-gia/,0
DB Chris Hayes yêu cầu Ngoại Trưởng Úc áp lực Việt Nam trả tự do cho ông Châu Văn Khảm,https://viettan.org/db-chris-hayes-yeu-cau-ngoai-truong-uc-ap-luc-viet-nam-tra-tu-do-cho-ong-chau-van-kham/,0
"Người dân Đồng Bằng Sông Cửu Long kêu cứu, nhà nước làm ngơ miền Nam",https://viettan.org/nguoi-dan-dong-bang-song-cuu-long-keu-cuu-nha-nuoc-lam-ngo-mien-nam/,0
Cơ hội cuối cùng,https://viettan.org/co-hoi-cuoi-cung/,0
Gửi người chiến hữu,https://viettan.org/gui-nguoi-chien-huu/,0
Đại dịch COVID-19 là cơ hội để Việt Nam thoát Trung,https://viettan.org/dai-dich-covid-19-la-co-hoi-de-viet-nam-thoat-trung/,0
Kinh tế Việt Nam bị đình trệ vì phụ thuộc quá nhiều vào Trung Quốc,https://viettan.org/kinh-te-viet-nam-bi-dinh-tre-vi-phu-thuoc-qua-nhieu-vao-trung-quoc/,0
Vụ Đồng Tâm: Công an soạn sẵn bản án cho những người bị bắt giữ?,https://viettan.org/vu-dong-tam-cong-an-soan-san-ban-an-cho-nhung-nguoi-bi-bat/,0
Các tổ chức gởi thư yêu cầu Hội Đồng Nhân Quyền LHQ điều tra vụ thảm sát Đồng Tâm,https://viettan.org/cac-to-chuc-goi-thu-yeu-cau-hoi-dong-nhan-quyen-lhq-dieu-tra-vu-tham-sat-dong-tam/,0
Cuộc phỏng vấn bí mật Đại Lão Hòa Thượng Thích Quảng Độ ở Sài Gòn,https://viettan.org/cuoc-phong-van-bi-mat-dai-lao-hoa-thuong-thich-quang-do-o-sai-gon/,0
Tang lễ Đức Đệ Ngũ Tăng Thống Thích Quảng Độ,https://viettan.org/tang-le-duc-de-ngu-tang-thong-thich-quang-do/,0
Tiễn biệt Đại lão Hòa Thượng Thích Quảng Độ,https://viettan.org/tien-biet-dai-lao-hoa-thuong-thich-quang-do/,0
Đức Đệ Ngũ Tăng Thống Thích Quảng Độ viên tịch,https://viettan.org/duc-de-ngu-tang-thong-thich-quang-do-vien-tich/,0
Nguyễn Văn Đài: Mục tiêu thực sự khi công an khám xét nhà cụ Lê Đình Kình,https://viettan.org/nguyen-van-dai-muc-tieu-thuc-su-khi-cong-an-kham-xet-nha-cu-le-dinh-kinh/,0
Tại sao tỉnh nghèo Nghệ An bỏ hơn 8 tỷ đồng dựng tượng đài Lênin?,https://viettan.org/tai-sao-tinh-ngheo-nghe-an-bo-hon-8-ty-dong-dung-tuong-dai-lenin/,0
Ông Phạm Minh Hoàng nhận xét về bài thơ của cô giáo Chu Ngọc Thanh,https://viettan.org/ong-pham-minh-hoang-nhan-xet-ve-bai-tho-cua-co-giao-chu-ngoc-thanh/,0
Trường hợp đảng viên Việt Tân được nêu ra tại Hội Nghị Geneva 2020,https://viettan.org/truong-hop-dang-vien-viet-tan-duoc-neu-ra-tai-hoi-nghi-geneva-2020/,0
Vận động tự do cho ông Châu Văn Khảm tại Hội Nghị Geneva 2020,https://viettan.org/tinh-hinh-nhan-quyen-viet-nam-va-van-dong-tu-do-cho-ong-chau-van-kham/,0
Hội Nghị Geneva 2020 – Diễn đàn cho nhân quyền và dân chủ,https://viettan.org/hoi-nghi-geneva-2020-dien-dan-cho-nhan-quyen-va-dan-chu/,0
Chung một số mệnh,https://viettan.org/chung-mot-so-menh/,0
Miệng lưỡi Côn An,https://viettan.org/mieng-luoi-con-an/,0
Phạm Minh Hoàng: Cho học sinh đi học lại trong lúc dịch bệnh là “điên rồ”,https://viettan.org/pham-minh-hoang-cho-hoc-sinh-di-hoc-lai-trong-luc-dich-benh-la-dien-ro/,0
Lời chứng của cụ Lê Đình Kình về nguồn gốc khu đất nông nghiệp Đồng Sênh,https://viettan.org/loi-chung-cua-cu-le-dinh-kinh-ve-nguon-goc-khu-dat-nong-nghiep-dong-senh/,0
Sự phá sản của các bí thư thành ủy,https://viettan.org/su-pha-san-cua-cac-bi-thu-thanh-uy/,0
Hiệp Định EVFTA và những cơ hội mới cho phong trào đấu tranh dân chủ tại Việt Nam,https://viettan.org/hiep-dinh-evfta-va-nhung-co-hoi-moi-cho-phong-trao-dau-tranh-dan-chu-tai-viet-nam/,0
Chính trị vô lương và cái giá phải trả,https://viettan.org/chinh-tri-vo-luong-va-cai-gia-phai-tra/,0
Các Dân Biểu Mỹ yêu cầu nhà cầm quyền CSVN thả tù nhân lương tâm,https://viettan.org/cac-dan-bieu-my-yeu-cau-nha-cam-quyen-csvn-tha-tu-nhan-luong-tam/,0
Lý Thái Hùng: Ông Trọng đưa Trần Quốc Vượng và Vương Đình Huệ vào “tứ trụ”,https://viettan.org/ly-thai-hung-ong-trong-dua-tran-quoc-vuong-va-vuong-dinh-hue-vao-tu-tru/,0
"Việt Nam giúp, Trung Quốc không cám ơn: Hai sự kiện, chỉ một ý nghĩa!",https://viettan.org/viet-nam-giup-trung-quoc-khong-cam-on-hai-su-kien-chi-mot-y-nghia/,0
Vương Đình Huệ sẽ giải quyết vụ Đồng Tâm ra sao?,https://viettan.org/vuong-dinh-hue-se-giai-quyet-vu-dong-tam-ra-sao/,0
"1900 công nhân Long An đình công đòi được bảo vệ trước dịch bệnh viêm phổi Vũ Hán, công ty đáp ứng",https://viettan.org/1900-cong-nhan-long-an-dinh-cong-doi-duoc-bao-ve-truoc-dich-benh-viem-phoi-vu-han-cong-ty-dap-ung/,0
Bài hát chống virus corona viêm phổi Vũ Hán,https://viettan.org/bai-hat-chong-virus-corona-viem-phoi-vu-han/,0
Về việc Bộ Quốc Phòng tiếp nhận 32 ngàn “công dân” từ Trung Quốc về nước?,https://viettan.org/ve-viec-bo-quoc-phong-tiep-nhan-32-ngan-cong-dan-tu-trung-quoc-ve-nuoc/,0
Các quan chức tham nhũng giấu tiền bất chính ở đâu?,https://viettan.org/cac-quan-chuc-tham-nhung-giau-tien-bat-chinh-o-dau/,0
Đảng và dân tộc,https://viettan.org/dang-va-dan-toc/,0
Đại diện đảng Việt Tân và Cộng Đồng Người Việt tại Nhật gặp gỡ trao kiến nghị cho đại diện Ngân Hàng Mizuho tại Tokyo,https://viettan.org/dai-dien-dang-viet-tan-va-cong-dong-nguoi-viet-tai-nhat-gap-go-trao-kien-nghi-cho-dai-dien-ngan-hang-mizuho-tai-tokyo/,0
Các bác sĩ nói gì về tình trạng dịch bệnh virus corona tại Việt Nam,https://viettan.org/cac-bac-si-noi-gi-ve-tinh-trang-dich-benh-virus-corona-tai-viet-nam/,0
Chính phủ CSVN không chịu đóng biên giới: Việt Nam mất chủ quyền?,https://viettan.org/chinh-phu-csvn-khong-chiu-dong-bien-gioi-viet-nam-mat-chu-quyen/,0
Hong Kong: Nhân viên y tế đình công yêu cầu đóng cửa biên giới với Trung Quốc,https://viettan.org/hong-kong-nhan-vien-y-te-dinh-cong-yeu-cau-dong-cua-bien-gioi-voi-trung-quoc/,0
Cựu TNLT Trần Thị Nga nhận giải thưởng Engel-du Tertre của Tổ chức ACAT,https://viettan.org/cuu-tnlt-tran-thi-nga-nhan-giai-thuong-engel-du-tertre-cua-to-chuc-acat/,0
"Tại sao “Quan giàu, nước yếu”?",https://viettan.org/tai-sao-quan-giau-nuoc-yeu/,0
"Việt Nam phải đóng cửa biên giới với Trung Quốc để phòng dịch viêm phổi Vũ Hán, bảo vệ dân",https://viettan.org/viet-nam-phai-dong-cua-bien-gioi-voi-trung-quoc-de-phong-dich-viem-phoi-vu-han-bao-ve-dan/,0
Brexit: Anh Quốc chính thức rời EU,https://viettan.org/brexit-anh-quoc-chinh-thuc-roi-eu/,0
Về chuyện rèn luyện những “hạt giống đỏ”?,https://viettan.org/ve-chuyen-ren-luyen-nhung-hat-giong-do/,0
Phạm Minh Hoàng: Sau biến cố Đồng Tâm dân hết tin vào chiến dịch đốt lò của ông Trọng,https://viettan.org/pham-minh-hoang-sau-bien-co-dong-tam-dan-het-tin-vao-chien-dich-dot-lo-cua-ong-trong/,0
"GDP và câu chuyện “lợn cưới, áo mới”",https://viettan.org/gdp-va-cau-chuyen-lon-cuoi-ao-moi/,0
CSVN sợ “quốc tế hoá” vụ Đồng Tâm,https://viettan.org/csvn-so-quoc-te-hoa-vu-dong-tam/,0
Bà Dư Thị Thành: Những gì thực sự xảy ra ở nhà ông Lê Đình Kình ngày 9/1/2020,https://viettan.org/ba-du-thi-thanh-nhung-gi-thuc-su-xay-ra-o-nha-ong-le-dinh-kinh-ngay-9-1-2020/,0
Chết vì dịch hay chết vì chính quyền?,https://viettan.org/chet-vi-dich-hay-chet-vi-chinh-quyen/,0
Dòng thời gian lây nhiễm dịch viêm phổi Vũ Hán,https://viettan.org/dong-thoi-gian-lay-nhiem-dich-viem-phoi-trung-quoc/,0
Thông điệp khác của CSVN từ cuộc thảm sát Đồng Tâm,https://viettan.org/thong-diep-khac-cua-csvn-tu-cuoc-tham-sat-dong-tam/,0
Làm sao giảm thiểu nguy cơ bị lây nhiễm bởi dịch viêm phổi Vũ Hán,https://viettan.org/lam-sao-giam-thieu-nguy-co-bi-nhiem-virus-corona-moi-tu-trung-quoc-2019-ncov/,0
Đức Quốc: Hiệp tâm cầu nguyện cho Đồng Tâm trong đêm giao thừa,https://viettan.org/duc-quoc-hiep-tam-cau-nguyen-cho-dong-tam-trong-dem-giao-thua/,0
Mùa xuân kể chuyện xưa: Ra Lý Sơn vọng Hoàng Sa,https://viettan.org/mua-xuan-ke-chuyen-xua-ra-ly-son-vong-hoang-sa/,0
Trò chuyện cùng cựu tù nhân lương tâm Trần Thị Nga,https://viettan.org/tro-chuyen-cung-cuu-tu-nhan-luong-tam-tran-thi-nga/,0
Xin cùng nhau vượt qua mọi khác biệt giúp đồng bào phòng chống đại dịch viêm phổi coronavirus,https://viettan.org/xin-cung-nhau-vuot-qua-moi-khac-biet-giup-dong-bao-phong-chong-dai-dich-viem-phoi-coronavirus/,0
Cụ Lê Đình Kình – Nhập Cuộc và Ra Đi,https://viettan.org/cu-le-dinh-kinh-nhap-cuoc-va-ra-di/,0
Lý Thái Hùng: Việt Tân đồng hành cùng Đồng Tâm đòi công lý,https://viettan.org/ly-thai-hung-viet-tan-dong-hanh-cung-dong-tam-doi-cong-ly/,0
"Các nhà hoạt động, nhân sĩ nộp đơn tố giác vụ thảm sát Cụ Lê Đình Kình",https://viettan.org/cac-nha-hoat-dong-nhan-si-nop-don-to-giac-vu-tham-sat-cu-le-dinh-kinh/,0
Cảnh báo nguy cơ virus viêm phổi lạ từ Trung Quốc lây lan sang Việt Nam,https://viettan.org/canh-bao-nguy-co-virus-viem-phoi-la-tu-trung-quoc-lay-lan-sang-viet-nam/,0
"Paris, Pháp Quốc: Làn sóng “Cùng Hướng Về Đồng Tâm” lan rộng trên thế giới",https://viettan.org/paris-phap-quoc-lan-song-cung-huong-ve-dong-tam-lan-rong-tren-the-gioi/,0
Bài hát về Đồng Tâm,https://viettan.org/bai-hat-ve-dong-tam/,0
Ai đồng lõa với Trung Cộng đánh chiếm Hoàng Sa,https://viettan.org/ai-dong-loa-voi-trung-cong-danh-chiem-hoang-sa/,0
Phạm Minh Hoàng: Luật đất đai sẽ còn gây ra nhiều thảm cảnh Đồng Tâm,https://viettan.org/pham-minh-hoang-luat-dat-dai-se-con-gay-ra-nhieu-tham-canh-dong-tam/,0
Dân Biểu Úc lên tiếng về vụ tấn công xã Đồng Tâm 9/1,https://viettan.org/dan-bieu-uc-len-tieng-ve-vu-tan-cong-xa-dong-tam-9-1/,0
Xung đột chết người vì đất đai ở Việt Nam để lại những câu hỏi không có câu trả lời,https://viettan.org/xung-dot-chet-nguoi-vi-dat-dai-o-viet-nam-de-lai-nhung-cau-hoi-khong-co-cau-tra-loi/,0
Trấn áp Đồng Tâm – nhà cầm quyền CSVN đã phạm tội gì?,https://viettan.org/tran-ap-dong-tam-nha-cam-quyen-csvn-da-pham-toi-gi/,0
Vụ Đồng Tâm: Thủ đoạn ngụy biện mới của Ban Tuyên Giáo,https://viettan.org/vu-dong-tam-thu-doan-nguy-bien-moi-cua-ban-tuyen-giao/,0
Người Việt tại Toronto cầu siêu cho các nạn nhân Đồng Tâm,https://viettan.org/nguoi-viet-tai-toronto-cau-sieu-cho-cac-nan-nhan-dong-tam/,0
Trịnh Bá Phương thông tin về vụ tấn công và hiện tình tại Đồng Tâm,https://viettan.org/trinh-ba-phuong-thong-tin-ve-vu-tan-cong-va-hien-tinh-tai-dong-tam/,0
Đồng Tâm và Hồn Dân Tộc!,https://viettan.org/dong-tam-va-hon-dan-toc/,0
Khi kẻ khủng bố gắp lửa bỏ tay người,https://viettan.org/khi-ke-khung-bo-gap-lua-bo-tay-nguoi/,0
Lãnh đạo đảng Việt Tân gửi hoa viếng lão tướng Nguyễn Trọng Vĩnh,https://viettan.org/lanh-dao-dang-viet-tan-gui-hoa-vieng-lao-tuong-nguyen-trong-vinh/,0
Phạm Minh Hoàng: Nguyễn Phú Trọng “nổ mây đen và mặt trời” để che đậy thực trạng Việt Nam,https://viettan.org/pham-minh-hoang-nguyen-phu-trong-no-may-den-va-mat-troi-de-che-day-thuc-trang-viet-nam/,0
Nguyễn Phú Trọng có dám bắt Nguyễn Tấn Dũng ra “hầu toà”?,https://viettan.org/nguyen-phu-trong-co-dam-bat-nguyen-tan-dung-ra-hau-toa/,0
Sự kiện Việt Nam & Thế giới: tổng kết 2019 và dự phóng 2020,https://viettan.org/su-kien-viet-nam-the-gioi-tong-ket-2019-va-du-phong-2020/,0
Ông Lý Thái Hùng: Những thách đố CSVN phải đối mặt trong năm 2020,https://viettan.org/ong-ly-thai-hung-nhung-thach-do-csvn-phai-doi-mat-trong-nam-2020/,0
"Việt Nam 2019, Việt Nam 2020",https://viettan.org/viet-nam-2019-viet-nam-2020/,0
10 sự kiện nổi bật trên thế giới trong năm 2019,https://viettan.org/10-su-kien-noi-bat-tren-the-gioi-trong-nam-2019/,0
10 sự kiện nổi bật tại Việt Nam trong năm 2019,https://viettan.org/10-su-kien-noi-bat-tai-viet-nam-trong-nam-2019/,0
Vĩnh biệt Lão Tướng Nguyễn Trọng Vĩnh,https://viettan.org/vinh-biet-lao-tuong-nguyen-trong-vinh/,0
Trung Quốc muốn biến Campuchia thành tiền đồn quân sự chống Việt Nam,https://viettan.org/trung-quoc-muon-bien-campuchia-thanh-tien-don-quan-su-chong-viet-nam/,0
Dân biểu Quốc Hội Âu Châu nói gì về Hiệp Định Tự Do Thương Mại EU – Việt Nam,https://viettan.org/dan-bieu-quoc-hoi-au-chau-noi-gi-ve-hiep-dinh-tu-do-thuong-mai-eu-viet-nam/,0
Quân đội phục vụ đảng hay tổ quốc?,https://viettan.org/quan-doi-phuc-vu-dang-hay-to-quoc/,0
Chiến dịch càn quét của CSVN đối với các nhà hoạt động dân chủ?,https://viettan.org/chien-dich-can-quet-cua-csvn-doi-voi-cac-nha-hoat-dong-dan-chu/,0
Buổi trao Giải Thưởng Nhân Quyền Lê Đình Lượng 2019,https://viettan.org/buoi-trao-giai-thuong-nhan-quyen-le-dinh-luong-2019/,0
Giáo dục và những chuyện buồn muôn thuở,https://viettan.org/giao-duc-va-nhung-chuyen-buon-muon-thuo/,0
Vận động chính giới EU trong Ngày Quốc Tế Nhân Quyền 2019,https://viettan.org/van-dong-chinh-gioi-eu-trong-ngay-quoc-te-nhan-quyen-2019/,0
Bài phát biểu của Chủ Tịch Đảng Việt Tân trong buổi lễ trao Giải Nhân Quyền Lê Đình Lượng 2019 tại London,https://viettan.org/bai-phat-bieu-cua-chu-tich-dang-viet-tan-trong-buoi-le-trao-giai-nhan-quyen-le-dinh-luong-2019-tai-london/,0
Tư Lệnh Hạm Đội Thái Bình Dương Hoa Kỳ lên án Trung Quốc quân sự hóa Biển Đông,https://viettan.org/tu-lenh-ham-doi-thai-binh-duong-hoa-ky-len-an-trung-quoc-quan-su-hoa-bien-dong/,0
Phỏng vấn Dân Biểu Saskia Bricmont về Hiệp Định Thương Mại Tự Do EU-VN,https://viettan.org/phong-van-dan-bieu-saskia-bricmont-ve-hiep-dinh-thuong-mai-tu-do-eu-vn/,0
"Kinh tế Việt Nam: Tăng trưởng ảo, vỡ nợ thực!",https://viettan.org/kinh-te-viet-nam-tang-truong-ao-vo-no-thuc/,0
"Bruxelles: Biểu tình, vận động chính giới EU nhân Ngày Quốc Tế Nhân Quyền 2019",https://viettan.org/bruxelles-bi-quoc-bieu-tinh-ngay-quoc-te-nhan-quyen-2019/,0
"Sydney, Úc Châu kỷ niệm Ngày Quốc Tế Nhân Quyền lần thứ 71",https://viettan.org/sydney-uc-chau-ky-niem-ngay-quoc-te-nhan-quyen-lan-thu-71/,0
Berlin: Các sinh hoạt đánh dấu ngày Quốc Tế Nhân Quyền lần thứ 71,https://viettan.org/berlin-cac-sinh-hoat-danh-dau-ngay-quoc-te-nhan-quyen-lan-thu-71/,0
Đảng chỉ đạo báo chí đến bao lâu nữa…,https://viettan.org/dang-chi-dao-bao-chi-den-bao-lau-nua/,0
Dấu vết đấu đá phe nhóm chính trị trong việc xoá án cho tử tù Hồ Duy Hải,https://viettan.org/dau-vet-dau-da-phe-nhom-chinh-tri-trong-viec-xoa-an-cho-tu-tu-ho-duy-hai/,0
Phái đoàn Người Việt tự do gặp gỡ tổ chức Theo Dõi Nhân Quyền tại Berlin,https://viettan.org/phai-doan-nguoi-viet-tu-do-gap-go-to-chuc-theo-doi-nhan-quyen-tai-berlin/,0
Ông Lý Thái Hùng: CSVN kéo cờ trắng ở Biển Đông với chính sách quốc phòng “4 không”,https://viettan.org/ong-ly-thai-hung-csvn-keo-co-trang-o-bien-dong-voi-chinh-sach-quoc-phong-4-khong/,0
Alexandre de Rhodes: Kẻ mang tội ác?,https://viettan.org/alexandre-de-rhodes-ke-mang-toi-ac/,0
Câu chuyện trá hình,https://viettan.org/cau-chuyen-tra-hinh/,0
Miễn thị thực hay mở toang phên dậu đón giặc?,https://viettan.org/mien-thi-thuc-hay-mo-toang-phen-dau-don-giac/,0
"Giúp xây đường sắt Hải Phòng – Lào Cai – Côn Minh, Trung Cộng muốn thôn tính Miền Bắc Việt Nam",https://viettan.org/giup-xay-duong-sat-hai-phong-lao-cai-con-minh-trung-cong-muon-thon-tinh-mien-bac-viet-nam/,0
Cộng đồng người Việt tại Đức vận động cho nhân quyền Việt Nam và hoãn phê chuẩn EVFTA,https://viettan.org/cong-dong-nguoi-viet-tai-duc-va%cc%a3n-do%cc%a3ng-cho-nhan-quyen-viet-nam-va-hoan-thong-qua-evfta/,0
Chế độ tồi thì chính công an cũng thành dân oan,https://viettan.org/che-do-toi-thi-cong-an-cung-thanh-dan-oan/,0
6 dân biểu Thụy Sĩ nhận bằng Thành Viên Danh Dự Đảng Việt Tân,https://viettan.org/6-dan-bieu-thuy-si-nhan-bang-thanh-vien-danh-du-dang-viet-tan/,0
Cộng Đồng Người Việt Tự Do Úc Châu vận động cho ông Châu Văn Khảm tại Quốc Hội Liên Bang Úc,https://viettan.org/cong-dong-nguoi-viet-tu-do-uc-chau-van-dong-cho-ong-chau-van-kham-tai-quoc-hoi-lien-bang-uc/,0
"Tại sao thiếu thầy, thiếu thợ tại Việt Nam",https://viettan.org/tai-sao-thieu-thay-thieu-tho-tai-viet-nam/,0
Vì sao CSVN bắt và truy tố TS Phạm Chí Dũng?,https://viettan.org/vi-sao-csvn-bat-va-truy-to-tien-si-pham-chi-dung/,0
Mạng Lưới Nhân Quyền công bố kết quả Giải Nhân Quyền Việt Nam 2019,https://viettan.org/mang-luoi-nhan-quyen-cong-bo-ket-qua-giai-nhan-quyen-viet-nam-2019/,0
Những cái vòi hút ngân sách,https://viettan.org/nhung-cai-voi-hut-ngan-sach/,0
Miền Nam Việt Nam trước thảm họa môi sinh và xã hội,https://viettan.org/mien-nam-viet-nam-truoc-tham-hoa-moi-sinh-va-xa-hoi/,0
Bộ Trưởng Ngô Xuân Lịch lần nữa không dám gọi tên kẻ xâm lược,https://viettan.org/bo-truong-ngo-xuan-lich-lan-nua-khong-dam-goi-ten-ke-xam-luoc/,0
Những điều “kinh dị” trong vụ án “trốn thuế” của Luật Sư Trần Vũ Hải,https://viettan.org/nhung-dieu-kinh-di-trong-vu-an-tron-thue-cua-luat-su-tran-vu-hai/,0
Thông báo Giải Thưởng Nhân Quyền Lê Đình Lượng 2019,https://viettan.org/thong-bao-giai-thuong-nhan-quyen-le-dinh-luong-2019/,0
Vạch trần cáo buộc vô căn cứ của nhà nước cộng sản với Đảng Việt Tân,https://viettan.org/vach-tran-cao-buoc-vo-can-cu-cua-nha-nuoc-cong-san-voi-dang-viet-tan/,0
Lời nói sau cùng của Thầy giáo Nguyễn Năng Tĩnh tại tòa án Nghệ An,https://viettan.org/loi-noi-sau-cung-cua-thay-giao-nguyen-nang-tinh-tai-toa-an-nghe-an/,0
Thầy giáo Nguyễn Năng Tĩnh bị tuyên án 11 năm tù và 5 năm quản chế,https://viettan.org/thay-giao-nguyen-nang-tinh-bi-tuyen-an-11-nam-tu-va-5-nam-quan-che/,0
Tổ chức Theo Dõi Nhân Quyền: Úc cần lên tiếng mạnh mẽ cho ông Châu Văn Khảm,https://viettan.org/to-chuc-theo-doi-nhan-quyen-uc-can-len-tieng-manh-me-cho-ong-chau-van-kham/,0
Nhà giáo Phạm Minh Hoàng phân tích vụ cư dân mạng tẩy chay Thành Long,https://viettan.org/nha-giao-pham-minh-hoang-phan-tich-vu-cu-dan-mang-tay-chay-thanh-long/,0
Sydney: Họp báo ngay sau phiên tòa bỏ túi xét xử ông Châu Văn Khảm,https://viettan.org/sydney-hop-bao-ngay-sau-phien-toa-bo-tui-xet-xu-ong-chau-van-kham/,0
“Còn Đảng mà chẳng còn mình!”,https://viettan.org/con-dang-ma-chang-con-minh/,0
Phản đối bản án phi nhân gán cho người yêu nước,https://viettan.org/phan-doi-ban-an-phi-nhan-gan-cho-nguoi-yeu-nuoc/,0
12 năm tù: Vì anh là người Việt Nam,https://viettan.org/12-nam-tu-vi-anh-la-nguoi-viet-nam/,0
Hướng về phiên tòa xét xử ba nhà hoạt động dân chủ,https://viettan.org/huong-ve-phien-toa-xet-xu-ba-nha-hoat-dong-dan-chu/,0
Hậu chuyện: Sự sụp đổ của Bức Tường Bá Linh và những bài học cho Trung Quốc 30 năm sau,https://viettan.org/hau-chuyen-su-sup-do-cua-buc-tuong-ba-linh-va-nhung-bai-hoc-cho-trung-quoc-30-nam-sau/,0
Đông Âu hậu Cộng sản và Việt Nam ngày nay*,https://viettan.org/dong-au-hau-cong-san-va-viet-nam-ngay-nay/,0
Đông Âu 1989 – 30 Năm Nhìn Lại: Ba Lan cuộc cách mạng 10 năm,https://viettan.org/dong-au-1989-30-nam-nhin-lai-ba-lan-cuoc-cach-mang-10-nam/,0
"Việt Luận phỏng vấn ông Lý Thái Hùng, Tổng Bí Thư Đảng Việt Tân",https://viettan.org/viet-luan-phong-van-ong-ly-thai-hung-tong-bi-thu-dang-viet-tan/,0
HRW kêu gọi CSVN hủy bỏ cáo buộc khủng bố đối với các nhà vận động chính trị,https://viettan.org/hrw-keu-goi-csvn-huy-bo-cao-buoc-khung-bo-doi-voi-cac-nha-van-dong-chinh-tri/,0
Không ai đoán được hiệu ứng Domino năm 1989*,https://viettan.org/khong-ai-doan-duoc-hieu-ung-domino-nam-1989/,0
Một chính quyền thiếu tử tế,https://viettan.org/mot-chinh-quyen-thieu-tu-te/,0
Ước mơ của đảng viên Việt Tân Châu Văn Khảm,https://viettan.org/uoc-mo-cua-dang-vien-viet-tan-chau-van-kham/,0
Phiên tòa 11/11: Lại vu khống ‘khủng bố’*,https://viettan.org/lai-vu-khong-khung-bo-chong-chinh-quyen-nhan-dan/,0
Thư ngỏ về Hiệp Định Thương Mại Tự Do EU-Việt Nam của các tổ chức quốc tế,https://viettan.org/thu-ngo-ve-hiep-dinh-thuong-mai-tu-do-eu-viet-nam-cua-cac-to-chuc-quoc-te/,0
Đảng Cộng Sản nên chấm dứt thói vô trách nhiệm,https://viettan.org/dang-cong-san-nen-cham-dut-thoi-vo-trach-nhiem/,0
LS Nguyễn Văn Đài: Ông Châu Văn Khảm không phải khủng bố,https://viettan.org/ls-nguyen-van-dai-ong-chau-van-kham-khong-phai-khung-bo/,0
Từ ô nhiễm môi trường Formosa đến phong trào xuất khẩu lao động chui,https://viettan.org/tu-o-nhiem-moi-truong-formosa-den-phong-trao-xuat-khau-lao-dong-chui/,0
Những cái giá phải trả cho thân phận “người rơm” với giấc mơ đổi đời,https://viettan.org/nhung-cai-gia-phai-tra-cho-than-phan-nguoi-rom-voi-giac-mong-doi-doi/,0
Ông Lý Thái Hùng nói về cuốn sách mới “Đông Âu và Việt Nam: 30 Năm Nhìn Lại”,https://viettan.org/ong-ly-thai-hung-noi-ve-cuon-sach-moi-dong-au-va-viet-nam-30-nam-nhin-lai/,0
Nhà cầm quyền Hà Tĩnh ủng hộ tập đoàn Trung Quốc đầu tư tại Vũng Áng,https://viettan.org/nha-cam-quyen-ha-tinh-ung-ho-tap-doan-trung-quoc-dau-tu-tai-vung-ang/,0
Những câu chuyện Việt Nam,https://viettan.org/nhung-cau-chuyen-viet-nam/,0
Những người lính trở về,https://viettan.org/nhung-nguoi-linh-tro-ve/,0
Nhà nước Việt Nam thất bại trước mưu đồ quảng bá đường lưỡi bò của Trung Quốc,https://viettan.org/nha-nuoc-viet-nam-that-bai-truoc-muu-do-quang-ba-duong-luoi-bo-cua-trung-quoc/,0
Khóc cho Trà Mi hay khóc cho Việt Nam,https://viettan.org/khoc-cho-tra-mi-hay-khoc-cho-viet-nam/,0
Quyết tử để ra đi: Đất nước mình ngộ lắm phải không anh?,https://viettan.org/quyet-tu-de-ra-di-dat-nuoc-minh-ngo-lam-phai-khong-anh/,0
Hèn hạ và khiếp nhược,https://viettan.org/hen-ha-va-khiep-nhuoc/,0
Trung Quốc rút Hải Dương 8 để đưa giàn khoan Thạch Du xâm phạm Bãi Tư Chính?,https://viettan.org/trung-quoc-rut-hai-duong-8-de-dua-gian-khoan-thach-du-xam-pham-bai-tu-chinh/,0
"Rút tàu thăm dò địa chất, Trung Quốc chuẩn bị đưa giàn khoan vào vùng biển của Việt Nam?",https://viettan.org/rut-tau-tham-do-dia-chat-trung-quoc-chuan-bi-dua-gian-khoan-vao-vung-bien-cua-viet-nam/,0
Cố Thứ Trưởng Lê Hải An là nạn nhân của TBT Nguyễn Phú Trọng,https://viettan.org/co-thu-truong-le-hai-an-la-nan-nhan-cua-ong-nguyen-phu-trong/,0
Vì sao Thứ Trưởng Lê Hải An bị sát hại trước ngưỡng cửa Đại hội 13?,https://viettan.org/vi-sao-thu-truong-le-hai-an-bi-sat-hai-truoc-nguong-cua-dai-hoi-13/,0
Đừng lải nhải mà hãy hành động vì chủ quyền đất nước,https://viettan.org/dung-lai-nhai-ma-hay-hanh-dong-vi-chu-quyen-dat-nuoc/,0
Tướng Trung Quốc lộng ngôn về chủ quyền Biển Đông trước mũi Bộ Trưởng Xuân Lịch,https://viettan.org/tuong-trung-quoc-long-ngon-ve-chu-quyen-bien-dong-truoc-mui-bo-truong-xuan-lich/,0
Bà Hồng Ngát và mấy giây đường lưỡi bò,https://viettan.org/ba-hong-ngat-va-may-giay-duong-luoi-bo/,0
Hoà Lan: Biểu tình chống Trung Cộng xâm lược Việt Nam,https://viettan.org/hoa-lan-bieu-bieu-chong-trung-cong-xam-luoc-viet-nam/,0
Trung Quốc dùng lá bài nông sản để ép Việt Nam trong tranh chấp chủ quyền,https://viettan.org/trung-quoc-dung-la-bai-nong-san-de-ep-viet-nam-trong-tranh-chap-chu-quyen/,0
Đại gia của công ty Nước Sạch Sông Đà bỏ túi hàng trăm tỷ đồng mỗi năm,https://viettan.org/dai-gia-cua-cong-ty-nuoc-sach-song-da-bo-tui-hang-tram-ty-dong-moi-nam/,0
Nguyên nhân khiến Thứ Trưởng Lê Hải An “ngã lầu”,https://viettan.org/nguyen-nhan-khien-thu-truong-le-hai-an-nga-lau/,0
Cái chết bí mật trước đại hội 13,https://viettan.org/cai-chet-bi-mat-truoc-dai-hoi-13/,0
Giặc đến nhà đàn bà phải đánh!,https://viettan.org/giac-den-nha-dan-ba-phai-danh/,0
"Thảm họa sinh thái đô thị, nguyên do không phải từ ông trời",https://viettan.org/tham-hoa-sinh-thai-do-thi-nguyen-do-khong-phai-tu-ong-troi/,0
Bà Hồng Ngát và đường lưỡi bò,https://viettan.org/ba-hong-ngat-va-duong-luoi-bo/,0
"Luật sư bào chữa không đến dự, phiên tòa xử thầy giáo Nguyễn Đăng Tĩnh phải hoãn",https://viettan.org/thieu-luat-su-bao-chua-phien-toa-xu-thay-giao-nguyen-dang-tinh-phai-hoan/,0
"Thiếu nhân công kỹ năng cao, Việt Nam bỏ lỡ cơ hội từ chiến tranh thương mại Mỹ-Trung",https://viettan.org/thieu-nhan-cong-ky-nang-cao-viet-nam-bo-lo-co-hoi-tu-chien-tranh-thuong-mai-my-trung/,0
"Hạ Viện Mỹ thông qua dự luật trừng phạt quan chức vi phạm nhân quyền, làm suy yếu quyền tự trị của Hong Kong",https://viettan.org/ha-vien-my-thong-qua-du-luat-trung-phat-quan-chuc-vi-pham-nhan-quyen-lam-suy-yeu-quyen-tu-tri-cua-hong-kong/,0
"Thầy giáo Nguyễn Năng Tĩnh sẽ ra tòa ngày 17/10, bị cáo buộc “tuyên truyền chống nhà nước”",https://viettan.org/thay-giao-nguyen-nang-tinh-se-ra-toa-ngay-17-10-bi-cao-buoc-tuyen-truyen-chong-nha-nuoc/,0
Nhà cầm quyền dung túng cho Tướng Công An Đỗ Hữu Ca xây biệt phủ lấn sông,https://viettan.org/nha-cam-quyen-dung-tung-cho-tuong-cong-an-do-huu-ca-xay-biet-phu-lan-song/,0
Gắn camera trong lớp học có giải quyết được vấn nạn bạo hành học đường?,https://viettan.org/gan-camera-trong-lop-hoc-co-giai-quyet-duoc-van-nan-bao-hanh-hoc-duong/,0
Câu chuyện Mã Pì Lèng,https://viettan.org/cau-chuyen-ma-pi-leng/,0
Thầy giáo dạy hát bài “Trả lại cho dân” sẽ bị tòa án Nghệ An xét xử ngày 17/10,https://viettan.org/thay-giao-day-hat-bai-tra-lai-cho-dan-se-bi-toa-an-nghe-an-xet-xu-ngay-17-10/,0
Nguyễn Phú Trọng nói tới “Biển Đông” trong Hội nghị trung ương 11 để làm gì,https://viettan.org/nguyen-phu-trong-noi-toi-bien-dong-trong-hoi-nghi-trung-uong-11-de-lam-gi/,0
“Nhóm lợi ích” huỷ hoại môi trường ở Việt Nam và tấn công AirVisual App,https://viettan.org/nhom-loi-ich-huy-hoai-moi-truong-o-viet-nam-va-tan-cong-airvisual-app/,0
Câu chuyện nữ trưởng phòng tỉnh ủy Đắk Lắk,https://viettan.org/cau-chuyen-nu-truong-phong-tinh-uy-dak-lak/,0
Cuối cùng Nguyễn Phú Trọng cũng dám nhắc đến Biển Đông,https://viettan.org/cuoi-cung-nguyen-phu-trong-cung-dam-nhac-den-bien-dong/,0
Một dân tộc chết mòn,https://viettan.org/mot-dan-toc-chet-mon/,0
Thoát Trung?,https://viettan.org/thoat-trung/,0
Đấu đá bùng nổ với Hội nghị Trung ương 11,https://viettan.org/dau-da-bung-no-voi-hoi-nghi-trung-uong-11/,0
Không khí ô nhiễm Hà Nội và Sài Gòn: Thử tìm nguyên nhân và giải pháp,https://viettan.org/khong-khi-o-nhiem-ha-noi-va-sai-gon-thu-tim-nguyen-nhan-va-giai-phap/,0
Người nước ngoài rời bỏ Hà Nội vì ô nhiễm không khí nghiêm trọng,https://viettan.org/nguoi-nuoc-ngoai-roi-bo-ha-noi-vi-o-nhiem-khong-khi-nghiem-trong/,0
Quy định 205 kiểm soát quyền lực: Nguyễn Phú Trọng quyết giữ ghế,https://viettan.org/quy-dinh-205-kiem-soat-quyen-luc-nguyen-phu-trong-quyet-giu-ghe/,0
Mỹ điều tàu sân bay đến Biển Đông dịp Quốc khánh Trung Quốc,https://viettan.org/my-dieu-tau-san-bay-den-bien-dong-dip-quoc-khanh-trung-quoc/,0
Chính quyền bất lực trước tình trạng ô nhiễm không khí khủng khiếp tại Hà Nội và Sài Gòn,https://viettan.org/chinh-quyen-bat-luc-truoc-tinh-trang-o-nhiem-khong-khi-khung-khiep-tai-ha-noi-va-sai-gon/,0
Từ Gapo đến Lotus,https://viettan.org/tu-gapo-den-lotus/,0
Vai trò của Bộ Trưởng Y Tế Nguyễn Thị Kim Tiến trong vụ VN Pharma bán thuốc giả,https://viettan.org/vai-tro-cua-bo-truong-y-te-nguyen-thi-kim-tien-trong-vu-vn-pharma-ban-thuoc-gia/,0
Sông Đồng Nai đang bị bức tử!,https://viettan.org/song-dong-nai-dang-bi-buc-tu/,0
Nhóm chống biến đổi khí hậu Việt Nam bị ngăn cản tổ chức tuần hành,https://viettan.org/nhom-chong-bien-doi-khi-hau-viet-nam-bi-ngan-can-to-chuc-tuan-hanh/,0
Những lý do phải khởi kiện Trung Quốc,https://viettan.org/nhung-ly-do-phai-khoi-kien-trung-quoc/,0
Đường cao tốc Bắc – Nam: Thấy gì qua việc chọn thầu?,https://viettan.org/duong-cao-toc-bac-nam-thay-gi-qua-viec-chon-thau/,0
Cuộc “đại thẩm phán” tại LHQ hay điếu văn cho chủ nghĩa cộng sản?,https://viettan.org/cuoc-dai-tham-phan-tai-lhq-hay-dieu-van-cho-chu-nghia-cong-san/,0
Cao tốc Bắc Nam: Chỉ chọn nhà thầu Việt Nam không vẫn chưa đủ,https://viettan.org/cao-toc-bac-nam-chi-chon-nha-thau-viet-nam-khong-van-chua-du/,0
Ngay cả quan chức cũng mất niềm tin vào chế độ,https://viettan.org/ngay-ca-quan-chuc-cung-mat-niem-tin-vao-che-do/,0
Khi đế chế sụp đổ vì miếng thịt l…ợn,https://viettan.org/khi-de-che-sup-do-vi-mieng-thit-lon/,0
“Ở Việt Nam không có khủng bố”,https://viettan.org/o-viet-nam-khong-co-khung-bo/,0
Cô bé Greta: Gáo nước lạnh tạt vào mặt các lãnh đạo thế giới,https://viettan.org/co-be-greta-gao-nuoc-lanh-tat-vao-mat-cach-lanh-dao-the-gioi/,0
Nếu tôi được mời ‘gặp’ ông Nguyễn Phú Trọng…,https://viettan.org/neu-toi-duoc-moi-gap-ong-nguyen-phu-trong/,0
Chúng ta chờ ai đây,https://viettan.org/chung-ta-cho-ai-day/,0
Ngày Quốc Tế Dân Chủ tại Paris,https://viettan.org/ngay-quoc-te-dan-chu-tai-paris/,0
Paris: Biểu tình chống Trung Cộng xâm lấn chủ quyền Việt Nam tại Bãi Tư Chính,https://viettan.org/paris-bieu-tinh-chong-trung-cong-xam-lan-chu-quyen-viet-nam-tai-bai-tu-chinh/,0
ExxonMobil đòi mức giá ưu đãi nếu không sẽ rút ra khỏi mỏ Cá Voi Xanh,https://viettan.org/exxonmobile-doi-muc-gia-uu-dai-neu-khong-se-rut-ra-khoi-mo-ca-voi-xanh/,0
Việt Nam không thể chống tham nhũng nếu không có tự do và minh bạch,https://viettan.org/viet-nam-khong-the-chong-tham-nhung-neu-khong-co-tu-do-va-minh-bach/,0
Sức sống mãnh liệt của Tù Nhân Lương Tâm và gia đình họ,https://viettan.org/suc-song-manh-liet-cua-tu-nhan-luong-tam-va-gia-dinh-ho/,0
Tội phạm Trung Quốc đang đe dọa nghiêm trọng an ninh quốc gia của Việt Nam,https://viettan.org/toi-pham-trung-quoc-dang-de-doa-nghiem-trong-an-ninh-quoc-gia-cua-viet-nam/,0
"Tăng cường kiểm soát tư tưởng chính trị giáo viên, học sinh",https://viettan.org/tang-cuong-kiem-soat-tu-tuong-chinh-tri-giao-vien-hoc-sinh/,0
Những “cuộc chia ly màu đỏ” Việt – Trung (Phần 2),https://viettan.org/nhung-cuoc-chia-ly-mau-do-viet-trung-phan-2/,0
Hy sinh đời bố – củng cố đời con,https://viettan.org/hy-sinh-doi-bo-cung-co-doi-con/,0
Đài Loan thúc giục các nước ngăn chặn Trung Cộng bá quyền ở Biển Đông,https://viettan.org/dai-loan-thuc-giuc-cac-nuoc-ngan-chan-trung-cong-ba-quyen-o-bien-dong/,0
Nhà báo Phạm Đoan Trang nhận giải thưởng Tự Do Báo Chí 2019 của tổ chức Phóng Viên Không Biên Giới,https://viettan.org/nha-bao-pham-doan-trang-nhan-giai-thuong-bao-chi-2019-cua-to-chuc-phong-vien-khong-bien-gioi/,0
Vì sao người Trung Quốc dễ dàng biến Việt Nam thành xưởng sản xuất ma túy,https://viettan.org/vi-sao-nguoi-trung-quoc-de-dang-bien-viet-nam-thanh-xuong-san-xuat-ma-tuy/,0
Người Việt tại Anh Quốc biểu tình chống Trung Quốc vi phạm biển đảo Việt Nam,https://viettan.org/nguoi-viet-tai-anh-quoc-bieu-tinh-chong-trung-quoc-vi-pham-bien-dao-viet-nam/,0
Cháy công ty Rạng Đông: Chính quyền che giấu thông tin làm nhiều người bị nhiễm độc thuỷ ngân,https://viettan.org/chay-cong-ty-rang-dong-chinh-quyen-che-giau-thong-tin-lam-nhieu-nguoi-bi-nhiem-doc-thuy-ngan/,0
"Tiết lộ: Đặc Khu Trưởng Hong Kong muốn từ chức, sẽ bắt thêm người biểu tình",https://viettan.org/tiet-lo-dac-khu-truong-hong-kong-muon-tu-chuc-se-bat-them-nguoi-bieu-tinh/,0
Carrie Lam nhượng bộ – chính thức hủy bỏ dự luật dẫn độ,https://viettan.org/carrie-lam-nhuong-bo-chinh-thuc-huy-bo-du-luat-dan-do/,0
Chuyên gia cảnh báo về nguy cơ dân cư Hạ Đình bị nhiễm độc thuỷ ngân,https://viettan.org/chuyen-gia-canh-bao-ve-nguy-co-dan-cu-ha-dinh-bi-nhiem-doc-thuy-ngan/,0
Những “cuộc chia ly màu đỏ” Việt – Trung (Phần 1),https://viettan.org/nhung-cuoc-chia-ly-mau-do-viet-trung/,0
Trung Quốc nhất quyết không nhượng bộ người biểu tình Hong Kong,https://viettan.org/trung-quoc-nhat-quyet-khong-nhuong-bo-nguoi-bieu-tinh-hong-kong/,0
Thêm một nạn nhân trong vụ án Gateway,https://viettan.org/them-mot-nan-nhan-trong-vu-an-gateway/,0
Lo cho đảng viên trẻ bị diễn biến hoà bình,https://viettan.org/lo-cho-dang-vien-tre-bi-dien-bien-hoa-binh/,0
"Rập khuôn Trung Quốc, Sài Gòn lắp thêm 10.000 camera để giám sát người dân",https://viettan.org/hoc-trung-quoc-sai-gon-lap-them-10-000-camera-de-giam-sat-nguoi-dan/,0
Bộ Quốc Phòng Mỹ lên án Trung Quốc xâm phạm chủ quyền của Việt Nam,https://viettan.org/bo-quoc-phong-my-len-an-trung-quoc-xam-pham-chu-quyen-cua-viet-nam/,0
Trung Quốc thao túng thông tin bôi nhọ phong trào dân chủ Hong Kong,https://viettan.org/trung-quoc-thao-tung-thong-tin-boi-nho-phong-trao-dan-chu-hong-kong/,0
Nội bộ Đảng CSVN phân hóa về chủ trương đối với Trung Quốc,https://viettan.org/noi-bo-dang-csvn-phan-hoa-ve-chu-truong-doi-voi-trung-quoc/,0
Washington DC: Biểu tình phản đối Trung Cộng xâm lấn Bãi Tư Chính và CSVN hèn nhược,https://viettan.org/washington-dc-bieu-tinh-phan-doi-trung-cong-xam-lan-bai-tu-chinh-va-csvn-hen-nhuoc/,0
"Houston, Texas: Biểu tình phản đối Trung Quốc xâm lược",https://viettan.org/houston-bieu-tinh-phan-doi-trung-quoc-xam-luoc/,0
Bắc Kinh có dám đàn áp biểu tình Hong Kong?,https://viettan.org/bac-kinh-co-dam-dan-ap-bieu-tinh-hong-kong/,0
Nền giáo dục 3 chữ C,https://viettan.org/nen-giao-duc-3-chu-c/,0
Quân sự hoá Bãi Tư Chính: Chiến hạm Việt Nam có dám nổ súng?,https://viettan.org/quan-su-hoa-bai-tu-chinh-chien-ham-viet-nam-co-dam-no-sung/,0
Vụ cháu học sinh trường Gateway tử vong: Khía cạnh tâm lý và pháp lý,https://viettan.org/vu-chau-hoc-sinh-truong-gateway-tu-vong-khia-canh-tam-ly-va-phap-ly/,0
Trận Waterloo của hoàng đế Tập? – Khi “cái hộp Pandora” Hong Kong đã mở,https://viettan.org/tran-waterloo-cua-hoang-de-tap-khi-cai-hop-pandora-hong-kong-da-mo/,0
Bãi Tư Chính: Cảnh sát biển Việt Nam đối đầu tàu hải giám tối tân Trung Quốc,https://viettan.org/bai-tu-chinh-canh-sat-bien-viet-nam-doi-dau-tau-hai-giam-toi-tan-trung-quoc/,0
Trung Quốc đang âm mưu cướp Bãi Tư Chính như Scarborough,https://viettan.org/trung-quoc-dang-am-muu-cuop-bai-tu-chinh-nhu-bai-can-scarborough-cua-phi/,0
"Đánh không, không đánh?",https://viettan.org/danh-hay-khong-danh-2/,0
Tháng 8 – Mùa tưởng niệm,https://viettan.org/thang-8-mua-tuong-niem/,0
Sự dấn thân của Hà Văn Nam,https://viettan.org/su-dan-than-cua-ha-van-nam/,0
Vì sao sau trận mưa: Phú Quốc biến thành Phú Nước,https://viettan.org/vi-sao-sau-tran-mua-phu-quoc-bien-thanh-phu-nuoc/,0
Hơn 60.000 người Nga xuống đường biểu tình đòi tự do bầu cử,https://viettan.org/hon-60-000-nguoi-nga-xuong-duong-bieu-tinh-doi-tu-do-bau-cu/,0
Trung Quốc sử dụng lực lượng dân quân biển vũ trang để chiếm Biển Đông,https://viettan.org/trung-quoc-su-dung-luc-luong-dan-quan-bien-vu-trang-de-chiem-bien-dong/,0
"Rút HD 8, Trung Quốc chuẩn bị đưa giàn khoan vào vùng đặc quyền kinh tế Việt Nam?",https://viettan.org/rut-hd-8-trung-quoc-chuan-bi-dua-gian-khoan-vao-vung-dac-quyen-kinh-te-viet-nam/,0
Sự hèn nhược của lãnh đạo CSVN,https://viettan.org/su-hen-nhuoc-cua-lanh-dao-csvn/,0
Trận Waterloo của hoàng đế Tập? – Ai sẽ “chết” trong cuộc chiến tranh tiền tệ Mỹ Trung?,https://viettan.org/tran-waterloo-cua-hoang-de-tap-ai-se-chet-trong-cuoc-chien-tranh-tien-te-my-trung/,0
Đánh hay không đánh?,https://viettan.org/danh-hay-khong-danh/,0
Tù Nhân Lương Tâm và những địa ngục sau song sắt,https://viettan.org/tu-nhan-luong-tam-va-nhung-dia-nguc-sau-song-sat/,0
Đừng ngậm máu phun người,https://viettan.org/dung-ngam-mau-phun-nguoi/,0
Buổi đón tiếp đầy yêu thương với Nguyễn Đặng Minh Mẫn,https://viettan.org/buoi-don-tiep-day-yeu-thuong-voi-nguyen-dang-minh-man/,0
Tù nhân lương tâm Nguyễn Đặng Minh Mẫn phát biểu lần đầu tiên trong ngày ra tù,https://viettan.org/tu-nhan-luong-tam-nguyen-dang-minh-man-phat-bieu-lan-dau-tien-trong-ngay-ra-tu/,0
Bạn bè năm châu chào đón Nguyễn Đặng Minh Mẫn,https://viettan.org/ban-be-nam-chau-chao-don-nguyen-dang-minh-man/,0
Câu chuyện của Trường Sa,https://viettan.org/cau-chuyen-cua-truong-sa/,0
Em Là Bông Hoa,https://viettan.org/em-la-bong-hoa/,0
Giới trẻ nghĩ gì về Nguyễn Đặng Minh Mẫn và HS.TS.VN,https://viettan.org/gioi-tre-nghi-gi-ve-nguyen-dang-minh-man-va-hs-ts-vn/,0
Thơ: Mừng em ra tù,https://viettan.org/tho-mung-em-ra-tu/,0
Ngày về: Những hình ảnh đầu tiên của Nguyễn Đặng Minh Mẫn sau 8 năm tù ngục độc tài CSVN,https://viettan.org/ngay-ve-nhung-hinh-anh-dau-tien-cua-nguyen-dang-minh-man-sau-8-nam-tu-nguc/,0
Việt Nam mất Bãi Tư Chính vì chính sách “3 không”,https://viettan.org/viet-nam-mat-bai-tu-chinh-vi-chinh-sach-3-khong/,0
Nguyên nhân sâu xa khiến học sinh chán học lịch sử nước nhà,https://viettan.org/nguyen-nhan-sau-xa-khien-hoc-sinh-chan-hoc-lich-su-nuoc-nha/,0
"Our City, Hải Phòng: Quan chức nào phải chịu trách nhiệm",https://viettan.org/our-city-hai-phong-quan-chuc-nao-phai-chiu-trach-nhiem/,0
“Những người muôn năm cũ…”,https://viettan.org/nhung-nguoi-muon-nam-cu/,0
Đã tới lúc cần nhìn xuyên bộ đồng phục,https://viettan.org/da-toi-luc-can-nhin-xuyen-bo-dong-phuc/,0
Nguyễn Đặng Minh Mẫn: Người lựa chọn điều tốt nhất,https://viettan.org/nguyen-dang-minh-man-nguoi-lua-chon-dieu-tot-nhat/,0
Dự án Cát Linh – Hà Đông,https://viettan.org/du-an-cat-linh-ha-dong/,0
Dã tâm lâu dài của Trung Cộng,https://viettan.org/da-tam-lau-dai-cua-trung-cong/,0
Lê Thanh Hải sẽ là khúc củi kế tiếp của lò Nguyễn Phú Trọng,https://viettan.org/le-thanh-hai-se-la-khuc-cui-ke-tiep-cua-lo-nguyen-phu-trong/,0
Căng thẳng gia tăng tại Bãi Tư Chính: Trung Quốc muốn cắt “dây đu Mỹ” của Việt Nam,https://viettan.org/cang-thang-gia-tang-tai-bai-tu-chinh-trung-quoc-muon-cat-day-du-my-cua-viet-nam/,0
Trận Waterloo của hoàng đế Tập? – Bước leo thang nguy hiểm ở Tư Chính,https://viettan.org/tran-waterloo-cua-hoang-de-tap-buoc-leo-thang-nguy-hiem-o-tu-chinh/,0
Dân Biểu Chris Hayes phát biểu trước Quốc Hội Úc: Chính phủ Úc có bổn phận bảo vệ ông Châu Văn Khảm,https://viettan.org/dan-bieu-chris-hayes-phat-bieu-truoc-quoc-hoi-uc-chinh-phu-uc-co-bon-phan-bao-ve-ong-chau-van-kham/,0
Những ai thở phào nhẹ nhõm khi Trần Bắc Hà tử vong,https://viettan.org/nhung-ai-tho-phao-nhe-nhom-khi-tran-bac-ha-tu-vong/,0
Đã đến lúc phải kiện Trung Quốc ra tòa án quốc tế,https://viettan.org/da-den-luc-phai-kien-trung-quoc-ra-toa-an-quoc-te/,0
Báo The Guardian: Ông Châu Văn Khảm bị nhà cầm quyền CSVN không cho gặp luật sư biện hộ,https://viettan.org/guardian-quan-ngai-cho-so-phan-cua-cong-dan-uc-bi-giam-cam-khong-xet-xu-o-viet-nam/,0
Ông Trọng đang ngứa miệng!,https://viettan.org/ong-trong-dang-ngua-mieng/,0
Nguyễn Đặng Minh Mẫn – 8 năm đi tù vì tuyên xưng chủ quyền Đất Nước,https://viettan.org/nguyen-dang-minh-man-8-nam-di-tu-vi-tuyen-xung-chu-quyen-dat-nuoc/,0
"Công dân Úc, ông Châu Văn Khảm đã bị giam giữ 6 tháng tại Việt Nam mà không có luật sư bào chữa",https://viettan.org/cong-dan-uc-ong-chau-van-kham-da-bi-giam-giu-6-thang-tai-viet-nam-ma-khong-co-luat-su-bao-chua/,0
Báo cáo láo hay che giấu yếu kém,https://viettan.org/bao-cao-lao-hay-che-giau-yeu-kem/,0
"Viết cho em, Nguyễn Đặng Minh Mẫn",https://viettan.org/viet-cho-em-nguyen-dang-minh-man/,0
Bãi Tư Chính: Bắc Kinh vừa ăn cướp vừa la làng,https://viettan.org/bai-tu-chinh-bac-kinh-vua-an-cuop-vua-la-lang/,0
8 năm tù không hối tiếc vì khẩu hiệu “HS.TS.VN”,https://viettan.org/8-nam-tu-khong-hoi-tiec-vi-khau-hieu-hs-ts-vn/,0
Nguyễn Tấn Dũng lại thoát nữa!,https://viettan.org/nguyen-tan-dung-lai-thoat-nua/,0
Hiệu ứng Trần Bắc Hà trong những ngày tới,https://viettan.org/hieu-ung-tran-bac-ha-trong-nhung-ngay-toi/,0
Ông Trần Bắc Hà chết trong trại tạm giam,https://viettan.org/ong-tran-bac-ha-chet-trong-trai-tam-giam/,0
Bàn chuyện cái lu!,https://viettan.org/ban-chuyen-cai-lu/,0
Vấn nạn “nhạt chính trị” nơi nghị trường Quốc Hội,https://viettan.org/van-nan-nhat-chinh-tri-noi-nghi-truong-quoc-hoi/,0
Tương lai chính trị của Nguyễn Thị Kim Ngân sau chuyến thăm Trung Quốc,https://viettan.org/tuong-lai-chinh-tri-cua-nguyen-thi-kim-ngan-sau-chuyen-tham-trung-quoc/,0
Chúng ta không phải là những con bò sữa!,https://viettan.org/chung-ta-khong-phai-la-nhung-con-bo-sua/,0
"Khi đất nước lâm nguy, dân có quyền được biết",https://viettan.org/khi-dat-nuoc-lam-nguy-dan-co-quyen-duoc-biet/,0
Con người Việt Tân xưa và nay,https://viettan.org/con-nguoi-viet-tan-xua-va-nay/,0
Quan điểm của Việt Tân: Nguyễn Phú Trọng là người Cộng sản cuối cùng,https://viettan.org/quan-diem-cua-viet-tan-nguyen-phu-trong-la-nguoi-cong-san-cuoi-cung/,0
Nhận định của chủ tịch Đảng Việt Tân về tình trạng đấu đá trên thượng tầng lãnh đạo Cộng Sản Việt Nam,https://viettan.org/nhan-dinh-cua-chu-tich-dang-viet-tan-ve-tinh-trang-dau-da-tren-thuong-tang-lanh-dao-cong-san-viet-nam/,0
Tình hình đấu đá thượng tầng lãnh đạo CSVN mang ý nghĩa gì?,https://viettan.org/tinh-hinh-dau-da-thuong-tang-lanh-dao-csvn-mang-y-nghia-gi/,0
Đánh dấu 42 năm Dựng Cờ Chính Nghĩa,https://viettan.org/danh-dau-42-nam-dung-co-chinh-nghia/,0
Lá thư đầu năm Giáp Thìn 2024 của Chủ Tịch Đảng Việt Tân,https://viettan.org/la-thu-dau-nam-giap-thin-2024-cua-chu-tich-dang-viet-tan/,0
"Phát biểu của Chủ tịch Đảng Việt Tân, ông Lý Thái Hùng, tại cuộc biểu tình trước Tòa Trọng Tài Thường Trực PCA, La Haye, Hòa Lan",https://viettan.org/phat-bieu-cua-chu-tich-dang-viet-tan-ong-ly-thai-hung-tai-cuoc-bieu-tinh-truoc-toa-trong-tai-thuong-truc-pca-la-haye-hoa-lan/,0
Quan điểm của đảng Việt Tân: Việt Nam cần phải loại trừ ngay hình phạt tử hình,https://viettan.org/quan-diem-cua-dang-viet-tan-viet-nam-can-phai-loai-tru-ngay-hinh-phat-tu-hinh/,0
Việt Nam đến lúc lựa chọn,https://viettan.org/viet-nam-den-luc-lua-chon/,0
Chủ Tịch Đảng Việt Tân Lý Thái Hùng nhận định về sự nâng cấp quan hệ Việt – Mỹ,https://viettan.org/chu-tich-dang-viet-tan-ly-thai-hung-nhan-dinh-ve-su-nang-cap-quan-he-viet-my/,0
Quan điểm của Đảng Việt Tân: Nâng quan hệ Việt-Mỹ để đổi mới Việt Nam,https://viettan.org/quan-diem-cua-dang-viet-tan-nang-quan-he-viet-my-de-doi-moi-viet-nam/,0
Việt Tân phản đối Trung Quốc phát hành bản đồ mới xâm phạm nghiêm trọng chủ quyền Biển Đông,https://viettan.org/viet-tan-phan-doi-trung-quoc-phat-hanh-ban-do-moi-xam-pham-nghiem-trong-chu-quyen-bien-dong/,0
Cuộc nổi loạn của Prigozhin báo hiệu điều gì cho Putin?,https://viettan.org/cuoc-noi-loan-cua-prigozhin-bao-hieu-dieu-gi-cho-putin/,0
Việt Nam: Nếu mọi người được chung sức thì không có thảm kịch thiếu điện,https://viettan.org/viet-nam-neu-moi-nguoi-duoc-chung-suc-thi-khong-co-tham-kich-thieu-dien/,0
Bản Chất Cuộc Khủng Hoảng Thượng Tầng Lãnh Đạo Đảng CSVN,https://viettan.org/ban-chat-cuoc-khung-hoang-thuong-tang-lanh-dao-dang-csvn/,0
Liệu Trung Quốc có tấn công Đài Loan vào năm 2025,https://viettan.org/lieu-trung-quoc-co-tan-cong-dai-loan-vao-nam-2025/,0
Quan điểm của Việt Tân về chuyến thăm Trung Quốc của Tổng Bí Thư CSVN Nguyễn Phú Trọng,https://viettan.org/quan-diem-cua-viet-tan-ve-chuyen-tham-trung-quoc-cua-tong-bi-thu-csvn-nguyen-phu-trong/,0
Hoàng Đế Tập Cận Bình 2.0,https://viettan.org/hoang-de-tap-can-binh-2-0/,0
Vì sao chuyến thăm Đài Loan của bà Pelosi đầy sóng gió?,https://viettan.org/vi-sao-chuyen-tham-dai-loan-cua-ba-pelosi-day-song-gio/,0
Việt Nam Đứng Ở Ngã Ba Trước Sự Thay Đổi Của Á Châu (Phần 3),https://viettan.org/viet-nam-dung-o-nga-ba-truoc-su-thay-doi-cua-a-chau-phan-3/,0
Việt Nam Đứng Ở Ngã Ba Trước Sự Thay Đổi Của Á Châu (Phần 2),https://viettan.org/viet-nam-dung-o-nga-ba-truoc-su-thay-doi-cua-a-chau-phan-2/,0
Việt Nam Đứng Ở Ngã Ba Trước Sự Thay Đổi Của Á Châu (Phần 1),https://viettan.org/viet-nam-dung-o-nga-ba-truoc-su-thay-doi-cua-a-chau-phan-1/,0
Vị trí Việt Nam trong bàn cờ Đông Nam Á hiện nay và cơ hội “thoát Trung”,https://viettan.org/vi-tri-viet-nam-trong-ban-co-dong-nam-a-hien-nay-va-co-hoi-thoat-trung/,0
VinFast – niềm tự hào của ai?,https://viettan.org/vinfast-niem-tu-hao-cua-ai/,0
Nga đánh Ukraine để làm gì?,https://viettan.org/nga-danh-ukraine-de-lam-gi/,0
Nhìn lại trận chiến biên giới phía Bắc 1979,https://viettan.org/nhin-lai-tran-chien-bien-gioi-phia-bac-1979/,0
Về Hội Nghị Thượng Đỉnh Vì Dân Chủ,https://viettan.org/ve-hoi-nghi-thuong-dinh-vi-dan-chu/,0
CSVN “nuốt không trôi” miếng thịt bò dát vàng của Tô Lâm,https://viettan.org/csvn-nuot-khong-troi-mieng-thit-bo-dat-vang-cua-to-lam/,0
Vì sao ông Tập Cận Bình không tham dự G20 và COP26,https://viettan.org/vi-sao-ong-tap-can-binh-khong-tham-du-g20-va-cop26/,0
CSVN lại giở trò “ba que xỏ lá” đối với công tác “Chút Quà Yêu Thương” của Việt Tân,https://viettan.org/csvn-lai-do-tro-ba-que-xo-la-doi-voi-cong-tac-chut-qua-yeu-thuong-cua-viet-tan/,0
Sáu sai lầm của nhà nước CSVN trong việc phòng chống đại dịch Covid-19,https://viettan.org/sau-sai-lam-cua-nha-nuoc-csvn-trong-viec-phong-chong-dai-dich-covid-19/,0
Bài học về đồng minh từ cuộc chiến Việt Nam và Afghanistan,https://viettan.org/bai-hoc-ve-dong-minh-tu-cuoc-chien-viet-nam-va-afghanistan/,0
Chuyến thăm Việt Nam của bà Phó Tổng Thống Kamala Harris mang ý nghĩa gì?,https://viettan.org/chuyen-tham-viet-nam-cua-ba-pho-tong-thong-kamala-harris-mang-y-nghia-gi/,0
Sài Gòn ‘toang’,https://viettan.org/sai-gon-toang/,0
Góp ý với nhà cầm quyền CSVN về việc chống dịch Covid-19 hiện nay,https://viettan.org/gop-y-voi-nha-cam-quyen-csvn-ve-viec-chong-dich-covid-19-hien-nay/,0
Quan điểm của Việt Tân về giải pháp chống dịch Covid-19,https://viettan.org/quan-diem-cua-viet-tan-ve-giai-phap-chong-dich-covid-19/,0
Việt Nam và Sự Xung Đột Mỹ Trung,https://viettan.org/viet-nam-va-su-xung-dot-my-trung/,0
Bắc Kinh đã giết tờ Apple Daily Hong Kong như thế nào?,https://viettan.org/bac-kinh-da-giet-to-apple-daily-hong-kong-nhu-the-nao/,0
Việt Nam có nên tiếp tục “chống dịch như chống giặc”?,https://viettan.org/viet-nam-co-nen-tiep-tuc-chong-dich-nhu-chong-giac/,0
Nguyễn Phú Trọng và con đường tiến lên xã hội chủ nghĩa,https://viettan.org/nguyen-phu-trong-va-con-duong-tien-len-xa-hoi-chu-nghia/,0
Ngày 30 tháng 4,https://viettan.org/ngay-30-thang-4/,0
Myanmar đứng trước nguy cơ nội chiến,https://viettan.org/myanmar-dung-truoc-nguy-co-noi-chien/,0
Vai trò “trung tâm” của Nhật Bản trong chiến lược Ấn Độ – Thái Bình Dương,https://viettan.org/vai-tro-trung-tam-cua-nhat-ban-trong-chien-luoc-an-do-thai-binh-duong/,0
Vì sao Hoa Kỳ “khai chiến” với Trung Quốc ở Alaska,https://viettan.org/vi-sao-hoa-ky-khai-chien-voi-trung-quoc-o-alaska/,0
Nạn nhân Luật Hải Cảnh Trung Quốc là ngư dân Việt Nam,https://viettan.org/nan-nhan-luat-hai-canh-trung-quoc-la-ngu-dan-viet-nam/,0
Nghĩ về sự phát triển kinh tế của Việt Nam,https://viettan.org/nghi-ve-su-phat-trien-kinh-te-cua-viet-nam/,0
10 sự kiện thế giới đáng chú ý trong năm 2020,https://viettan.org/10-su-kien-the-gioi-dang-chu-y-trong-nam-2020/,0
10 tin Việt Nam đáng chú ý trong năm 2020,https://viettan.org/10-tin-viet-nam-dang-chu-y-trong-nam-2020/,0
Cả đám lên đồng về ‘tư tưởng Hồ Chí Minh’,https://viettan.org/ca-dam-len-dong-ve-tu-tuong-ho-chi-minh/,0
CSVN cấm đăng tin báo chí trên mạng cá nhân,https://viettan.org/csvn-cam-dang-tin-bao-chi-tren-mang-ca-nhan/,0
Lê Đình Lượng – Một lựa chọn chông gai và ước vọng,https://viettan.org/le-dinh-luong-mot-lua-chon-chong-gai-va-uoc-vong/,0
RCEP: Đồng sàng dị mộng,https://viettan.org/rcep-dong-sang-di-mong/,0
Nhật Bản muốn trở thành chỗ dựa cho Khối ASEAN,https://viettan.org/nhat-ban-muon-tro-thanh-cho-dua-cho-khoi-asean/,0
Thủ Tướng Abe và chiến lược ‘Ấn Độ – Thái Bình Dương’,https://viettan.org/thu-tuong-abe-va-chien-luoc-an-do-thai-binh-duong/,0
Đảng CSVN mất định hướng phát triển,https://viettan.org/dang-csvn-mat-dinh-huong-phat-trien/,0
Ý nghĩa việc Hoa Kỳ trừng phạt các công ty và cá nhân Trung Quốc liên quan đến việc xây dựng đảo nhân tạo phi pháp ở Biển Đông,https://viettan.org/y-nghia-viec-hoa-ky-trung-phat-cac-cong-ty-va-ca-nhan-trung-quoc-lien-quan-den-viec-xay-dung-dao-nhan-tao-phi-phap-o-bien-dong/,0
Gian lận của Đại Học Tôn Đức Thắng,https://viettan.org/gian-lan-cua-dai-hoc-ton-duc-thang/,0
Sinh viên Thái Lan biểu tình đòi dân chủ,https://viettan.org/sinh-vien-thai-lan-bieu-tinh-doi-dan-chu/,0
Trận chiến đóng “lãnh sự quán” giữa Hoa Kỳ và Trung Quốc,https://viettan.org/tran-chien-dong-lanh-su-quan-giua-hoa-ky-va-trung-quoc/,0
Vì sao Hoa Kỳ chọn thế “đối đầu” với Trung Cộng ở Biển Đông vào lúc này,https://viettan.org/vi-sao-hoa-ky-chon-the-doi-dau-voi-trung-cong-o-bien-dong-vao-luc-nay/,0
Trung Cộng là hòn đá tảng ngăn chặn quan hệ đối tác chiến lược giữa CSVN và Hoa Kỳ,https://viettan.org/trung-cong-la-hon-da-tang-ngan-chan-quan-he-doi-tac-chien-luoc-giua-csvn-va-hoa-ky/,0
Hong Kong chưa yên,https://viettan.org/hong-kong-chua-yen/,0
Bịt miệng Đồng Tâm được không?,https://viettan.org/bit-mieng-dong-tam-duoc-khong/,0
Vì sao báo lề đảng rút hết các phát biểu “cột đèn ở Mỹ có chân” của Nguyễn Xuân Phúc?,https://viettan.org/vi-sao-bao-le-dang-rut-het-cac-phat-bieu-cot-den-o-my-co-chan-cua-nguyen-xuan-phuc/,0
Thủ tướng Singapore: ‘Thế kỷ Á Châu bị đe dọa’,https://viettan.org/thu-tuong-singapore-the-ky-a-chau-bi-de-doa/,0
Điểm nóng Hong Kong trong xung đột Mỹ-Trung,https://viettan.org/diem-nong-hong-kong-trong-xung-dot-my-trung/,0
Vì sao Bắc Kinh m­uốn thông qua Dự Luật An Ninh Quốc Gia phiên bản Hong Kong?,https://viettan.org/vi-sao-bac-kinh-muon-thong-qua-du-luat-an-ninh-quoc-gia-phien-ban-hong-kong/,0
CSVN đang bước vào ‘quỹ đạo’ Hoa Kỳ?,https://viettan.org/csvn-dang-buoc-vao-quy-dao-hoa-ky/,0
Tính phi nhân bản của Hội đồng thẩm phán vụ Hồ Duy Hải,https://viettan.org/tinh-phi-nhan-ban-cua-hoi-dong-tham-phan-vu-ho-duy-hai/,0
Ước mơ Việt Nam,https://viettan.org/uoc-mo-viet-nam/,0
"Ai là Bạn Thân, ai chỉ là Đối Tác?",https://viettan.org/ai-la-ban-than-ai-chi-la-doi-tac/,0
Viễn cảnh Việt Nam sau đại dịch COVID-19,https://viettan.org/vien-canh-viet-nam-sau-dai-dich-covid-19/,0
COVID-19 có phải do con người tạo ra?,https://viettan.org/covid-19-co-phai-do-con-nguoi-tao-ra/,0
CSVN có âm thầm giấu dịch Vũ Hán không?,https://viettan.org/csvn-co-am-tham-giau-dich-vu-han-khong/,0
"Nga đập bỏ tượng Lênin, CSVN mang về dựng ở Nghệ An",https://viettan.org/nga-dap-bo-tuong-lenin-csvn-mang-ve-dung-o-nghe-an/,0
"90 năm có đảng, nhân dân có gì?",https://viettan.org/90-nam-co-dang-nhan-dan-co-gi/,0
Ý nghĩa Xuân Canh Tý 2020 và biến cố Đồng Tâm,https://viettan.org/y-nghia-xuan-canh-ty-2020-va-bien-co-dong-tam/,0
Lời chúc Tết của ông Đỗ Hoàng Điềm – Chủ Tịch Đảng Việt Tân,https://viettan.org/loi-chuc-tet-cua-ong-do-hoang-diem-chu-tich-dang-viet-tan/,0
Tại sao Bộ Công An bối rối trong biến cố Đồng Tâm?,https://viettan.org/tai-sao-bo-cong-an-boi-roi-trong-bien-co-dong-tam/,0
Trận chiến giả tạo,https://viettan.org/tran-chien-gia-tao/,0
Trấn áp Đồng Tâm,https://viettan.org/tran-ap-dong-tam/,0
Tình cảnh Đồng Tâm ngay trước Tết,https://viettan.org/tinh-canh-dong-tam-ngay-truoc-tet/,0
Thủ Tướng Nguyễn Xuân Phúc điều hành kinh tế bằng con số,https://viettan.org/thu-tuong-nguyen-xuan-phuc-dieu-hanh-kinh-te-bang-con-so/,0
Cái bóng Trung Cộng sau vụ án Gang Thép Thái Nguyên,https://viettan.org/cai-bong-trung-cong-sau-vu-an-gang-thep-thai-nguyen/,0
Anh Thưởng lại chơi chữ,https://viettan.org/anh-thuong-lai-choi-chu/,0
Sự lật lọng của Nguyễn Đức Chung,https://viettan.org/su-lat-long-cua-nguyen-duc-chung/,0
Nền kinh tế Việt Nam lún sâu vào phụ thuộc Trung Quốc,https://viettan.org/nen-kinh-te-viet-nam-lun-sau-vao-phu-thuoc-trung-quoc/,0
Tham vọng của Bộ Trưởng Bộ 4T Nguyễn Mạnh Hùng,https://viettan.org/tham-vong-cua-bo-truong-bo-4t-nguyen-manh-hung/,0
CSVN không thể chối bỏ trách nhiệm vụ 39 người bị chết cóng,https://viettan.org/csvn-khong-the-choi-bo-trach-nhiem-vu-39-nguoi-bi-chet-cong/,0
Năm 2050 đồng bằng sông Cửu Long sẽ biến mất,https://viettan.org/nam-2050-dong-bang-song-cuu-long-se-bien-mat/,0
Người rơm và bi kịch Việt Nam,https://viettan.org/nguoi-rom-va-bi-kich-viet-nam/,0
"18,9 tỷ USD kiều hối và những container xác người",https://viettan.org/189-ty-usd-kieu-hoi-va-nhung-container-xac-nguoi/,0
Sự hèn nhát của lãnh đạo CSVN tại Diễn Đàn Hương Sơn,https://viettan.org/su-hen-nhat-cua-lanh-dao-csvn-tai-dien-dan-huong-son/,0
Vấn đề ô nhiễm không khí tại Hà Nội,https://viettan.org/van-de-o-nhiem-khong-khi-tai-ha-noi/,0
"Giấc mộng ông Trọng, giấc mơ Tập Cận Bình",https://viettan.org/giac-mong-ong-trong-giac-mo-tap-can-binh/,0
Trung Cộng mừng thượng thọ 70!,https://viettan.org/trung-cong-mung-thuong-tho-70/,0
Bắc Kinh – ‘tiến thoái lưỡng nan’ ở Hong Kong,https://viettan.org/bac-kinh-tien-thoai-luong-nan-o-hong-kong/,0
"Tổng Bí Thư Đảng Việt Tân: Muốn giữ Bãi Tư Chính, phải dựa vào sức mạnh của toàn dân",https://viettan.org/tong-bi-thu-dang-viet-tan-muon-giu-bai-tu-chinh-phai-dua-vao-suc-manh-cua-toan-dan/,0
Câu chuyện cô giáo quỳ gối,https://viettan.org/cau-chuyen-co-giao-quy-goi/,0
Dây thòng lọng tên “Bãi Tư Chính”,https://viettan.org/day-thong-long-ten-bai-tu-chinh/,0
"Từ vụ Scarborough, Việt Nam cần khởi kiện ngay Trung Quốc",https://viettan.org/tu-vu-scarborough-viet-nam-can-khoi-kien-ngay-trung-quoc/,0
Vụ Bãi Tư Chính và thế kẹt của Hà Nội,https://viettan.org/vu-bai-tu-chinh-va-the-ket-cua-ha-noi/,0
Câu chuyện Asanzo và hàng Trung Quốc đội lốt sản xuất Việt Nam,https://viettan.org/cau-chuyen-asanzo-va-hang-trung-quoc-doi-lot-san-xuat-viet-nam/,0
Bản án “âm mưu lật đổ chế độ” thời công nghệ 4.0,https://viettan.org/ban-an-am-muu-lat-do-che-do-thoi-cong-nghe-4-0/,0
Nhìn lại cuộc xuống đường ngày 10 tháng 6 năm 2018,https://viettan.org/nhin-lai-cuoc-xuong-duong-ngay-10-thang-6-nam-2018/,0
Tình hình Việt Nam trong thời gian tới,https://viettan.org/tinh-hinh-viet-nam-trong-thoi-gian-toi/,0
Facebook: Đừng Tiếp Tay Kiểm Duyệt Internet Tại Việt Nam,https://viettan.org/facebook-dung-tiep-tay-kiem-duyet-internet-tai-viet-nam/,0
44 năm nhìn lại 30 tháng 4 (1975-2019),https://viettan.org/44-nam-nhin-lai-30-thang-4-1975-2019/,0
Ông Lê Đức Anh và những đi đêm với Trung Cộng,https://viettan.org/ong-le-duc-anh-va-nhung-di-dem-voi-trung-cong/,0
Từ Khá Bảnh tới Phúc XO,https://viettan.org/tu-kha-banh-toi-phuc-xo/,0
Nhìn lại vụ án Trịnh Vĩnh Bình,https://viettan.org/nhin-lai-vu-an-trinh-vinh-binh/,0
Báo động sự lãng phí nguồn lực trí thức trẻ tại Việt Nam,https://viettan.org/bao-dong-su-lang-phi-nguon-luc-tri-thuc-tre-tai-viet-nam/,0
Hệ quả cấm xe máy vào phố Hà Nội,https://viettan.org/he-qua-cam-xe-may-vao-pho-ha-noi/,0
Kẻ tội đồ không chỉ Masan!,https://viettan.org/ke-toi-do-khong-chi-masan/,0
Thực trạng và giải pháp cho lao động nữ tại Việt Nam,https://viettan.org/thuc-trang-va-giai-phap-cho-lao-dong-nu-tai-viet-nam/,0
Bắc Triều Tiên sẽ học gì ở Việt Nam?,https://viettan.org/bac-trieu-tien-se-hoc-gi-o-viet-nam/,0
Mấu chốt đưa đến sự thất bại Hội nghị thượng đỉnh Mỹ – Triều ở Hà Nội,https://viettan.org/mau-chot-dua-den-su-that-bai-hoi-nghi-thuong-dinh-my-trieu-o-ha-noi/,0
Việt Nam được gì sau thượng đỉnh Mỹ-Triều,https://viettan.org/viet-nam-duoc-gi-sau-thuong-dinh-my-trieu/,0
Vì sao Hội nghị thượng đỉnh Trump – Un lần 2 thất bại,https://viettan.org/vi-sao-hoi-nghi-thuong-dinh-trump-un-lan-2-that-bai/,0
Sự biến tướng của hiện tượng cúng bái đầu năm,https://viettan.org/su-bien-tuong-cua-hien-tuong-cung-bai-dau-nam/,0
230 năm chiến thắng Đống Đa,https://viettan.org/230-nam-chien-thang-dong-da/,0
Đảng Việt Tân và đấu tranh bất bạo động,https://viettan.org/dang-viet-tan-va-dau-tranh-bat-bao-dong/,0
Thư Đầu Năm Kỷ Hợi 2019 Kính Gửi Đồng Bào Việt Nam,https://viettan.org/thu-dau-nam-ky-hoi-2019-kinh-gui-dong-bao-viet-nam/,0
Đấu tranh bất bạo động nhìn từ chuyển biến Venezuela,https://viettan.org/dau-tranh-bat-bao-dong-nhin-tu-chuyen-bien-venezuela/,0
Đón chào năm 2019,https://viettan.org/don-chao-nam-2019/,0
Lại… thuế!,https://viettan.org/lai-thue/,0
Liệu CSVN sẽ “thoát Trung” qua cuộc chiến mậu dịch Mỹ – Trung?,https://viettan.org/lieu-csvn-se-thoat-trung-qua-cuoc-chien-mau-dich-my-trung/,0
70 năm Tuyên Ngôn Quốc Tế Nhân Quyền: Giành lại Nhân Quyền – Đòi lại Dân Chủ cho Việt Nam,https://viettan.org/70-nam-tuyen-ngon-quoc-te-nhan-quyen-gianh-lai-nhan-quyen-doi-lai-dan-chu-cho-viet-nam/,0
Ý nghĩa của cuộc bầu cử giữa nhiệm kỳ của Hoa Kỳ,https://viettan.org/y-nghia-ve-cuoc-bau-cu-giua-nhiem-ky-cua-hoa-ky/,0
Tại sao vụ kỷ luật Giáo sư Chu Hảo ‘nổ lớn’?,https://viettan.org/tai-sao-vu-ky-luat-giao-su-chu-hao-no-lon/,0
Tổng thống Nguyễn Phú Trọng!,https://viettan.org/tong-thong-nguyen-phu-trong/,0
Ấu trĩ hay lo sợ khi gán ghép Việt Tân?,https://viettan.org/au-tri-hay-lo-so-khi-gan-ghep-viet-tan/,0
Đấu Tranh Bất Bạo Động: Cái giá phải trả,https://viettan.org/dau-tranh-bat-bao-dong-cai-gia-phai-tra/,0
Sách Gạc Ma bị thu hồi và 60 năm công hàm Phạm Văn Đồng,https://viettan.org/sach-gac-ma-bi-thu-hoi-va-60-nam-cong-ham-pham-van-dong/,0
Sự thật đằng sau những ồn ào về sách đánh vần “công nghệ giáo dục”,https://viettan.org/dang-sau-nhung-on-ao-cua-chuong-trinh-cong-nghe-giao-duc/,0
Đánh dấu 36 năm Dựng Cờ Chính Nghĩa,https://viettan.org/danh-dau-36-nam-dung-co-chinh-nghia/,0
Góc Nhìn Việt Tân: Viễn cảnh Việt Nam 2018,https://viettan.org/goc-nhin-viet-tan-vien-canh-viet-nam-2018/,0
Viễn Cảnh Việt Nam 2018,https://viettan.org/vien-canh-viet-nam-2018/,0
APEC 2017 và tương lai Việt Nam,https://viettan.org/apec-2017-va-tuong-lai-viet-nam/,0
Vì sao CSVN im lặng trước đe dọa của Trung Quốc ở Biển Đông?,https://viettan.org/vi-sao-csvn-im-lang-truoc-de-doa-cua-trung-quoc-o-bien-dong/,0
Giá trị quan điểm nhân bản của Việt Tân trong công cuộc đấu tranh hiện nay,https://viettan.org/gia-tri-quan-diem-nhan-ban-cua-viet-tan-trong-cong-cuoc-dau-tranh-hien-nay/,0
Đánh dấu 35 năm Dựng Cờ Chính Nghĩa,https://viettan.org/danh-dau-35-nam-dung-co-chinh-nghia/,0
Đảng Cộng Sản Việt Nam đã hết thời,https://viettan.org/dang-cong-san-viet-nam-da-het-thoi/,0
"Vu cáo Việt Tân, Nguyễn Phú Trọng âm mưu gì?",https://viettan.org/vu-cao-viet-tan-nguyen-phu-trong-am-muu-gi/,0
Phải đóng cửa Công Ty Formosa Hà Tĩnh,https://viettan.org/phai-dong-cua-cong-ty-formosa-ha-tinh/,0
"Cá chết, tội phạm và giải pháp",https://viettan.org/ca-chet-toi-pham-va-giai-phap/,0
41 năm nhìn lại ngày 30 tháng 4,https://viettan.org/41-nam-nhin-lai-ngay-30-thang-4/,0
Hãy đòi cho được những gì của người dân và đất nước,https://viettan.org/hay-doi-cho-duoc-nhung-gi-cua-nguoi-dan-va-dat-nuoc/,0
Đảng Việt Tân nhận định về vụ cá chết hàng loạt ở bãi biển miền Trung,https://viettan.org/dang-viet-tan-nhan-dinh-ve-vu-ca-chet-hang-loat-o-bai-bien-mien-trung/,0
Viễn cảnh tình hình đấu tranh năm Bính Thân,https://viettan.org/vien-canh-tinh-hinh-dau-tranh-nam-binh-than/,0
Thừa thầy thiếu thợ,https://viettan.org/thua-thay-thieu-tho/,0
"Sau Miến Điện, ngọn gió dân chủ đang đến Venezuela",https://viettan.org/sau-mien-dien-ngon-gio-dan-chu-dang-den-venezuela/,0
Từ nợ của các doanh nghiệp đến bộ máy đảng hết tiền hoạt động,https://viettan.org/tu-no-cua-cac-doanh-nghiep-den-bo-may-dang-het-tien-hoat-dong/,0
Giám sát viên PBS đề cập đến những khuyết điểm trong phóng sự “Khủng Bố tại Little Saigon”,https://viettan.org/giam-sat-vien-pbs-de-cap-den-nhung-khuyet-diem-trong-phong-su-khung-bo-tai-little-saigon/,0
Bỏ môn sử hay hợp thức hóa việc xóa sử?,https://viettan.org/bo-mon-su-hay-hop-thuc-hoa-viec-xoa-su/,0
Phát biểu của Đảng Việt Tân về Terror In Little Sai Gon,https://viettan.org/phat-bieu-cua-dang-viet-tan-ve-terror-in-little-sai-gon/,0
Bầu cử ở Miến Điện – Chừng nào Việt Nam?,https://viettan.org/bau-cu-o-mien-dien-chung-nao-viet-nam/,0
Thư Ngỏ đến Frontline/ProPublica về chương trình “Khủng bố tại Little Saigon”,https://viettan.org/thu-ngo-den-frontlinepropublica-ve-chuong-trinh-khung-bo-tai-little-saigon/,0
Tại sao Tổng Thống Obama không thăm Việt Nam?,https://viettan.org/tai-sao-tong-thong-obama-khong-tham-viet-nam/,0
Ông Bùi Quang Vinh và ba mối lo tương lai Việt Nam,https://viettan.org/ong-bui-quang-vinh-va-ba-moi-lo-tuong-lai-viet-nam/,0
Tuần tra 12 hải lý: Dằn mặt hay đối đầu?,https://viettan.org/tuan-tra-12-hai-ly-dan-mat-hay-doi-dau/,0
Những đồn đoán quanh Đại hội XII,https://viettan.org/nhung-don-doan-quanh-dai-hoi-xii/,0
Cái chết của em Đỗ Đăng Dư,https://viettan.org/cai-chet-cua-em-do-dang-du/,0
Độc đảng thì đã sao?!,https://viettan.org/doc-dang-thi-da-sao/,0
Việt Nam có nguy cơ tụt hậu?,https://viettan.org/viet-nam-co-nguy-co-tut-hau/,0
Nội bộ lãnh đạo CSVN trước thềm Đại hội Đảng XII,https://viettan.org/noi-bo-lanh-dao-csvn-truoc-them-dai-hoi-dang-xii/,0
"’Không để bị động, bất ngờ’: Sự níu kéo của đảng CSVN",https://viettan.org/khong-de-bi-dong-bat-ngo-su-niu-keo-cua-dang-csvn/,0
Dĩ vãng chẳng còn gì cho ăn mày,https://viettan.org/di-vang-chang-con-gi-cho-an-may/,0
Những khó khăn trong bài toán Biển Đông,https://viettan.org/nhung-kho-khan-trong-bai-toan-bien-dong/,0
Liệu CSVN gia tăng đàn áp sau khi đi gần với Mỹ?,https://viettan.org/lieu-csvn-gia-tang-dan-ap-sau-khi-di-gan-voi-my/,0
Bảo Vệ Ngư Dân Việt Nam,https://viettan.org/bao-ve-ngu-dan-viet-nam/,0
"Sau Chuyến Đi Mỹ, Quan Hệ Mỹ – Trung – Việt Trở Nên Phức Tạp",https://viettan.org/sau-chuyen-di-my-quan-he-my-trung-viet-tro-nen-phuc-tap/,0
Ông Nguyễn Phú Trọng Thăm Hoa Kỳ,https://viettan.org/ong-nguyen-phu-trong-tham-hoa-ky/,0
Thế đứng của Việt Nam hiện nay,https://viettan.org/the-dung-cua-viet-nam-hien-nay/,0
Biển Đông và những bối rối của Hà Nội hiện nay,https://viettan.org/bien-dong-va-nhung-boi-roi-cua-ha-noi-hien-nay/,0
Quân đội trung thành với Tổ Quốc hay trung thành với đảng?,https://viettan.org/quan-doi-trung-thanh-voi-to-quoc-hay-trung-thanh-voi-dang/,0
Mầm loạn vô địch,https://viettan.org/mam-loan-vo-dich/,0
Hoa Kỳ và Trung Quốc đối chất tại Diễn đàn Đối thoại Shangri-La,https://viettan.org/hoa-ky-va-trung-quoc-doi-chat-tai-dien-dan-doi-thoai-shangri-la/,0
Bài điều trần của cô Nguyễn Quốc Trinh tại Quốc Hội Canada,https://viettan.org/bai-dieu-tran-cua-co-nguyen-quoc-trinh-tai-quoc-hoi-canada/,0
Về Bạch thư Quốc phòng 2015 của Trung Cộng,https://viettan.org/ve-bach-thu-quoc-phong-2015-cua-trung-cong/,0
Bắc Kinh lại đưa giàn khoan HD 981 trở lại Biển Đông,https://viettan.org/bac-kinh-lai-dua-gian-khoan-hd-981-tro-lai-bien-dong/,0
Liệu Trung Quốc kiểm soát Biển Đông?,https://viettan.org/lieu-trung-quoc-kiem-soat-bien-dong/,0
Hoa Kỳ và chính sách Biển Đông,https://viettan.org/hoa-ky-va-chinh-sach-bien-dong/,0
Trung Quốc lo ngại liên minh quân sự Mỹ – Nhật,https://viettan.org/trung-quoc-lo-ngai-lien-minh-quan-su-my-nhat/,0
Tâm điểm của Hội Nghị 11 Trung ương đảng CSVN,https://viettan.org/tam-diem-cua-hoi-nghi-11-trung-uong-dang-csvn/,0
4 xu hướng vận động dân chủ hóa Việt Nam,https://viettan.org/4-xu-huong-van-dong-dan-chu-hoa-viet-nam/,0
Việt Nam 40 Năm Dưới Chế Độ Cộng Sản (1975-2015) – Phần II,https://viettan.org/viet-nam-40-nam-duoi-che-do-cong-san-1975-2015-phan-ii/,0
"40 Năm Nhìn lại Công Cuộc Đấu Tranh Cho Tự Do, Dân Chủ Việt Nam",https://viettan.org/40-nam-nhin-lai-cong-cuoc-dau-tranh-cho-tu-do-dan-chu-viet-nam/,0
Nhìn lại 40 năm Ngày Quốc Hận 30/4,https://viettan.org/nhin-lai-40-nam-ngay-quoc-han-304/,0
40 NĂM: Quốc Sách Tham Nhũng,https://viettan.org/40-nam-quoc-sach-tham-nhung/,0
Về cuộc phản kháng của nông dân bình thuận,https://viettan.org/ve-cuoc-phan-khang-cua-nong-dan-binh-thuan/,0
Ông Lý Thái Hùng nhận định về chuyến đi Bắc Kinh của ông Nguyễn Phú Trọng,https://viettan.org/ong-ly-thai-hung-nhan-dinh-ve-chuyen-di-bac-kinh-cua-ong-nguyen-phu-trong/,0
“Chặt cây nhanh – Bán gỗ gấp” đã được hợp thức hóa,https://viettan.org/chat-cay-nhanh-ban-go-gap-da-duoc-hop-thuc-hoa/,0
Ai muốn nhà nước giữ giùm tiền hưu?,https://viettan.org/ai-muon-nha-nuoc-giu-gium-tien-huu/,0
ĐẢNG tránh né thì DÂN phải làm,https://viettan.org/dang-tranh-ne-thi-dan-phai-lam/,0
Sự suy thoái của Đảng CSVN nhìn từ vụ Báo Người Cao Tuổi,https://viettan.org/su-suy-thoai-cua-dang-csvn-nhin-tu-vu-bao-nguoi-cao-tuoi/,0
Đại hội hay hội nghị vẫn là chuyện riêng của đảng,https://viettan.org/dai-hoi-hay-hoi-nghi-van-la-chuyen-rieng-cua-dang/,0
Blog Chân dung Quyền lực và Hội Nghị 10 Trung ương đảng CSVN,https://viettan.org/blog-chan-dung-quyen-luc-va-hoi-nghi-10-trung-uong-dang-csvn/,0
Chưa bao giờ Phản Động đáng kính đến thế,https://viettan.org/chua-bao-gio-phan-dong-dang-kinh-den-the/,0
Chính sách ngoại giao hiện nay của CSVN,https://viettan.org/chinh-sach-ngoai-giao-hien-nay-cua-csvn/,0
Hiện tượng lạ: Dân liên tiếp bịt miệng Ban Tuyên giáo,https://viettan.org/hien-tuong-la-dan-lien-tiep-bit-mieng-ban-tuyen-giao/,0
Làm sao bảo vệ nổi Chủ nghĩa Mác Lê?,https://viettan.org/lam-sao-bao-ve-noi-chu-nghia-mac-le/,0
Nhân quyền phải đi trước vũ khí cho Việt Nam,https://viettan.org/nhan-quyen-phai-di-truoc-vu-khi-cho-viet-nam/,0
"Các ngày vái Đảng, vái Bắc Kinh năm 2014-2015",https://viettan.org/cac-ngay-vai-dang-vai-bac-kinh-nam-2014-2015/,0
Trung quốc sẽ thua nếu gây chiến tranh ở biển Đông,https://viettan.org/trung-quoc-se-thua-neu-gay-chien-tranh-o-bien-dong/,0
Chiến thắng giàn khoan – Ai chiến? Ai thắng?,https://viettan.org/chien-thang-gian-khoan-ai-chien-ai-thang/,0
CSVN đổi lập trường vụ HD 981?,https://viettan.org/csvn-doi-lap-truong-vu-hd-981/,0
Quốc hội không ra nghị quyết là rất nhất quán,https://viettan.org/quoc-hoi-khong-ra-nghi-quyet-la-rat-nhat-quan/,0
VNCH: chính thể hay ngụy quyền?,https://viettan.org/vnch-chinh-the-hay-nguy-quyen/,0
Những nỗi sợ quanh giàn khoan 981,https://viettan.org/nhung-noi-so-quanh-gian-khoan-981/,0
Ai đứng sau các vụ bạo động nhân danh công nhân chống Tàu?,https://viettan.org/ai-dung-sau-cac-vu-bao-dong-nhan-danh-cong-nhan-chong-tau/,0
Tại sao Trung Quốc đưa dàn khoan HD 981 vào lãnh hải Việt Nam?,https://viettan.org/tai-sao-trung-quoc-dua-dan-khoan-hd-981-vao-lanh-hai-viet-nam/,0
Phản đối Trung Quốc là cổ xúy chiến tranh?,https://viettan.org/phan-doi-trung-quoc-la-co-xuy-chien-tranh/,0
Biểu tình hay không biểu tình?,https://viettan.org/bieu-tinh-hay-khong-bieu-tinh/,0
Có phải Việt Tân đứng sau các cuộc nổi dậy gần đây của người dân?,https://viettan.org/co-phai-viet-tan-dung-sau-cac-cuoc-noi-day-gan-day-cua-nguoi-dan/,0
Ông Lý Thái Hùng trả lời về các cáo buộc đối với đảng Việt Tân,https://viettan.org/ong-ly-thai-hung-tra-loi-ve-cac-cao-buoc-doi-voi-dang-viet-tan/,0
Duy Nhất nhưng không cô đơn,https://viettan.org/duy-nhat-nhung-khong-co-don/,0
Thấy gì từ hai cú lừa đầu năm,https://viettan.org/thay-gi-tu-hai-cu-lua-dau-nam/,0
CSVN thất bại trong vụ án Lê Quốc Quân,https://viettan.org/csvn-that-bai-trong-vu-an-le-quoc-quan/,0
Ông Lý Thái Hùng: Liệu tranh chấp về quần đảo Senkaku có đưa đến chiến tranh Trung Nhật hay không?,https://viettan.org/ong-ly-thai-hung-lieu-tranh-chap-ve-quan-dao-senkaku-co-dua-den-chien-tranh-trung-nhat-hay-khong/,0
Ông Đỗ Hoàng Điềm chia sẻ về ý nghĩa và ảnh hưởng 35 năm cuộc chiến Việt – Trung,https://viettan.org/ong-do-hoang-diem-chia-se-ve-y-nghia-va-anh-huong-35-nam-cuoc-chien-viet-trung/,0
Phỏng vấn ông Lý Thái Hùng về kết quả UPR 2014,https://viettan.org/phong-van-ong-ly-thai-hung-ve-ket-qua-upr-2014/,0
Bài học 40 năm và hành động hôm nay,https://viettan.org/bai-hoc-40-nam-va-hanh-dong-hom-nay/,0
Ông Lý Thái Hùng nhân định về diễn biến tình hình năm 2013,https://viettan.org/ong-ly-thai-hung-nhan-dinh-ve-dien-bien-tinh-hinh-nam-2013/,0
Ông Lê Hiếu Đằng và những nỗi đau cuối đời,https://viettan.org/ong-le-hieu-dang-va-nhung-noi-dau-cuoi-doi/,0
"Ông Đỗ Hoàng Điềm, Xã hội Dân sự và Tuyên Ngôn Quốc Tế Nhân Quyền",https://viettan.org/ong-do-hoang-diem-xa-hoi-dan-su-va-tuyen-ngon-quoc-te-nhan-quyen/,0
Hiến Pháp 2013: Giải quyết nhu cầu của đảng,https://viettan.org/hien-phap-2013-giai-quyet-nhu-cau-cua-dang/,0
Đảng Cộng Sản Việt Nam vừa bước vào giai đoạn cuối của chế độ?,https://viettan.org/dang-cong-san-viet-nam-vua-buoc-vao-giai-doan-cuoi-cua-che-do/,0
Phỏng vấn ông Đỗ Hoàng Điềm về xã hội dân sự & Việt Nam,https://viettan.org/phong-van-ong-do-hoang-diem-ve-xa-hoi-dan-su-viet-nam/,0
Đã đến lúc bỏ đảng chưa?,https://viettan.org/da-den-luc-bo-dang-chua/,0
Hà Nội muốn gì qua NĐ72?,https://viettan.org/ha-noi-muon-gi-qua-nd72/,0
Phỏng vấn ông Đỗ Hoàng Điềm về tình trạng ngược đãi tù nhân tại VN,https://viettan.org/phong-van-ong-do-hoang-diem-ve-tinh-trang-nguoc-dai-tu-nhan-tai-vn/,0
Phỏng vấn ông Lý Thái Hùng về cuộc bầu cử tại Campuchia,https://viettan.org/phong-van-ong-ly-thai-hung-ve-cuoc-bau-cu-tai-campuchia/,0
Kỳ vọng gì việc ông Trương Tấn Sang đi Mỹ?,https://viettan.org/ky-vong-gi-viec-ong-truong-tan-sang-di-my/,0
"Sợ Bắc Kinh, CSVN nặng tay với hai Sinh Viên Yêu Nước",https://viettan.org/so-bac-kinh-csvn-nang-tay-voi-hai-sinh-vien-yeu-nuoc/,0
Ông Đỗ Hoàng Điềm nhận định về những ý niệm cơ bản cần có trong Hiến pháp,https://viettan.org/ong-do-hoang-diem-nhan-dinh-ve-nhung-y-niem-co-ban-can-co-trong-hien-phap/,0
Kịch bản nào cho Việt Nam?,https://viettan.org/kich-ban-nao-cho-viet-nam/,0
Bắc Kinh: Đường rút an toàn của CSVN?,https://viettan.org/bac-kinh-duong-rut-an-toan-cua-csvn/,0
Những sai lầm của CSVN  qua vụ bắt giữ Ts Nguyễn Quốc Quân,https://viettan.org/nhung-sai-lam-cua-csvn-qua-vu-bat-giu-ts-nguyen-quoc-quan/,0
Lưỡi gỗ trên báo Nhân Dân,https://viettan.org/luoi-go-tren-bao-nhan-dan/,0
Điều Bốn vừa Tốn vừa Khốn cho đất nước,https://viettan.org/dieu-bon-vua-ton-vua-khon-cho-dat-nuoc/,0
’Mục tiêu của bọn tao là thằng Quân’,https://viettan.org/muc-tieu-cua-bon-tao-la-thang-quan/,0
Trận tuyến cuối năm = Niềm hy vọng cho năm mới?,https://viettan.org/tran-tuyen-cuoi-nam-niem-hy-vong-cho-nam-moi/,0
Cộng sản Việt Nam không thể cưỡng lại đà thoái trào,https://viettan.org/cong-san-viet-nam-khong-the-cuong-lai-da-thoai-trao/,0
Có nên đối thoại với nhà cầm quyền Việt Nam không?,https://viettan.org/co-nen-doi-thoai-voi-nha-cam-quyen-viet-nam-khong/,0
Ông Lý Thái Hùng nhận định v/v Trung Quốc in hình lưỡi bò trên hộ chiếu,https://viettan.org/ong-ly-thai-hung-nhan-dinh-vv-trung-quoc-in-hinh-luoi-bo-tren-ho-chieu/,0
Ông Lý Thái Hùng nhận định về lãnh đạo mới của TQ,https://viettan.org/ong-ly-thai-hung-nhan-dinh-ve-lanh-dao-moi-cua-tq/,0
Chiến tranh Biển Đông?,https://viettan.org/chien-tranh-bien-dong/,0
Xung đột thượng tầng lãnh đạo CSVN,https://viettan.org/xung-dot-thuong-tang-lanh-dao-csvn/,0
Làm sao rửa tội cho thủ tướng?,https://viettan.org/lam-sao-rua-toi-cho-thu-tuong/,0
Sợ hay không sợ?,https://viettan.org/so-hay-khong-so/,0
Lấy lại đất đai bị chiếm đoạt: Từ Libya đến Việt Nam,https://viettan.org/lay-lai-dat-dai-bi-chiem-doat-tu-libya-den-viet-nam/,0
CSVN không thể ngăn chận lòng yêu nước và các hoạt động dân chủ,https://viettan.org/csvn-khong-the-ngan-chan-long-yeu-nuoc-va-cac-hoat-dong-dan-chu/,0
Đảng bắt đầu ngán luật sư,https://viettan.org/dang-bat-dau-ngan-luat-su/,0
Chuyện đùa năm 2012: Quốc Hội nhận giám sát Đảng,https://viettan.org/chuyen-dua-nam-2012-quoc-hoi-nhan-giam-sat-dang/,0
Cộng Sản Việt Nam đang lo sợ những đợt sóng ngầm,https://viettan.org/cong-san-viet-nam-dang-lo-so-nhung-dot-song-ngam/,0
Tại sao dân chủ chưa đến với người dân Ai Cập?,https://viettan.org/tai-sao-dan-chu-chua-den-voi-nguoi-dan-ai-cap/,0
Ông Trọng lại sụp bẫy Bắc Kinh,https://viettan.org/ong-trong-lai-sup-bay-bac-kinh/,0
"Cái gọi là ’dĩ bất biến, ứng vạn biến’",https://viettan.org/cai-goi-la-di-bat-bien-ung-van-bien/,0
Quan hệ Mỹ – Việt và Trung – Việt quanh vụ Biển Đông,https://viettan.org/quan-he-my-viet-va-trung-viet-quanh-vu-bien-dong/,0
Vấn đề quốc tế hóa Biển Đông,https://viettan.org/van-de-quoc-te-hoa-bien-dong/,0
Liệu có xảy ra xung đột vũ trang trên Biển Đông,https://viettan.org/lieu-co-xay-ra-xung-dot-vu-trang-tren-bien-dong/,0
Tòa Án củ khoai Bến Tre bịt miệng luật sư,https://viettan.org/toa-an-cu-khoai-ben-tre-bit-mieng-luat-su/,0
Hãy bảo vệ bảy Dân Oan Bến Tre,https://viettan.org/hay-bao-ve-bay-dan-oan-ben-tre/,0
Nguyễn Tấn Dũng trả thù Cù Huy Hà Vũ?,https://viettan.org/nguyen-tan-dung-tra-thu-cu-huy-ha-vu/,0
Bài học về cục diện Libya,https://viettan.org/bai-hoc-ve-cuc-dien-libya/,0
Để cuộc Cách Mạng Hoa Lài xảy ra tại Việt Nam,https://viettan.org/de-cuoc-cach-mang-hoa-lai-xay-ra-tai-viet-nam/,0
Hiện tượng sụp đổ dây chuyền tại các nước độc tài,https://viettan.org/hien-tuong-sup-do-day-chuyen-tai-cac-nuoc-doc-tai/,0
Đấu Tranh Bất Bạo Động: Trường Hợp Ai Cập,https://viettan.org/dau-tranh-bat-bao-dong-truong-hop-ai-cap/,0
Lòng dân và cuộc Cách Mạng Hoa Lài tại Tunisia,https://viettan.org/long-dan-va-cuoc-cach-mang-hoa-lai-tai-tunisia/,0
Đại Hội Đảng CSVN XI: Tiếp tục sống trong khẩu hiệu,https://viettan.org/dai-hoi-dang-csvn-xi-tiep-tuc-song-trong-khau-hieu/,0
Hiện tượng Nguyễn Văn An,https://viettan.org/hien-tuong-nguyen-van-an/,0
Cuộc chiến cuối năm,https://viettan.org/cuoc-chien-cuoi-nam/,0
Hà Nội tự bắn vào chân,https://viettan.org/ha-noi-tu-ban-vao-chan/,0
Nguyễn Tấn Dũng đã hết thời?,https://viettan.org/nguyen-tan-dung-da-het-thoi/,0
Đảng và nhà nước CSVN là tập đoàn khủng bố,https://viettan.org/dang-va-nha-nuoc-csvn-la-tap-doan-khung-bo/,0
Hai biểu ngữ – Một vấn đề,https://viettan.org/hai-bieu-ngu-mot-van-de/,0
Đảng Việt Tân: yêu nước hay khủng bố?,https://viettan.org/dang-viet-tan-yeu-nuoc-hay-khung-bo/,0
Công an và đấu tranh bất bạo động,https://viettan.org/cong-an-va-dau-tranh-bat-bao-dong/,0
Đảng Việt Tân và bà con dân oan,https://viettan.org/dang-viet-tan-va-ba-con-dan-oan/,0
Cái gọi là âm mưu lật đổ chế độ?,https://viettan.org/cai-goi-la-am-muu-lat-do-che-do/,0
Hãy ngưng ngay những hành động tội ác,https://viettan.org/hay-ngung-ngay-nhung-hanh-dong-toi-ac/,0
Tại sao Hà Nội tìm cách cô lập Đảng Việt Tân?,https://viettan.org/tai-sao-ha-noi-tim-cach-co-lap-dang-viet-tan/,0
Cần phải Việt hóa Biển Đông,https://viettan.org/can-phai-viet-hoa-bien-dong/,0
Nhờ Mỹ để cứu đảng?,https://viettan.org/nho-my-de-cuu-dang/,0
Nhìn lại 15 năm quan hệ Cộng sản Việt Nam và Hoa Kỳ,https://viettan.org/nhin-lai-15-nam-quan-he-cong-san-viet-nam-va-hoa-ky/,0
Dấu hiệu suy thoái trong nội bộ đảng Cộng sản Việt Nam,https://viettan.org/dau-hieu-suy-thoai-trong-noi-bo-dang-cong-san-viet-nam/,0
Về dự án đường sắt cao tốc Bắc Nam,https://viettan.org/ve-du-an-duong-sat-cao-toc-bac-nam/,0
Đất nước của chung nhưng ai giữ?,https://viettan.org/dat-nuoc-cua-chung-nhung-ai-giu/,0
Hà Nội che dấu sự xung đột trên Biển Đông?,https://viettan.org/ha-noi-che-dau-su-xung-dot-tren-bien-dong/,0
Việt Nam phải làm gì trước một Trung Quốc bá quyền?,https://viettan.org/viet-nam-phai-lam-gi-truoc-mot-trung-quoc-ba-quyen/,0
35 năm đấu tranh cho dân chủ Việt Nam,https://viettan.org/35-nam-dau-tranh-cho-dan-chu-viet-nam/,0
35 năm (1975 – 2010) nhìn lại,https://viettan.org/35-nam-1975-2010-nhin-lai/,0
Nguyễn Tấn Dũng lại ba xạo,https://viettan.org/nguyen-tan-dung-lai-ba-xao/,0
Ông Nguyễn Tấn Dũng đi Mỹ để làm gì?,https://viettan.org/ong-nguyen-tan-dung-di-my-de-lam-gi/,0
Có tật giật mình?,https://viettan.org/co-tat-giat-minh/,0
Giấc mơ công nghiệp hóa của Cộng sản Việt Nam,https://viettan.org/giac-mo-cong-nghiep-hoa-cua-cong-san-viet-nam/,0
2010: Tử chiến thành internet,https://viettan.org/2010-tu-chien-thanh-internet/,0
Cộng sản Việt Nam chuẩn bị nhân sự cho 5 năm tới,https://viettan.org/cong-san-viet-nam-chuan-bi-nhan-su-cho-5-nam-toi/,0
Linh mục Nguyễn Văn Lý ra khỏi tù,https://viettan.org/linh-muc-nguyen-van-ly-ra-khoi-tu/,0
Bắc Kinh chuẩn bị cho Nguyễn Chí Vịnh?,https://viettan.org/bac-kinh-chuan-bi-cho-nguyen-chi-vinh/,0
Phụ nữ Việt: Một tiềm năng kiến quốc,https://viettan.org/phu-nu-viet-mot-tiem-nang-kien-quoc/,0
Bán rừng cho Bắc Kinh,https://viettan.org/ban-rung-cho-bac-kinh/,0
Phe ông Nguyễn Tấn Dũng đang bị tấn công?,https://viettan.org/phe-ong-nguyen-tan-dung-dang-bi-tan-cong/,0
Lời Kêu Gọi Ngàn Năm Thăng Long,https://viettan.org/loi-keu-goi-ngan-nam-thang-long/,0
Vấn Nạn Của Hà Nội Trầm Trọng Hơn Vấn Đề Tiền Tệ,https://viettan.org/van-nan-cua-ha-noi-tram-trong-hon-van-de-tien-te/,0
Nguyễn Văn Hưởng: Ếch Ngồi Đáy Giếng,https://viettan.org/nguyen-van-huong-ech-ngoi-day-gieng/,0
Nhìn Lại Các Phiên Tòa Của Cộng Sản Việt Nam,https://viettan.org/nhin-lai-cac-phien-toa-cua-cong-san-viet-nam/,0
Google và Tin Tặc,https://viettan.org/google-va-tin-tac/,0
Đại Sứ Trung Quốc Tại Hà Nội Thách Đố Dân Tộc Việt Nam,https://viettan.org/dai-su-trung-quoc-tai-ha-noi-thach-do-dan-toc-viet-nam/,0
Nhìn Lại Thế Giới Trong Thập Niên 2000-2009,https://viettan.org/nhin-lai-the-gioi-trong-thap-nien-2000-2009/,0
Hà Nội cần chấm dứt những màn kịch vụng về,https://viettan.org/ha-noi-can-cham-dut-nhung-man-kich-vung-ve/,0
Khóc Lãnh Đạo,https://viettan.org/khoc-lanh-dao/,0
Cộng sản Việt Nam tân trang vũ khí để làm gì?,https://viettan.org/cong-san-viet-nam-tan-trang-vu-khi-de-lam-gi/,0
CSVN lập trang Web “Biên Giới Lãnh Thổ” để làm gì?,https://viettan.org/csvn-lap-trang-web-bien-gioi-lanh-tho-de-lam-gi/,0
Từ cột mốc biên giới đến cung hữu nghị Việt Trung,https://viettan.org/tu-cot-moc-bien-gioi-den-cung-huu-nghi-viet-trung/,0
Năm rủi ro chính trị tại Việt Nam,https://viettan.org/nam-rui-ro-chinh-tri-tai-viet-nam/,0
Lưỡi gỗ Tô Huy Rứa,https://viettan.org/luoi-go-to-huy-rua/,0
Tại sao Tia Sáng Online bị đình bản?,https://viettan.org/tai-sao-tia-sang-online-bi-dinh-ban/,0
Lãnh đạo CSVN hãy lập bàn thờ riêng mà thờ lạy 16 chữ vàng,https://viettan.org/lanh-dao-csvn-hay-lap-ban-tho-rieng-ma-tho-lay-16-chu-vang/,0
Tuyên dương Vedan: Cá tháng 10 tại Việt Nam?,https://viettan.org/tuyen-duong-vedan-ca-thang-10-tai-viet-nam/,0
Đọc Báo Cáo Của Nguyễn Tấn Dũng,https://viettan.org/doc-bao-cao-cua-nguyen-tan-dung/,0
Tại Sao Hà Nội không dám xử tội treo biểu ngữ của 9 người yêu nước,https://viettan.org/tai-sao-ha-noi-khong-dam-xu-toi-treo-bieu-ngu-cua-9-nguoi-yeu-nuoc/,0
Khi CSVN muốn nâng đại học lên tầm quốc tế,https://viettan.org/khi-csvn-muon-nang-dai-hoc-len-tam-quoc-te/,0
Thế giới lên án Bản Báo Cáo Nhân Quyền của CSVN,https://viettan.org/the-gioi-len-an-ban-bao-cao-nhan-quyen-cua-csvn/,0
Còn ai KHÔNG chống nhà nước CHXHCNVN?,https://viettan.org/con-ai-khong-chong-nha-nuoc-chxhcnvn/,0
Nhìn lại vụ bắt giữ 3 bloggers Việt Nam,https://viettan.org/nhin-lai-vu-bat-giu-3-bloggers-viet-nam/,0
"Quyết định 97 – Phản Biện, Phản Động, hay Phản Tiến Hóa?",https://viettan.org/quyet-dinh-97-phan-bien-phan-dong-hay-phan-tien-hoa/,0
Tư duy mới về an ninh của Cộng Sản Việt Nam?,https://viettan.org/tu-duy-moi-ve-an-ninh-cua-cong-san-viet-nam/,0
Từ 31/CP đến đôi còng kép 88,https://viettan.org/tu-31cp-den-doi-cong-kep-88/,0
Đã Đành Là Hèn…,https://viettan.org/da-danh-la-hen/,0
Tại sao CSVN chụp mũ Việt Tân là khủng bố?,https://viettan.org/tai-sao-csvn-chup-mu-viet-tan-la-khung-bo/,0
Sách Trắng — Vì quá ít ý,https://viettan.org/sach-trang-vi-qua-it-y/,0
Khai Thác Bauxite: Một Dự Án Không Tưởng,https://viettan.org/khai-thac-bauxite-mot-du-an-khong-tuong/,0
Khía Cạnh Chính Trị Trong Việc Khai Thác Bauxite Tại Tây Nguyên,https://viettan.org/khia-canh-chinh-tri-trong-viec-khai-thac-bauxite-tai-tay-nguyen/,0
Dân tộc Việt Nam đã đạt được một thắng lợi lớn trước nguy cơ tàn phá Tây Nguyên,https://viettan.org/dan-toc-viet-nam-da-dat-duoc-mot-thang-loi-lon-truoc-nguy-co-tan-pha-tay-nguyen/,0
Giành Lại Quốc Hội Về Tay Nhân Dân (2): Đã Đến Lúc…,https://viettan.org/gianh-lai-quoc-hoi-ve-tay-nhan-dan-2-da-den-luc/,0
Ngập Ngừng Miễn Cưỡng Xác Định Chủ Quyền,https://viettan.org/ngap-ngung-mien-cuong-xac-dinh-chu-quyen/,0
Nhận định về khoá 5 Lượng Duyệt về Tình trạng Nhân Quyền tại Việt Nam,https://viettan.org/nhan-dinh-ve-khoa-5-luong-duyet-ve-tinh-trang-nhan-quyen-tai-viet-nam/,0
Giành Lại Quốc Hội Về Tay Nhân Dân,https://viettan.org/gianh-lai-quoc-hoi-ve-tay-nhan-dan/,0
Mỏ Bô-xít ở Việt Nam – Một sự thật bức xúc,https://viettan.org/mo-bo-xit-o-viet-nam-mot-su-that-buc-xuc/,0
“Nhân lúc bên … Thái có loạn!”,https://viettan.org/nhan-luc-ben-thai-co-loan/,0
Biến Nhà Nước Pháp Quyền Trong Mơ Thành Hiện Thực,https://viettan.org/bien-nha-nuoc-phap-quyen-trong-mo-thanh-hien-thuc/,0
Không Chuyên Chính Làm Sao Thắng Cử?,https://viettan.org/khong-chuyen-chinh-lam-sao-thang-cu/,0
Cộng Sản Việt Nam Lọt Ổ Phục Kích Của Trung Quốc,https://viettan.org/cong-san-viet-nam-lot-o-phuc-kich-cua-trung-quoc/,0
Cộng sản Việt Nam nên bắt chước Phi Luật Tân,https://viettan.org/cong-san-viet-nam-nen-bat-chuoc-phi-luat-tan/,0
21 năm sau trận hải chiến Trường Sa,https://viettan.org/21-nam-sau-tran-hai-chien-truong-sa/,0
Từ Trường Sa Đến Tây Nguyên,https://viettan.org/tu-truong-sa-den-tay-nguyen/,0
Vài Suy Nghĩ Cho Một Nước Việt Tân Hưng,https://viettan.org/vai-suy-nghi-cho-mot-nuoc-viet-tan-hung/,0
Khi nhà nước cấm đưa tin về Bô-xít,https://viettan.org/khi-nha-nuoc-cam-dua-tin-ve-bo-xit/,0
"Kỷ niệm 30 năm cuộc chiến biên giới phía bắc, đảng Cộng Sản Việt Nam thể hiện điều gì ?",https://viettan.org/ky-niem-30-nam-cuoc-chien-bien-gioi-phia-bac-dang-cong-san-viet-nam-the-hien-dieu-gi/,0
Bom Nổ Ở Tây Nguyên!,https://viettan.org/bom-no-o-tay-nguyen/,0
Vụ Xử Huỳnh Ngọc Sỹ: Đầu Voi Đuôi Chuột!,https://viettan.org/vu-xu-huynh-ngoc-sy-dau-voi-duoi-chuot/,0
"Ông Obama, hãy giúp Việt Nam có tự do",https://viettan.org/ong-obama-hay-giup-viet-nam-co-tu-do/,0
Nhìn lại cuộc chiến 1979 và mối quan hệ Việt – Trung,https://viettan.org/nhin-lai-cuoc-chien-1979-va-moi-quan-he-viet-trung/,0
Canh Tân Giáo Dục,https://viettan.org/canh-tan-giao-duc/,0
Cơ May Cất Cánh Của Dân Tộc Việt Nam,https://viettan.org/co-may-cat-canh-cua-dan-toc-viet-nam/,0
Chống Độc Tài Là Yêu Nước!,https://viettan.org/chong-doc-tai-la-yeu-nuoc/,0
Cạnh Tranh và Phát Triển,https://viettan.org/canh-tranh-va-phat-trien/,0
Mại Lý,https://viettan.org/mai-ly/,0
Ý nghĩa của những hy sinh trong ba cuộc chiến bảo vệ tổ quốc,https://viettan.org/y-nghia-cua-nhung-hy-sinh-trong-ba-cuoc-chien-bao-ve-to-quoc/,0
Rạn nứt ở Việt Nam về cách ứng xử với Trung Quốc,https://viettan.org/ran-nut-o-viet-nam-ve-cach-ung-xu-voi-trung-quoc/,0
Nộp Tiền Trước Khi Khiếu Kiện?,https://viettan.org/nop-tien-truoc-khi-khieu-kien/,0
Cùng Hạ Bức Tường Bưng Bít Thông Tin Của Cộng Sản Việt Nam,https://viettan.org/cung-ha-buc-tuong-bung-bit-thong-tin-cua-cong-san-viet-nam/,0
"Từ đóng cửa nhà xuất bản đến cấm đoán blog, CSVN tưởng thắng mà thua",https://viettan.org/tu-dong-cua-nha-xuat-ban-den-cam-doan-blog-csvn-tuong-thang-ma-thua/,0
Việt Cộng Lội Ngược Dòng Trên Mạng Internet,https://viettan.org/viet-cong-loi-nguoc-dong-tren-mang-internet/,0
Vẫn Chỉ Là Những Khẩu Hiệu Lừa Bịp!,https://viettan.org/van-chi-la-nhung-khau-hieu-lua-bip/,0
Bao lâu CSVN còn nắm chính quyền: Đất nước còn nguy cơ bị mất vào tay Trung Cộng,https://viettan.org/bao-lau-csvn-con-nam-chinh-quyen-dat-nuoc-con-nguy-co-bi-mat-vao-tay-trung-cong/,0
Đối Đầu Bất Bạo Động: Quyền Lực Trong Xã Hội,https://viettan.org/doi-dau-bat-bao-dong-quyen-luc-trong-xa-hoi/,0
Bãi Tục Lãm: Lại Mất Thêm Đất  !,https://viettan.org/bai-tuc-lam-lai-mat-them-dat/,0
Luật rừng… rậm,https://viettan.org/luat-rung-ram/,0
Báo Công An Nhân Dân Phải Xin Lỗi Tiến Sĩ Nguyễn Thanh Giang,https://viettan.org/bao-cong-an-nhan-dan-phai-xin-loi-tien-si-nguyen-thanh-giang/,0
Quyền Con Người Là Đương Nhiên,https://viettan.org/quyen-con-nguoi-la-duong-nhien/,0
60 Năm Tuyên Ngôn Và Nhân Quyền Tại Việt Nam,https://viettan.org/60-nam-tuyen-ngon-va-nhan-quyen-tai-viet-nam/,0
Tại Sao CSVN Dẹp Bỏ Bầu Cử Trực Tiếp?,https://viettan.org/tai-sao-csvn-dep-bo-bau-cu-truc-tiep/,0
Lại đi dép lốp lên vũ trụ!,https://viettan.org/lai-di-dep-lop-len-vu-tru/,0
Một Năm Tam Sa: Niềm Đau Nhức Chung,https://viettan.org/mot-nam-tam-sa-niem-dau-nhuc-chung/,0
"Quân đội, công an, bộ máy hành chánh",https://viettan.org/quan-doi-cong-an-bo-may-hanh-chanh/,0
Chỉ là 16 chữ vàng… giả!,https://viettan.org/chi-la-16-chu-vang-gia/,0
Lời Mẹ Dặn,https://viettan.org/loi-me-dan/,0
Trịnh Hòa – Cái Tát Tai Tập Thể,https://viettan.org/trinh-hoa-cai-tat-tai-tap-the/,0
Mất Mùa Là Tại Thiên Tai!,https://viettan.org/mat-mua-la-tai-thien-tai/,0
Chúc Mừng Thượng Nghị Sĩ Barack Obama,https://viettan.org/chuc-mung-thuong-nghi-si-barack-obama/,0
Hà Nội Trong Cơn Lũ,https://viettan.org/ha-noi-trong-con-lu/,0
Đầy Tớ Ngày Càng Hỗn,https://viettan.org/day-to-ngay-cang-hon/,0
Trò Đu Dây Ngoại Giao của Cộng Sản Việt Nam,https://viettan.org/tro-du-day-ngoai-giao-cua-cong-san-viet-nam/,0
Dân Chủ và Dân Trí – Cái Nào Trước ?,https://viettan.org/dan-chu-va-dan-tri-cai-nao-truoc/,0
Đường Lên “Thiên Quốc”,https://viettan.org/duong-len-thien-quoc/,0
Loạn Pháp Liệt Quyền,https://viettan.org/loan-phap-liet-quyen/,0
"Hai Vụ Án, Một Vấn Đề",https://viettan.org/hai-vu-an-mot-van-de/,0
Giáo Xứ Thái Hà Đã Giành Được Nhiều Thứ cho Giáo Dân Và Dân Tộc Việt Nam,https://viettan.org/giao-xu-thai-ha-da-gianh-duoc-nhieu-thu-cho-giao-dan-va-dan-toc-viet-nam/,0
Một Vụ Kết Án Có Dụng Ý?,https://viettan.org/mot-vu-ket-an-co-dung-y/,0
Nguyễn Tấn Dũng Xuôi Nam,https://viettan.org/nguyen-tan-dung-xuoi-nam/,0
Phân Tích Sự Tranh Chấp Giữa CSVN Với Công Giáo Gần Đây,https://viettan.org/phan-tich-su-tranh-chap-giua-csvn-voi-cong-giao-gan-day/,0
Tại Sao Vẫn Dấm Dúi Với Sữa Bột Trung Quốc,https://viettan.org/tai-sao-van-dam-dui-voi-sua-bot-trung-quoc/,0
Chính sách ngoại giao quỳ gối!,https://viettan.org/chinh-sach-ngoai-giao-quy-goi/,0
Khi Ông Mạnh Và Ông Dũng Đương Đầu Với Nhau?,https://viettan.org/khi-ong-manh-va-ong-dung-duong-dau-voi-nhau/,0
Cách Thương Lượng Của Việt Cộng Qua Biến Cố Nhà Chung,https://viettan.org/cach-thuong-luong-cua-viet-cong-qua-bien-co-nha-chung/,0
Mặt Trái Âm Mưu Chiếm Đất,https://viettan.org/mat-trai-am-muu-chiem-dat/,0
Vừa Ăn Cướp Vừa La Làng,https://viettan.org/vua-an-cuop-vua-la-lang/,0
Hàng Rào Ô Nhục!,https://viettan.org/hang-rao-o-nhuc/,0
Hãy Đừng Dùng Gươm!,https://viettan.org/hay-dung-dung-guom/,0
Tại Sao Kinh Tế Tụt Hạng Mà Cứ Bảo Là Đất Nước Phát Triển,https://viettan.org/tai-sao-kinh-te-tut-hang-ma-cu-bao-la-dat-nuoc-phat-trien/,0
50 Năm Công Hàm Bán Nước Của Phạm Văn Đồng,https://viettan.org/50-nam-cong-ham-ban-nuoc-cua-pham-van-dong-2/,0
Nhìn Lại 50 Năm Công Hàm Phạm Văn Đồng,https://viettan.org/nhin-lai-50-nam-cong-ham-pham-van-dong-2/,0
Ngày Kỷ Niệm Khó Quên Của CSVN,https://viettan.org/ngay-ky-niem-kho-quen-cua-csvn/,0
Họa Vô Đơn Chí!,https://viettan.org/hoa-vo-don-chi/,0
Dằn Mặt Chính Mình?,https://viettan.org/dan-mat-chinh-minh/,0
Đấu Tranh Bất Bạo Động: Trường Hợp Thái Hà,https://viettan.org/dau-tranh-bat-bao-dong-truong-hop-thai-ha/,0
Ý Nghĩa Vụ Treo Biểu Ngữ Tại Hải Phòng,https://viettan.org/y-nghia-vu-treo-bieu-ngu-tai-hai-phong/,0
Công Tố Viện Tokyo Kết Thúc Điều Tra Và Khởi Tố PCI Về Tội Hối Lộ Cho Quan Chức CSVN,https://viettan.org/cong-to-vien-tokyo-ket-thuc-dieu-tra-va-khoi-to-pci-ve-toi-hoi-lo-cho-quan-chuc-csvn/,0
Nền Kinh Tế VN Từ Lạm Phát Đã Leo Lên Thành Siêu Lạm Phát,https://viettan.org/nen-kinh-te-vn-tu-lam-phat-da-leo-len-thanh-sieu-lam-phat/,0
Nhìn Lại Vụ Tham Nhũng Giữa Cán Bộ Thành Phố Sài Gòn Và Công Ty PCI Nhật Bản,https://viettan.org/nhin-lai-vu-tham-nhung-giua-can-bo-thanh-pho-sai-gon-va-cong-ty-pci-nhat-ban/,0
Tiến Thoái Lưỡng Nan — Đứng Yên Thượng Sách,https://viettan.org/tien-thoai-luong-nan-dung-yen-thuong-sach/,0
Khi Bộ Công An Việt Cộng Tổ Chức Học Tập Đối Phó Những Hoạt Động Của Đảng Việt Tân,https://viettan.org/khi-bo-cong-an-viet-cong-to-chuc-hoc-tap-doi-pho-nhung-hoat-dong-cua-dang-viet-tan/,0
Danh Ngôn Vỉa Hè,https://viettan.org/danh-ngon-via-he/,0
«Từ Khủng Bố Đến Diễn Biến Hòa Bình»,https://viettan.org/tu-khung-bo-den-dien-bien-hoa-binh/,0
Ý Nghĩa Của Hiện Tượng Đốt Xe Công An Tại Hà Nội,https://viettan.org/y-nghia-cua-hien-tuong-dot-xe-cong-an-tai-ha-noi/,0
Khởi Tố Hãng PCI Nhật Về Tội Hối Lộ Cho Quan Chức Việt Nam,https://viettan.org/khoi-to-hang-pci-nhat-ve-toi-hoi-lo-cho-quan-chuc-viet-nam/,0
"Thương Tiếc Văn Hào  Solzhenitsyne, Tác Giả “Quần Đảo GOULAG”",https://viettan.org/thuong-tiec-van-hao-solzhenitsyne-tac-gia-quan-dao-goulag/,0
Nghĩ Gì Về Việc Nguyễn Tấn Dũng Cách Chức Một Loạt Tướng Quân Khu Thủ Đô,https://viettan.org/nghi-gi-ve-viec-nguyen-tan-dung-cach-chuc-mot-loat-tuong-quan-khu-thu-do/,0
CSVN Đã Làm Gì Trong Hội Đồng Bảo An LHQ ?,https://viettan.org/csvn-da-lam-gi-trong-hoi-dong-bao-an-lhq/,0
Những Thay Đổi Trong Bộ Máy Quân Đội Tại Hà Nội,https://viettan.org/nhung-thay-doi-trong-bo-may-quan-doi-tai-ha-noi/,0
Xăng Sài Gòn Và Dầu Biển Đông!,https://viettan.org/xang-sai-gon-va-dau-bien-dong/,0
Hãng PCI Nhật Bị Điều Tra Về Tội Hối Lộ Cho Quan Chức Việt Nam,https://viettan.org/hang-pci-nhat-bi-dieu-tra-ve-toi-hoi-lo-cho-quan-chuc-viet-nam/,0
Giới Luật Sư Sài Gòn Chống Sự Khống Chế Của Đảng,https://viettan.org/gioi-luat-su-sai-gon-chong-su-khong-che-cua-dang/,0
Từ Dokdo – Takeshima Đến Hoàng Sa – Trường Sa,https://viettan.org/tu-dokdo-takeshima-den-hoang-sa-truong-sa/,0
Hà Nội Đang Muốn Vực Cái Nghị Quyết Chết Yểu 36 Sống Lại,https://viettan.org/ha-noi-dang-muon-vuc-cai-nghi-quyet-chet-yeu-36-song-lai/,0
CSVN hãy đưa vấn đề Hoàng Sa Trường Sa ra trước Hội Động Bảo An Liên Hiệp Quốc,https://viettan.org/csvn-hay-dua-van-de-hoang-sa-truong-sa-ra-truoc-hoi-dong-bao-an-lien-hiep-quoc/,0
Hội Nghị Trung Ương Cứu Được Gì?,https://viettan.org/hoi-nghi-trung-uong-cuu-duoc-gi/,0
Kinh Tế Định Hướng XHCN Đang Tiêu Chảy Cấp,https://viettan.org/kinh-te-dinh-huong-xhcn-dang-tieu-chay-cap/,0
Đức Đệ Tứ Tăng Thống Thích Huyền Quang,https://viettan.org/duc-de-tu-tang-thong-thich-huyen-quang/,0
Dư Luận Nhật Đề Cập Về Bản Báo Cáo Sập Cầu Cần Thơ,https://viettan.org/du-luan-nhat-de-cap-ve-ban-bao-cao-sap-cau-can-tho/,0
Việt Nam phải làm gì trong Hội Đồng Bảo An LHQ ?,https://viettan.org/viet-nam-phai-lam-gi-trong-hoi-dong-bao-an-lhq/,0
Những Con Dê Tế Thần Trong Trận Động Đất Ở Tứ Xuyên,https://viettan.org/nhung-con-de-te-than-trong-tran-dong-dat-o-tu-xuyen/,0
Những Nghịch Lý Ở Hà Nội Ngày Nay,https://viettan.org/nhung-nghich-ly-o-ha-noi-ngay-nay/,0
Sơ Kết Chuyến Công Du Nước Mỹ Của Ông Nguyễn Tấn Dũng,https://viettan.org/so-ket-chuyen-cong-du-nuoc-my-cua-ong-nguyen-tan-dung/,0
Đối Đầu Bất Bạo Động: Để Làm Suy Yếu Những Trụ Cột Chống Đỡ Chế Độ Độc Tài.,https://viettan.org/doi-dau-bat-bao-dong-de-lam-suy-yeu-nhung-tru-cot-chong-do-che-do-doc-tai/,0
Biến Loạn Ở Quý Châu,https://viettan.org/bien-loan-o-quy-chau/,0
Công Ty Nhật Bị Điều Tra Vì Hối Lộ Quan Chức CSVN,https://viettan.org/cong-ty-nhat-bi-dieu-tra-vi-hoi-lo-quan-chuc-csvn/,0
Ông Nguyễn Tấn Dũng Đi Du Học Hoa Kỳ 5 Ngày,https://viettan.org/ong-nguyen-tan-dung-di-du-hoc-hoa-ky-5-ngay/,0
Chuyến Đi Mỹ Của Nguyễn Tấn Dũng,https://viettan.org/chuyen-di-my-cua-nguyen-tan-dung/,0
"Quà Tặng Ý Nghĩa Cho Những Nhà Văn, Nhà Báo Đang Bị Áp Bức",https://viettan.org/qua-tang-y-nghia-cho-nhung-nha-van-nha-bao-dang-bi-ap-buc/,0
CSVN Khó Mà Hội Nhập Với Thế Giới Văn Minh,https://viettan.org/csvn-kho-ma-hoi-nhap-voi-the-gioi-van-minh/,0
78 Năm Nhìn Lại Biến Cố Yên Bái,https://viettan.org/78-nam-nhin-lai-bien-co-yen-bai/,0
Sau Khi Ông Kiệt Chết!,https://viettan.org/sau-khi-ong-kiet-chet/,0
Trâu Chết Để Da,https://viettan.org/trau-chet-de-da/,0
Những Kẻ Mộng Du,https://viettan.org/nhung-ke-mong-du/,0
Về Cái Chết Của Ông Võ Văn Kiệt,https://viettan.org/ve-cai-chet-cua-ong-vo-van-kiet/,0
Đảng CSVN đang bắt nền giáo dục thụt lùi,https://viettan.org/dang-csvn-dang-bat-nen-giao-duc-thut-lui/,0
Có Cần Đưa Mác-Lênin Và Hồ Chí Minh Vào Chương Trình Đại Học Không?,https://viettan.org/co-can-dua-mac-lenin-va-ho-chi-minh-vao-chuong-trinh-dai-hoc-khong/,0
Nhiều Hãng Nhật Không Muốn Nhận Nghiên Cứu Sinh Việt Nam Vì Sợ Rắc Rối,https://viettan.org/nhieu-hang-nhat-khong-muon-nhan-nghien-cuu-sinh-viet-nam-vi-so-rac-roi/,0
Tìm Hiểu Nguồn Gốc Của Lạm Phát,https://viettan.org/tim-hieu-nguon-goc-cua-lam-phat/,0
Từ Thiên An Môn Đến Đấu Tranh Quần Chúng,https://viettan.org/tu-thien-an-mon-den-dau-tranh-quan-chung/,0
NHÂN QUẢ,https://viettan.org/nhan-qua/,0
Quan hệ giữa lạm phát và tham nhũng tại Việt Nam,https://viettan.org/quan-he-giua-lam-phat-va-tham-nhung-tai-viet-nam/,0
Cần Chiếm Cảm Tình Của Người Dân!,https://viettan.org/can-chiem-cam-tinh-cua-nguoi-dan/,0
Thú Đau Thương!,https://viettan.org/thu-dau-thuong/,0
CSVN đuối lý và bí lối,https://viettan.org/csvn-duoi-ly-va-bi-loi/,0
Tuyên Truyền Cho Chế Độ Trên Xác Chết Của Nạn Nhân Thiên Tai Động Đất,https://viettan.org/tuyen-truyen-cho-che-do-tren-xac-chet-cua-nan-nhan-thien-tai-dong-dat/,0
Vụ Án Tham Nhũng PMU18 Chưa Xong?,https://viettan.org/vu-an-tham-nhung-pmu18-chua-xong/,0
PHIÊN TÒA XỬ 3 ĐẢNG VIÊN VIỆT TÂN VỀ TỘI KHỦNG BỐ,https://viettan.org/phien-toa-xu-3-dang-vien-viet-tan-ve-toi-khung-bo/,0
Lại Thêm Một Sáng Kiến Dại Dột,https://viettan.org/lai-them-mot-sang-kien-dai-dot-2/,0
Giá Trị Của Phiên Tòa Việt Cộng,https://viettan.org/gia-tri-cua-phien-toa-viet-cong-2/,0
CSVN Đội Ngoại Bang Đạp Dân Tộc,https://viettan.org/csvn-doi-ngoai-bang-dap-dan-toc/,0
Chống Lạm Phát Hay Lại Cơ Hội Làm Ăn Trên Đầu Dân Nghèo,https://viettan.org/chong-lam-phat-hay-lai-co-hoi-lam-an-tren-dau-dan-ngheo/,0
"Hai Dân Tộc, Một Giấc Mơ Phục Quốc",https://viettan.org/hai-dan-toc-mot-giac-mo-phuc-quoc/,0
Chặng Đường Cuối Của Đuốc Bắc Kinh Diễn Ra Như Thế Nào,https://viettan.org/chang-duong-cuoi-cua-duoc-bac-kinh-dien-ra-nhu-the-nao/,0
Về Cuộc Vận Động Quốc Tế Tại Na Uy Của Phái Đoàn Đảng Việt Tân,https://viettan.org/ve-cuoc-van-dong-quoc-te-tai-na-uy-cua-phai-doan-dang-viet-tan/,0
Thế Nào Là Sức Mạnh Dân Tộc,https://viettan.org/the-nao-la-suc-manh-dan-toc/,0
Những Ô Nhục Trong Ngày 29 Tháng 4 Năm 2008 Tại Sài Gòn,https://viettan.org/nhung-o-nhuc-trong-ngay-29-thang-4-nam-2008-tai-sai-gon/,0
Cộng Sản Đang Rước Nhục Lên Đất Nước Việt Nam,https://viettan.org/cong-san-dang-ruoc-nhuc-len-dat-nuoc-viet-nam/,0
Bảo Chúc Biệt Đoàn & Những Chặng Đường Tắt Đuốc,https://viettan.org/bao-chuc-biet-doan-nhung-chang-duong-tat-duoc/,0
Quốc Hận Năm Thứ 33,https://viettan.org/quoc-han-nam-thu-33/,0
Bắc Kinh Đòi Đưa Quân Đội Tới Úc Bảo Vệ Đuốc Thế Vận,https://viettan.org/bac-kinh-doi-dua-quan-doi-toi-uc-bao-ve-duoc-the-van/,0
Những Người Khách Đến Việt Nam Từ Miền Băng Tuyết,https://viettan.org/nhung-nguoi-khach-den-viet-nam-tu-mien-bang-tuyet/,0
Lửa Thiêng Olympic Đang Đốt Cháy Bắc Kinh,https://viettan.org/lua-thieng-olympic-dang-dot-chay-bac-kinh/,0
Chín Tiếng Chuông Trước Ngày Vesak LHQ 2008,https://viettan.org/chin-tieng-chuong-truoc-ngay-vesak-lhq-2008/,0
Làm Sao Ngăn Được Lạm Phát Cho Dân Nghèo Bớt Khổ,https://viettan.org/lam-sao-ngan-duoc-lam-phat-cho-dan-ngheo-bot-kho/,0
Não Trạng Xơ Cứng Của Công An Việt Cộng,https://viettan.org/nao-trang-xo-cung-cua-cong-an-viet-cong/,0
Hãy Thắp Sáng Lên Ngọn Đuốc Tự Do Cho Tây Tạng,https://viettan.org/hay-thap-sang-len-ngon-duoc-tu-do-cho-tay-tang/,0
Nhà Nước CSVN Lại Dùng Khẩu Hiệu Để Chống Lạm Phát,https://viettan.org/nha-nuoc-csvn-lai-dung-khau-hieu-de-chong-lam-phat/,0
Chúc Mừng Khối 8406 Lên Hai Tuổi,https://viettan.org/chuc-mung-khoi-8406-len-hai-tuoi/,0
Đối Đầu Bất Bạo Động: Cuộc Đấu Tranh Của Lech Walesa và Công Đoàn Đoàn Kết Ba Lan,https://viettan.org/doi-dau-bat-bao-dong-cuoc-dau-tranh-cua-lech-walesa-va-cong-doan-doan-ket-ba-lan/,0
Lãnh Đạo Hà Nội Đánh Lừa Thế Giới Về Chuyện Chống Tham Nhũng,https://viettan.org/lanh-dao-ha-noi-danh-lua-the-gioi-ve-chuyen-chong-tham-nhung/,0
Từ Hy Lạp Đến Sài Gòn: Phải Chống Ngọn Đuốc Xâm Lược Trung Quốc,https://viettan.org/tu-hy-lap-den-sai-gon-phai-chong-ngon-duoc-xam-luoc-trung-quoc/,0
Chủ thuyết Mác-Lê không diệt được đức tin tôn giáo,https://viettan.org/chu-thuyet-mac-le-khong-diet-duoc-duc-tin-ton-giao/,0
Đàn Áp Tây Tạng Thì Làn Sóng Tẩy Chay Olympic Càng Lan Rộng,https://viettan.org/dan-ap-tay-tang-thi-lan-song-tay-chay-olympic-cang-lan-rong/,0
Hãy Cùng Nhau Chống Cuộc Rước Đuốc Olympic Bắc Kinh 2008,https://viettan.org/hay-cung-nhau-chong-cuoc-ruoc-duoc-olympic-bac-kinh-2008/,0
"Đối Đầu Bất Bạo Động: Cuộc Đấu Tranh Của Mục Sư Martin Luther King, Jr.",https://viettan.org/doi-dau-bat-bao-dong-cuoc-dau-tranh-cua-muc-su-martin-luther-king-jr/,0
Một Trò Dụ Mới : Dự Thảo Nghị Định Cho Việt Kiều Sở Hữu Nhà Đất Ở Việt Nam,https://viettan.org/mot-tro-du-moi-du-thao-nghi-dinh-cho-viet-kieu-so-huu-nha-dat-o-viet-nam/,0
Đối Đầu Bất Bạo Động: Bất Phục Tùng Dân Sự Trong Xã Hội Việt Nam Hiện Nay,https://viettan.org/doi-dau-bat-bao-dong-bat-phuc-tung-dan-su-trong-xa-hoi-viet-nam-hien-nay/,0
Nhà Nước CSVN Đụng Đâu Sụp Đó !,https://viettan.org/nha-nuoc-csvn-dung-dau-sup-do/,0
Đối Đầu Bất Bạo Động: Cuộc Đấu Tranh của Thánh Gandhi,https://viettan.org/doi-dau-bat-bao-dong-cuoc-dau-tranh-cua-thanh-gandhi/,0
Lạm Phát – Nguy Cơ Của Nền Kinh Tế Tư Bản Đỏ tại Việt Nam,https://viettan.org/lam-phat-nguy-co-cua-nen-kinh-te-tu-ban-do-tai-viet-nam/,0
Tại Sao CSVN Không Có Đối Sách Trước Hàng Trăm Lao Động Việt Nam Chết Ở Malaysia ?,https://viettan.org/tai-sao-csvn-khong-co-doi-sach-truoc-hang-tram-lao-dong-viet-nam-chet-o-malaysia/,0
Đối Đấu Bất Bạo Động: Những Nhược Điểm Của Chế Độ Độc Tài.,https://viettan.org/doi-dau-bat-bao-dong-nhung-nhuoc-diem-cua-che-do-doc-tai/,0
Tại Sao Thị Trường Lao Động Ở Việt Nam Thiếu Cả Thầy Lẫn Thợ…?,https://viettan.org/tai-sao-thi-truong-lao-dong-o-viet-nam-thieu-ca-thay-lan-tho/,0
Đối Đầu Bất Bạo Động: Sự Phản Kháng Toàn Diện,https://viettan.org/doi-dau-bat-bao-dong-su-phan-khang-toan-dien/,0
Nhân Dân Ta Không Bao Giờ Là Con Cái Chính Quyền CSVN,https://viettan.org/nhan-dan-ta-khong-bao-gio-la-con-cai-chinh-quyen-csvn/,0
Đối Đầu Bất Bạo Động: Sức Mạnh Của Số Đông,https://viettan.org/doi-dau-bat-bao-dong-suc-manh-cua-so-dong/,0
Đón Xuân Mậu Tý Không Quên Tết Mậu Thân,https://viettan.org/don-xuan-mau-ty-khong-quen-tet-mau-than/,0
"Khi Đỉnh Cao Của Sự Xuyên Tạc, Vu Khống Được Biểu Dương",https://viettan.org/khi-dinh-cao-cua-su-xuyen-tac-vu-khong-duoc-bieu-duong/,0
Đã Qua Rồi Cái Thời Dân Ta Khiếp Sợ Bạo Quyền,https://viettan.org/da-qua-roi-cai-thoi-dan-ta-khiep-so-bao-quyen/,0
Đối Đầu Bất Bạo Động: Khi Quần Chúng Đứng Dậy,https://viettan.org/doi-dau-bat-bao-dong-khi-quan-chung-dung-day/,0
Giá Bất Động Sản Tại Việt Nam Nhiều Khi Cao Hơn Cả Tokyo Và Hồng Kông,https://viettan.org/gia-bat-dong-san-tai-viet-nam-nhieu-khi-cao-hon-ca-tokyo-va-hong-kong/,0
Bản Chất Khủng Bố Của Tờ Công An Nhân Dân,https://viettan.org/ban-chat-khung-bo-cua-to-cong-an-nhan-dan/,0
Truyền Thông Nhật Nói Về Những Cuộc Biểu Tình Chống Trung Quốc Tại Việt Nam,https://viettan.org/truyen-thong-nhat-noi-ve-nhung-cuoc-bieu-tinh-chong-trung-quoc-tai-viet-nam/,0
Ý Nghĩa Cuộc Đấu Tranh Của Giáo Hội Công Giáo Hà Nội,https://viettan.org/y-nghia-cuoc-dau-tranh-cua-giao-hoi-cong-giao-ha-noi/,0
Ngày Tự Do Tôn Giáo,https://viettan.org/ngay-tu-do-ton-giao/,0
Giỗ Trận Hoàng Sa,https://viettan.org/gio-tran-hoang-sa/,0
Bắc Kinh Muốn Xóa Tên Đài Loan Trên Qủa Địa Cầu Nhưng Không Được,https://viettan.org/bac-kinh-muon-xoa-ten-dai-loan-tren-qua-dia-cau-nhung-khong-duoc/,0
Nhìn Lại Tình Hình Việt Nam Trong Năm 2007,https://viettan.org/nhin-lai-tinh-hinh-viet-nam-trong-nam-2007/,0
Vụ Việc Cách Chức Và Phục Viên Bốn Mươi Ba Tướng Lãnh Quân Đội,https://viettan.org/vu-viec-cach-chuc-va-phuc-vien-bon-muoi-ba-tuong-lanh-quan-doi/,0
Không Thể Đánh Đổi Việc Chống Trung Cộng Xâm Lăng Bằng…,https://viettan.org/khong-the-danh-doi-viec-chong-trung-cong-xam-lang-bang/,0
Công Lý và Hòa Bình,https://viettan.org/cong-ly-va-hoa-binh/,0
CSVN VÀ VẤN ĐỀ HOÀNG SA – TRƯỜNG SA,https://viettan.org/csvn-va-van-de-hoang-sa-truong-sa/,0
Chủ Quyền Và Nhân Quyền,https://viettan.org/chu-quyen-va-nhan-quyen-2/,0
Những Cánh Sao Rơi Rụng,https://viettan.org/nhung-canh-sao-roi-rung/,0
"Những Người Bình Thường, Giữa Cảnh Bất Thường Của Đất Nước",https://viettan.org/nhung-nguoi-binh-thuong-giua-canh-bat-thuong-cua-dat-nuoc/,0
Không Cho Việt Cộng Xúc Phạm Lòng Yêu Nước,https://viettan.org/khong-cho-viet-cong-xuc-pham-long-yeu-nuoc/,0
Công Hàm Bán Nước Cho Trung Quốc Vô Giá Trị,https://viettan.org/cong-ham-ban-nuoc-cho-trung-quoc-vo-gia-tri/,0
Những Điều Vu Khống Quá Lố Bịch Của Báo Chí CSVN,https://viettan.org/nhung-dieu-vu-khong-qua-lo-bich-cua-bao-chi-csvn/,0
Dân Chủ Là Bản Lãnh Chính Trị,https://viettan.org/dan-chu-la-ban-lanh-chinh-tri/,0
Muốn Bảo Vệ Lãnh Thổ: Dân Tộc Việt Nam Phải Vùng Lên,https://viettan.org/muon-bao-ve-lanh-tho-dan-toc-viet-nam-phai-vung-len/,0
Tại Sao?,https://viettan.org/tai-sao/,0
Nạn Nhân Vu Khống Mới Nhất Của CSVN: Ông Bà Lê Văn Phan,https://viettan.org/nan-nhan-vu-khong-moi-nhat-cua-csvn-ong-ba-le-van-phan/,0
Năm 2020 Việt Nam Sẽ Trở Thành Một Nước Công Nghiệp Hiện Đại?,https://viettan.org/nam-2020-viet-nam-se-tro-thanh-mot-nuoc-cong-nghiep-hien-dai/,0
Những Cái Lố Bịch Tân Thời Của Hà Nội,https://viettan.org/nhung-cai-lo-bich-tan-thoi-cua-ha-noi/,0
Nhà Nước Phi-Pháp Quyền,https://viettan.org/nha-nuoc-phi-phap-quyen/,0
CSVN Đang Cố Gắng Dựng Lên Kịch Bản Khủng Bố….,https://viettan.org/csvn-dang-co-gang-dung-len-kich-ban-khung-bo/,0
Những Thủ Đoạn Vu Khống Của Cộng Sản Việt Nam,https://viettan.org/nhung-thu-doan-vu-khong-cua-cong-san-viet-nam/,0
Thế Giới Đang Lên Án Tập Đoàn Khủng Bố Việt Cộng,https://viettan.org/the-gioi-dang-len-an-tap-doan-khung-bo-viet-cong/,0
Dán Nhãn Khủng Bố,https://viettan.org/dan-nhan-khung-bo/,0
“Những Dũng Sĩ Của Thời Đại”,https://viettan.org/nhung-dung-si-cua-thoi-dai/,0
Nói Về Chuyến Đi Nhật Của Nguyễn Minh Triết,https://viettan.org/noi-ve-chuyen-di-nhat-cua-nguyen-minh-triet/,0
Nhật Bắt Đầu Lật Sổ Vụ Sập Cầu Cần Thơ,https://viettan.org/nhat-bat-dau-lat-so-vu-sap-cau-can-tho/,0
“Đảng Cộng Sản”: Một Nhãn Hiệu Hết Ăn Khách,https://viettan.org/dang-cong-san-mot-nhan-hieu-het-an-khach/,0
Tổ Chức Đại Lễ Phật Đản Liên Hiệp Quốc Tại Việt Nam Để Làm Gì?,https://viettan.org/to-chuc-dai-le-phat-dan-lien-hiep-quoc-tai-viet-nam-de-lam-gi/,0
Tại Sao CSVN Chỉ Đòi Bỏ Án Tử Hình Cho Hai Tội Kinh Tế & Tham Nhũng?,https://viettan.org/tai-sao-csvn-chi-doi-bo-an-tu-hinh-cho-hai-toi-kinh-te-tham-nhung/,0
Tại Sao Hà Nội Tổ Chức Linh Đình Kỷ Niệm Cách Mạng Tháng Mười Nga,https://viettan.org/tai-sao-ha-noi-to-chuc-linh-dinh-ky-niem-cach-mang-thang-muoi-nga/,0
Diễn Đàn Quốc Hội CSVN Cũng Là Nơi Để Vu Khống,https://viettan.org/dien-dan-quoc-hoi-csvn-cung-la-noi-de-vu-khong/,0
Áp Lực Thế Giới và Công Cuộc Dân Chủ Hóa Tại Miến Điện,https://viettan.org/ap-luc-the-gioi-va-cong-cuoc-dan-chu-hoa-tai-mien-dien/,0
Tại Sao Phải Điều Tra Nếu Không Có Vấn Đề,https://viettan.org/tai-sao-phai-dieu-tra-neu-khong-co-van-de/,0
Việt Cộng Lại Chuẩn Bị Đổi Tên Đảng,https://viettan.org/viet-cong-lai-chuan-bi-doi-ten-dang/,0
Chiếc Ghế Văn Minh,https://viettan.org/chiec-ghe-van-minh/,0
Về Cuộc Vận Động Dân Chủ Tại Việt Nam,https://viettan.org/ve-cuoc-van-dong-dan-chu-tai-viet-nam/,0
Việt Cộng và Cái Ghế Không Thường Trực Hội Đồng Bảo An LHQ,https://viettan.org/viet-cong-va-cai-ghe-khong-thuong-truc-hoi-dong-bao-an-lhq/,0
Tại Sao Chuyến Đi Bình Nhưỡng Của Nông Đức Mạnh Đến Phút Cuối Mới Công Bố,https://viettan.org/tai-sao-chuyen-di-binh-nhuong-cua-nong-duc-manh-den-phut-cuoi-moi-cong-bo/,0
Trung Quốc Mưu Đồ Tổ Chức Du Lịch Ở Hoàng Sa,https://viettan.org/trung-quoc-muu-do-to-chuc-du-lich-o-hoang-sa/,0
Luật Pháp Trong Ý Thức Hệ Cộng Sản,https://viettan.org/luat-phap-trong-y-thuc-he-cong-san/,0
Những Bài Học Từ Đất Nước Miến Điện: Ký Giả Nhân Dân,https://viettan.org/nhung-bai-hoc-tu-dat-nuoc-mien-dien-ky-gia-nhan-dan/,0
Phỏng Vấn Tổng Bí Thư Đảng Việt Tân về Cuộc Đấu Tranh Của Người Dân Miến Điện,https://viettan.org/phong-van-tong-bi-thu-dang-viet-tan-ve-cuoc-dau-tranh-cua-nguoi-dan-mien-dien/,0
Vụ Sập Cầu Cần Thơ Ảnh Hưởng Đến Sự Trụt Giá Cổ Phiếu Các Hãng Xây Dựng Nhật ?,https://viettan.org/vu-sap-cau-can-tho-anh-huong-den-su-trut-gia-co-phieu-cac-hang-xay-dung-nhat/,0
Nhật Sẽ Trách Nhiệm Như Thế Nào Về Vụ Sập Cầu Cần Thơ,https://viettan.org/nhat-se-trach-nhiem-nhu-the-nao-ve-vu-sap-cau-can-tho/,0
Nhật Bản Có Cần Tuyển Kỹ Sư Cao Cấp Từ Việt Nam Qua Làm Việc Hay Không?,https://viettan.org/nhat-ban-co-can-tuyen-ky-su-cao-cap-tu-viet-nam-qua-lam-viec-hay-khong/,0
Cuộc Cách Mạng Màu Vàng Đang Bùng Nổ Tại Miến Điện?,https://viettan.org/cuoc-cach-mang-mau-vang-dang-bung-no-tai-mien-dien/,0
Tám Cán Bộ Cấp Thấp Sẽ Bị Xử Phạt Để Cho Chìm Xuồng Đề Án 112,https://viettan.org/tam-can-bo-cap-thap-se-bi-xu-phat-de-cho-chim-xuong-de-an-112/,0
Ý Nghĩa Của Dự Luật Nhân Quyền HR 3096,https://viettan.org/y-nghia-cua-du-luat-nhan-quyen-hr-3096/,0
Chiếc Ghế Hội Đồng Bảo An LHQ Và Tư Thế Của Chế Độ CSVN,https://viettan.org/chiec-ghe-hoi-dong-bao-an-lhq-va-tu-the-cua-che-do-csvn/,0
Nguyễn Tấn Dũng Đến Mỹ,https://viettan.org/nguyen-tan-dung-den-my/,0
ĐỔI MỚI TỪ ĂN BÁM ĐẾN ĂN CƯỚP,https://viettan.org/doi-moi-tu-an-bam-den-an-cuop/,0
"Một Năm Sau APEC Hà Nội, CSVN Vẫn Gặp Nhiều Chướng Ngại…",https://viettan.org/mot-nam-sau-apec-ha-noi-csvn-van-gap-nhieu-chuong-ngai/,0
Chặng Đường Một Phần Tư Thế Kỷ Của Đảng Việt Tân,https://viettan.org/chang-duong-mot-phan-tu-the-ky-cua-dang-viet-tan/,0
Việt Cộng Phải Xin Lỗi Hòa Thượng Thích Quảng Độ,https://viettan.org/viet-cong-phai-xin-loi-hoa-thuong-thich-quang-do/,0
Ban Khoa Học Xã Hội-Nhân Văn Chết Yểu Dưới Chế Độ Cộng Sản,https://viettan.org/ban-khoa-hoc-xa-hoi-nhan-van-chet-yeu-duoi-che-do-cong-san/,0
CON VẸT NGÀY 2 THÁNG 9 NĂM 1945,https://viettan.org/con-vet-ngay-2-thang-9-nam-1945/,0
Tướng Hoàng Cơ Minh và Công Cuộc Giải Phóng Việt Nam,https://viettan.org/tuong-hoang-co-minh-va-cong-cuoc-giai-phong-viet-nam/,0
Tưởng Niệm Đông Tiến,https://viettan.org/tuong-niem-dong-tien/,0
VÌ SAO KHIẾU KIỆN ĐẤT ĐAI LẠI PHỨC TẠP?,https://viettan.org/vi-sao-khieu-kien-dat-dai-lai-phuc-tap/,0
Phản Ứng Của CSVN Trước Dự Luật Nhân Quyền 2007,https://viettan.org/phan-ung-cua-csvn-truoc-du-luat-nhan-quyen-2007/,0
Đã Gian Mà Thiếu Ngoa,https://viettan.org/da-gian-ma-thieu-ngoa/,0
Báo Chí CSVN Đang Lừa Bịp Trắng Trợn,https://viettan.org/bao-chi-csvn-dang-lua-bip-trang-tron/,0
Lưỡi Cày Đặt Trước Con Trâu,https://viettan.org/luoi-cay-dat-truoc-con-trau/,0
Khuôn Mẫu Hiến Pháp Của Một Quốc Gia,https://viettan.org/khuon-mau-hien-phap-cua-mot-quoc-gia/,0
Giá Cả Sinh Hoạt Tại Việt Nam Càng Ngày Càng Tăng Tốc,https://viettan.org/gia-ca-sinh-hoat-tai-viet-nam-cang-ngay-cang-tang-toc/,0
Dân Oan Sẽ Đứng Dậy,https://viettan.org/dan-oan-se-dung-day/,0
Đảng Nên Hóa Thân Vào Nhà Nước?,https://viettan.org/dang-nen-hoa-than-vao-nha-nuoc/,0
CSVN Đang Thách Thức Nhân Dân Ta,https://viettan.org/csvn-dang-thach-thuc-nhan-dan-ta/,0
"Tốc Độ Mới, Thước Đo Cũ",https://viettan.org/toc-do-moi-thuoc-do-cu/,0
Dân chủ: quyền lực và ngờ vực,https://viettan.org/dan-chu-quyen-luc-va-ngo-vuc/,0
Nguyễn Minh Triết Và Cuộc Phòng Vấn Trên CNN,https://viettan.org/nguyen-minh-triet-va-cuoc-phong-van-tren-cnn/,0
