title,link,Processed
LÝ DO EXONMOBIL CÓ THỂ RỜI KHỎI VIỆT NAM (Tim Daiss - Asia Times),https://www.khoi8406.com/post/nhanquyenchovn/ly-do-exonmobil-co-roi-khoi-viet-nam-447723fc0d7.html,1
TỔNG THỐNG TRUMP PHẢI TRẢ ĐŨA IRAN (Ngô Nhân Dụng),https://www.khoi8406.com/post/nhanquyenchovn/tong-thong-trump-phai-tra-ua-iran-ngo-de8116d4dc1.html,1
ĐẢNG CỘNG SẢN TRUNG QUỐC SẼ SỤP ĐỔ TRƯỚC NĂM 2049 (Bùi Mẫn Hân - Project Syndicate),https://www.khoi8406.com/post/nhanquyenchovn/ang-cong-san-trung-quoc-se-sup-o-truoc-a319b768c6b.html,1
TRUNG QUỐC SẼ CÓ NHỮNG HÀNH ĐỘNG MẠNH MẼ HƠN Ở BÃI TƯ CHÍNH? (Diễm Thi - RFA),https://www.khoi8406.com/post/nhanquyenchovn/trung-quoc-se-co-nhung-hanh-ong-manh-me-6001ccb63d4.html,1
PIVOT LÊN ÁN QUY TẮC MỚI VỀ PUBLIC CHARGE - CÔNG PHÍ hay GÁNH NẶNG XÃ HỘI (Hội Người Mỹ Gốc Việt Cấp Tiến),https://www.khoi8406.com/post/nhanquyenchovn/pivot-len-quy-tac-moi-ve-public-charge-1fa89d2e84d.html,1
TÀU QUẬY PHÁ BÃI TƯ CHÍNH ĐỂ GIẢM CĂNG THẲNG TRONG NƯỚC ? (Jackhammer Nguyễn),https://www.khoi8406.com/post/nhanquyenchovn/tau-quay-pha-bai-tu-chinh-e-giam-cang-6e5229c3654.html,1
ĐẢNG CÁCH MẠNG ĐÃ LỖI THỜI? (Nguyễn Quang Duy),https://www.khoi8406.com/post/nhanquyenchovn/ang-cach-mang-loi-thoi-nguyen-quang-duy-02963a12ca5.html,1
VIỆT NAM : SAU 33 NĂM ĐỔI MỚI (Đào Như),https://www.khoi8406.com/post/nhanquyenchovn/viet-nam-sau-33-nam-oi-moi-ao-nhu-5f67c6213c0.html,1
CÔ ĐƠN TRÊN CHÍNH QUÊ HƯƠNG MÌNH (Đỗ Cao Cường),https://www.khoi8406.com/post/nhanquyenchovn/co-on-tren-chinh-que-huong-minh-o-cao-9b16bd9ecd1.html,1
BẢN TIN NGÀY 21/09/2019 (Báo Tiếng Dân),https://www.khoi8406.com/post/nhanquyenchovn/ban-tin-ngay-21092019-bao-tieng-dan-80a5572365a.html,1
ĐIỂM TIN THỨ BẢY 21/09/2019 (Tin Tức Hàng Ngày),https://www.khoi8406.com/post/nhanquyenchovn/iem-tin-thu-bay-21092019-tin-tuc-hang-45fa5c7c417.html,1
"WALL STREET JOURNAL : TT TRUMP ĐIỆN ĐÀM TT UKRAINE, 8 LẦN YÊU CẦU ĐIỀU TRA CON TRAI PTT JOE BIDEN (Người Việt Online)",https://www.khoi8406.com/post/nhanquyenchovn/wall-street-journal-tt-trump-ien-am-tt-bda2c88419d.html,1
CÁC NƯỚC CHÂU ÂU QUYẾT TÂM HIỆN DIỆN THƯỜNG XUYÊN TẠI BIỂN ĐÔNG (Thụy My - RFI),https://www.khoi8406.com/post/nhanquyenchovn/cac-nuoc-chau-au-quyet-tam-hien-dien-a21fff2d932.html,1
TÂY TẠNG : ĐÒN MỚI CỦA MỸ NHẮM VÀO CÁC LỢI ÍCH CỐT LÕI CỦA TRUNG QUỐC (Trọng Nghĩa - RFI),https://www.khoi8406.com/post/nhanquyenchovn/tay-tang-on-moi-cua-my-nham-vao-cac-loi-5bfeba1a642.html,1
LÝ DO THỰC SỰ LÀM CHO TRUMP KHÔNG DÁM ĐÁNH IRAN (Emily Meierding - Foreign Policy),https://www.khoi8406.com/post/nhanquyenchovn/ly-do-thuc-su-lam-cho-trump-khong-dam-edbe2d8b86c.html,1
THƯƠNG THAY ĐÀ LẠT! (Trân Văn),https://www.khoi8406.com/post/nhanquyenchovn/thuong-thay-lat-tran-van-8f89cc5676d.html,1
LOTUS VỪA TRÌNH LÀNG ĐÃ CÓ KẾT QUẢ NHƯ MONG MUỐN (Mặc Lâm),https://www.khoi8406.com/post/nhanquyenchovn/lotus-vua-trinh-lang-co-ket-qua-nhu-ef0bd472fa9.html,1
PHẨM GIÁ QUỐC GIA TRƯỚC CHỦ NGHĨA BÁ QUYỀN BẮC KINH (Nguyễn Hiền - VNTB),https://www.khoi8406.com/post/nhanquyenchovn/pham-gia-quoc-gia-truoc-chu-nghia-ba-c9bc69a7591.html,1
BÃI TƯ CHÍNH : VÌ SAO TRUNG QUỐC DÁM 'VỪA ĂN CƯỚP VỪA LA LÀNG'? (Thường Sơn - VNTB),https://www.khoi8406.com/post/nhanquyenchovn/bai-tu-chinh-vi-sao-trung-quoc-dam-vua-1d987ce18d6.html,1
BÃI TƯ CHÍNH : NGƯỜI DÂN VIỆT NAM 'CHỜ TIN CHÍNH PHỦ' (BBC Tiếng Việt),https://www.khoi8406.com/post/nhanquyenchovn/bai-tu-chinh-nguoi-dan-viet-nam-cho-tin-72e306c761c.html,1
GIỮ BIỂN BẰNG CỜ (Larry De King),https://www.khoi8406.com/post/nhanquyenchovn/giu-bien-bang-co-larry-de-king-3f293a4aaf1.html,1
BẢN TIN NGÀY 20/09/2019 (Báo Tiếng Dân),https://www.khoi8406.com/post/nhanquyenchovn/ban-tin-ngay-20092019-bao-tieng-dan-02f3bc6f692.html,1
ĐIỂM TIN THỨ SÁU 20/09/2019 (Tin Tức Hàng Ngày),https://www.khoi8406.com/post/nhanquyenchovn/iem-tin-thu-sau-20092019-tin-tuc-hang-e27d81946ce.html,1
CHÚNG TA CHỜ AI ĐÂY (Nguyệt Quỳnh),https://www.khoi8406.com/post/nhanquyenchovn/chung-ta-cho-ai-ay-nguyet-quynh-bc4396aa71a.html,1
PHẢN KHÁCH VI CHỦ (Đỗ Ngà),https://www.khoi8406.com/post/nhanquyenchovn/phan-khach-vi-chu-o-nga-3e482593140.html,1
"ELON MUSK, AI & CHUYỆN CÁC NHÀ KHOA HỌC ĐIÊN (Lê Mạnh Hùng)",https://www.khoi8406.com/post/nhanquyenchovn/elon-musk-ai-chuyen-cac-nha-khoa-hoc-5fedbcd171d.html,1
"ANH, PHÁP, ĐỨC 'CẦN CHỐNG TRUNG QUỐC TRÊN BIỂN ĐÔNG' (Ngọc Lễ)",https://www.khoi8406.com/post/nhanquyenchovn/anh-phap-uc-can-chong-trung-quoc-tren-0cfaf2ee8a0.html,1
VÌ SAO ÔNG DUTERTE QUYẾT THOÁT MỸ ĐỂ THÂN TRUNG? (VOA Tiếng Việt),https://www.khoi8406.com/post/nhanquyenchovn/vi-sao-ong-duterte-quyet-thoat-my-e-b9d37cbabab.html,1
CHÍNH SÁCH TRUNG ĐÔNG TỒI TỆ CỦA TRUMP SẮP QUAY LẠI ÁM ẢNH ÔNG TA (John Cassidy - The New Yorker),https://www.khoi8406.com/post/nhanquyenchovn/chinh-sach-trung-ong-toi-te-cua-trump-f3a634bc8bc.html,1
KHO SÁCH XƯA QUÝ HIẾM CỦA THI SĨ THÀNH TÔN (Trịnh Thanh Thủy),https://www.khoi8406.com/post/nhanquyenchovn/kho-sach-xua-quy-hiem-cua-thi-si-thanh-2572c728169.html,1
CHUYỆN VỀ NHỮNG NGƯỜI GIÚP MANG HÀI CỐT CỦA 81 'THIÊN THẦN MŨ ĐỎ' VỀ LITTLE SAIGON (Đỗ Dzũng/Người Việt),https://www.khoi8406.com/post/nhanquyenchovn/chuyen-ve-nhung-nguoi-giup-mang-hai-cot-d416489c977.html,1
"USCIRF THĂM HÒA THƯỢNG THÍCH QUẢNG ĐỘ, HỘI ĐỒNG LIÊN TÔN (VOA Tiếng Việt)",https://www.khoi8406.com/post/nhanquyenchovn/uscirf-tham-hoa-thuong-thich-quang-o-fa7ab415a9a.html,1
LÀM ĂN VỚI TRUNG QUỐC - LỢI BẤT CẬP HẠI? (RFA),https://www.khoi8406.com/post/nhanquyenchovn/lam-voi-trung-quoc-loi-bat-cap-hai-rfa-767356655b5.html,1
BIỂN ĐÔNG : MỸ NÊN BỎ THÁI ĐỘ TRUNG LẬP TRƯỚC VIỆC TRUNG QUỐC XÂM LẤN BÃI TƯ CHÍNH (RFI),https://www.khoi8406.com/post/nhanquyenchovn/bien-ong-my-nen-bo-thai-o-trung-lap-ecefd9ea0c7.html,1
TRUNG QUỐC ĐÒI VIỆT NAM 'NGAY LẬP TỨC' DỪNG HOẠT ĐỘNG DẦU KHÍ Ở BÃI TƯ CHÍNH (BBC Tiếng Việt),https://www.khoi8406.com/post/nhanquyenchovn/trung-quoc-oi-viet-nam-ngay-lap-tuc-f64f1ce8ccc.html,1
SẮP XẢY RA Ở LHQ : LÃNH ĐẠO TRUNG QUỐC & CÁC GIÁ TRỊ CHUYÊN CHẾ (Kristine Lee - Foreign Affairs),https://www.khoi8406.com/post/nhanquyenchovn/sap-xay-ra-o-lhq-lanh-ao-trung-quoc-cac-5510ed52de1.html,1
TIN BIỂN ĐÔNG : TRUNG QUỐC VẪN TIẾP TỤC QUẤY PHÁ NGOÀI BÃI TƯ CHÍNH (BTV Tiếng Dân),https://www.khoi8406.com/post/nhanquyenchovn/tin-bien-ong-trung-quoc-van-tiep-tuc-370456b484b.html,1
QUAN HỆ NGA - TRUNG BƯỚC SANG KỶ NGUYÊN MỚI (CafeF),https://www.khoi8406.com/post/nhanquyenchovn/quan-he-nga-trung-buoc-sang-ky-nguyen-f6986481dc7.html,1
LÝ DO ÔNG TRUMP SẼ KHÔNG TẤN CÔNG IRAN (VietNamNet),https://www.khoi8406.com/post/nhanquyenchovn/ly-do-ong-trump-se-khong-tan-cong-iran-01c81d50869.html,1
BẢN TIN NGÀY 19/09/2019 (Báo Tiếng Dân),https://www.khoi8406.com/post/nhanquyenchovn/ban-tin-ngay-19092019-bao-tieng-dan-2283b677239.html,1
ĐIỂM TIN THỨ NĂM 19/09/2019 (Tin Tức Hàng Ngày),https://www.khoi8406.com/post/nhanquyenchovn/iem-tin-thu-nam-19092019-tin-tuc-hang-2b0013ff79f.html,1
DONALD TRUMP – NHÀ NGOẠI GIAO CÓ 102 … (Phạm Thanh Giao),https://www.khoi8406.com/post/nhanquyenchovn/donald-trump-nha-ngoai-giao-co-102-pham-003e401fc39.html,1
NƯỚC : TỬ HUYỆT CỦA TRUNG QUỐC (Yoichi Funabashi - Japantimes),https://www.khoi8406.com/post/nhanquyenchovn/nuoc-tu-huyet-cua-trung-quoc-yoichi-f28f2ed6600.html,1
DỐI TRÁ & HẬU SỰ THẬT (Hoàng Thủy Ngữ),https://www.khoi8406.com/post/nhanquyenchovn/doi-tra-hau-su-that-hoang-thuy-ngu-46c386a1092.html,1
"ĐỐI ĐẦU VỚI TEHERAN, SAUDI ARABIA ĐƠN ĐỘC (Tú Anh - RFI)",https://www.khoi8406.com/post/nhanquyenchovn/oi-au-voi-teheran-saudi-arabia-on-oc-tu-4622f5e500d.html,1
BƯỚC LÙI VĨ ĐẠI CỦA HOLLYWOOD VỀ TỰ DO NGÔN LUẬN (Martha Bayles | Trà Mi),https://www.khoi8406.com/post/nhanquyenchovn/buoc-lui-vi-ai-cua-hollywood-ve-tu-do-9991e37cd18.html,1
MẠNG XÃ HỘI VIỆT CHỈ LÃNG PHÍ TIỀN & NGƯỜI (Nguyễn Văn Đài),https://www.khoi8406.com/post/nhanquyenchovn/mang-xa-hoi-viet-chi-lang-phi-tien-ff15284a4d8.html,1
ĐỪNG ĐỖ HẾT LỖI CHO GIỚI TRẺ (Mạnh Kim),https://www.khoi8406.com/post/nhanquyenchovn/ung-o-het-loi-cho-gioi-tre-manh-kim-68e941bee3a.html,1
MẠNG XÃ HỘI NỘI ĐỊA & 'GIẤC MƠ STEVE JOBS' (Đinh Yên Thảo),https://www.khoi8406.com/post/nhanquyenchovn/mang-xa-hoi-noi-ia-giac-mo-steve-jobs-c29b26820ec.html,1
FREEDOM NOW KIẾN NGHỊ LHQ VỀ VIỆC BLOGGER PHAN KIM KHÁNH BỊ GIAM GIỮ (VOA Tiếng Việt),https://www.khoi8406.com/post/nhanquyenchovn/freedom-now-kien-nghi-lhq-ve-viec-974d1261438.html,1
BÀ ĐẦM XÒE : 'ÔNG NGUYỄN PHÚ TRỌNG SẼ KHÔNG XOAY VỀ PHÍA MỸ' (BBC Tiếng Việt),https://www.khoi8406.com/post/nhanquyenchovn/ba-am-xoe-ong-nguyen-phu-trong-se-khong-b8884ac2246.html,1
THỜI CHÓ MÁ & THẰNG CHÓ ĐẺ (S.T.T.D Tưởng Năng Tiến),https://www.khoi8406.com/post/nhanquyenchovn/thoi-cho-ma-thang-cho-e-sttd-tuong-nang-891889c25a1.html,1
"KHI BỘ TRƯỞNG ""NGU MỘT CÁCH TỰ TIN"" (Mẹ Nấm / Danlambao)",https://www.khoi8406.com/post/nhanquyenchovn/khi-bo-truong-ngu-mot-cach-tu-tin-me-e874802a6db.html,1
TẠI SAO ÔNG NGUYỄN PHÚ TRỌNG LÀM MỘT VIỆC CÓ LỢI CHO TÌNH BÁO HOA NAM ? (Quang Vũ),https://www.khoi8406.com/post/nhanquyenchovn/tai-sao-ong-nguyen-phu-trong-lam-mot-902eed528ca.html,1
VIỆT NAM ĐÃ ĐÁNH MẤT QUYỀN TÀI PHÁN NGAY TRÊN CHÍNH LÃNH THỔ CỦA MÌNH (Chu Vĩnh Hải),https://www.khoi8406.com/post/nhanquyenchovn/viet-nam-anh-mat-quyen-tai-phan-ngay-34807b4de0c.html,1
TƯƠNG LAI NÀO CHO CHÚNG TA? (Đỗ Cao Cường),https://www.khoi8406.com/post/nhanquyenchovn/tuong-lai-nao-cho-chung-ta-o-cao-cuong-105c1e67824.html,1
HẠNG NHẤT...RỤNG RỜI (Vũ Kim Hạnh),https://www.khoi8406.com/post/nhanquyenchovn/hang-nhatrung-roi-vu-kim-hanh-89a85b37b7f.html,1
BẢN TIN NGÀY 18/09/2019 (Báo Tiếng Dân),https://www.khoi8406.com/post/nhanquyenchovn/ban-tin-ngay-18092019-bao-tieng-dan-326d9501a92.html,1
"JOSHUA WONG ĐIỀU TRẦN TRƯỚC QUỐC HỘI MỸ : ""NGUYÊN VINH QUANG QUY HƯƠNG CẢNG' (Cát Linh / Người Việt)",https://www.khoi8406.com/post/nhanquyenchovn/joshua-wong-ieu-tran-truoc-quoc-hoi-my-80331b202a2.html,1
IRAN KHỦNG BỐ ĐỂ HÒA ĐÀM? (Ngô Nhân Dụng),https://www.khoi8406.com/post/nhanquyenchovn/iran-khung-bo-e-hoa-am-ngo-nhan-dung-23c2b638edf.html,1
"TRONG HỒ SƠ IRAN, TRUMP VẪN TIỀN HẬU BẤT NHẤT (Thanh Phương - RFI)",https://www.khoi8406.com/post/nhanquyenchovn/trong-ho-so-iran-trump-van-tien-hau-bat-c4f35d3564c.html,1
"MIKE POMPEO, CỘT TRỤ CUỐI CÙNG TRONG CHÍNH SÁCH NGOẠI GIAO CỦA DONALD TRUMP (Thanh Hà - RFI)",https://www.khoi8406.com/post/nhanquyenchovn/mike-pompeo-cot-tru-cuoi-cung-trong-d69609068ce.html,1
VIỆT NAM KHÔNG THỂ CHỐNG THAM NHŨNG NẾU KHÔNG CÓ TỰ DO VÀ MINH BẠCH (Việt Tân),https://www.khoi8406.com/post/nhanquyenchovn/viet-nam-khong-chong-tham-nhung-neu-091ec9c2b34.html,1
SAO HỎI NGƯỜI MÀ KHÔNG HỎI MÌNH ? (Nguyễn Ngọc Chu),https://www.khoi8406.com/post/nhanquyenchovn/sao-hoi-nguoi-ma-khong-hoi-minh-nguyen-0837ea2a104.html,1
TINH THẦN LAN TỎA CỦA CÔ TRANG (An Viên - VNTB),https://www.khoi8406.com/post/nhanquyenchovn/tinh-than-lan-toa-cua-co-trang-vien-vntb-55986b9749c.html,1
VIỆT NAM ĐỨNG ĐẦU THẾ GIỚI VỀ NGUỒN TÀI CHÍNH BẤT HỢP PHÁP (VOA Tiếng Việt),https://www.khoi8406.com/post/nhanquyenchovn/viet-nam-ung-au-gioi-ve-nguon-tai-chinh_17-70997e3f5a4.html,1
HIỆP ƯỚC DẪN ĐỘ VIỆT - TRUNG : VIỆT NAM SẼ LÀ 'THIÊN ĐƯỜNG' CHO TỘI PHẠM TRUNG QUỐC? (VOA Tiếng Việt),https://www.khoi8406.com/post/nhanquyenchovn/hiep-uoc-dan-o-viet-trung-viet-nam-se-98740311bfb.html,1
"MỎ CÁ RỒNG ĐỎ, CÁ VOI XANH (Trần Mai Trung)",https://www.khoi8406.com/post/nhanquyenchovn/mo-ca-rong-o-ca-voi-xanh-tran-mai-trung-3a25bdbbdc6.html,1
NHỮNG THÂN XÁC VIỆT CỘNG MANG HỒN TÀU CỘNG (Phạm Đình Trọng),https://www.khoi8406.com/post/nhanquyenchovn/nhung-than-xac-viet-cong-mang-hon-tau-28c9dd8a46d.html,1
TỘI PHẠM TRUNG QUỐC TRÀN LAN KHẮP VIỆT NAM (Mẹ Nấm - Danlambao),https://www.khoi8406.com/post/nhanquyenchovn/toipham-trung-quoc-tran-lan-khap-viet-a42cddd21dc.html,1
TRẦN PHƯƠNG - BÙI TÍN TỰ SỰ (Chu Sơn),https://www.khoi8406.com/post/nhanquyenchovn/tran-phuong-bui-tin-tu-su-chu-son-d44aa66e0a9.html,1
NHỮNG NGƯỜI LÍNH VÔ TỔ QUỐC (Jim Webb - USA TODAY),https://www.khoi8406.com/post/nhanquyenchovn/nhung-nguoi-linh-vo-to-quoc-jim-webb-f172a765a8e.html,1
BẢN TIN NGÀY 17/09/2019 (Báo Tiếng Dân),https://www.khoi8406.com/post/nhanquyenchovn/ban-tin-ngay-17092019-bao-tieng-dan-f1a998bfb64.html,1
ĐIỂM TIN THỨ BA 17/09/2019 (Tin Tức Hàng Ngày),https://www.khoi8406.com/post/nhanquyenchovn/iem-tin-thu-ba-17092019-tin-tuc-hang-5a2cda96fd6.html,1
GIÁO DỤC CẤP TIẾN : CON ĐƯỜNG TU THÂN & XÂY DỰNG QUỐC GIA (Phạm Phú Khải),https://www.khoi8406.com/post/nhanquyenchovn/giao-duc-cap-tien-con-uong-tu-than-xay-f9f6ee7deed.html,1
CHIẾN TRANH NHÂN DÂN HỒNG KÔNG (Nguyễn Thành-Trí - Danlambao),https://www.khoi8406.com/post/nhanquyenchovn/chien-tranh-nhan-dan-hong-kong-nguyen-3f6172901e9.html,1
VÌ SAO PHƯƠNG TÂY IM LẶNG VỀ HÒNG KÔNG? (Anh Vũ - RFI),https://www.khoi8406.com/post/nhanquyenchovn/vi-sao-phuong-tay-im-lang-ve-hong-kong-66df8826470.html,1
“NGUYỆN VINH QUANG QUY HƯƠNG CẢNG” (Mạnh Kim),https://www.khoi8406.com/post/nhanquyenchovn/nguyen-vinh-quang-quy-huong-cang-manh-00b1787797a.html,1
BỐI CẢNH TÌNH HÌNH BIỂN ĐÔNG VÀ THẾ GIỚI TRƯỚC CHUYẾN CÔNG DU MỸ CỦA CTN NGUYỄN PHÚ TRỌNG (Đào Như),https://www.khoi8406.com/post/nhanquyenchovn/boi-canh-tinh-hinh-bien-ong-va-gioi-785cf34b949.html,1
ĐỐI TÁC CHIẾN LƯỢC MỸ - VIỆT SẼ CÓ Ý NGHĨA NHƯ THẾ NÀO? (Thanh Phương - RFI),https://www.khoi8406.com/post/nhanquyenchovn/oi-tac-chien-luoc-my-viet-se-co-y-nghia-79d8b2f14c5.html,1
CÓ PHẢI VIỆT NAM ĐANG TÌM CÁCH LẤY LÒNG HOA KỲ? (RFA),https://www.khoi8406.com/post/nhanquyenchovn/co-phai-viet-nam-ang-tim-cach-lay-long-57969474403.html,1
VIỆT NAM NGÀY CÀNG CẦN NHIỀU THAN ĐỂ SẢN XUẤT ĐIỆN (Thanh Phương - RFI),https://www.khoi8406.com/post/nhanquyenchovn/viet-nam-ngay-cang-can-nhieu-than-e-san-89ff15cb1fc.html,1
NHỮNG LẦN THẢM HOẠ QUỐC GIA (Mai Quốc Ấn),https://www.khoi8406.com/post/nhanquyenchovn/nhung-lan-tham-hoa-quoc-gia-mai-quoc-an-2033638c26a.html,1
LỜI THÚ NHẬN CỦA NGUYỄN MẠNH CẦM (Trần Trung Đạo),https://www.khoi8406.com/post/nhanquyenchovn/loi-thu-nhan-cua-nguyen-manh-cam-tran-1dc2287b986.html,1
. . . HÃY HỎI CHÍNH QUYỀN ĐÃ LÀM GÌ CHO TỔ QUỐC (Mặc Lâm),https://www.khoi8406.com/post/nhanquyenchovn/hay-hoi-chinh-quyen-lam-gi-cho-to-quoc-0b7599dbd80.html,1
LÀM SAO CÓ THỂ . . . VẮT TƯỢNG ĐÀI RA . . . NƯỚC? (Trân Văn),https://www.khoi8406.com/post/nhanquyenchovn/lam-sao-co-vat-tuong-ai-ra-nuoc-tran-van-dda01ebacc7.html,1
BLOGGER BÀ ĐẦM XÒE VIẾT SÁCH CHỈ TRÍCH ÔNG NGUYỄN PHÚ TRỌNG (VOA Tiếng Việt),https://www.khoi8406.com/post/nhanquyenchovn/blogger-ba-am-xoe-viet-sach-chi-trich-306170c4428.html,1
VIỆT NAM ĐỨNG ĐẦU THẾ GIỚI VỀ NGUỒN TÀI CHÍNH BẤT HỢP PHÁP (VOA Tiếng Việt),https://www.khoi8406.com/post/nhanquyenchovn/viet-nam-ung-au-gioi-ve-nguon-tai-chinh-ad40502ba68.html,1
TIN & BÀI TỪ NGÀY 9 ĐẾN NGÀY 15/9/2019,https://www.khoi8406.com/post/nhanquyenchovn/tin-bai-tu-ngay-9-en-ngay-1592019-e22549d415c.html,1
BẢN TIN NGÀY 16/09/2019 (Báo Tiếng Dân),https://www.khoi8406.com/post/nhanquyenchovn/ban-tin-ngay-16092019-bao-tieng-dan-f2610115577.html,1
ĐIỂM TIN THỨ HAI 16/09/2019 (Tin Tức Hàng Ngày),https://www.khoi8406.com/post/nhanquyenchovn/iem-tin-thu-hai-16092019-tin-tuc-hang-aa02387a05d.html,1
CHỦNG TỘC : MỘT KHÁI NIỆM KHÔNG CÓ CƠ SỞ KHOA HỌC ( Elizabeth Kolbert - National Geographic),https://www.khoi8406.com/post/nhanquyenchovn/chung-toc-mot-khai-niem-khong-co-co-so-052f19ca8d5.html,1
"KHỔNG TỬ THÁO CHẠY KHỎI BANG FLORIDA, HOA KỲ (Carl Trần)",https://www.khoi8406.com/post/nhanquyenchovn/khong-tu-thao-chay-khoi-bang-florida-2e14bd5712e.html,1
MỘT PHÓNG VIÊN ẢNH & MỘT TẤM HÌNH (Lê Phan),https://www.khoi8406.com/post/nhanquyenchovn/mot-phong-vien-anh-mot-tam-hinh-le-phan-ef740e8120c.html,1
SỢ HÃI ĐANG KHIẾN CHẾ ĐỘ RỐI LOẠN ĐƯỜNG BANH (RFA Tiếng Việt),https://www.khoi8406.com/post/nhanquyenchovn/so-hai-ang-khien-che-o-roi-loan-uong-ae1f2b9bdea.html,1
TỔ QUỐC CÓ BAO GIỜ NHƯỢC NHƯ THẾ NÀY KHÔNG? (VNTB Staff),https://www.khoi8406.com/post/nhanquyenchovn/to-quoc-co-bao-gio-nhuoc-nhu-nay-khong-591f51567a5.html,1
CHÚNG TA KHÔNG CÒN CÔ ĐỘC (Cánh Cò),https://www.khoi8406.com/post/nhanquyenchovn/chung-ta-khong-con-co-oc-canh-co-a5c57fb1afc.html,1
"NGƯỜI LÍNH, SỐNG CHIẾN ĐẤU, CHÊT LINH THIÊNG (Phan Nhật Nam)",https://www.khoi8406.com/post/nhanquyenchovn/nguoi-linh-song-chien-au-chet-linh-5d63f2eb009.html,1
CÁI NƯỚC TÔI NÓ NHƯ THẾ NÀY (Trần Duy - Luật Khoa),https://www.khoi8406.com/post/nhanquyenchovn/cai-nuoc-toi-no-nhu-nay-tran-duy-luat-f03fc2364a0.html,1
MẶT TRẬN TỔ QUỐC - LỢI ÍT HẠI NHIỀU (Nguyễn Đình Cống),https://www.khoi8406.com/post/nhanquyenchovn/mat-tran-to-quoc-loi-it-hai-nhieu-b91c6914e6f.html,1
BAO NHIÊU TUỔI MỚI TRƯỞNG THÀNH? (Phạm Thanh Giao),https://www.khoi8406.com/post/nhanquyenchovn/bao-nhieu-tuoi-moi-truong-thanh-pham-24070d6ad76.html,1
THẤT BẠI CỦA MỘT CUỘC CHIẾN KHÔNG CHUẨN BỊ Phạm Thanh Giao),https://www.khoi8406.com/post/nhanquyenchovn/that-bai-cua-mot-cuoc-chien-khong-chuan-363346e589f.html,1
CÁC NGƯỜI ĐÃ CỐNG HIẾN GÌ CHO ĐẤT NƯỚC?   (Chu Mộng Long),https://www.khoi8406.com/post/nhanquyenchovn/cac-nguoi-cong-hien-gi-cho-at-nuoc-chu-d52a662473e.html,1
THẾ LỰC THÙ ĐỊCH LÀ AI? (Ngô Trường An),https://www.khoi8406.com/post/nhanquyenchovn/the-luc-thu-ich-la-ai-ngo-truong-an-d9dcde9ad27.html,1
KHỐN NẠN - KHÔNG THỂ DÙNG TỪ NÀO KHÁC HƠN (J.B Nguyễn Hữu Vinh),https://www.khoi8406.com/post/nhanquyenchovn/khon-nan-khong-dung-tu-nao-khac-hon-jb-9000cf7fca1.html,1
ĐIỂM TIN CHỦ NHẬT 15/09/2019 (Tin Tức Hàng Ngày),https://www.khoi8406.com/post/nhanquyenchovn/iem-tin-chu-nhat-15092019-tin-tuc-hang-eedaadb4b95.html,1
"HOÀNG CHÍ PHONG GẶP ĐỖ LAN TRÂM Ở OA-SINH-TÂN (Thạch Đạt Lang, phiếm luận)",https://www.khoi8406.com/post/nhanquyenchovn/hoang-chi-phong-gap-o-lan-tram-o-oa-1712aeeb450.html,1
'KHÔNG CÓ GÌ KINH KHỦNG HƠN' : CỰU LINH MỤC HOA KỲ BỊ BỎ TÙ 30 NĂM VÌ LẠM DỤNG TÌNH DỤC TRẺ EM (tin REUTERS),https://www.khoi8406.com/post/nhanquyenchovn/khong-co-gi-kinh-khung-hon-cuu-linh-muc-712b41717e1.html,1
TÍNH TOÁN CỦA TRUNG QUỐC ĐẰNG SAU CHIẾN LƯỢC XÂY ĐẬP TRÊN SÔNG MEKONG (Brahma Chellaney - The Strategist),https://www.khoi8406.com/post/nhanquyenchovn/tinh-toan-cua-trung-quoc-ang-sau-chien-5f33dd0df5c.html,1
IDS - CHUYỆN BÂY GIỜ MỚI KỂ (Chu Hảo),https://www.khoi8406.com/post/nhanquyenchovn/ids-chuyen-bay-gio-moi-ke-chu-hao-8ce02a20083.html,1
MONG QUAN CHỨC VIỆT NAM ĐỪNG TIẾP TỤC GIỮ ĐẤT NHƯ THẾ NÀY NỮA (Đoàn Bảo Châu),https://www.khoi8406.com/post/nhanquyenchovn/mong-quan-chuc-viet-nam-ung-tiep-tuc-92338e304bc.html,1
MỘT SỰ ĐỐI ĐẦU GIỮA TÀU VIỆT NAM & HẢI CẢNH TRUNG QUỐC (Dự Án Đại Sự Ký Biển Đông),https://www.khoi8406.com/post/nhanquyenchovn/mot-su-oi-au-giua-tau-viet-nam-hai-canh-f1082d19119.html,1
BẢN TIN NGÀY 14/09/2019 (Báo Tiếng Dân),https://www.khoi8406.com/post/nhanquyenchovn/ban-tin-ngay-14092019-bao-tieng-dan-fb211c8536f.html,1
ĐIỂM TIN THỨ BẢY 14/09/2019 (Tin Tức Hàng Ngày),https://www.khoi8406.com/post/nhanquyenchovn/iem-tin-thu-bay-14092019-tin-tuc-hang-9ff883e9f6c.html,1
"PHẠM ĐOAN TRANG : ""CHIẾN ĐẤU CHO TỰ DO PHẢI CHẤP NHẬN MẤT MỘT PHẦN LỚN TỰ DO & NHIỀU THỨ KHÁC NỮA"" (Người Việt Online)",https://www.khoi8406.com/post/nhanquyenchovn/pham-oan-trang-chien-au-cho-tu-do-phai-7b84b90f7d6.html,1
GIẢI TÁN (Từ Thức),https://www.khoi8406.com/post/nhanquyenchovn/giai-tan-tu-thuc-a681606f212.html,1
"THỰC RA, AI MỚI LÀ PHẢN ĐỘNG? (Đoàn Bảo Châu)",https://www.khoi8406.com/post/nhanquyenchovn/thuc-ra-ai-moi-la-phan-ong-oan-bao-chau-6c1a59df6af.html,1
THỦ ĐÔ KINH HOÀNG (Phạm Lưu Vũ),https://www.khoi8406.com/post/nhanquyenchovn/thu-o-kinh-hoang-pham-luu-vu-4017fbdab09.html,1
VIỆT NAM - MỘT ĐẤT NƯỚC TỘI NGHIỆP (Larry De King),https://www.khoi8406.com/post/nhanquyenchovn/viet-nam-mot-at-nuoc-toi-nghiep-larry-e2ba1a20b4c.html,1
BẢN TIN NGÀY 13/09/2019 (Báo Tiếng Dân),https://www.khoi8406.com/post/nhanquyenchovn/ban-tin-ngay-13092019-bao-tieng-dan-cb4277c81e5.html,1
ĐIỂM TIN THỨ SÁU 13/09/2019 (Tin Tức Hàng Ngày),https://www.khoi8406.com/post/nhanquyenchovn/iem-tin-thu-sau-13092019-tin-tuc-hang-1be64e1fe68.html,1
"PHẠM ĐOAN TRANG MONG GIẢI THƯỞNG RSF LỘT TẢ SỰ 'ĐÀN ÁP, BỊT MIỆNG' TẠI VIỆT NAM (Trà Mi - VOA)",https://www.khoi8406.com/post/nhanquyenchovn/pham-oan-trang-mong-giai-thuong-rsf-lot-3efc02f61b5.html,1
PHẠM ĐOAN TRANG ĐƯỢC TRAO GIẢI 'TỰ DO BÁO CHÍ 2019' CỦA RSF (VOA Tiếng Việt),https://www.khoi8406.com/post/nhanquyenchovn/pham-oan-trang-uoc-trao-giai-tu-do-bao-8186cdaa095.html,1
ÔNG TẬP CẬN BÌNH & VÒNG VÂY CHÍNH TRỊ TỪ NAY ĐẾN NĂM 2022 (Richard McGregor),https://www.khoi8406.com/post/nhanquyenchovn/ong-tap-can-binh-vong-vay-chinh-tri-tu-32f6ad2c1a7.html,1
ẢNH HƯỞNG CHUYẾN ĐI BERLIN CỦA JOSHUA WONG TRONG MỐI BANG GIAO ĐỨC - TRUNG (Đỗ Kim Thêm),https://www.khoi8406.com/post/nhanquyenchovn/anh-huong-chuyen-i-berlin-cua-joshua-68a8c5548ec.html,1
DONALD TRUMP GIẢI PHÓNG HONG KONG?! (Jackhammer Nguyễn),https://www.khoi8406.com/post/nhanquyenchovn/donald-trump-giai-phong-hog-kong-3d1d6aca75d.html,1
CUỘC CHIẾN GIỮA JOSHUA WONG VỚI LÃNH ĐẠO TRUNG QUỐC Ở ĐỨC (Hiếu Bá Linh biên dịch),https://www.khoi8406.com/post/nhanquyenchovn/cuoc-chien-giua-joshua-wong-voi-lanh-ao-14e8af93c15.html,1
TẦM CỠ CỦA MỘT ĐẠI TÁ QUÂN ĐỘI NHÂN DÂN (Kông Kông),https://www.khoi8406.com/post/nhanquyenchovn/tam-co-cua-mot-ai-ta-quan-oi-nhan-dan-0d21045bb07.html,1
NHẬP-TRUNG hay THOÁT-TRUNG? (Mai Thái Lĩnh),https://www.khoi8406.com/post/nhanquyenchovn/nhap-trung-hay-thoat-trung-mai-thai-linh-2ddc3b2c8db.html,1
BẢN TIN NGÀY 12/09/2019 (Báo Tiếng Dân),https://www.khoi8406.com/post/nhanquyenchovn/ban-tin-ngay-12092019-bao-tieng-dan-33516a049b3.html,1
ĐIỂM TIN THỨ NĂM 12/09/2019 (Tin Tức Hàng Ngày),https://www.khoi8406.com/post/nhanquyenchovn/iem-tin-thu-nam-12092019-tin-tuc-hang-89730719640.html,1
BI QUAN VỀ TRIỂN VỌNG DÂN CHỦ? HÃY ĐỌC LẠI LỊCH SỬ (Phạm Minh Trung - Luật Khoa),https://www.khoi8406.com/post/nhanquyenchovn/bi-quan-ve-trien-vong-dan-chu-hay-oc-8e4631cab0c.html,1
KÊU GỌI NHÀ CẦM QUYỀN VIỆT NAM KIỆN TRUNG QUỐC RA TOÀ ÁN QUỐC TẾ VÀ ĐẨY MẠNH HỢP TÁC QUỐC PHÒNG VỚI CÁC NƯỚC CÓ CHUNG QUYỀN LỢI HỢP PHÁP TRÊN BIỂN ĐÔNG (Cá nhân & tổ chức xã hội dân sự),https://www.khoi8406.com/post/nhanquyenchovn/keu-goi-nha-cam-quyen-viet-nam-kien-0cca23ae1bc.html,1
TỔNG THỐNG TRUMP CÁCH CHỨC CỐ VẤN AN NINH QUỐC GIA JOHN BOLTON (RFI),https://www.khoi8406.com/post/nhanquyenchovn/tong-thong-trump-cach-chuc-co-van-ninh-f12b7e2f3a6.html,1
NGÂN HÀNG THẾ GIỚI TÍNH KHỐNG SỐ KIỀU HỐI VỀ VIỆT NAM? (Phạm Chí Dũng),https://www.khoi8406.com/post/nhanquyenchovn/ngan-hang-gioi-tinh-khong-so-kieu-hoi-0484f29c65f.html,1
NUÔI THAM NHŨNG ĐỂ . . . CHỐNG! (Trân Văn),https://www.khoi8406.com/post/nhanquyenchovn/nuoi-tham-nhung-e-chong-tran-van-07fd63088c7.html,1
MỘ PHẦN HOÀNH TRÁNG VÀ NHỮNG CHÁU BÉ ĐÓI KHÁT (Chu Vĩnh Hải),https://www.khoi8406.com/post/nhanquyenchovn/mo-phan-hoanh-trang-va-nhung-chau-be-oi-e34281de3d7.html,1
CHÍNH PHỦ KIẾN TẠO CÓ XẤU HỖ KHÔNG KHI Y TẾ VIỆT NAM THUA THÁI LAN 60 BẬC? (Bà Tân),https://www.khoi8406.com/post/nhanquyenchovn/chinh-phu-kien-tao-co-xau-ho-khong-khi-105f35f3042.html,1
BẢN TIN NGÀY 11/09/2019 (Báo Tiếng Dân),https://www.khoi8406.com/post/nhanquyenchovn/ban-tin-ngay-11092019-bao-tieng-dan-312e6921310.html,1
ĐIỂM TIN THỨ TƯ 11/09/2019 (Tin Tức Hàng Ngày),https://www.khoi8406.com/post/nhanquyenchovn/iem-tin-thu-tu-11092019-tin-tuc-hang-f34fa7af2fe.html,1
"AFGHANISTAN : THÊM MỘT THẤT BẠI CHO LỐI NGOẠI GIAO ""TRÌNH DIỄN"" CỦA TRUMP (Trọng Thành - RFI / ĐIỂM BÁO)",https://www.khoi8406.com/post/nhanquyenchovn/afghanistan-them-mot-that-bai-cho-loi-6eda9c0ae14.html,1
JOSHUA WONG TẠI BERLIN : TRUNG QUỐC PHẢN ĐỐI ĐỨC (Đỗ Kim Thêm),https://www.khoi8406.com/post/nhanquyenchovn/joshua-wong-tai-berlin-trung-quoc-phan-96ce3525595.html,1
CHINAZI LÀ GÌ? (Trần Trung Đạo),https://www.khoi8406.com/post/nhanquyenchovn/chinazi-la-gi-tran-trung-ao-a6c42f85d66.html,1
VIỆN KHỔNG TỬ : CÁNH TAY NỐI DÀI CỦA MẠNG LƯỚI TUYÊN TRUYỀN TRUNG QUỐC (Pratik Jakhar - BBC Monitoring),https://www.khoi8406.com/post/nhanquyenchovn/vien-khong-tu-canh-tay-noi-dai-cua-mang-b9daf4f95b7.html,1
GIÁ NHƯ CHÚNG TA THEO CON ĐƯỜNG CỦA “CHÍNH ĐỀ VIỆT NAM” TỪ SỚM (Phạm Đoan Trang),https://www.khoi8406.com/post/nhanquyenchovn/gia-nhu-chung-ta-theo-con-uong-cua-b5fe1bbcd47.html,1
LỬA THỬ VÀNG (Chu Hảo),https://www.khoi8406.com/post/nhanquyenchovn/lua-thu-vang-chu-hao-8a3a0337635.html,1
"NHỮNG LỜI NÓI LÁO ""ĐỊNH HƯỚNG"" (Cánh Cò)",https://www.khoi8406.com/post/nhanquyenchovn/nhung-loi-noi-lao-inh-huong-canh-co-108b13cb0c0.html,1
"TÙ NHÂN LƯƠNG TÂM HẢI NGOẠI TIẾP TỤC CUỘC ĐẤU TRANH CHO TỰ DO, DÂN CHỦ (Tường An)",https://www.khoi8406.com/post/nhanquyenchovn/tu-nhan-luong-tam-hai-ngoai-tiep-tuc-116d4d3f420.html,1
BẢN TIN NGÀY 10/09/2019 (Báo Tiếng Dân),https://www.khoi8406.com/post/nhanquyenchovn/ban-tin-ngay-10092019-bao-tieng-dan-b86a8a01f27.html,1
ĐIỂM TIN THỨ BA 10/09/2019 (Tin Tức Hàng Ngày),https://www.khoi8406.com/post/nhanquyenchovn/iem-tin-thu-ba-10092019-tin-tuc-hang-c8b24528f91.html,1
VÌ SAO NGƯỜI HONG KONG KHÔNG MUỐN VÀ CŨNG KHÔNG THỂ DỪNG LẠI? (Y Chan - Luật Khoa),https://www.khoi8406.com/post/nhanquyenchovn/vi-sao-nguoi-hong-kong-khong-muon-va-ecf1dde9fa9.html,1
"ẢNH HƯỞNG CỦA TRUMP VỀ CHÍNH SÁCH ĐỐI NGOẠI CỦA MỸ (Joseph S. Nye, Jr - Project Syndicate)",https://www.khoi8406.com/post/nhanquyenchovn/anh-huong-cua-trump-ve-chinh-sach-oi-05283b9777e.html,1
PHẢI CHĂNG ĐẢNG CHỈ LÀ CÔNG CỤ (Nguyễn Đình Cống),https://www.khoi8406.com/post/nhanquyenchovn/phai-chang-ang-chi-la-cong-cu-nguyen-be3608248e9.html,1
VIETNAM AIRLINES ĐƯỢC CẤP PHÉP BAY THẲNG ĐẾN MỸ (VOA),https://www.khoi8406.com/post/nhanquyenchovn/vietnam-airlines-uoc-cap-phep-bay-thang-3c1b9b7b41a.html,1
NHÀ HOẠT ĐỘNG BỊ GIAM CẢ NĂM MÀ KHÔNG ĐƯỢC ĐƯA RA XÉT XỬ (RFA),https://www.khoi8406.com/post/nhanquyenchovn/nha-hoat-ong-bi-giam-ca-nam-ma-khong-fa69b61ac42.html,1
NHỮNG ĐIỀU LUẬT DỞ HƠI CỦA VIỆT NAM BIẾT BAO GIỜ SỬA ĐỔI? (Mạnh Quân),https://www.khoi8406.com/post/nhanquyenchovn/nhung-ieu-luat-do-hoi-cua-viet-nam-biet-ef9fe1bb360.html,1
BẢN TIN NGÀY 09/09/2019 (Báo Tiếng Dân),https://www.khoi8406.com/post/nhanquyenchovn/ban-tin-ngay-09092019-bao-tieng-dan-062d8c4833a.html,1
ĐIỂM TIN THỨ HAI 09/09/2019 (Tin Tức Hàng Ngày),https://www.khoi8406.com/post/nhanquyenchovn/iem-tin-thu-hai-09092019-tin-tuc-hang-c438aa7bf0b.html,1
TIN & BÀI TỪ NGÀY 1 ĐẾN NGÀY 8/9/2019,https://www.khoi8406.com/post/nhanquyenchovn/tin-bai-tu-ngay-1-en-ngay-892019-85569925697.html,1
"BÀN VỀ KHAI TRƯỜNG, NHÀ GIÁO, HỌC TRÒ & KHÁCH MỜI (Phùng Hoài Ngọc - VNTB)",https://www.khoi8406.com/post/nhanquyenchovn/ban-ve-khai-truong-nha-giao-hoc-tro-425a2266339.html,1
VỪA HỒNG VỪA CHUYÊN LÀ GIÁO DỤC LẠC HẬU (Phạm Trần),https://www.khoi8406.com/post/nhanquyenchovn/vua-hong-vua-chuyen-la-giao-duc-lac-hau-6c178b60157.html,1
"TỪ AMAZON ĐẾN HÀNG CÂY NHÀ MÌNH, CÁCH BAO XA? (Y Chan - Luật Khoa)",https://www.khoi8406.com/post/nhanquyenchovn/tu-amazon-en-hang-cay-nha-minh-cach-bao-bb21c948c3b.html,1
VUI BUỒN TRONG THẾ GIỚI VÕ THUẬT (Tú Anh - RFI),https://www.khoi8406.com/post/nhanquyenchovn/vui-buon-trong-gioi-vo-thuat-tu-anh-rfi-6fed133d0bc.html,1
LỰC LƯỢNG PHÒNG THỦ DO THÁI (Nguyễn Đạt Thịnh),https://www.khoi8406.com/post/nhanquyenchovn/luc-luong-phong-thu-do-thai-nguyen-at-7857dfc8ccb.html,1
BIỂN ĐÔNG : TÀU TRUNG QUỐC QUAY LẠI BÃI TƯ CHÍNH THÁCH THỨC VIỆT NAM (tổng hợp),https://www.khoi8406.com/post/nhanquyenchovn/bien-ong-tau-trung-quoc-quay-lai-bai-tu-5cc69108e3c.html,1
BA TAY SÚNG PHÁ RỐI (Nguyễn Đạt Thịnh),https://www.khoi8406.com/post/nhanquyenchovn/ba-tay-sung-pha-roi-nguyen-at-thinh-aa79e82d584.html,1
CSVN MUỐN DỰA NGA ĐỂ KHAI THÁC DẦU KHÍ BIỂN ĐÔNG (Người Việt Online),https://www.khoi8406.com/post/nhanquyenchovn/csvn-muon-dua-nga-e-khai-thac-dau-khi-fc95bd8077c.html,1
"GIÁO DỤC THỜI BÌNH, PHẢI BỎ GẤP TƯ DUY ""SAO ĐỎ"" (VietTuSaiGon)",https://www.khoi8406.com/post/nhanquyenchovn/giao-duc-thoi-binh-phai-bo-gap-tu-duy-18ce03e8fb0.html,1
"LS LÊ CÔNG ĐỊNH : ""QUAN CHỨC VIỆT NAM KHÔNG SỢ NHỮNG ÁN TÙ NẶNG"" (RFA)",https://www.khoi8406.com/post/nhanquyenchovn/ls-le-cong-inh-quan-chuc-viet-nam-khong-71b45b40ff3.html,1
TẠI SAO TRUNG QUỐC CHỌN GÂY CHIẾN VỚI VIỆT NAM ? (David Hutt - Asia Times),https://www.khoi8406.com/post/nhanquyenchovn/tai-sao-trung-quoc-chon-gay-chien-voi-d9a22890d74.html,1
VỤ CHÁY NHÀ MÁY RẠNG ĐÔNG : KHỦNG HOẢNG NHIỀU MẶT (FB Trần Tuấn),https://www.khoi8406.com/post/nhanquyenchovn/vu-chay-nha-may-rang-ong-khung-hoang-896565ed20f.html,1
THÔNG ĐIỆP VỀ SINH LỘ & TỬ LỘ (Hà Sĩ Phu),https://www.khoi8406.com/post/nhanquyenchovn/thong-iep-ve-sinh-lo-tu-lo-ha-si-phu-1f2eb01f441.html,1
TIN BỊ LÃNG QUÊN  (Bùi Văn Thuận),https://www.khoi8406.com/post/nhanquyenchovn/tin-bi-lang-quen-bui-van-thuan-401e26894b8.html,1
ĐIỂM TIN NGÀY 08/09/2019 (Tin Tức Hàng Ngày),https://www.khoi8406.com/post/nhanquyenchovn/iem-tin-ngay-08092019-tin-tuc-hang-ngay-499939a6745.html,1
CUỘC THI ĐUA LÀM ÔNG BỐ TỐT (Ông Quán),https://www.khoi8406.com/post/nhanquyenchovn/cuoc-thi-ua-lam-ong-bo-tot-ong-quan-290cdb05140.html,1
VIẾT THUÊ LUẬN VĂN CHO SINH VIÊN MỸ : KỸ NGHỆ 'HỐT BẠC' Ở NGOẠI QUỐC (Người Việt Online),https://www.khoi8406.com/post/nhanquyenchovn/viet-thue-luan-van-cho-sinh-vien-my-ky-45faf5c3b99.html,1
"ĐỒNG BẰNG SÔNG CỬU LONG CHỈ CÒN TRÊN MỰC NƯỚC BIỂN 0,8 MÉT (tổng hợp)",https://www.khoi8406.com/post/nhanquyenchovn/ong-bang-song-cuu-long-chi-con-tren-muc-06e6f615825.html,1
NHIỄM ĐỘC THỦY NGÂN & SỰ BẤT LỰC CỦA CHẾ ĐỘ CỘNG SẢN VIỆT NAM (Thạch Đạt Lang),https://www.khoi8406.com/post/nhanquyenchovn/nhiem-oc-thuy-ngan-su-bat-luc-cua-che-o-2ff69897d52.html,1
TRAO ĐỔI NHANH VỀ CHUYỆN BIỂN ĐÔNG (Vũ Ngọc Hoàng / Chu Hảo),https://www.khoi8406.com/post/nhanquyenchovn/trao-oi-nhanh-ve-chuyen-bien-ong-vu-67f0552217a.html,1
CHỦ TỊCH NƯỚC & THỦ TƯỚNG GIỮA THỜI ĐẠI THÔNG TIN (S.T.T.D Tưởng Năng Tiến),https://www.khoi8406.com/post/nhanquyenchovn/chu-tich-nuoc-thu-tuong-giua-thoi-ai-3323f3cc512.html,1
IM LẶNG LÀ ĐỒNG Ý HAY LÀ SỰ PHỚT LỜ? (Ngô Anh Tuấn),https://www.khoi8406.com/post/nhanquyenchovn/im-lang-la-ong-y-hay-la-su-phot-lo-ngo-75b536be509.html,1
THAM NHŨNG VÀ DÂN CHỦ (Nguyễn Quang A),https://www.khoi8406.com/post/nhanquyenchovn/tham-nhung-va-dan-chu-nguyen-quang-a-f6940a1dce1.html,1
RUPERT NEUDECK - NGƯỜI KHÔNG CHỊU HÈN (Nguyễn Thọ),https://www.khoi8406.com/post/nhanquyenchovn/rupert-neudeck-nguoi-khong-chiu-hen-2941d11a106.html,1
RỒI PHẢI CÓ AI CHỊU TRÁCH NHIỆM CHỨ? (Mai Quốc Ấn),https://www.khoi8406.com/post/nhanquyenchovn/roi-phai-co-ai-chiu-trach-nhiem-chu-mai-6734a9bc727.html,1
NGỌNG NGHỊU NÓI CHUYỆN DẠY NGƯỜI (Tâm Chánh),https://www.khoi8406.com/post/nhanquyenchovn/ngong-nghiu-noi-chuyen-day-nguoi-tam-7f7d30c7c65.html,1
BẢN TIN NGÀY 07/09/2019 (Báo Tiếng Dân),https://www.khoi8406.com/post/nhanquyenchovn/ban-tin-ngay-07092019-bao-tieng-dan-a2d08668f73.html,1
'TRUNG QUỐC LÀ MỐI HIỂM HỌA LỚN NHẤT CỦA MỸ TRÊN KHÔNG GIAN MẠNG' (VOA Tiếng Việt),https://www.khoi8406.com/post/nhanquyenchovn/trung-quoc-la-moi-hiem-hoa-lon-nhat-cua-ca4d1599352.html,1
MỸ : NRA BỊ GỌI LÀ 'TỔ CHỨC KHỦNG BỐ QUỐC NỘI' (BBC Tiếng Việt),https://www.khoi8406.com/post/nhanquyenchovn/my-nra-bi-goi-la-to-chuc-khung-bo-quoc-d7c23612622.html,1
KINH TẾ TOÀN CẦU KHỐN ĐỐN VÌ CHIẾN TRANH THƯƠNG MẠI (VOA Tiếng Việt),https://www.khoi8406.com/post/nhanquyenchovn/kinh-te-toan-cau-khon-on-vi-chien-tranh-c1f169d6623.html,1
"PHIM ""THROUGH OUR EYES"" : TIẾNG NÓI CỦA NGƯỜI TRONG CUỘC VỀ CHIÊN TRANH VIỆT NAM (VOA Tiếng Việt)",https://www.khoi8406.com/post/nhanquyenchovn/phim-through-our-eyes-tieng-noi-cua-460bc79c8da.html,1
DÂN CHI PHỤ MẪU [民之父母] (Đặng Nguyên Triết),https://www.khoi8406.com/post/nhanquyenchovn/dan-chi-phu-mau-ang-nguyen-triet-bb28341060f.html,1
CỰU TÙ NHÂN LƯƠNG TÂM VN HỌP MẶT Ở HẢI NGOẠI CHIA XẺ KINH NGHIỆM (VOA Express),https://www.khoi8406.com/post/nhanquyenchovn/cuu-tu-nhan-luong-tam-vn-hop-mat-o-hai-f28e5b06515.html,1
ĐÃ ĐẾN LÚC VIỆT NAM CHẤM DỨT ĐỐI SÁCH ;ĐI DÂY' GIỮA TRUNG QUỐC & HOA KỲ (Thiện Ý),https://www.khoi8406.com/post/nhanquyenchovn/a-en-luc-viet-nam-cham-dut-oi-sach-i-b8802a7ffc9.html,1
VIỆT NAM : 'DẤU HIỆU SUY THOÁI ĐÃ LÊN Ở TẦM CAO' (BBC Tiếng Việt),https://www.khoi8406.com/post/nhanquyenchovn/viet-nam-dau-hieu-suy-thoai-len-o-tam-02947ea5afc.html,1
NGƯỜI KHÔNG SỢ “BỂ NỒI CƠM”! (Mạnh Kim),https://www.khoi8406.com/post/nhanquyenchovn/nguoi-khong-so-be-noi-com-manh-kim-08a6142cb08.html,1
NGÀY TÀN của NHỮNG CON KHỦNG LONG MANG TÊN LOÀI NGƯỜI (Phạm Thanh Giao),https://www.khoi8406.com/post/nhanquyenchovn/ngay-tan-cua-nhung-con-khung-long-mang-5a8314e4193.html,1
BẢN TIN NGÀY 06/09/2019 (Báo Tiếng Dân),https://www.khoi8406.com/post/nhanquyenchovn/ban-tin-ngay-06092019-bao-tieng-dan-0184942c0e0.html,1
ĐIỂM TIN NGÀY 06/09/2019 (Tin Tức Hàng Ngày),https://www.khoi8406.com/post/nhanquyenchovn/tin-tuc-hang-ngay-httpwww-0b9fec9a087.html,1
KỶ NGUYÊN BẤP BÊNH SẮP TỚI CỦA CHÂU Á (Robert D. Kaplan - Foreign Policy),https://www.khoi8406.com/post/nhanquyenchovn/ky-nguyen-bap-benh-sap-toi-cua-chau-f463227dfb5.html,1
BA LAN & BÀI HỌC VỀ 'NGƯỜI BẠN XÃ HỘI CHỦ NGHĨA RẤT LỚN' (Trân Văn),https://www.khoi8406.com/post/nhanquyenchovn/ba-lan-bai-hoc-ve-nguoi-ban-xa-hoi-chu-8175e66aab4.html,1
BÀI HỌC RÚT RA TỪ HAI CUỘC XUỐNG ĐƯỜNG ĐẤU TRANH Ở VENEZUELA & HONG KONG (Phạm Thanh Giao),https://www.khoi8406.com/post/nhanquyenchovn/bai-hoc-rut-ra-tu-hai-cuoc-xuong-uong-9265bea1f81.html,1
KIỆN TRUNG QUỐC RA TÒA ÁN QUỐC TẾ : VÌ SAO VIỆT NAM DO DỰ? (Ngọc Lễ),https://www.khoi8406.com/post/nhanquyenchovn/kien-trung-quoc-ra-toa-quoc-te-vi-sao-59b58f7b71f.html,1
‘NỀN CHÍNH TRỊ LƯU MANH’ (FB Secret Information),https://www.khoi8406.com/post/nhanquyenchovn/nen-chinh-tri-luu-manh-fb-secret-2135f7f396f.html,1
BÃI TƯ CHÍNH - BẰNG CHỨNG HÙNG HỒN VỀ THẤT BẠI LÒNG DÂN (Phạm Chí Dũng),https://www.khoi8406.com/post/nhanquyenchovn/bai-tu-chinh-bang-chung-hung-hon-ve-beb39657c3b.html,1
TẢN MẠN NGÀY KHAI TRƯỜNG (Mạc Văn Trang),https://www.khoi8406.com/post/nhanquyenchovn/tan-man-ngay-khai-truong-mac-van-trang-0c05742177d.html,1
BẢN TIN NGÀY 05/09/2019 (Báo Tiếng Dân),https://www.khoi8406.com/post/nhanquyenchovn/ban-tin-ngay-05092019-bao-tieng-dan-0a2465d0ffd.html,1
ĐIỂM TIN NGÀY 05/09/2019 (Tin Tức Hàng Ngày),https://www.khoi8406.com/post/nhanquyenchovn/iem-tin-ngay-05092019-tin-tuc-hang-ngay-42294ab9679.html,1
KẾ SÁCH ĐÀN ÁP CỦA TRUNG HOA ĐÃ GÂY PHẢN ỨNG NGƯỢC Ở HỒNG KONG ( Bethany Allen-Ebrahimian),https://www.khoi8406.com/post/nhanquyenchovn/ke-sach-ap-cua-trung-hoa-gay-phan-ung-dc6a27a6acf.html,1
NGƯỜI BIỂU TÌNH HỒNG KÔNG ĐÃ THẮNG BƯỚC ĐẦU : BÀ CARRIE LÂM TUYÊN BỐ RÚT DỰ LUẬT DẪN ĐỘ (BTV Tiếng Dân),https://www.khoi8406.com/post/nhanquyenchovn/nguoi-bieu-tinh-hong-kong-thang-buoc-au-76ba2b15c40.html,1
BIỂN ĐÔNG : TÀU CẨU KHỔNG LỒ TRUNG QUỐC HIỆN DIỆN Ở LÃNH HẢI VIỆT NAM (Thụy My - RFI),https://www.khoi8406.com/post/nhanquyenchovn/bien-ong-tau-cau-khong-lo-trung-quoc-d935b9ddea0.html,1
BẢN TIN NGÀY 04/09/2019 (Báo Tiếng Dân),https://www.khoi8406.com/post/nhanquyenchovn/ban-tin-ngay-04092019-bao-tieng-dan-7a79485c389.html,1
ĐIỂM TIN NGÀY 04/09/2019 (Tin Tức Hàng Ngày),https://www.khoi8406.com/post/nhanquyenchovn/iem-tin-ngay-04092019-tin-tuc-hang-ngay-ff6bd7858d3.html,1
TỔ QUỐC ĐANG BỊ THÁCH THỨC NGHIÊM TRỌNG! (Nguyễn Trung),https://www.khoi8406.com/post/nhanquyenchovn/to-quoc-ang-bi-thach-thuc-nghiem-trong-32b5e7784f9.html,1
CHUYẾN TÀU ĐÊM : SỐ PHẬN CỦA 70 VIÊN CHỨC CHẾ ĐỘ CŨ Ở CÔN ĐẢO RA SAO? (Lâm Nguyễn),https://www.khoi8406.com/post/nhanquyenchovn/chuyen-tau-em-so-phan-cua-70-vien-chuc-bc88e52c62f.html,1
LỪA DỐI CẤP NHÀ NƯỚC (Phạm Đình Trọng),https://www.khoi8406.com/post/nhanquyenchovn/lua-doi-cap-nha-nuoc-pham-inh-trong-206c669b562.html,1
TIN & BÀI TỪ NGÀY 24 ĐẾN NGÀY 31/8/2019,https://www.khoi8406.com/post/nhanquyenchovn/tin-bai-tu-ngay-24-en-ngay-3182019-30c0107df72.html,1
"TIN VÕ ĐÀI - CHỌI CHÓ, TRƯA 02/9/2019 (Bùi Văn Thuận)",https://www.khoi8406.com/post/nhanquyenchovn/tin-vo-ai-choi-cho-trua-0292019-bui-van-f0eb64de8b3.html,1
BẢN TIN NGÀY 03/09/2019 (Báo Tiếng Dân),https://www.khoi8406.com/post/nhanquyenchovn/ban-tin-ngay-03092019-bao-tieng-dan-f16dfb3336d.html,1
ĐIỂM TIN NGÀY 03/09/2019 (Tin Tức Hàng Ngày),https://www.khoi8406.com/post/nhanquyenchovn/iem-tin-ngay-03092019-tin-tuc-hang-ngay-f423dd52160.html,1
CHIẾN TRANH TRUNG ĐÔNG NHEN NHÚM (Nguyễn Đạt Thịnh),https://www.khoi8406.com/post/nhanquyenchovn/chien-tranh-trung-ong-nhen-nhum-nguyen-3174ee67573.html,1
CÂU CHUYỆN MỘT THÀNH PHỐ (Lê Phan),https://www.khoi8406.com/post/nhanquyenchovn/cau-chuyen-mot-thanh-pho-le-phan-49760241d91.html,1
"CHÂN DUNG NHỮNG NGƯỜI ""TỰ ĐẠP ĐỔ NỒI CƠM"" Ở HONG KONG (Y Chan - Luật Khoa)",https://www.khoi8406.com/post/nhanquyenchovn/chan-dung-nhung-nguoi-tu-ap-o-noi-com-o-4623423e7fa.html,1
"BỐN VẤN ĐỀ CỦA VỤ ""MỸ ĐÒI TRUNG QUỐC TRẢ NỢ THỜI NHÀ THANH"" (Nguyễn Quốc Tấn Trung - Luật Khoa)",https://www.khoi8406.com/post/nhanquyenchovn/bon-van-e-cua-vu-my-oi-trung-quoc-tra-f87a4cc4fde.html,1
KHI TÂY NGUYÊN KHÔNG CÒN LÀ NHÀ (Trần Duy - Luật Khoa),https://www.khoi8406.com/post/nhanquyenchovn/khi-tay-nguyen-khong-con-la-nha-tran-f796990b2f2.html,1
MỘT HIỆP ĐỊNH TỰ HẠI MÌNH (Nguyễn Ngọc Chu),https://www.khoi8406.com/post/nhanquyenchovn/mot-hiep-inh-tu-hai-minh-nguyen-ngoc-chu-1d61ad2bea4.html,1
ĐỪNG TƯỚI NƯỚC LÊN GỐC CÂY RÃ MỤC (Trần Trung Đạo),https://www.khoi8406.com/post/nhanquyenchovn/ung-tuoi-nuoc-len-goc-cay-ra-muc-tran-7f687f3a821.html,1
NGUYÊN NHÂN CHÍNH CỦA SỰ TỆ HẠI Ở VIỆT NAM HIỆN NAY LÀ GÌ? LÀ AI? (Jackhammer Nguyễn),https://www.khoi8406.com/post/nhanquyenchovn/nguyen-nhan-chinh-cua-su-te-hai-o-viet-569c2740ec3.html,1
BẢN TIN NGÀY 02/09/2019 (Báo Tiếng Dân),https://www.khoi8406.com/post/nhanquyenchovn/ban-tin-ngay-02092019-bao-tieng-dan-3a145e35cc8.html,1
ĐIỂM TIN NGÀY 02/09/2019 (Tin Tức Hàng Ngày),https://www.khoi8406.com/post/nhanquyenchovn/iem-tin-ngay-02092019-tin-tuc-hang-ngay-8f99d931a91.html,1
NGƯỜI HỒNG KÔNG : TỰ DO BẰNG MỌI GIÁ (Mai Vân - RFI / ĐIỂM BÁO),https://www.khoi8406.com/post/nhanquyenchovn/nguoi-hong-kong-tu-do-bang-moi-gia-mai-e44df49034f.html,1
NHÀ BÁO PHẠM ĐOAN TRANG : VIỆT NAM HIỆN GIỜ THIẾU VẮNG CÔNG LÝ! (RFA),https://www.khoi8406.com/post/nhanquyenchovn/nha-bao-pham-oan-trang-viet-nam-hien-9116e73400e.html,1
NHÂN TÍNH ĐANG BỊ BÀO MÒN (Chu Vĩnh Hải),https://www.khoi8406.com/post/nhanquyenchovn/nhan-tinh-ang-bi-bao-mon-chu-vinh-hai-d519931bcdf.html,1
MẶC KỆ DÂN! (Mạc Văn Trang),https://www.khoi8406.com/post/nhanquyenchovn/mac-ke-dan-mac-van-trang-110309803bb.html,1
NGUYÊN NHÂN NÀO DẪN TỚI MỘT NỀN GIÁO DỤC THẤT BẠI TOÀN DIỆN? (Đỗ Ngà),https://www.khoi8406.com/post/nhanquyenchovn/nguyen-nhan-nao-dan-toi-mot-nen-giao-51ea0707f1c.html,1
"BỊP, BỊP, BỊP ĐẾN THẾ LÀ CÙNG (Nguyễn Đình Cống)",https://www.khoi8406.com/post/nhanquyenchovn/bip-bip-bip-en-la-cung-nguyen-inh-cong-871a84814d0.html,1
ĐIỂM TIN NGÀY 01/09/2019 (Tin Tức Hàng Ngày),https://www.khoi8406.com/post/nhanquyenchovn/iem-tin-ngay-01092019-tin-tuc-hang-ngay-a8a6dfe3a71.html,1
PHẢN ĐỘNG Ở BỂN & PHẢN ĐỘNG Ở TA (Dương Quốc Chính),https://www.khoi8406.com/post/nhanquyenchovn/phan-ong-o-ben-phan-ong-o-ta-duong-quoc-3bfbc6923f8.html,1
VỤ ÁN 'MUA BÁN TÊN' & KỶ NIỆM 50 NĂM MẤT 'BÁC' (Trân Văn),https://www.khoi8406.com/post/nhanquyenchovn/vu-mua-ban-ten-ky-niem-50-nam-mat-bac-186b2aac901.html,1
VĂN HÓA 'MÀY CÓ BIẾT TAO LÀ AI KHÔNG?' (Đinh Yên Thảo),https://www.khoi8406.com/post/nhanquyenchovn/van-hoa-may-co-biet-tao-la-ai-khong-inh-6db7091770b.html,1
BẢN TIN NGÀY 31/08/2019 (Báo Tiếng Dân),https://www.khoi8406.com/post/nhanquyenchovn/ban-tin-ngay-31082019-bao-tieng-dan_31-179e7790593.html,1
BẢN TIN NGÀY 31/08/2019 (Báo Tiếng Dân),https://www.khoi8406.com/post/nhanquyenchovn/ban-tin-ngay-31082019-bao-tieng-dan-003d4e19fb4.html,1
ĐIỂM TIN NGÀY 31/08/2019 (Tin Tức Hàng Ngày),https://www.khoi8406.com/post/nhanquyenchovn/iem-tin-ngay-31082019-tin-tuc-hang-ngay-4a5e66d3a51.html,1
THƯƠNG CHIẾN MỸ - TRUNG : TRUMP KHẲNG ĐỊNH GIỮ NGUYÊN ĐÁNH THUẾ HÀNG TRUNG QUỐC (tổng hợp),https://www.khoi8406.com/post/nhanquyenchovn/thuong-chien-my-trung-trump-khang-inh-4feaf607c81.html,1
QUỐC TẾ KÊU GỌI CHỐNG NẠN BẮT NGƯỜI ĐƯA ĐI MẤT TÍCH (Thụy My - RFI),https://www.khoi8406.com/post/nhanquyenchovn/quoc-te-keu-goi-chong-nan-bat-nguoi-ua-3d1eebc7664.html,1
HỒNG KÔNG : HOÀNG CHÍ PHONG ĐƯỢC TỰ DO SAU KHI BỊ CÂU LƯU (tổng hợp),https://www.khoi8406.com/post/nhanquyenchovn/hong-kong-hoang-chi-phong-uoc-tu-do-sau-4e9a0f63dd4.html,1
TRẦN KIỀU NGỌC TRÒ CHUYỆN CÙNG HOÀNG CHÍ PHONG (Phạm Phú Khải),https://www.khoi8406.com/post/nhanquyenchovn/tran-kieu-ngoc-tro-chuyen-cung-hoang-4fb1a022e58.html,1
NGUỒN CƠN NÀO KHIẾN NHÀ MÁY IN TIỀN QUỐC GIA VN PHẢI LỖ LỚN? (Phạm Chí Dũng),https://www.khoi8406.com/post/nhanquyenchovn/nguon-con-nao-khien-nha-may-in-tien-710224f5609.html,1
"CÔNG DÂN ÚC GỐC VIỆT CHÂU VĂN KHẢM BỊ CSVN TRUY TỐ TỘI :KHỦNG BỐ"" (Người Việt Online)",https://www.khoi8406.com/post/nhanquyenchovn/cong-dan-uc-goc-viet-chau-van-kham-bi-138016acff0.html,1
"ÔI MAY QUÁ, MÌNH VẪN CÒN QUỐC TỊCH VIỆT NAM (Cánh Cò)",https://www.khoi8406.com/post/nhanquyenchovn/oi-may-qua-minh-van-con-quoc-tich-viet-2ce70ccb858.html,1
KHÔNG ĐƯỢC CHẾT (Thái Bá Tân),https://www.khoi8406.com/post/nhanquyenchovn/khong-uoc-chet-thai-ba-tan-4a415c72f18.html,1
CHÁY NHÀ MÁY RẠNG ĐÔNG : THÔNG TIN TOÀN CẢNH,https://www.khoi8406.com/post/nhanquyenchovn/chay-nha-may-rang-ong-thong-tin-toan-41ad20a45f1.html,1
NGÀY “ĐỘC LẬP 2 THÁNG 9” NÊN DẸP BỎ (Trương Nhân Tuấn),https://www.khoi8406.com/post/nhanquyenchovn/ngay-oc-lap-2-thang-9-nen-dep-bo-truong-6841697cfef.html,1
NHÀ BÁO PHẠM ĐOAN TRANG ĐƯỢC ĐỀ CỬ GIẢI TỰ DO BÁO CHÍ THẾ GIỚI 2019 CỦA RSF (tổng hợp),https://www.khoi8406.com/post/nhanquyenchovn/nha-bao-pham-oan-trang-uoc-e-cu-giai-tu-c638cabd4b3.html,1
BẢN TIN NGÀY 30/08/2019 (Báo Tiếng Dân),https://www.khoi8406.com/post/nhanquyenchovn/ban-tin-ngay-30082019-bao-tieng-dan-9037ab7bcd1.html,1
ĐIỂM TIN NGÀY 30/08/2019 (Tin Tức Hàng Ngày),https://www.khoi8406.com/post/nhanquyenchovn/iem-tin-ngay-30082019-tin-tuc-hang-ngay-0a740da281a.html,1
KHÓ KHĂN CHO CẢ HAI BÊN CỘNG HÒA & DÂN CHỦ (Cổ-Lũy),https://www.khoi8406.com/post/nhanquyenchovn/kho-khan-cho-ca-hai-ben-cong-hoa-dan-75b1f28459d.html,1
“TUỔI TRẺ” LÀ “TUỔI TRẺ” NÀO? (Vũ Kim Hạnh),https://www.khoi8406.com/post/nhanquyenchovn/tuoi-tre-la-tuoi-tre-nao-vu-kim-hanh-3954e8300b8.html,1
NHẬT BẢN : ĐỀ XƯỚNG KHÁI NIỆM ẤN ĐỘ - THÁI BÌNH DƯƠNG (Dr. Kei Koga),https://www.khoi8406.com/post/nhanquyenchovn/nhat-ban-e-xuong-khai-niem-o-thai-binh-4713173b3f8.html,1
GIỮA CƠN GIÓ BỤI (S.T.T.D Tưởng Năng Tiến),https://www.khoi8406.com/post/nhanquyenchovn/giua-con-gio-bui-sttd-tuong-nang-tien-3f4bac31bbf.html,1
"CÓ LẼ, CHÚNG TA CẦN QUỲ XUỐNG (Tuấn Khanh)",https://www.khoi8406.com/post/nhanquyenchovn/co-le-chung-ta-can-quy-xuong-tuan-khanh-301f91276aa.html,1
TRUNG QUỐC SỬ DỤNG MẠNG XÃ HỘI LinkedIn ĐỂ TUYỂN DỤNG ĐIỆP VIÊN NƯỚC NGOÀI (Đăng Trình - SBS Tiếng Việt),https://www.khoi8406.com/post/nhanquyenchovn/trung-quoc-su-dung-mang-xa-hoi-linkedin-540f4de9028.html,1
VÌ SAO VIỆT NAM 'CAN ĐẢM' TẬP TRẬN VỚI MỸ & ASEAN? (Thường Sơn - VNTB),https://www.khoi8406.com/post/nhanquyenchovn/vi-sao-viet-nam-can-am-tap-tran-voi-my-ba3966201fb.html,1
BÁO CHÍ CẦN CÓ QUYỀN TỰ DO CHÍNH TRỊ (Nguyễn Hồng Phúc - VNTB),https://www.khoi8406.com/post/nhanquyenchovn/bao-chi-can-co-quyen-tu-do-chinh-tri-606dab8d682.html,1
CHUYỆN RẤT XẤU TRÊN DÒNG MÊ KÔNG (Tom Fawthrop - The Diplomat),https://www.khoi8406.com/post/nhanquyenchovn/chuyen-rat-xau-tren-dong-me-kong-tom-fe4493dbacc.html,1
MỘT HỘI NGHỊ NÔM NA (Nguyễn Văn Chiến),https://www.khoi8406.com/post/nhanquyenchovn/mot-hoi-nghi-nom-na-nguyen-van-chien-6265d0a9b53.html,1
NGƯỜI VIỆT VÀ TRUMP (Trịnh Hữu Long),https://www.khoi8406.com/post/nhanquyenchovn/nguoi-viet-va-trump-trinh-huu-long-865579302b2.html,1
BẢN TIN NGÀY 29/08/2019 (Báo Tiếng Dân),https://www.khoi8406.com/post/nhanquyenchovn/ban-tin-ngay-29082019-bao-tieng-dan-6456bcdbaf4.html,1
ĐIỂM TIN NGÀY 29/08/2019 (Tin Tức Hàng Ngày),https://www.khoi8406.com/post/nhanquyenchovn/iem-tin-ngay-29082019-tin-tuc-hang-ngay-d1576d1def0.html,1
SIÊU CƯỜNG HOẢNG SỢ (J. Bradford DeLong - Project Syndicate),https://www.khoi8406.com/post/nhanquyenchovn/sieu-cuong-hoang-so-j-bradford-delong-187811c4bc6.html,1
KỸ NGHỆ GIÀY DÉP CẢNH CÁO TT TRUMP : 'MỨC THUẾ QUAN MỚI ẢNH HƯỞNG XẤU VIỆC LÀM' (Người Việt Online),https://www.khoi8406.com/post/nhanquyenchovn/ky-nghe-giay-dep-canh-cao-tt-trump-muc-d51627baa02.html,1
MỸ THỜI TRUMP ĐANG BỊ BIẾN THÀNH NHÀ NƯỚC CHUYÊN CHẾ? (Mai V. Phạm),https://www.khoi8406.com/post/nhanquyenchovn/my-thoi-trump-ang-bi-bien-thanh-nha-5270b46f1b7.html,1
XIN THẺ XANH & NHẬP TỊCH SẮP TỚI SẼ RẤT KHÓ KHĂN (Nguyễn Quốc Khải),https://www.khoi8406.com/post/nhanquyenchovn/xin-xanh-nhap-tich-sap-toi-se-rat-kho-c9a8c02ff4f.html,1
ANDREW HASTIE : NGƯỜI GÂY BÃO TÁP! (Phạm Phú Khải),https://www.khoi8406.com/post/nhanquyenchovn/andrew-hastie-nguoi-gay-bao-tap-pham-f1b00f79797.html,1
"TRUMP RA LỆNH RỜI TRUNG QUỐC, CÁC HÃNG MỸ CÓ NGHE THEO? (VOA Tiếng Việt)",https://www.khoi8406.com/post/nhanquyenchovn/trump-ra-lenh-roi-trung-quoc-cac-hanh-a7fee07a800.html,1
HOA KỲ CÓ THỂ TẤN CÔNG BẮC KINH Ở NGÃ KHÁC (Nguyễn Xuân Nghĩa),https://www.khoi8406.com/post/nhanquyenchovn/hoa-ky-co-tan-cong-bac-kinh-o-nga-khac-71aa1578690.html,1
CẢ HỆ THỐNG BUÔN BÁN . . . TÂM LINH! (Trân Văn),https://www.khoi8406.com/post/nhanquyenchovn/ca-he-thong-buon-ban-tam-linh-tran-van-f506be95515.html,1
CARL THAYER : BẮT GIỮ HẢI DƯƠNG ĐỊA CHẤT 8 THÔNG QUA INTERPOL? (Thụy My - RFI),https://www.khoi8406.com/post/nhanquyenchovn/carl-thayer-bat-giu-hai-duong-ia-chat-8-7533e55514a.html,1
HUMAN RIGHTS WATCH : ÚC CẦN THÚC ÉP VIỆT NAM TÔN TRỌNG NHÂN QUYỀN (Thanh Phương - RFI),https://www.khoi8406.com/post/nhanquyenchovn/human-rights-watch-uc-can-thuc-ep-viet-8538856baeb.html,1
HOA KỲ KHÔNG CỦA RIÊNG ÔNG TRUMP MÀ CŨNG LÀ 'QUÊ HƯƠNG TÔI' (Bùi Văn Phú),https://www.khoi8406.com/post/nhanquyenchovn/hoa-ky-khong-cua-rieng-ong-trump-ma-cb2408e09d9.html,1
TRẦN THÚY NGA - NGƯỜI PHỤ NỮ KHÔNG BIẾT SỢ CƯỜNG QUYỀN (FB Chuyện Của Thịnh),https://www.khoi8406.com/post/nhanquyenchovn/tran-thuy-nga-nguoi-phu-nu-khong-biet-875fd2f1036.html,1
CHUẨN BỊ VĨNH BIỆT...ĐẢNG (Ngọc Vinh),https://www.khoi8406.com/post/nhanquyenchovn/chuan-bi-vinh-bietang-ngoc-vinh-a5028572439.html,1
BẢN TIN NGÀY 28/08/2019 (Báo Tiếng Dân),https://www.khoi8406.com/post/nhanquyenchovn/ban-tin-ngay-28082019-bao-tieng-dan-5aaa9576c9c.html,1
ĐIỂM TIN NGÀY 28/08/2019 (Tin Tức Hàng Ngày),https://www.khoi8406.com/post/nhanquyenchovn/iem-tin-ngay-28082019-tin-tuc-hang-ngay-53325c67571.html,1
GIẢI PHẪU CUỘC SUY THOÁI SẮP TỚI (Nouriel Roubini - Project Syndicate},https://www.khoi8406.com/post/nhanquyenchovn/giai-phau-cuoc-suy-thoai-sap-toi-9bdddb1310b.html,1
BẮC KINH GÂY ÁP LỰC VỚI NHỮNG CÔNG TY HONG KONG TRONG CUỘC ĐÀN ÁP DÂN CHỦ (Michael Schuman - The Atlantic),https://www.khoi8406.com/post/nhanquyenchovn/bac-kinh-gay-ap-luc-voi-nhung-cong-ty-b87fc72005c.html,1
CÓ ĐIỀU GÌ SAI LẦM NGHIÊM TRỌNG TRÊN SÔNG MÊ KÔNG (Tom Fawthrop - The Diplomat),https://www.khoi8406.com/post/nhanquyenchovn/co-ieu-gi-sai-lam-nghiem-trong-tren-93f83a7a37f.html,1
"CHIẾN THUẬT ""BẮP CẢI"" TRÊN BIỂN LÀ GÌ ?! (Trần Thúc Hoàng)",https://www.khoi8406.com/post/nhanquyenchovn/chien-thuat-bap-cai-tren-bien-la-gi-7918b7db015.html,1
TRUNG CỘNG 'VỪA ĂN CƯỚP VỪA LA LÀNG' Ở BIỂN ĐÔNG (Người Việt Online),https://www.khoi8406.com/post/nhanquyenchovn/trung-cong-vua-cuop-vua-la-lang-o-bien-4fffe7c9904.html,1
CON CÁI LÃNH ĐẠO 'ĂN & PHÁ' - AI LÃNH? (RFA),https://www.khoi8406.com/post/nhanquyenchovn/con-cai-lanh-ao-pha-ai-lanh-rfa-c2663ec03e5.html,1
TÌNH BÁO HOA NAM ĐANG LÃNH ĐẠO BÁO CHÍ VIỆT NAM? (Gió Bấc),https://www.khoi8406.com/post/nhanquyenchovn/tinh-bao-hoa-nam-ang-lanh-ao-bao-chi-0e8ddeb83f2.html,1
'VIN' DANH CÁCH MẠNG (S.T.T.D Tưởng Năng Tiến),https://www.khoi8406.com/post/nhanquyenchovn/vin-danh-cach-mang-sttd-tuong-nang-tien-079e838b0b8.html,1
VỀ TỐC ĐỘ PHÁT TRIỂN LỚP NGƯỜI BỤNG BỰ Ở VIỆT NAM (Trần Tiến Dũng),https://www.khoi8406.com/post/nhanquyenchovn/ve-toc-o-phat-trien-lop-nguoi-bung-bu-o-7e61de5431a.html,1
TIN TỨC VÕ ĐÀI - NGÀY 26/8/2019 (Bùi Văn Thuận),https://www.khoi8406.com/post/nhanquyenchovn/tin-tuc-vo-ai-ngay-2682019-bui-van-thuan-04df93433d0.html,1
CÁCH CHÔN GIẤU CHỮ “HÈN” CỦA ĐẢNG (Đỗ Ngà),https://www.khoi8406.com/post/nhanquyenchovn/cach-chon-giau-chu-hen-cua-ang-o-nga-db44b851245.html,1
BẢN TIN NGÀY 27/08/2019 (Báo Tiếng Dân),https://www.khoi8406.com/post/nhanquyenchovn/ban-tin-ngay-27082019-bao-tieng-dan-7d1856adbc6.html,1
ĐIỂM TIN NGÀY 27/08/2019 (Tin Tức Hàng Ngày),https://www.khoi8406.com/post/nhanquyenchovn/iem-tin-ngay-27082019-tin-tuc-hang-ngay-f42affe51f2.html,1
TÌNH TRẠNG KHÓ XỬ CỦA TRUNG HOA Ở HONG KONG (Evan Osnos),https://www.khoi8406.com/post/nhanquyenchovn/tinh-trang-kho-xu-cua-trung-hoa-o-hong-f5b9cba8543.html,1
G7 : NGHỆ THUẬT NGOẠI GIAO TÁO BẠO & KHÔN KHÉO CỦA TỔNG THỐNG PHÁP (Tú Anh - RFI),https://www.khoi8406.com/post/nhanquyenchovn/g7-nghe-thuat-ngoai-giao-tao-bao-khon-368ab073086.html,1
TRUNG QUỐC MUỐN ĐỘC CHIẾM NGUỒN DẦU KHÍ BIỂN ĐÔNG? (Thanh Phương - RFI),https://www.khoi8406.com/post/nhanquyenchovn/trung-quoc-muon-oc-chiem-nguon-dau-khi-0ad082276c6.html,1
'MỸ KHÔNG MUỐN EXXONMOBIL BỊ TRUNG QUỐC HĂM DỌA' SAU BÃI TƯ CHÍNH (VOA Tiếng Việt),https://www.khoi8406.com/post/nhanquyenchovn/my-khong-muon-exxonmobil-bi-trung-quoc-0bd15340cb8.html,1
THẾ CHÂN VẠC : BÁI ĐÍNH - BA VÀNG - TAM CHÚC (Nguyễn Xuân Diện),https://www.khoi8406.com/post/nhanquyenchovn/the-chan-vac-bai-inh-ba-vang-tam-chuc-72fa76a6507.html,1
THOÁT TRUNG MÀ THOÁT CÁI GÌ? Ý KIẾN VỀ CÁCH TỔ CHỨC ĐẤU TRANH CÁCH MẠNG (Nguyễn Quang Duy),https://www.khoi8406.com/post/nhanquyenchovn/thoat-trung-ma-thoat-cai-gi-y-kien-ve-4ac5c29d4c6.html,1
"CÁCH TRUNG, GẦN TÂY, THÂN DÂN, CỨU NƯỚC (Nguyễn Khắc Mai)",https://www.khoi8406.com/post/nhanquyenchovn/cach-trung-gan-tay-than-dan-cuu-nuoc-e1fd232ca6e.html,1
“THẢ GÀ RA ĐUỔI” (Mai Quốc Ấn),https://www.khoi8406.com/post/nhanquyenchovn/tha-ga-ra-uoi-mai-quoc-an-9ea8edd3469.html,1
THẤY BẢN KHẮC GỖ CON RỒNG LẠC LONG QUÂN Ở NHÀ BẠN ĐÀI LOAN (Phạm Cao Phong - BBC),https://www.khoi8406.com/post/nhanquyenchovn/thay-ban-khac-go-con-rong-lac-long-quan-29d6fb7d8a6.html,1
BẢN TIN NGÀY 26/08/2019 (Báo Tiếng Dân),https://www.khoi8406.com/post/nhanquyenchovn/ban-tin-ngay-26082019-bao-tieng-dan-96e062c7bce.html,1
ĐIỂM TIN NGÀY 26/08/2019 (Tin Tức Hàng Ngày),https://www.khoi8406.com/post/nhanquyenchovn/iem-tin-ngay-26082019-tin-tuc-hang-ngay-6c8f38e33ea.html,1
CÓ PHẢI MỸ VẪN LÀ SIÊU CƯỜNG QUÂN SỰ DUY NHẤT Ở CHÂU Á KHÔNG? (Jonathan Marcus - BBC News),https://www.khoi8406.com/post/nhanquyenchovn/co-phai-my-van-la-sieu-cuong-quan-su-0a580e89c58.html,1
VÌ SAO HẢI DƯƠNG 8 RỜI BÃI TƯ CHÍNH ĐỂ VÀO GẦN PHAN THIẾT? (Thường Sơn - VNTB),https://www.khoi8406.com/post/nhanquyenchovn/vi-sao-hai-duong-8-roi-bai-tu-chinh-e-211301d2eb6.html,1
KHỦNG HOẢNG BÃI TƯ CHÍNH : BƯỚC NGOẶT MỚI CHO VIỆT NAM (Nguyễn Quang Dy),https://www.khoi8406.com/post/nhanquyenchovn/khung-hoang-bai-tu-chinh-buoc-ngoat-moi-fadfb2a5a43.html,1
TIN VỀ NHÀ TRANH ĐẤU HÀ VĂN THÀNH SẮP BỊ TRỤC XUẤT VỀ VIỆT NAM (Thanh Phong - Viễn Đông Online),https://www.khoi8406.com/post/nhanquyenchovn/tin-ve-nha-tranh-au-ha-van-thanh-sap-bi-dff79e7f50b.html,1
NHÌN THỦ TƯỚNG NGƯỜI TA MÀ THÈM . . . (Bá Tân),https://www.khoi8406.com/post/nhanquyenchovn/nhin-thu-tuong-nguoi-ta-ma-them-ba-tan-ad95ebb608f.html,1
SÀI GÒN CỦA TÔI THỂ XÁC KHÔNG CÒN MÀ LINH HỒN THÌ Ở ĐÂU? (Joaquin Nguyễn Hòa),https://www.khoi8406.com/post/nhanquyenchovn/sai-gon-cua-toi-xac-khong-con-ma-linh-d2841027729.html,1
SỐC VỚI BIỂN RÁC DÀI CẢ CÂY SỐ TƯỞNG KHÔNG CÓ TRONG SỰ THẬT (Nguyễn Việt Hùng),https://www.khoi8406.com/post/nhanquyenchovn/soc-voi-bien-rac-dai-ca-cay-so-tuong-1490a25e74c.html,1
ĐIỂM TIN NGÀY 25/08/2019 (Tin Tức Hàng Ngày),https://www.khoi8406.com/post/nhanquyenchovn/iem-tin-ngay-25082019-tin-tuc-hang-ngay-f017319c8ae.html,1
TRUMP - TẬP LEO THANG (Ngô Nhân Dụng),https://www.khoi8406.com/post/nhanquyenchovn/trump-tap-leo-thang-ngo-nhan-dung-1ef01187846.html,1
"TẠI HỘI NGHỊ G7, TRUMP CHẠM TRÁN VỚI GIỚI HẠN CỦA LẬP TRƯỜNG ""ĐỨNG MỘT MÌNH"" (Zeke Miller, Darlene Superville và Jill Colvin)",https://www.khoi8406.com/post/nhanquyenchovn/tai-hoi-nghi-g7-trump-cham-tran-voi-463b078f64e.html,1
"TRUMP TÁI ĐẮC CỬ? CHUYỆN KHÓ TIN, NHƯNG CÓ THỂ CÓ THẬT (Yascha Mounk - The Atlantic)",https://www.khoi8406.com/post/nhanquyenchovn/trump-tai-ac-cu-chuyen-kho-tin-nhung-co-7bfca6481aa.html,1
THẺ CĂN CƯỚC CỦA NGUYỄN ÁI QUẤC CÓ GÌ LẠ? (Lê Bá Vận - Đàn Chim Việt),https://www.khoi8406.com/post/nhanquyenchovn/the-can-cuoc-cua-nguyen-ai-quac-co-gi-c571cc411b2.html,1
ĐÓ LÀ TRUNG QUỐC MUỐN CHIẾN TRANH (Trương Nhân Tuấn),https://www.khoi8406.com/post/nhanquyenchovn/o-la-trung-quoc-muon-chien-tranh-truong-dba58b1940e.html,1
"""DÂN TỘC NÀY KHÔNG XỨNG ĐÁNG ĐƯỢC CỨU RỖI!"" (Nguyễn Thị Bích Ngà)",https://www.khoi8406.com/post/nhanquyenchovn/dan-toc-nay-khong-xung-ang-uoc-cuu-roi-e114a21f39e.html,1
THÓI ĂN VẠ CỦA CÔNG AN TỪ ĐÂU MÀ CÓ? (Đỗ Ngà),https://www.khoi8406.com/post/nhanquyenchovn/thoi-va-cua-cong-tu-au-ma-co-o-nga-1bdb9f892a9.html,1
CẬP NHẬT TIN BIỂN ĐÔNG NGÀY 24/08/2019 : HẢI DƯƠNG 8 TIẾN GẦN BỜ BIỂN VIỆT NAM (BTV Tiếng Dân),https://www.khoi8406.com/post/nhanquyenchovn/cap-nhat-tin-bien-ong-ngay-24082019-hai-482ca0dbf5b.html,1
TIN & BÀI TỪ NGÀY 16 ĐẾN NGÀY 23/8/2019,https://www.khoi8406.com/post/nhanquyenchovn/tin-bai-tu-ngay-16-en-ngay-2382019-365b454b757.html,1
BẢN TIN NGÀY 24/08/2019 (Báo Tiếng Dân),https://www.khoi8406.com/post/nhanquyenchovn/ban-tin-ngay-24082019-bao-tieng-dan-00bf1362b86.html,1
VIỆT NAM THẤT THỦ CHIẾN LƯỢC TRÊN ĐỊA BÀN SÔNG MEKONG (Ngô Thế Vinh),https://www.khoi8406.com/post/nhanquyenchovn/viet-nam-that-thu-chien-luoc-tren-ia-f67234cbba6.html,1
"HUAWEI CHO BIẾT HOA KỲ KIỀM CHẾ ĐỂ CẮT DOANH THU CỦA ĐƠN VỊ ĐIỆN THOẠI THÔNG MINH HƠN 10 TỶ ĐÔ LA (Sijia Jiang, Brenda Goh)",https://www.khoi8406.com/post/nhanquyenchovn/huawei-cho-biet-hoa-ky-kiem-che-e-cat-9f711954e5b.html,1
NGUỒN GỐC NGƯỜI VIỆT : LÀM SAO ĐỂ TRÁNH THẦY BÓI XEM VOI? (Bảo Như - Tia Sáng),https://www.khoi8406.com/post/nhanquyenchovn/nguon-goc-nguoi-viet-lam-sao-e-tranh-214a4ea849e.html,1
CÁC VỤ CHÁY RỪNG AMAZON GÂY LO NGẠI CHO QUỐC TẾ (tổng hợp),https://www.khoi8406.com/post/nhanquyenchovn/cac-vu-chay-rung-amazon-gay-lo-ngai-cho-45fef6665ba.html,1
TRUMP ĐANG THUA CUỘC CHIẾN THƯƠNG MẠI VỚI TRUNG QUỐC (Jason Furman - Wall Street Journal),https://www.khoi8406.com/post/nhanquyenchovn/trump-ang-thua-cuoc-chien-thuong-mai-66e06ff7102.html,1
KHÔNG CHỈ MÌNH ÔNG DUTERTE NGẬM BỒ HÒN LÀM NGỌT (Nguyễn Ngọc Chu),https://www.khoi8406.com/post/nhanquyenchovn/khong-chi-minh-ong-duterte-ngam-bo-hon-251b091bbed.html,1
BIỂN ĐÔNG : Ý ĐỒ ÁP ĐẶT MỘT BỘ QUY TẮC ỨNG XỬ 'MADE IN CHINA' (Mai Vân - RFI),https://www.khoi8406.com/post/nhanquyenchovn/bien-ong-y-o-ap-at-mot-bo-quy-tac-ung-b7087f44fbb.html,1
LẦN DẦU TIÊN TRUNG QUỐC TRIỂN KHAI MÁY BAY NÉM BOM H6 & CHIẾN ĐẤU CƠ TẠI BÃI TƯ CHÍNH (Sidhant Sibal - WION),https://www.khoi8406.com/post/nhanquyenchovn/lan-dau-tien-trung-quoc-trien-khai-may-7bcd9d47438.html,1
"TIN BIỂN ĐÔNG : PHÁT NGÔN VIÊN BỘ NGOẠI GIAO VIỆT NAM BỊ ""BỊT MIỆNG"" (BTV Tiếng Dân)",https://www.khoi8406.com/post/nhanquyenchovn/tin-bien-ong-phat-ngon-vien-bo-ngoai-1ba6c27fff7.html,1
"4T : TƯ, TA, TÀU & TRUMP (Jackhammer Nguyễn)",https://www.khoi8406.com/post/nhanquyenchovn/4t-tu-ta-tau-trump-jackhammer-nguyen-a844baeda14.html,1
BẢN TIN NGÀY 23/08/2019 (Báo Tiếng Dân),https://www.khoi8406.com/post/nhanquyenchovn/ban-tin-ngay-23082019-bao-tieng-dan-c6422e27d90.html,1
ĐIỂM TIN NGÀY 23/08/2019 (Tin Tức Hàng Ngày),https://www.khoi8406.com/post/nhanquyenchovn/iem-tin-ngay-23082019-tin-tuc-hang-ngay-e8fecfec9b6.html,1
CHIẾN LƯỢC QUỐC PHÒNG CỦA HOA KỲ TẠI ẤN ĐỘ - THÁI BÌNH DƯƠNG (Nguyễn Tiến Trung),https://www.khoi8406.com/post/nhanquyenchovn/chien-luoc-quoc-phong-cua-hoa-ky-tai-o-1f7dc8c8f97.html,1
LÃNH ĐẠO CHÂN DÀI & HOT GIRL. . . (VietTuSaiGon),https://www.khoi8406.com/post/nhanquyenchovn/lanh-ao-chan-dai-hot-girl-viettusaigon-3e76178bd31.html,1
HONG KONG & BẢY ĐIỀU VỀ CHẾ ĐỘ CỘNG SẢN (Nguyễn Hùng),https://www.khoi8406.com/post/nhanquyenchovn/hong-kong-bay-ieu-ve-che-o-cong-san-f935ae9d56e.html,1
'HONG KONG IS NOT CHINA' (Mặc Lâm),https://www.khoi8406.com/post/nhanquyenchovn/hong-kong-is-not-china-mac-lam-ea16a48b547.html,1
TIN BIỂN ĐÔNG NGÀY 22/08/2019 (BTV Tiếng Dân),https://www.khoi8406.com/post/nhanquyenchovn/tin-bien-ong-ngay-22082019-btv-tieng-dan-651a0e567a9.html,1
BẢN TIN NGÀY 22/08/2019 (Báo Tiếng Dân),https://www.khoi8406.com/post/nhanquyenchovn/ban-tin-ngay-22082019-bao-tieng-dan-3c80388dba1.html,1
ĐIỂM TIN NGÀY 22/08/2019 (Tin Tức Hàng Ngày),https://www.khoi8406.com/post/nhanquyenchovn/iem-tin-ngay-22082019-tin-tuc-hang-ngay-9d5f8248c17.html,1
MƯỜI HAI LUẬN ĐỀ VỀ CHỦ NGHĨA DÂN TỘC (William A. Galston - American Interest),https://www.khoi8406.com/post/nhanquyenchovn/muoi-hai-luan-e-ve-chu-nghia-dan-toc-9dfe26af92e.html,1
JOHN GARNAUT : AI THIẾT KẾ TÂM HỒN? (Phạm Phú Khải),https://www.khoi8406.com/post/nhanquyenchovn/john-garnaut-ai-thiet-ke-tam-hon-pham-5cbf6cbefeb.html,1
HỒNG KÔNG : NHỮNG TẤM KÍNH VỠ BIẾT NÓI (Nancy Nguyễn),https://www.khoi8406.com/post/nhanquyenchovn/hong-kong-nhung-tam-kinh-vo-biet-noi-e7023fc23e9.html,1
"BA NGÀY, 3 GIAI ĐOẠN NHẬN THỨC CỦA TT TRUMP (Nguyễn Đạt Thịnh)",https://www.khoi8406.com/post/nhanquyenchovn/ba-ngay-3-giai-oan-nhan-thuc-cua-tt-496c950ca55.html,1
ĐAN MẠCH PHẢN PHÁO VIỆC TRUMP HỦY BỎ CHUYẾN THĂM (Shaun Walker - The Guardian),https://www.khoi8406.com/post/nhanquyenchovn/dan-mach-phan-phao-viec-trump-huy-bo-cd0cfde20e5.html,1
TRUMP CÓ THỂ ÉP POWELL ĐƯỢC KHÔNG? (Ngô Nhân Dụng),https://www.khoi8406.com/post/nhanquyenchovn/trump-co-ep-powell-uoc-khong-ngo-nhan-ae624c9997d.html,1
MẠNG LƯỚI NHÂN QUYỀN VIỆT NAM KẾT THÚC ĐẠI HỘI LẦN THỨ 14 (to ngỏ hợp),https://www.khoi8406.com/post/nhanquyenchovn/mang-luoi-nhan-quyen-viet-nam-ket-thuc-8a4483de5a7.html,1
NGHĨ VỀ MỘT CƠN ĐIÊN CỦA THẾ GIỚI (Nguyễn Gia Kiểng),https://www.khoi8406.com/post/nhanquyenchovn/nghi-ve-mot-con-ien-cua-gioi-nguyen-gia-fff4e24d09c.html,1
CON TRAI CỤ PHẠM QUỲNH KỂ CHUYỆN ĐI CẢI TÁNG CHO CHA (Phạm Tuân),https://www.khoi8406.com/post/nhanquyenchovn/con-trai-cu-pham-quynh-ke-chuyen-i-cai-ec5102e4805.html,1
BLOGGER MẸ NẤM PHỎNG VẤN CỰU TNLT NGUYỄN ĐẶNG MINH MẪN (Danlambao),https://www.khoi8406.com/post/nhanquyenchovn/blogger-me-nam-phong-van-cuu-tnlt-8a656ad5737.html,1
TẠI SAO HONG KONG ĐƯỢC CỘNG ĐỒNG VIỆT QUAN TÂM? (Mạnh Kim),https://www.khoi8406.com/post/nhanquyenchovn/tai-sao-hong-kong-uoc-cong-ong-viet-06bc0e8f179.html,1
HẠT GẠO LÀNG TA & NỒI CƠM CỦA HỌ (Nguyễn Thọ),https://www.khoi8406.com/post/nhanquyenchovn/hat-gao-lang-ta-noi-com-cua-ho-nguyen-03e23617e1d.html,1
THÀNH NGỮ MỚI : TƯ BẢN GIÃY CHẾT (Nguyễn Thông),https://www.khoi8406.com/post/nhanquyenchovn/thanh-ngu-moi-tu-ban-giay-chet-nguyen-692fe6e4d66.html,1
BẢN TIN NGÀY 21/08/2019 (Báo Tiếng Dân),https://www.khoi8406.com/post/nhanquyenchovn/ban-tin-ngay-21082019-bao-tieng-dan-9b094bceeb1.html,1
ĐIỂM TIN NGÀY 21/08/2019 (Tin Tức Hàng Ngày),https://www.khoi8406.com/post/nhanquyenchovn/iem-tin-ngay-21082019-tin-tuc-hang-ngay-ace3333191d.html,1
"""VĂN HÓA TIẾP ĐẠN"" CỦA NGƯỜI MỸ & CUỘC CHIẾN TRĂM NĂM (Y Chan - Luật Khoa)",https://www.khoi8406.com/post/nhanquyenchovn/van-hoa-tiep-cua-nguoi-my-cuoc-chien-cacacd8d6bc.html,1
MỸ - ANH LIÊN HỆ ĐẶC BIỆT? (Lê Phan),https://www.khoi8406.com/post/nhanquyenchovn/my-anh-lien-he-ac-biet-le-phan_21-c6c5111bdee.html,1
CẬP NHẬT TIN BIỂN ĐÔNG : VẪN TIẾP TỤC CĂNG THẲNG (BTV Tiếng Dân),https://www.khoi8406.com/post/nhanquyenchovn/cap-nhat-tin-bien-ong-van-tiep-tuc-cang-38b1631ab7a.html,1
"LỜI KÊU GỌI CHỐNG TRUNG QUỐC XÂM LƯỢC, KHỞI KIỆN TRUNG QUỐC GÂY HẤN, XÂM CHIẾM BIỂN ĐẢO CỦA VIỆT NAM TRÊN BIỂN ĐÔNG",https://www.khoi8406.com/post/nhanquyenchovn/loi-keu-goi-chong-trung-quoc-xam-luoc-2429a88405a.html,1
BẢN TIN NGÀY 20-8-2019 (Báo Tiếng Dân),https://www.khoi8406.com/post/nhanquyenchovn/ban-tin-ngay-20-8-2019-bao-tieng-dan-22e3107023a.html,1
ĐIỂM TIN NGÀY 20/08/2019 (Tin Tức Hàng Ngày),https://www.khoi8406.com/post/nhanquyenchovn/iem-tin-ngay-20082019-tin-tuc-hang-ngay-a9c1dd0a3e1.html,1
VỤ BÃI TƯ CHÍNH & 'ĐIỂM CHẾT' KHOAN DẦU NUÔI ĐẢNG (Phạm Chí Dũng),https://www.khoi8406.com/post/nhanquyenchovn/vu-bai-tu-chinh-iem-chet-khoan-dau-nuoi-9739be1bd8a.html,1
"HAI ĐẠI TƯỚNG MỸ ĐẾN HÀ NỘI, GIÚP VIỆT NAM BẢO VỆ BÃI TƯ CHÍNH? (Người Việt Online)",https://www.khoi8406.com/post/nhanquyenchovn/hai-ai-tuong-my-en-ha-noi-giup-viet-nam-3d8913f0d28.html,1
LỜI KÊU GỌI QUỐC NỘI HẢI NGOẠI XUỐNG ĐƯỜNG CHỐNG TRUNG QUỐC XÂM LƯỢC (We - Chúng ta),https://www.khoi8406.com/post/nhanquyenchovn/loi-keu-goi-quoc-noi-hai-ngoai-xuong-ab4919b6e64.html,1
NGƯỜI BIỂU TÌNH CHỐNG TRUNG QUỐC BỊ CÔNG AN BẮT Ở NHA TRANG (tổng hợp),https://www.khoi8406.com/post/nhanquyenchovn/nguoi-bieu-tinh-chong-trung-quoc-bi-16fc8f15112.html,1
NẾU CHÍNH QUYỀN VIỆT NAM QUYẾT TÂM CHỐNG TRUNG QUỐC? (Quỳnh Thi),https://www.khoi8406.com/post/nhanquyenchovn/neu-chinh-quyen-viet-nam-quyet-tam-3a346338cf0.html,1
TÔI CHỐNG CỘNG (Pham Doan Trang),https://www.khoi8406.com/post/nhanquyenchovn/toi-chong-cong-pham-doan-trang-1cfc1146d07.html,1
CHIÊU TRÒ CỦA TRUNG QUỐC & CÁCH ỨNG PHÓ CỦA VIỆT NAM! (Kami),https://www.khoi8406.com/post/nhanquyenchovn/chieu-tro-cua-trung-qiuoc-cach-ung-pho-d4bed878dac.html,1
MÙI VỊ QUEN THUỘC (Tuấn Khanh),https://www.khoi8406.com/post/nhanquyenchovn/mui-vi-quen-thuoc-tuan-khanh-767589996a4.html,1
"HƯƠNG CẢNG, CHIẾT KÍCH TRẦM SA (Trọng Khang)",https://www.khoi8406.com/post/nhanquyenchovn/huong-cang-chiet-kich-tram-sa-trong-e6db09f6a64.html,1
VIỆT NAM TÔI ĐÂU? (Nguyễn Tường Phụng),https://www.khoi8406.com/post/nhanquyenchovn/viet-nam-toi-au-nguyen-tuong-phung-90631596e3a.html,1
THÁI ĐỘ VỚI HỒNG KÔNG (Nguyễn Thông),https://www.khoi8406.com/post/nhanquyenchovn/thai-o-voi-hong-kong-nguyen-thong-504f12ddf88.html,1
SỐ PHẬN TRƯỜNG SA (Trần Trung Đạo),https://www.khoi8406.com/post/nhanquyenchovn/so-phan-truong-sa-tran-trung-ao-9e807bef455.html,1
BẢN TIN NGÀY 19-8-2019 (Báo Tiếng Dân),https://www.khoi8406.com/post/nhanquyenchovn/ban-tin-ngay-19-8-2019-bao-tieng-dan-9d30173ad01.html,1
ĐIỂM TIN NGÀY 19/08/2019 (Tin Tức Hàng Ngày),https://www.khoi8406.com/post/nhanquyenchovn/iem-tin-ngay-19082019-tin-tuc-hang-ngay-48c4aab1cd0.html,1
HONG KONG : BIỂU TÌNH VÌ DÂN CHỦ VẪN DIỄN RA RẦM RỘ & ÔN HÒA (tổng hợp),https://www.khoi8406.com/post/nhanquyenchovn/hong-kong-bieu-tinh-vi-dan-chu-van-dien-247d0b3985f.html,1
BÀI HỌC HƯƠNG CẢNG CHO BẮC KINH (Ngô Nhân Dụng),https://www.khoi8406.com/post/nhanquyenchovn/bai-hoc-huong-cang-cho-bac-kinh-ngo-6ab62f9ea6f.html,1
"MỸ - ANH, LIÊN HỆ ĐẶC BIỆT? (Lê Phan)",https://www.khoi8406.com/post/nhanquyenchovn/my-anh-lien-he-ac-biet-le-phan-70df859f904.html,1
"""VĂN HÓA TÍP ĐẠN"" CỦA NGƯỜI MỸ & CUỘC CHIẾN TRĂM NĂM (Y Chan - Luật Khoa)",https://www.khoi8406.com/post/nhanquyenchovn/van-hoa-tip-cua-nguoi-my-cuoc-chien-94c6aa9c013.html,1
"HONG KONG : ĐÂU LÀ GIÁN, ĐÂU LÀ NGƯỜI? (Y Chan - Luật Khoa)",https://www.khoi8406.com/post/nhanquyenchovn/hong-kong-au-la-gian-au-la-nguoi-y-chan-d883ac4746e.html,1
BÃI TƯ CHÍNH : NGUY CƠ XUNG ĐỘT QUÂN SỰ VIỆT NAM - TRUNG QUỐC GIA TĂNG (Người Việt Online),https://www.khoi8406.com/post/nhanquyenchovn/bai-tu-chinh-nguy-co-xung-ot-quan-su-2f5516de6d2.html,1
ĐẢNG CỘNG SẢN Ở HÀ NỘI VỐN LÀ ĐẢNG . . . (Nguyễn Thị Cỏ May),https://www.khoi8406.com/post/nhanquyenchovn/ang-cong-san-o-ha-noi-von-la-ang-nguyen-64b06ca160a.html,1
NHỮNG ĐÂU XÂY TƯỢNG ĐÀI? (Đỗ Phấn),https://www.khoi8406.com/post/nhanquyenchovn/nhung-au-xay-tuong-ai-o-phan-c7a42c3bf63.html,1
“HÁN NÔ” (Trương Nhân Tuấn),https://www.khoi8406.com/post/nhanquyenchovn/han-no-truong-nhan-tuan-8e71b483fc1.html,1
"AI LÀM CHO DÂN TỘC BẠC NHƯỢC, XÃ HỘI BĂNG HOẠI? (Từ Thức)",https://www.khoi8406.com/post/nhanquyenchovn/ai-lam-cho-dan-toc-bac-nhuoc-xa-hoi-ab8114d0a51.html,1
ĐIỂM TIN NGÀY 18/08/2019 (Tin Tức Hàng Ngày),https://www.khoi8406.com/post/nhanquyenchovn/iem-tin-ngay-18082019-tin-tuc-hang-ngay-af22438e3c3.html,1
THẾ KỶ 21 VẪN THUỘC VỀ CÁC NHÀ ĐỘC TÀI? (Thụy My - RFI),https://www.khoi8406.com/post/nhanquyenchovn/the-ky-21-van-thuoc-ve-cac-nha-oc-tai-00e36159c5d.html,1
NHỮNG TINH HOA ÚC KHIẾN BẮC KINH NHỨC ĐẦU (Phạm Phú Khải),https://www.khoi8406.com/post/nhanquyenchovn/nhung-tin-hoa-uc-khien-bac-kinh-nhuc-au-b95bd9f3305.html,1
BÀI HỌC HỒNG KÔNG CHO BẮC KINH (Ngô Nhân Dụng),https://www.khoi8406.com/post/nhanquyenchovn/bai-hoc-hong-kong-cho-bac-kinh-ngo-nhan-45cd8ef7f16.html,1
PHẢI SỢ TRUNG QUỐC NHƯ THẾ NÀO? (Nguyễn Gia Kiểng),https://www.khoi8406.com/post/nhanquyenchovn/phai-so-trung-quoc-nhu-nao-nguyen-gia-72970fe87ae.html,1
"LẠI CHUYỆN SAO NGƯỜI TRẺ 'NHẠT ĐẢNG, KHÔ ĐOÀN, XA CHÍNH TRỊ!' (Cao Nguyên)",https://www.khoi8406.com/post/nhanquyenchovn/lai-chuyen-sao-nguoi-tre-nhat-ang-kho-39f7eefb2d4.html,1
PHÒNG CHỐNG BÃO LỤT & HỌC CỬU CHƯƠNG (Nguyễn Văn Chiến),https://www.khoi8406.com/post/nhanquyenchovn/phong-chong-bao-lut-hoc-cuu-chuong-8fbab3c8248.html,1
“TƯỢNG THỦY NHẤT DẠNG” (Mạnh Kim),https://www.khoi8406.com/post/nhanquyenchovn/tuong-thuy-nhat-dang-manh-kim-0f08c60d6b6.html,1
"HONG KONG, NẾU NGÀY MAI CÓ “TẮM MÁU”… (Mạnh Kim)",https://www.khoi8406.com/post/nhanquyenchovn/hong-kong-neu-ngay-mai-co-tam-mau-manh-d8af1d6f948.html,1
CHÚT TÒ MÒ VỀ TUỔI TRẺ HỒNG KÔNG... (Vũ Kim Hạnh),https://www.khoi8406.com/post/nhanquyenchovn/chut-to-mo-ve-tuoi-tre-hong-kong-vu-kim-16cc5333178.html,1
BẢN TIN NGÀY 18-8-2019 (Báo Tiếng Dân),https://www.khoi8406.com/post/nhanquyenchovn/ban-tin-ngay-18-8-2019-bao-tieng-dan-ec5f87d1c56.html,1
ĐIỂM TIN NGÀY 17/08/2019 (Tin Tức Hàng Ngày),https://www.khoi8406.com/post/nhanquyenchovn/iem-tin-ngay-17082019-tin-tuc-hang-ngay-34449400324.html,1
"HOA KỲ NGỦ QUÊN, TRUNG QUỐC LÀM DẬY SÓNG BIỂN ĐÔNG (Thụy My - RFI)",https://www.khoi8406.com/post/nhanquyenchovn/hoa-ky-ngu-quen-trung-quoc-lam-day-song-1f6967b7c0c.html,1
CUỘC KHÁNG CỰ CỦA HỒNG KÔNG LIỆU CÓ GIÀNH ĐƯỢC CHIẾN THẮNG? (Ngải Vị Vị),https://www.khoi8406.com/post/nhanquyenchovn/cuoc-khang-cu-cua-hong-kong-lieu-co-ad111d2c1d6.html,1
ĐIỀU GÌ ĐANG 'ĐẨY' VN RA XA TRUNG QUỐC & TỚI GẦN MỸ HƠN? (BBC Tiếng Việt),https://www.khoi8406.com/post/nhanquyenchovn/ieu-gi-ang-ay-vn-ra-xa-trung-quoc-toi-e5222c00a85.html,1
CHỨNG KHOÁN TOÀN CẦU BỊ BÁN THÁO VÌ LO SUY THOÁI KINH TẾ (Russell Hotten - BBC),https://www.khoi8406.com/post/nhanquyenchovn/chung-khoan-toan-cau-bi-ban-thao-vi-lo-e19135c6f0a.html,1
TỔNG THỐNG TRUMP KHÔNG CÓ LẬP TRƯỜNG VỀ HONG KONG (Nguyễn Đạt Thịnh),https://www.khoi8406.com/post/nhanquyenchovn/tong-thong-trump-khong-co-lap-truong-ve-aea837f2003.html,1
ĐÃ ĐẾN LÚC CANADA ỦNG HỘ ĐÀI LOAN TRONG CỘNG ĐỒNG QUỐC TẾ (Scott Simon - The National Post),https://www.khoi8406.com/post/nhanquyenchovn/a-en-luc-canada-ung-ho-ai-loan-trong-b13d30a629a.html,1
"TRUNG QUỐC GIẢM XẢ NƯỚC, SÔNG MEKONG TĂNG NGUY CƠ CẠN KIỆT (Người Việt Online)",https://www.khoi8406.com/post/nhanquyenchovn/trung-quoc-giam-xa-nuoc-song-mekong-46daf937e43.html,1
FACEBOOK ĐÃ TUÂN THỦ TỐT HƠN CÁC YÊU CẦU CỦA VIỆT NAM (tổng hợp),https://www.khoi8406.com/post/nhanquyenchovn/facebook-tuan-thu-tot-hon-cac-yeu-cau-bd76b5d2e83.html,1
BÃI TƯ CHÍNH : VÍ DỤ RÕ RÀNG VỀ CHIẾN LƯỢC HÀNH ĐỘNG CỦA BẮC KINH Ở BIỂN ĐÔNG (Asean Today),https://www.khoi8406.com/post/nhanquyenchovn/bai-tu-chinh-vi-du-ro-rang-ve-chien-fc4895eff6d.html,1
Phim tài liệu : BIỂN ĐẢO VIỆT NAM – NGUỒN CỘI TỰ BAO ĐỜI (5 tập) (Trần Đức Anh Sơn),https://www.khoi8406.com/post/nhanquyenchovn/phim-tai-lieu-bien-ao-viet-nam-nguon-a8fda8f0eee.html,1
VÂN NAM NHẤT ĐÁI NHẤT LỘ LINH TINH KÝ (Đỗ Hùng),https://www.khoi8406.com/post/nhanquyenchovn/van-nam-nhat-ai-nhat-lo-linh-tinh-ky-o-accd535613d.html,1
TRUNG QUỐC ĐANG NÓNG LÒNG CHỜ VIỆT NAM ĐI KIỆN . . . (Trương Nhân Tuấn),https://www.khoi8406.com/post/nhanquyenchovn/trung-quoc-ang-nong-long-cho-viet-nam-i-24efa1540a7.html,1
THOÁT TRUNG LÀ CON ĐƯỜNG MÀ NHÀ NƯỚC & NHÂN DÂN PHẢI CÙNG LÀM (Hà Sĩ Phu),https://www.khoi8406.com/post/nhanquyenchovn/thoat-trung-la-con-uong-ma-nha-nuoc-553a17d9f0e.html,1
“KẺ PHẠM TỘI” VÀ TÌNH YÊU TỔ QUỐC VIỆT NAM (Nguyễn Văn Miếng),https://www.khoi8406.com/post/nhanquyenchovn/ke-pham-toi-va-tinh-yeu-to-quoc-viet-347143d169f.html,1
HỘI THẢO VỀ THỰC HIỆN DI CHÚC (Nguyễn Đình Cống),https://www.khoi8406.com/post/nhanquyenchovn/hoi-thao-ve-thuc-hien-di-chuc-nguyen-73737763636.html,1
TIN & BÀI TỪ NGÀY 9 ĐẾN NGÀY 15/8/2019,https://www.khoi8406.com/post/nhanquyenchovn/tin-bai-tu-ngay-9-en-ngay-1582019-680505badc6.html,1
BẢN TIN NGÀY 16-8-2019 (Báo Tiếng Dân),https://www.khoi8406.com/post/nhanquyenchovn/ban-tin-ngay-16-8-2019-bao-tieng-dan-b6d1628e84b.html,1
ĐIỂM TIN NGÀY 16/08/2019 (Tin Tức Hàng Ngày),https://www.khoi8406.com/post/nhanquyenchovn/iem-tin-ngay-16082019-tin-tuc-hang-ngay-6ef5e528842.html,1
CẢNH BÁO Ô NHIỄM KHÔNG KHÍ VÌ HẠT VI NHỰA (tổng hợp),https://www.khoi8406.com/post/nhanquyenchovn/canh-bao-o-nhiem-khong-khi-vi-hat-vi-8aa3323bf83.html,1
TRUNG QUỐC SẮP CHẾT? (Thạch Đạt Lang),https://www.khoi8406.com/post/nhanquyenchovn/trung-quoc-sap-chet-thach-at-lang-1080d5f80b1.html,1
BIỂN ĐÔNG NÓNG LÊN. VÀ NẾU MÁU CHẢY Ở HỒNG KÔNG... (Vũ Kim Hạnh),https://www.khoi8406.com/post/nhanquyenchovn/bien-ong-nong-len-va-neu-mau-chay-o-c866490b346.html,1
BIỂN ĐÔNG : 'TRUNG QUỐC KHÔNG CHỈ ĐE DỌA RIÊNG VIỆT NAM' (Quốc Phương - BBC),https://www.khoi8406.com/post/nhanquyenchovn/bien-ong-trung-quoc-khong-chi-e-doa-69129624cf7.html,1
DÂN CHỦ LO NGẠI TRANH LUẬN? (Cổ-Lũy),https://www.khoi8406.com/post/nhanquyenchovn/dan-chu-lo-ngai-tranh-luan-co-luy-31bd42eb753.html,1
VIỆT NAM NÊN LÀM GÌ KHI TRUNG CỘNG TIẾP TỤC 'GÂY SỰ' Ở BÃI TƯ CHÍNH? (Lê Đình Bì),https://www.khoi8406.com/post/nhanquyenchovn/viet-nam-nen-lam-gi-khi-trung-cong-tiep-6f7b0e33270.html,1
CHỖ CHƯA ĐỒNG Ý TRONG BÀI VIẾT CỦA NHÀ VĂN PHẠM ĐÌNH TRỌNG (Dương Tự Lập),https://www.khoi8406.com/post/nhanquyenchovn/cho-chua-ong-y-trong-bai-viet-cua-nha-702f234d8ed.html,1
ĐIỀU HỐI HẬN NHẤT CỦA EINSTEIN (Nguyễn Đắc Kiên),https://www.khoi8406.com/post/nhanquyenchovn/ieu-hoi-han-nhat-cua-einstein-nguyen-ac-8d366646f88.html,1
NGƯỜI VIỆT 'KHÔNG LƯỜI' MÀ SAO . . . TỆ THẾ? (Nguyễn Hùng),https://www.khoi8406.com/post/nhanquyenchovn/nguoi-viet-khong-luoi-ma-sao-te-nguyen-fa202dcdb0a.html,1
"VÌ SAO VIỆT QUỐC CHỐNG CỘNG, TỪ KHI NÀO & CHO ĐẾN BAO GIỜ? (Thiện Ý)",https://www.khoi8406.com/post/nhanquyenchovn/vi-sao-viet-quoc-chong-cong-tu-khi-nao-b0f73ba4594.html,1
CÁCH MẠNG THÁNG TÁM & BA ĐIỀU XÉT LẠI (Võ Văn Quản - Luật Khoa),https://www.khoi8406.com/post/nhanquyenchovn/cach-mang-thang-tam-ba-ieu-xet-lai-vo-c1bdf1191e1.html,1
NÓI DÓC VƯỢT CHỈ TIÊU (Phạm Trần),https://www.khoi8406.com/post/nhanquyenchovn/noi-doc-vuot-chi-tieu-pham-tran-86d545a1cd1.html,1
"KIẾN, CHUỘT VÀ RUỒI CỦA NGUYỄN QUANG LẬP (Lã Nguyên)",https://www.khoi8406.com/post/nhanquyenchovn/kien-chuot-va-ruoi-cua-nguyen-quang-lap-a5080344a64.html,1
MẠNG XÃ HỘI VIỆT NAM (Phan Dương Hiệu),https://www.khoi8406.com/post/nhanquyenchovn/mang-xa-hoi-viet-nam-phan-duong-hieu-64544897252.html,1
GIÁO HỌ CON CUÔNG : LINH MỤC KHỞI KIỆN CHỦ TỊCH ỦY BAN NHÂN DÂN (J.B Nguyễn Hữu Vinh),https://www.khoi8406.com/post/nhanquyenchovn/giao-ho-con-cuong-linh-muc-khoi-kien-25db07636db.html,1
NHỮNG MÓN QUÀ KHỐN NẠN (S.T.T.D Tưởng Năng Tiến),https://www.khoi8406.com/post/nhanquyenchovn/nhung-mon-qua-khon-nan-sttd-tuong-nang-f221d576d3a.html,1
NHÀ CẦM QUYỀN BÀ RỊA - VŨNG TÀU NGĂN CẢN HT THÍCH KHÔNG TÁNH CỬ HÀNH ĐẠI LỄ VU LAN (Tam Ân),https://www.khoi8406.com/post/nhanquyenchovn/nha-cam-quyen-ba-ria-vung-tau-ngan-can-386f454e6c1.html,1
PHẢN BIỆN MỘT BÀI BÁO (Nguyễn Đình Cống),https://www.khoi8406.com/post/nhanquyenchovn/phan-bien-mot-bai-bao-nguyen-inh-cong-09298933afd.html,1
BẢN TIN NGÀY 15-8-2019 (Báo Tiếng Dân),https://www.khoi8406.com/post/nhanquyenchovn/ban-tin-ngay-15-8-2019-bao-tieng-dan-d4e7f948fdf.html,1
ĐIỂM TIN NGÀY 15/08/2019 (Tin Tức Hàng Ngày),https://www.khoi8406.com/post/nhanquyenchovn/iem-tin-ngay-15082019-tin-tuc-hang-ngay-6fa05d3fae1.html,1
LUẬT SƯ NGƯỜI MỸ GỐC VIỆT NÓI GÌ VỀ QUY ĐỊNH NHẬP CƯ MỚI CỦA TRUMP? (BBC Tiếng Việt),https://www.khoi8406.com/post/nhanquyenchovn/luat-su-nguoi-my-goc-viet-noi-gi-ve-quy-9a56d01f302.html,1
LÃI SUẤT VAY 2 NĂM CAO HƠN VAY 10 NĂM : DẤU HIỆU KINH TẾ MỸ SUY THOÁI (Trọng Thành - RFI),https://www.khoi8406.com/post/nhanquyenchovn/lai-suat-vay-2-nam-cao-hon-vay-10-nam-e052af01961.html,1
TẠI SAO HỒNG KÔNG KHÔNG THÀNH THIÊN AN MÔN? (Ngô Nhân Dụng),https://www.khoi8406.com/post/nhanquyenchovn/tai-sao-hong-kong-khong-thanh-thien-mon-6c0905a4f3e.html,1
BIỂN ĐÔNG KHỦNG HOẢNG LẦN 2 : ĐỐI ĐẦU TẠI BÃI TƯ CHÍNH LEO THANG (Nguyễn Quang Dy),https://www.khoi8406.com/post/nhanquyenchovn/bien-ong-khung-hoang-lan-2-oi-au-tai-64a2c6aef55.html,1
CHIẾN TRANH LẠNH HÔM QUA CHO THẤY LÀM THẾ NÀO ĐỂ ĐÁNH BẠI TRUNG QUỐC HÔM NAY (Stephen M. Walt | Foreign Policy),https://www.khoi8406.com/post/nhanquyenchovn/chien-tranh-lanh-hom-qua-cho-thay-lam-457429afc18.html,1
CUỘC CHẠY ĐUA TRANH GIÀNH NGUỒN CÁT THIÊN NHIÊN (Thanh Hà - RFI),https://www.khoi8406.com/post/nhanquyenchovn/cuoc-chay-ua-tranh-gianh-nguon-cat-4e1da01974e.html,1
Nói dóc vượt chỉ tiêu,https://www.khoi8406.com/post/danlambaovn/noi-doc-vuot-chi-tieu-d6bb4de096b.html,1
Tàu hải cảnh Trung Quốc truy đuổi tàu cá Việt Nam tại Trường Sa,https://www.khoi8406.com/post/danlambaovn/tau-hai-canh-trung-quoc-truy-uoi-tau-ca-9844f0dd1a9.html,1
VUI THÚ ĐỂ ĐI VÀO CHỖ CHẾT (Hoàng Thủy Ngữ - Danlambao),https://www.khoi8406.com/post/nhanquyenchovn/vui-thu-e-i-v-ao-cho-chet-hoang-thuy-aa83651476a.html,1
Chuyện đảng đạo đức của Hồ Chí Minh: Thằng mua dâm ngồi xử đứa hiếp dâm,https://www.khoi8406.com/post/danlambaovn/chuyen-ang-ao-uc-cua-ho-chi-minh-thang-4d66f746464.html,1
CUỘC VIẾNG THĂM CỦA CÔNG AN (Phạm Đình Trọng),https://www.khoi8406.com/post/nhanquyenchovn/cuoc-vieng-tham-cua-cong-pham-inh-trong-a82044d4649.html,1
VẾT XĂM TRÊN TRÁN (Đỗ Ngà),https://www.khoi8406.com/post/nhanquyenchovn/vet-xam-tren-tran-o-nga-36e6d44a42d.html,1
KHI DÂN TỘC TRƯỞNG THÀNH (Nguyễn Lân Thắng),https://www.khoi8406.com/post/nhanquyenchovn/khi-dan-toc-truong-thanh-nguyen-lan-a3eb6559623.html,1
"RAGLAI ƠI, ĐỪNG KHÓC! (Châu Thị Phan)",https://www.khoi8406.com/post/nhanquyenchovn/raglai-oi-ung-khoc-chau-thi-phan-af8590f27c8.html,1
Phóng viên Tư nghèo phỏng vấn Nguyễn Thị Kim Ngân,https://www.khoi8406.com/post/danlambaovn/phong-vien-tu-ngheo-phong-van-nguyen-6e848aaef54.html,1
Vui thú để đi vào chỗ chết,https://www.khoi8406.com/post/danlambaovn/vui-thu-e-i-vao-cho-chet-b903c395691.html,1
2 con số nói lên bản chất của chế độ quan tham,https://www.khoi8406.com/post/danlambaovn/2-con-so-noi-len-ban-chat-cua-che-o-b627812ebcd.html,1
"Dân oan Thủ Thiêm sẽ được bồi thường theo ""giá thị trường""",https://www.khoi8406.com/post/danlambaovn/dan-oan-thu-thiem-se-uoc-boi-thuong-b33f442d85f.html,1
Bắc Kinh nói gì về Hà Nội trên truyền thông của họ?!,https://www.khoi8406.com/post/danlambaovn/bac-kinh-noi-gi-ve-ha-noi-tren-truyen-1548b7a8786.html,1
Lê Thanh Hải và đàn em trước tối hậu thư đòi nợ 26.300 tỷ đồng của phe chủ lò,https://www.khoi8406.com/post/danlambaovn/le-thanh-hai-va-em-truoc-toi-hau-thu-oi-d0a75f75d00.html,1
Mừng bác chết!,https://www.khoi8406.com/post/danlambaovn/mung-bac-chet-069f1f74882.html,1
Hồng Kông & Budapest,https://www.khoi8406.com/post/danlambaovn/hong-kong-budapest-e09cf97ce25.html,1
GIẶC LÀ AI? AI LÀ GIẶC? (Nguyễn Thùy Dương),https://www.khoi8406.com/post/nhanquyenchovn/giac-la-ai-ai-la-giac-nguyen-thuy-duong-d4f1f9eee2e.html,1
BẢN TIN NGÀY 13-8-2019 (Báo Tiếng Dân),https://www.khoi8406.com/post/nhanquyenchovn/ban-tin-ngay-13-8-2019-bao-tieng-dan-8b89b93a255.html,1
ĐIỂM TIN NGÀY 14/08/2019 (Tin Tức Hàng Ngày),https://www.khoi8406.com/post/nhanquyenchovn/iem-tin-ngay-14082019-tin-tuc-hang-ngay-18be349da7c.html,1
CHUYÊN GIA BIỂN ĐÔNG : TRUNG QUỐC SẼ QUẦN NÁT BÃI TƯ CHÍNH & KÉO GIÀN KHOAN VÀO (tổng hợp),https://www.khoi8406.com/post/nhanquyenchovn/chuyen-gia-bien-ong-trung-quoc-se-quan-47f5d3976f1.html,1
VIỆT NAM : 'BÃI TƯ CHÍNH' & CƠ HỘI THOÁT TRUNG (Phạm Quý Thọ),https://www.khoi8406.com/post/nhanquyenchovn/viet-nam-bai-tu-chinh-co-hoi-thoat-1749e2be8ea.html,1
CHUYỆN GÌ XẢY RA KHI THẾ GIỚI KHÔNG CÒN TRÔNG CẬY ĐƯỢC VÀO MỸ? (Lê Phan),https://www.khoi8406.com/post/nhanquyenchovn/chuyen-gi-xay-ra-khi-gioi-khong-con-22672401579.html,1
MỸ : DONALD TRUMP BẮT ĐẦU NHẮM VÀO NGƯỜI NHẬP CƯ HỢP PHÁP (tổng hợp),https://www.khoi8406.com/post/nhanquyenchovn/my-donald-trump-bat-au-nham-vao-nguoi-79418f4f925.html,1
GIẢI PHÁP THIÊN AN MÔN CHO HỒNG KÔNG? (Minxin Pei - Project Syndicate),https://www.khoi8406.com/post/nhanquyenchovn/giai-phap-thien-mon-cho-hong-kong-348c78dd4a3.html,1
HONG KONG: KHI CÁC NƯỚC LỚN QUAY LƯNG VỚI DÂN CHỦ (Trịnh Hữu Long),https://www.khoi8406.com/post/nhanquyenchovn/hong-kong-khi-cac-nuoc-lon-quay-lung-08d9799fe85.html,1
"Công an, Quân đội gặp nhau chỉ tính chuyện ác với dân",https://www.khoi8406.com/post/danlambaovn/cong-quan-oi-gap-nhau-chi-tinh-chuyen-386e879401f.html,1
Lại bị hố!!!,https://www.khoi8406.com/post/danlambaovn/lai-bi-ho-861715ce024.html,1
Chui vào rồi sẽ chui ra...,https://www.khoi8406.com/post/danlambaovn/chui-vao-roi-se-chui-ra-bbe097f9179.html,1
"Tại sao đảo Phú Quốc lại bị lụt ""lịch sử""?",https://www.khoi8406.com/post/danlambaovn/tai-sao-ao-phu-quoc-lai-bi-lut-lich-su-285a703231b.html,1
TRÍ THỨC TRẺ & THỜI CUỘC VIỆT NAM : HỌ LÀ AI? (RFA),https://www.khoi8406.com/post/nhanquyenchovn/tri-thuc-tre-thoi-cuoc-viet-nam-ho-la-65033734025.html,1
CỘNG SẢN VIỆT NAM CẦN TỪ BỎ ẢO TƯỞNG DỰA NGA CHỐNG TÀU (Trung Nguyễn),https://www.khoi8406.com/post/nhanquyenchovn/cong-san-viet-nam-can-tu-bo-ao-tuong-0f5cb0a01ac.html,1
KHÔNG CÓ PHE THÂN TÀU - CHẲNG CÓ PHE THÂN MỸ - CHỈ RẶT MỘT BỌN THAM LAM CƠ HỘI (Nguyễn Anh Tuấn),https://www.khoi8406.com/post/nhanquyenchovn/khong-co-phe-than-tau-chang-co-phe-than-5f1fead3444.html,1
HÀ VĂN NAM – NGƯỜI TÙ KIỆT XUẤT (Larry De King),https://www.khoi8406.com/post/nhanquyenchovn/ha-van-nam-nguoi-tu-kiet-xuat-larry-de-1c604a4a074.html,1
Nguyễn Phú Trọng chống lưng cho Nguyễn Đức Chung?,https://www.khoi8406.com/post/danlambaovn/nguyen-phu-trong-chong-lung-cho-nguyen-91392fffebb.html,1
BẢN TIN NGÀY 13-8-2019 (Báo Tiếng Dân),https://www.khoi8406.com/post/nhanquyenchovn/iem-tin-ngay-13082019-tin-tuc-hang-ngay_13-0f521952198.html,1
Kinh hoàng Đường sắt Cát Linh-Hà Đông và kết luận cho Đường Cao tốc Bắc-Nam,https://www.khoi8406.com/post/danlambaovn/kinh-hoang-uong-sat-cat-linh-ha-ong-va-8dd56563054.html,1
Thắng lợi của Nguyễn Thanh Nghị tại Phú Quốc,https://www.khoi8406.com/post/danlambaovn/thang-loi-cua-nguyen-thanh-nghi-tai-phu-4e14c10b805.html,1
Khoảnh khắc với di chúc đẫm máu của bác Hồ,https://www.khoi8406.com/post/danlambaovn/khoanh-khac-voi-di-chuc-am-mau-cua-bac-622a5c9deb7.html,1
Trận cờ vây!,https://www.khoi8406.com/post/danlambaovn/tran-co-vay-484a69753a0.html,1
Trung Quốc không hề rút ra khỏi vùng đặc quyền kinh tế của Việt Nam,https://www.khoi8406.com/post/danlambaovn/trung-quoc-khong-he-rut-ra-khoi-vung-ac-c24d063578a.html,1
Từ đụng độ bãi Tư Chính nhận diện số phận cộng sản Việt Nam!,https://www.khoi8406.com/post/danlambaovn/tu-ung-o-bai-tu-chinh-nhan-dien-so-phan-d359a32fe17.html,1
ĐIỂM TIN NGÀY 13/08/2019 (Tin Tức Hàng Ngày),https://www.khoi8406.com/post/nhanquyenchovn/iem-tin-ngay-13082019-tin-tuc-hang-ngay-f30e656cd98.html,1
Chúng đều cùng một giuộc như nhau,https://www.khoi8406.com/post/danlambaovn/chung-eu-cung-mot-giuoc-nhu-nhau-397601be47b.html,1
Ma đầu Nguyễn Phú Trọng,https://www.khoi8406.com/post/danlambaovn/ma-au-nguyen-phu-trong-5aa2cf668ce.html,1
ĐIỂM SÁCH : BECOMING CỦA CỰU ĐỆ NHẤT PHU NHÂN MICHELLE OBAMA (nhà báo Nguyễn Kiến Phước),https://www.khoi8406.com/post/nhanquyenchovn/iem-sach-becoming-cua-cuu-e-nhat-phu-28f380e00d6.html,1
VIỆC ĐỘT NHẬP CỦA TRUNG QUỐC VÀO VÙNG ĐẶC QUYỀN KINH TẾ CỦA VIỆT NAM VÀ CÁC BÀI HỌC TỪ QUÁ KHỨ (Lê Thu Hường - AMTI),https://www.khoi8406.com/post/nhanquyenchovn/viec-ot-nhap-cua-trung-quoc-vao-vung-ac-e7b26cd6b52.html,1
NỀN KINH TẾ THIẾU HỤT CỦA TRUMP (Joseph E. Stiglitz - Project Syndicate),https://www.khoi8406.com/post/nhanquyenchovn/nen-kinh-gtees-thieu-hut-cua-trump-74a59fa490a.html,1
"NGHI VẤN VỀ CÁI CHẾT CỦA JEFFREY EPSTEIN, NGƯỜI BẠN THÂN NHIỀU THẬP NIÊN CỦA TT DONALD TRUMP (Thạch Đạt Lang)",https://www.khoi8406.com/post/nhanquyenchovn/nghi-van-ve-cai-chet-cua-jeffrey-47813b9bb0d.html,1
GIÁM SÁT & SỈ NHỤC (René Raphaël & Ling Xi - Le Monde Diplomatique),https://www.khoi8406.com/post/nhanquyenchovn/giam-sat-si-nhuc-rene-raphael-ling-xi-32618beecf7.html,1
"""BỘ TRỪ MA"" & CHỨNG ""NGÁO NGHỊ ĐỊNH"" (Nguyễn Văn Chiến)",https://www.khoi8406.com/post/nhanquyenchovn/bo-tru-ma-chung-ngao-nghi-inh-nguyen-39272fcff8a.html,1
ĐẢNG CSVN ĐÃ LÀM ĐƯỢC GÌ CHO DÂN? (S.T.T.D Tưởng Năng Tiến),https://www.khoi8406.com/post/nhanquyenchovn/ang-csvn-lam-uoc-gi-cho-dan-sttd-tuong-987d52479ff.html,1
Nguyễn Thị Kim Ngân: Chỉ mình mình là Ngân hàng Nhà nước!,https://www.khoi8406.com/post/danlambaovn/nguyen-thi-kim-ngan-chi-minh-minh-la-1a6c4b3b351.html,1
CHỈ CÒN THIẾU QUY HOẠCH . . . ÁN TỬ HÌNH (Trân Văn),https://www.khoi8406.com/post/nhanquyenchovn/chi-con-thieu-quy-hoach-tu-hinh-tran-van-acd6062f979.html,1
TÔI ĐÃ RA KHỎI ĐẢNG (Trần Thanh Tuấn),https://www.khoi8406.com/post/nhanquyenchovn/toi-ra-khoi-ang-tran-thanh-tuan-db68bf1b563.html,1
BI KỊCH RẤT ĐẸP (Mai Quốc Ấn),https://www.khoi8406.com/post/nhanquyenchovn/bi-kich-rat-ep-mai-quoc-an-35200daa7ef.html,1
Chuyện xảy ra ở cửa khẩu Việt-Tàu và thân phận chư hầu,https://www.khoi8406.com/post/danlambaovn/chuyen-xay-ra-o-cua-khau-viet-tau-va-1c23f64a332.html,1
Thiên tài đảng ta: Thu nhập bình quân của VN tăng nhờ vào... cách tính mới!,https://www.khoi8406.com/post/danlambaovn/thien-tai-ang-ta-thu-nhap-binh-quan-cua-81bdd930611.html,1
"Tuyên truyền để trục lợi là độc quyền của đảng - Cấm mạo danh, lợi dụng!",https://www.khoi8406.com/post/danlambaovn/tuyen-truyen-e-truc-loi-la-oc-quyen-cua-d8b1db4f535.html,1
Liệu Bắc Kinh sẽ huy động quân đội tấn công người dân biểu tình tại Hong Kong?,https://www.khoi8406.com/post/danlambaovn/lieu-bac-kinh-se-tan-cong-nguoi-dan-3784500e024.html,1
BẢN TIN NGÀY 12-8-2019 (Báo Tiếng Dân),https://www.khoi8406.com/post/nhanquyenchovn/ban-tin-ngay-12-8-2019-bao-tieng-dan-4aa54bc44a7.html,1
Khỉ cũng chào thua!,https://www.khoi8406.com/post/danlambaovn/khi-cung-chao-thua-7d38fe351c0.html,1
ĐIỂM TIN NGÀY 12/08/2019 (Tin Tức Hàng Ngày),https://www.khoi8406.com/post/nhanquyenchovn/iem-tin-ngay-12082019-tin-tuc-hang-ngay-f9ab257d3c1.html,1
MẠNG LƯỚI LIÊN KẾT HẬU HOA KỲ (Anne-Marie Slaughter & Elina Ribakova),https://www.khoi8406.com/post/nhanquyenchovn/mang-luoi-lien-ket-hau-hoa-ky-anne-294eabf1806.html,1
TẬP CẬN BÌNH & BÀI HỌC CÁ NHÂN QUYỀN LỰC (Nguyễn Hiền - VNTB),https://www.khoi8406.com/post/nhanquyenchovn/tap-can-binh-bai-hoc-ca-nhan-quyen-luc-87b79fbda49.html,1
Giám sát và sỉ nhục,https://www.khoi8406.com/post/danlambaovn/giam-sat-va-si-nhuc-5ee44a28238.html,1
Một khúc ruột gần,https://www.khoi8406.com/post/danlambaovn/mot-khuc-ruot-gan-60ef71f8eb2.html,1
Dân Biểu Andrew Hastie và những đế quốc của tội ác,https://www.khoi8406.com/post/danlambaovn/dan-bieu-andrew-hastie-va-nhung-e-quoc-9cd05697d5a.html,1
Các tướng lãnh hãy cùng toàn dân diệt trừ tên Thái thú Nguyễn Phú Trọng cùng bè lũ tay sai cho Trung cộng,https://www.khoi8406.com/post/danlambaovn/cac-tuong-lanh-hay-cung-toan-dan-diet-eb8e147ad2c.html,1
"Dân chủ và Độc tài, ai sẽ thắng?",https://www.khoi8406.com/post/danlambaovn/dan-chu-va-oc-tai-ai-se-thang-20860a90dbb.html,1
Các quan chức và tư bản đỏ với những bãi rác thành Hồ,https://www.khoi8406.com/post/danlambaovn/cac-quan-chuc-va-tu-ban-o-voi-nhung-bai-2545466a8a5.html,1
Nỗ lực bảo vệ môi trường vĩ đại của Cuốc hội đảng ta!,https://www.khoi8406.com/post/danlambaovn/no-luc-bao-ve-moi-truong-vi-ai-cua-cuoc-7b7077eaec7.html,1
"'TỔ QUỐC', MỘT KẾT HỢP BỀN VỮNG VÀ TRỌN VẸN (Việt Hoàng - Thông Luận)",https://www.khoi8406.com/post/nhanquyenchovn/to-quoc-mot-ket-hop-ben-vung-va-tron-5978407697b.html,1
YÊU NƯỚC THÌ NÊN LÀM GÌ? (Phạm Phú Khải),https://www.khoi8406.com/post/nhanquyenchovn/yeu-nuoc-thi-nen-lam-gi-pham-phu-khai-42df34abf14.html,1
"CHÚNG TA KHÔNG THỂ MẤT BIỂN, ĐẢO ĐƯỢC (Nguyễn Trường Giang)",https://www.khoi8406.com/post/nhanquyenchovn/chung-ta-khong-mat-bien-ao-uoc-nguyen-2b0527fe3bf.html,1
"“QUÁ MẠO HIỂM, QUÁ RỦI RO, QUÁ KHỜ DẠI” (Nguyễn Ngọc Dương thực hiện)",https://www.khoi8406.com/post/nhanquyenchovn/qua-mao-hiem-qua-rui-ro-qua-kho-dai-812d1931662.html,1
VÌ SAO CHÍNH THỂ VIỆT NAM HỚN HỞ 'TÔN TRỌNG TỰ DO HÀNG HẢI Ở BIỂN ĐÔNG'? (Thường Sơn - VNTB),https://www.khoi8406.com/post/nhanquyenchovn/vi-sao-chinh-viet-nam-hon-ho-ton-trong-9b0d32b2570.html,1
LÀM BÁO KHÔNG DỄ (Trung Bảo - FB Báo chí sạch),https://www.khoi8406.com/post/nhanquyenchovn/lam-bao-khong-de-trung-bao-fb-bao-chi-c5f54deaeca.html,1
"Khi các ""đầy tớ của nhân dân"" xem bóng chuyền",https://www.khoi8406.com/post/danlambaovn/khi-cac-ay-to-cua-nhan-dan-xem-bong-6390c6ab484.html,1
Thấy gì qua việc Nguyễn Thanh Nghị đề nghị Nguyễn Xuân Phúc ngưng quy hoạch Phú Quốc thành đặc khu,https://www.khoi8406.com/post/danlambaovn/thay-gi-qua-viec-nguyen-thanh-nghi-e-12db584d9a5.html,1
Anh Nhật chơi anh Chung!,https://www.khoi8406.com/post/danlambaovn/anh-nhat-choi-anh-chung-c72ac346589.html,1
Hàng không mẫu hạm USS Ronald Reagan với thông điệp gửi Bắc Kinh,https://www.khoi8406.com/post/danlambaovn/hang-khong-mau-ham-uss-ronald-reagan-02d0715e1f0.html,1
Chiến thuật của Trung Cộng và phản ứng của người dân Hong Kong,https://www.khoi8406.com/post/danlambaovn/chien-thuat-cua-trung-cong-va-phan-ung-669997dedee.html,1
Công an và Quân đội trong vòng tay của thái thú Tổng Tịch Nguyễn Phú Trọng và mưu đồ xâm lược của bá quyền phương Bắc,https://www.khoi8406.com/post/danlambaovn/cong-va-quan-oi-trong-vong-tay-cua-thai-d602a41a51d.html,1
ĐIỂM TIN NGÀY 11/08/2019 (Tin Tức Hàng Ngày),https://www.khoi8406.com/post/nhanquyenchovn/iem-tin-ngay-11082019-tin-tuc-hang-ngay-73d4c23a34a.html,1
"HÀNH TRÌNH LÊN HỎA TINH, TƯƠNG LAI NHÂN LOẠI (Việt Nguyên)",https://www.khoi8406.com/post/nhanquyenchovn/hanh-trinh-len-hoa-tinh-tuong-lai-nhan-739697af253.html,1
"Việt Nam - Càng chống ngập càng lụt khắp nơi, vì sao?",https://www.khoi8406.com/post/danlambaovn/viet-nam-cang-chong-ngap-cang-lut-khap-9752c16c2ae.html,1
Chuyện gì sẽ xảy ra tiếp ở khu vực bắc bãi Tư Chính - Vũng Mây?,https://www.khoi8406.com/post/danlambaovn/chuyen-gi-se-xay-ra-tiep-o-khu-vuc-bac-0aa49849718.html,1
'BÀI HÁT HÒA GIẢI' CỦA TRUMP (Nguyễn Đạt Thịnh),https://www.khoi8406.com/post/nhanquyenchovn/bai-hat-hoa-giai-cua-trump-nguyen-at-8af7dc14c40.html,1
CHIẾN TRANH THƯƠNG MẠI MỸ - TRUNG SẼ LEO THANG TỚI ĐÂU? (Trần Quốc Hùng),https://www.khoi8406.com/post/nhanquyenchovn/chien-tranh-thuong-mai-my-trung-se-leo-8c401deef53.html,1
BEIJING PHẢN CÔNG TRƯỚC SỰ LO NGẠI CỦA NEW ZEALAND VỀ VIỆC TRUNG HOA CAN THIỆP VÀO NỘI BỘ (Sam Sachdeva | The Newsroom),https://www.khoi8406.com/post/nhanquyenchovn/beijing-phan-cong-truoc-su-lo-ngai-cua-8082a3b5e82.html,1
Mong manh cánh hoa biển,https://www.khoi8406.com/post/danlambaovn/mong-manh-canh-hoa-bien-ebb5743c57f.html,1
ĐÃ ĐẾN LÚC VIỆT NAM NÊN XEM LẠI CHÍNH SÁCH 'BỐN KHÔNG' CỦA MÌNH? (Quốc Phương - BBC),https://www.khoi8406.com/post/nhanquyenchovn/a-en-luc-viet-nam-nen-xem-lai-chinh-edfeee5da3e.html,1
NHÓM NHÂN SĨ TRÍ THỨC SÀI GÒN BIỂU TÌNH CHỐNG TRUNG QUỐC (RFA),https://www.khoi8406.com/post/nhanquyenchovn/nhom-nhan-si-tri-thuc-sai-gon-bieu-tinh-71da0d2943a.html,1
TÙ NHÂN LƯƠNG TÂM HAY TÙ NHÂN CHÍNH TRỊ? (Lê Thị Kim Thu - Danlambao),https://www.khoi8406.com/post/nhanquyenchovn/tu-nhan-luong-tam-hay-tu-nhan-chinh-tri-a88ac683f1f.html,1
Con người và Văn chương,https://www.khoi8406.com/post/danlambaovn/con-nguoi-va-van-chuong-88884830db2.html,1
ĐI CHỖ KHÁC CHƠI hay ĐÔI ĐIỀU VỚI VĂN VIỆT (Phạm Đình Trọng),https://www.khoi8406.com/post/nhanquyenchovn/i-cho-khac-choi-hay-oi-ieu-voi-van-viet-77894afcb1c.html,1
BÚT NÔ SỢ GÌ? (Trương Châu Hữu Danh),https://www.khoi8406.com/post/nhanquyenchovn/but-no-so-gi-truong-chau-huu-danh-64c4a935790.html,1
Đi chỗ khác chơi (đôi điều với Văn Việt),https://www.khoi8406.com/post/danlambaovn/i-cho-khac-choi-oi-ieu-voi-van-viet-62efaa11753.html,1
"VÃN HỒI VĂN HÓA, ĐẠO ĐỨC XÃ HỘI & THỰC HÀNH DÂN CHỦ (Mai Nam Thắng & Phan Hồng Giang vấn đáp)",https://www.khoi8406.com/post/nhanquyenchovn/van-hoi-van-hoa-ao-uc-xa-hoi-thuc-hanh-ea01d7c4aea.html,1
Anh Chung yêu nước...,https://www.khoi8406.com/post/danlambaovn/anh-chung-yeu-nuoc-79d2b59b6b3.html,1
"Tàu khựa đã rút, bất chiến tự nhiên thành!",https://www.khoi8406.com/post/danlambaovn/tau-khua-rut-bat-chien-tu-nhien-thanh-1e7b866571e.html,1
BẢN TIN NGÀY 10/08/2019 (Báo Tiếng Dân),https://www.khoi8406.com/post/nhanquyenchovn/ban-tin-ngay-10082019-bao-tieng-dan-3df574358b1.html,1
ĐIỂM TIN NGÀY 10/08/2019 (Tin Tức Hàng Ngày),https://www.khoi8406.com/post/nhanquyenchovn/iem-tin-ngay-10082019-tin-tuc-hang-ngay-23a751029ad.html,1
Chỉ có những kẻ ngu hèn mới lo sợ trước những trò bá đạo của Trung cộng,https://www.khoi8406.com/post/danlambaovn/chi-co-nhung-ke-ngu-hen-moi-lo-so-truoc-1f20f8049e4.html,1
Sinh mạng của trẻ em Việt Nam,https://www.khoi8406.com/post/danlambaovn/sinh-mang-cua-tre-em-viet-nam-8c5426981df.html,1
"TONI MORRISON, NGƯỜI THAY ĐỔI DIỆN MẠO CỦA VĂN HỌC MỸ (Trần Doãn Nho)",https://www.khoi8406.com/post/nhanquyenchovn/toni-morrison-nguoi-thay-oi-dien-mao-5657238ef67.html,1
LÝ NGỌC HÀ - NGƯỜI MỞ ĐƯỜNG THẦM LẶNG (Phạm Thanh Nghiêm),https://www.khoi8406.com/post/nhanquyenchovn/ly-ngoc-ha-nguoi-mo-uong-tham-lang-pham-e120d70fb69.html,1
"KHÔNG CÓ ""SỰ PHÂN LY"" TRONG BAN VẬN ĐỘNG VĂN ĐOÀN ĐỘC LẬP (Nguyên Ngọc)",https://www.khoi8406.com/post/nhanquyenchovn/khong-co-su-phan-ly-trong-ban-van-ong-77a1814059c.html,1
CÔ GIÁO QUỲ TRƯỚC ỦY BAN TỈNH ĐẮK LẮK : HÌNH ẢNH ĐIỂN HÌNH PHÁN ÁNH NỖI TỦI NHỤC CỦA NGƯỜI DÂN VIỆT NAM (Nguyễn Tường Thụy),https://www.khoi8406.com/post/nhanquyenchovn/co-giao-quy-truoc-uy-ban-tinh-ak-lak-ac0d411f338.html,1
TRUNG QUỐC : CHIẾN LƯỢC DÙNG TÀU KHẢO CỨU ĐỂ ÁP ĐẶT CHỦ QUYỀN TRÊN BIỂN (Trọng Nghĩa - RFI),https://www.khoi8406.com/post/nhanquyenchovn/trung-quoc-chien-luoc-dung-tau-khao-cuu-5b32b485146.html,1
BIỂU TÌNH HAY KHÔNG BIỂU TÌNH (Tương Lai),https://www.khoi8406.com/post/nhanquyenchovn/bieu-tinh-hay-khong-bieu-tinh-tuong-lai-511e10c7ca0.html,1
BẢN TIN NGÀY 09/08/2019 (Báo Tiếng Dân),https://www.khoi8406.com/post/nhanquyenchovn/ban-tin-ngay-09082019-bao-tieng-dan-9e767684a19.html,1
Tù Nhân Lương Tâm hay Tù Nhân Chính Trị?,https://www.khoi8406.com/post/danlambaovn/tu-nhan-luong-tam-hay-tu-nhan-chinh-tri-18c3038ccbd.html,1
Chỉ là hạt bụi thôi,https://www.khoi8406.com/post/danlambaovn/chi-la-hat-bui-thoi-e0f7324e8f1.html,1
Bởi dốt nên hỏi: Vậy ai vĩ đại hơn ai?,https://www.khoi8406.com/post/danlambaovn/boi-dot-nen-hoi-vay-ai-vi-ai-hon-ai-efab2abd321.html,1
TIN & BÀI TỪ NGÀY 1 ĐẾN NGÀY 8/8/2019,https://www.khoi8406.com/post/nhanquyenchovn/tin-bai-tu-ngay-1-en-ngay-882019-a5f9f6d4c01.html,1
ĐIỂM TIN NGÀY 09/08/2019 (Tin Tức Hàng Ngày),https://www.khoi8406.com/post/nhanquyenchovn/iem-tin-ngay-09082019-tin-tuc-hang-ngay-63e2e4313e7.html,1
"""Thắng lợi"" của đảng ta tại Bãi Ươn Hèn",https://www.khoi8406.com/post/danlambaovn/thang-loi-cua-ang-ta-tai-bai-uon-hen-ae571daf878.html,1
"NHỮNG QUYỂN SÁCH KHÔNG KIỂM DUYỆT Ở VIỆT NAM BỊ AN NINH ""ĐÁNH"" RA SAO? (RFA)",https://www.khoi8406.com/post/nhanquyenchovn/nhung-quyen-sach-khong-kiem-duyet-o-7cd34abfb22.html,1
BÂY GIỜ TÔI MỚI BIẾT MỌI VIỆC Ở TRUNG QUỐC HÓA RA LÀ NHƯ VẬY (Mộ Lương Bác Khách Trương Kiến Hoa),https://www.khoi8406.com/post/nhanquyenchovn/bay-gio-toi-moi-biet-moi-viec-o-trung-2879e3a5563.html,1
KHỦNG BỐ 'DA TRẮNG ĐỘC TÔN' & MẠNG INTERNET (Lê Mạnh Hùng),https://www.khoi8406.com/post/nhanquyenchovn/khung-bo-da-trang-oc-ton-mang-internet-a47b868ff51.html,1
XÚC ĐỘNG CỦA NGƯỜI DI DÂN NAM MỸ (Nguyễn Đạt Thịnh),https://www.khoi8406.com/post/nhanquyenchovn/xuc-ong-cua-nguoi-di-dan-nam-my-nguyen-2c7284314d1.html,1
TẠI SAO TÌNH TRẠNG THÙ GHÉT VÌ CHỦNG TỘC TĂNG Ở MỸ? (Người Việt Online),https://www.khoi8406.com/post/nhanquyenchovn/tai-sao-tinh-trang-thu-ghet-vi-chung-db0323c8d1c.html,1
TRANH CỬ SƠ BỘ CỘNG HÒA (Cổ-Lũy),https://www.khoi8406.com/post/nhanquyenchovn/tranh-cu-so-bo-cong-hoa-co-luy-a49e3b90e3b.html,1
POMPEO LÀ KẺ DỐI TRÁ (Daniel Larison - The American Conservative),https://www.khoi8406.com/post/nhanquyenchovn/pompeo-la-ke-doi-tra-daniel-larison-a4c67808e3e.html,1
BIẾN ĐỔI KHÍ HẬU & AN NINH LƯƠNG THỰC : XEM LẠI CÁCH SỬ DỤNG ĐẤT ĐAI (Thu Hằng - RFI),https://www.khoi8406.com/post/nhanquyenchovn/bien-oi-khi-hau-ninh-luong-thuc-xem-lai-6d60ad16290.html,1
ẢNH HƯỞNG NHƯ THẾ NÀO CỦA NHỮNG NGƯỜI . . . CÓ SỨC ẢNH HƯỞNG? (Mạnh Kim),https://www.khoi8406.com/post/nhanquyenchovn/anh-huong-nhu-nao-cua-nhung-nguoi-co-60b4ded9cd2.html,1
NĂM MẮT HƠN MỘT MẮT? (Phạm Phú Khải),https://www.khoi8406.com/post/nhanquyenchovn/nam-mat-hon-mot-mat-pham-phu-khai-83990308ac3.html,1
"Hệ quả của chế độ cộng sản: Một đất nước vô vọng, một dân tộc thờ ơ, một tương lai mù mịt!",https://www.khoi8406.com/post/danlambaovn/he-qua-cua-che-o-cong-san-mot-at-nuoc-ecbf6280fd7.html,1
"HONG KONG, NHÌN TỪ TRUNG NAM HẢI (Kerry Brown - Inside Story)",https://www.khoi8406.com/post/nhanquyenchovn/hong-kong-nhin-tu-trung-nam-hai-kerry-3e61593bd5e.html,1
"VĂN HÓA BẢN ĐỊA VÀ NHU CẦU “VIỆT HÓA”: ĐIỀU KIỆN, ĐẶC ĐIỂM CỦA VIỆT NAM TRONG TIẾN TRÌNH LỊCH SỬ (Trần Ngọc Vương)",https://www.khoi8406.com/post/nhanquyenchovn/van-hoa-ban-ia-va-nhu-cau-viet-hoa-ieu-a19d7c8c294.html,1
NGUỒN GỐC NGƯỜI VIỆT : MỘT LƯỢC SỬ TƯ TƯỞNG (Trần Trọng Dương),https://www.khoi8406.com/post/nhanquyenchovn/nguon-goc-nguoi-viet-mot-luoc-su-tu-d8ca8e554bd.html,1
NGHIÊN CỨU LỚN NHẤT VỀ BỘ GEN CỦA NGƯỜI VIỆT CÓ GÌ ĐẶC BIỆT? (Hiền Anh - infonet),https://www.khoi8406.com/post/nhanquyenchovn/nghien-cuu-lon-nhat-ve-bo-gen-cua-nguoi-26b0f658ca2.html,1
GÓP Ý LS LÊ CÔNG ĐỊNH : VIỆT NAM CẦN 'KHAI NGUỒN NƯỚC ĐỌNG' (Nguyễn Quang Duy),https://www.khoi8406.com/post/nhanquyenchovn/gop-y-ls-le-cong-inh-viet-nam-can-khai-27e4731f6e5.html,1
Thêm một ngôi trường cho trẻ không trường,https://www.khoi8406.com/post/danlambaovn/them-mot-ngoi-truong-cho-tre-khong-f3b9a971735.html,1
Lời tự sự của Nghệ sĩ dương cầm Nguyễn Quang Hồng Ân,https://www.khoi8406.com/post/danlambaovn/loi-tu-su-cua-nghe-si-duong-cam-nguyen-4cf9a4f720a.html,1
"PHIM ""CHIẾN TRANH VIỆT NAM DƯỚI CÁI NHÌN CỦA CHÚNG TÔI"" : THÊM NỖ LỰC NÓI LÊN SỰ THẬT (Tường An)",https://www.khoi8406.com/post/nhanquyenchovn/phim-chien-tranh-viet-nam-duoi-cai-nhin-f1d3a4bd4bf.html,1
Hầu chuyện cùng độc giả về người CSVN cấp thấp,https://www.khoi8406.com/post/danlambaovn/hau-chuyen-cung-oc-gia-ve-nguoi-csvn-b954c464e32.html,1
"Xung đột bãi Tư Chính - Trung Cộng dương Đông, kích Tây?!",https://www.khoi8406.com/post/danlambaovn/xung-ot-bai-tu-chinh-trung-cong-duong-176520e6c7c.html,1
Tư Chính - Dân tộc và sự thờ ơ!,https://www.khoi8406.com/post/danlambaovn/tu-chinh-dan-toc-va-su-tho-o-c59fb8da641.html,1
“Mẹ già dân tộc” Việt Nam là ai?,https://www.khoi8406.com/post/danlambaovn/me-gia-dan-toc-viet-nam-la-ai-6ac982f6c92.html,1
Cái bẫy,https://www.khoi8406.com/post/danlambaovn/cai-bay-fc64be80048.html,1
VỤ PHỞ HÒA : KHI CÔNG AN BÓ TAY TRƯỚC CÔN ĐỒ (Trân Văn),https://www.khoi8406.com/post/nhanquyenchovn/vu-pho-hoa-khi-cong-bo-tay-truoc-con-o-1798d1d38f5.html,1
NGẬM HỌNG LẠI ĐI! (Nguyễn Thùy Dương),https://www.khoi8406.com/post/nhanquyenchovn/ngam-hong-lai-i-nguyen-thuy-duong-3acc9617122.html,1
TIN BIỂN ĐÔNG NGÀY 8-8-2019 (Báo Tiếng Dân),https://www.khoi8406.com/post/nhanquyenchovn/tin-bien-ong-ngay-8-8-2019-bao-tieng-dan-38ca2d8ff57.html,1
ĐIỂM TIN NGÀY 08/08/2019 (Tin Tức Hàng Ngày),https://www.khoi8406.com/post/nhanquyenchovn/iem-tin-ngay-08082019-tin-tuc-hang-ngay-a3184ae8444.html,1
MÔ HÌNH CƯỚP ĐẤT TẠI VIỆT NAM (Trịnh Bá Phương),https://www.khoi8406.com/post/nhanquyenchovn/mo-hinh-cuop-at-tai-viet-nam-trinh-ba-db9d7fe8071.html,1
SAU 44 NĂM HÀ NỘI VẪN CHƯA ĐUỔI KỊP SÀI GÒN (Huỳnh Ngọc Chênh),https://www.khoi8406.com/post/nhanquyenchovn/sau-44-nam-ha-noi-van-chua-uoi-kip-sai-76c478cc188.html,1
HẬU QUẢ CỦA CHÍNH SÁCH ĐỐI NGOẠI “ĐU DÂY” VÀ QUỐC PHÒNG “BA KHÔNG” (Trần Trung Đạo),https://www.khoi8406.com/post/nhanquyenchovn/hau-qua-cua-chinh-sach-oi-ngoai-u-day-82c92a2b05b.html,1
Gánh nặng trên vai Đ/C,https://www.khoi8406.com/post/danlambaovn/ganh-nang-tren-vai-c-d1dfae1f67d.html,1
Nợ tồn đọng DA nâng cấp QL 1A năm 1997,https://www.khoi8406.com/post/danlambaovn/no-ton-ong-da-nang-cap-ql-1a-nam-1997-88ee2548238.html,1
Chuyện một chiếc cầu đã cũ,https://www.khoi8406.com/post/danlambaovn/chuyen-mot-chiec-cau-cu-4053e0f86fb.html,1
BẢN TIN NGÀY 7-8-2019 (Báo Tiếng Dân),https://www.khoi8406.com/post/nhanquyenchovn/ban-tin-ngay-7-8-2019-bao-tieng-dan-5853fd8192e.html,1
ĐIỂM TIN NGÀY 07/08/2019 (Tin Tức Hàng Ngày),https://www.khoi8406.com/post/nhanquyenchovn/iem-tin-ngay-07082019-tin-tuc-hang-ngay-3ee9d572b91.html,1
Luận bàn về chiến dịch chống tham nhũng hiện nay,https://www.khoi8406.com/post/danlambaovn/luan-ban-ve-chien-dich-chong-tham-nhung-8a2d8929491.html,1
"Kêu gọi toàn dân đi chết, ĐCSVN đừng hòng",https://www.khoi8406.com/post/danlambaovn/keu-goi-toan-dan-i-chet-csvn-ung-hong-30fb87049df.html,1
Cập nhật tình hình biển đông ở bãi Tư Chính,https://www.khoi8406.com/post/danlambaovn/cap-nhat-tinh-hinh-bien-ong-o-bai-tu-4298539c189.html,1
"Truyện ngắn: Người Việt ""mới""",https://www.khoi8406.com/post/danlambaovn/truyen-ngan-nguoi-viet-moi-d27b79fa6fe.html,1
TIN BỊA ĐẶT : NỖI KHỔ CỦA NHÀ BÁO! (Lê Phan),https://www.khoi8406.com/post/nhanquyenchovn/tin-bia-at-noi-kho-cua-nha-bao-le-phan-248f1b6250c.html,1
CHÍNH QUYỀN TRUMP VUNG 28 TỶ ĐÔLA TRỢ CẤP CHO NÔNG DÂN GIỮA THƯƠNG CHIẾN MỸ - TRUNG (Phạm Minh Trung - Luật Khoa),https://www.khoi8406.com/post/nhanquyenchovn/chinh-quyen-trump-vung-28-ty-ola-tro-5dc0ffa03a4.html,1
OBAMA : HÃY KHƯỚC TỪ NHỮNG LÃNH ĐẠO KHƠI MÀO HẬN THÙ SẮC TỘC (BBC & VOA),https://www.khoi8406.com/post/nhanquyenchovn/obama-hay-khuoc-tu-nhung-lanh-ao-khoi-8fcb7b70d86.html,1
"HOA KỲ CÁO BUỘC TRUNG QUỐC LÀ QUỐC GIA ""THAO TÚNG TIỀN TỆ"" (RFI & BBC)",https://www.khoi8406.com/post/nhanquyenchovn/hoa-ky-cao-buoc-trung-quoc-la-quoc-gia-aca4a07b5b7.html,1
NGHĨ GÌ SAU SỰ PHÂN LY TRONG VĂN ĐOÀN VĂN VIỆT? (Hà Sĩ Phu - Văn Việt),https://www.khoi8406.com/post/nhanquyenchovn/nghi-gi-sau-su-phan-ly-trong-van-oan-8b6b65aa0db.html,1
“MẤT NƯỚC” (tổng hợp),https://www.khoi8406.com/post/nhanquyenchovn/mat-nuoc-tong-hop-d61fe314141.html,1
"THÔNG ĐIỆP KHÔNG THỂ RÕ RÀNG HƠN, TỪ CÁC BÊN (Phạm Đoan Trang)",https://www.khoi8406.com/post/nhanquyenchovn/thong-iep-khong-ro-rang-hon-tu-cac-ben-d9bcf8cf32f.html,1
NƯỚC YẾU THÌ GIẶC ĐẾN NHÀ (Nguyễn Lân Thắng),https://www.khoi8406.com/post/nhanquyenchovn/nuoc-yeu-thi-giac-en-nha-nguyen-lan-95dd488f6b8.html,1
CUỘC TẬP KÍCH NGOẠN MỤC VÀO ĐẠI SỨ QUÁN TRUNG CỘNG Ở HÀ NỘI (Nguyễn Tường Thụy),https://www.khoi8406.com/post/nhanquyenchovn/cuoc-tap-kich-ngoan-muc-vao-ai-su-quan-dad1a461e3c.html,1
BẢN TIN NGÀY 6-8-2019 (Báo Tiếng Dân),https://www.khoi8406.com/post/nhanquyenchovn/ban-tin-ngay-6-8-2019-bao-tieng-dan-727e7373f2d.html,1
ĐIỂM TIN NGÀY 06/08/2019 (Tin Tức Hàng Ngày),https://www.khoi8406.com/post/nhanquyenchovn/iem-tin-ngay-06082019-tin-tuc-hang-ngay-0f965a56e6a.html,1
BIỂN ĐÔNG: PHÉP THỬ Ý ĐẢNG LÒNG DÂN (Nguyễn Anh Tuấn),https://www.khoi8406.com/post/nhanquyenchovn/bien-ong-phep-thu-y-ang-long-dan-nguyen_6-48f413ad7ef.html,1
SỰ BẤT BÌNH ĐẲNG CỦA CÁC QUỐC GIA (Michael Spence - Project Syndicate),https://www.khoi8406.com/post/nhanquyenchovn/su-bat-binh-ang-cua-cac-quoc-gia-770b8bd3635.html,1
Trước mắt Giáo sư Nguyễn Mạnh Hùng: Trung Quốc vào bãi Tư Chính là để thách đố Mỹ và Việt Nam?,https://www.khoi8406.com/post/danlambaovn/truoc-mat-giao-su-nguyen-manh-hung-00f0201f9f0.html,1
Công an Việt Nam giải tán cuộc biểu tình tại Đại sứ quán Trung Quốc liên quan đến sự bế tắc Biển Đông,https://www.khoi8406.com/post/danlambaovn/cong-viet-nam-giai-tan-cuoc-bieu-tinh-054cf38f1f0.html,1
Tình hình chiến sự ở Biển Đông đã như thế này rồi thì Việt Nam nên khai hỏa,https://www.khoi8406.com/post/danlambaovn/tinh-hinh-chien-su-o-bien-ong-nhu-nay-4eec87527a3.html,1
"Nên phát hành ""Giác Thư"" trước khi ""kiện"" Trung Quốc",https://www.khoi8406.com/post/danlambaovn/nen-phat-hanh-giac-thu-truoc-khi-kien-1afaa9921d4.html,1
CĂNG THẲNG BÃI TƯ CHÍNH : LÒNG YÊU NƯỚC CỦA NGƯỜI DÂN BỊ LỢI DỤNG & PHẢN BỘI (Cao Nguyên),https://www.khoi8406.com/post/nhanquyenchovn/cang-thang-bai-tu-chinh-long-yeu-nuoc-b722251edc2.html,1
"HÃY DẠY HỌC SINH BẰNG GƯƠNG TỐT, CHỨ KHÔNG PHẢI BẰNG KHẨU HIỆU (BTV Tiếng Dân)",https://www.khoi8406.com/post/nhanquyenchovn/hay-day-hoc-sinh-bang-guong-tot-chu-fdeab8631a4.html,1
"CHÚNG ĐÃ CƯỚP, ĐANG CƯỚP VÀ SẼ CÒN CƯỚP (Đoàn Bảo Châu)",https://www.khoi8406.com/post/nhanquyenchovn/chung-cuop-ang-cuop-va-se-con-cuop-oan-fe148bf0e81.html,1
BIỂN ĐÔNG: PHÉP THỬ Ý ĐẢNG LÒNG DÂN (Nguyễn Anh Tuấn),https://www.khoi8406.com/post/nhanquyenchovn/bien-ong-phep-thu-y-ang-long-dan-nguyen-3741a942759.html,1
NHỎ. MÀ LỚN! (Mai Quốc Ấn),https://www.khoi8406.com/post/nhanquyenchovn/nho-ma-lon-mai-quoc-an-863ff8140f7.html,1
BẢN TIN NGÀY 5-8-2019 (Báo Tiếng Dân),https://www.khoi8406.com/post/nhanquyenchovn/ban-tin-ngay-5-8-2019-bao-tieng-dan-f385edc964e.html,1
ĐIỂM TIN NGÀY 05/08/2019 (Tin Tức Hàng Ngày),https://www.khoi8406.com/post/nhanquyenchovn/iem-tin-ngay-05082019-tin-tuc-hang-ngay-f35302c3197.html,1
CÁC TẬP ĐOÀN CÔNG NGHỆ KHỔNG LỒ HOA KỲ ĐANG GIÚP TRUNG QUỐC GIÁM SÁT CÔNG DÂN NHƯ THẾ NÀO? (Ryan Gallagher - The Intercept),https://www.khoi8406.com/post/nhanquyenchovn/cac-tap-oan-cong-nghe-khong-lo-hoa-ky-d411aa89de3.html,1
THUẾ NHẬP CẢNG HÀNG TRUNG CỘNG KHÔNG ĐEM VIỆC LÀM VỀ HOA KỲ (Việt Báo),https://www.khoi8406.com/post/nhanquyenchovn/thue-nhap-cang-hang-trung-cong-khong-em-1aa153046a5.html,1
NÔNG NGHIỆP CÓ NUÔI ĐƯỢC 10 TỶ DÂN MÀ KHÔNG HỦY HOẠI THIÊN NHIÊN? (Trọng Thành - RFI),https://www.khoi8406.com/post/nhanquyenchovn/nong-nghiep-co-nuoi-uoc-10-ty-dan-ma-161b21acc0e.html,1
Đọc Chính Đề Việt Nam,https://www.khoi8406.com/post/danlambaovn/oc-chinh-e-viet-nam-9e3a2143aa9.html,1
Trung Cộng đã điều thêm 80 tàu chiến bao vây Bãi Tư Chính,https://www.khoi8406.com/post/danlambaovn/trung-cong-ieu-them-80-tau-chien-bao-0a6e8389ffb.html,1
Chúng cháu xin chào bác (cu Côn)ạ!!!!,https://www.khoi8406.com/post/danlambaovn/chung-chau-xin-chao-bac-cu-cona-63ac971b718.html,1
Các tập đoàn công nghệ khổng lồ Hoa Kỳ đang giúp nhà nước TQ giám sát công dân như thế nào,https://www.khoi8406.com/post/danlambaovn/cac-tap-oan-cong-nghe-khong-lo-hoa-ky-8f17091df15.html,1
"CÁC NHÀ HOẠT ĐỘNG ĐÁP TRẢ PHÓNG SỰ ""MẶT TRÁI CỦA TRUYỀN THÔNG MẠNG XÃ HỘI"" CỦA VTV (Cao Nguyên)",https://www.khoi8406.com/post/nhanquyenchovn/cac-nha-hoat-ong-ap-tra-phong-su-mat-12ef10e20e3.html,1
BÃI TƯ CHÍNH BỘC LỘ RÕ SAI LẦM CHIẾN LƯỢC CỦA CỘNG SẢN VIỆT NAM (Trung Nguyễn),https://www.khoi8406.com/post/nhanquyenchovn/bai-tu-chinh-boc-lo-ro-sai-lam-chien-9f0f156707d.html,1
BIỆN PHÁP CƠ BẢN : LẬP QUYỀN DÂN (Nguyễn Đình Cống),https://www.khoi8406.com/post/nhanquyenchovn/bien-phap-co-ban-lap-quyen-dan-nguyen-3825f1a5943.html,1
TÔ THÙY YÊN. THI SĨ LẠ (Trần Yên Hòa),https://www.khoi8406.com/post/nhanquyenchovn/to-thuy-yen-thi-si-la-tran-yen-hoa-6173176a255.html,1
NHỮNG NGƯỜI TÌM ĐƯỜNG GAI GÓC MÀ ĐI (Giao Chỉ San Jose),https://www.khoi8406.com/post/nhanquyenchovn/nhung-nguoi-tim-uong-gai-goc-ma-i-giao-29f6f7f8b81.html,1
BẢO VỆ THÔNG TIN CÁ NHÂN THỜI 4.0 (Hiệu Minh),https://www.khoi8406.com/post/nhanquyenchovn/bao-ve-thong-tin-ca-nhan-thoi-40-hieu-8c308332a5f.html,1
CÁC TÁC GIẢ THIẾU NHI GỐC VIỆT RA MẮT SÁCH TƯNG BỪNG TẠI LITTLE SAIGON (Đằng Giao / Người Việt),https://www.khoi8406.com/post/nhanquyenchovn/cac-tac-gia-thieu-nhi-goc-viet-ra-mat-177e30987c9.html,1
EL PASO - MIỀN ĐẤT DỮ (Giang Công Thế),https://www.khoi8406.com/post/nhanquyenchovn/el-paso-mien-at-du-giang-cong-the-68297f850ae.html,1
MINH MẪN (Nguyễn Ngọc Duy Hân - Danlambao),https://www.khoi8406.com/post/nhanquyenchovn/minh-man-nguyen-ngoc-duy-han-danlambao-283f04030b7.html,1
"ĐCSVN ích kỷ, hèn nhát và tham quyền cố vị!",https://www.khoi8406.com/post/danlambaovn/csvn-ich-ky-hen-nhat-va-tham-quyen-co-vi-ba54a1a3d56.html,1
ĐIỂM TIN NGÀY 04/08/2019 (Tin Tức Hàng Ngày),https://www.khoi8406.com/post/nhanquyenchovn/iem-tin-ngay-04082019-tin-tuc-hang-ngay-77d0a5caeaf.html,1
'QUÂN NGUYÊN Ở HẢI PHÒNG (Minh Châu - VNTB),https://www.khoi8406.com/post/nhanquyenchovn/quan-nguyen-o-hai-phong-minh-chau-vntb-1cc4f21761f.html,1
TRUMP NÓNG TẬP LẠNH (Ngô Nhân Dụng),https://www.khoi8406.com/post/nhanquyenchovn/trump-nong-tap-lanh-ngo-nhan-dung-4507c216081.html,1
Dân tộc đã bao giờ nhục nhã thế này chưa?,https://www.khoi8406.com/post/danlambaovn/dan-toc-bao-gio-nhuc-nha-nay-chua-19df7ed7579.html,1
HẬU QUẢ NGƯỜI MỸ HỨNG CHỊU TỪ ĐÒN ÁP THUẾ CỦA TRUMP VỚI TRUNG QUỐC (tổng hợp),https://www.khoi8406.com/post/nhanquyenchovn/hau-qua-nguoi-my-hung-chiu-tu-on-ap-ec86a127790.html,1
Minh Mẫn,https://www.khoi8406.com/post/danlambaovn/minh-man-1a6a084f63a.html,1
TẦM NHÌN DÀI HẠN GIÚP TRUNG QUỐC TỰ TIN ĐỐI ĐẦU MỸ? (Stephen S. Roach - Project Syndicate),https://www.khoi8406.com/post/nhanquyenchovn/tam-nhin-dai-han-giup-trung-quoc-tu-tin-69845d0cd3f.html,1
BIẾT BAO LỜI TRUMP ĐÃ HỨA (Sự Thật Lề Đường),https://www.khoi8406.com/post/nhanquyenchovn/biet-bao-loi-trump-hua-su-that-le-uong-2469a0c1f41.html,1
"BA MƯỜI NĂM NGÀY PHÁ TƯỜNG BERLIN, 'BỨC TƯỜNG Ô NHỤC' (Nguyễn Đạt Thịnh)",https://www.khoi8406.com/post/nhanquyenchovn/ba-muoi-nam-ngay-pha-tuong-berlin-buc-0cfecb4db2d.html,1
LỊCH SỬ THĂNG TRẦM & ĐẦY BI KỊCH CỦA PHẬT GIÁO HÒA HẢO (Trần Phương - Luật Khoa),https://www.khoi8406.com/post/nhanquyenchovn/lich-su-thang-tram-ay-bi-kich-cua-phat-477d1e84339.html,1
CHỪNG MỰC (Cao Huy Thuần),https://www.khoi8406.com/post/nhanquyenchovn/chung-muc-cao-huy-thuan-f4e59c24cfe.html,1
"CÔNG AN RÁO RIẾT SĂN LÙNG, TẤN CÔNG NHÀ XUẤT BẢN TỰ DO (Phạm Đoan Trang)",https://www.khoi8406.com/post/nhanquyenchovn/cong-rao-riet-san-lung-tan-cong-nha-f8ff0d424f4.html,1
ĐẢNG CÓ DÁM VỨT BỎ NẮM ĐẤM VÀ BÚT CHIẾN SÒNG PHẲNG VỚI “THẾ LỰC THÙ ĐỊCH” KHÔNG? (Đỗ Ngà),https://www.khoi8406.com/post/nhanquyenchovn/ang-co-dam-vut-bo-nam-am-va-but-chien-0c573066654.html,1
TIN NHÂN QUYỀN NGÀY 3-8-2019 (BTV Tiếng Dân),https://www.khoi8406.com/post/nhanquyenchovn/tin-nhan-quyen-ngay-3-8-2019-btv-tieng-8c0ee85be05.html,1
LƯỢC THUẬT ĐÁM TANG NHÀ TRANH ĐẤU NGUYỄN THANH GIANG (Đào Tiến Thi),https://www.khoi8406.com/post/nhanquyenchovn/luoc-thuat-am-tang-nha-tranh-au-nguyen-783729862bd.html,1
ĐIỂM TIN NGÀY 03/08/2019 (Tin Tức Hàng Ngày),https://www.khoi8406.com/post/nhanquyenchovn/iem-tin-ngay-03082019-tin-tuc-hang-ngay-41c9b1d5b2a.html,1
Đảng hèn... thủng đáy,https://www.khoi8406.com/post/danlambaovn/ang-hen-thung-ay-9d927ca34e1.html,1
KỲ THỊ QUÁ ĐÁNG HAY ÁI QUỐC CỰC ĐOAN? (Báo Cali Today),https://www.khoi8406.com/post/nhanquyenchovn/ky-thi-qua-ang-hay-ai-quoc-cuc-oan-bao-190eba74d32.html,1
NHỤC ĐẾN MẤY ĐỜI? (Trân Văn),https://www.khoi8406.com/post/nhanquyenchovn/nhuc-en-may-oi-tran-van-1a239218e65.html,1
THE ECONOMIST : NGA THẤT THẾ TRONG CUỘC CHƠI ĐỐI TÁC VỚI TRUNG QUỐC (Lê Thanh),https://www.khoi8406.com/post/nhanquyenchovn/the-economist-nga-that-trong-cuoc-choi-91863fb2cdb.html,1
"NGUYỄN PHÚ TRỌNG YÊU NƯỚC, YÊU ĐẢNG, HAY YÊU CÁI GÌ? (Nguyễn Văn Đài)",https://www.khoi8406.com/post/nhanquyenchovn/nguyen-phu-trong-yeu-nuoc-yeu-ang-hay-965ac3a4b26.html,1
"TRUMP : ""BẠO LOẠN"" Ở HONG KONG LÀ CHUYỆN RIÊNG CỦA HONG KONG & TRUNG QUỐC (Nguyễn Thảo Chi - Luật Khoa)",https://www.khoi8406.com/post/nhanquyenchovn/trump-bao-loan-o-hong-kong-la-chuyen-c92e1190afa.html,1
ĐỌ SỨC VIỆT - TRUNG TẠI BIỂN ĐÔNG : VIỆT NAM CÓ CHỖ DỰA LÀ NGA? (Mai Vân - RFI),https://www.khoi8406.com/post/nhanquyenchovn/o-suc-viet-trung-tai-bien-ong-viet-nam-912c4e40d91.html,1
NHỮNG ĐIỂM MỚI NÀO TRONG SÁCH TRẮNG QUỐC PHÒNG TRUNG QUỐC 2019 (RFI),https://www.khoi8406.com/post/nhanquyenchovn/nhung-iem-moi-nao-trong-sach-trang-quoc-b00c14fff1c.html,1
Đóa hoa biển bất khuất Trường Sa Nguyễn Đặng Minh Mẫn,https://www.khoi8406.com/post/danlambaovn/oa-hoa-bien-bat-khuat-truong-sa-nguyen-97a333a0694.html,1
THÀNH PHỐ BALTIMORE (Nguyễn Đạt Thịnh),https://www.khoi8406.com/post/nhanquyenchovn/thanh-pho-baltimore-nguyen-at-thinh-b94e4089765.html,1
NỮ TNLT NGUYỄN ĐẶNG MINH MẪN VỪA RA TÙ (Việt Tân),https://www.khoi8406.com/post/nhanquyenchovn/nu-tnlt-nguyen-ang-minh-man-vua-ra-tu-09cf298b7fb.html,1
Câu hỏi và câu trả lời,https://www.khoi8406.com/post/danlambaovn/cau-hoi-va-cau-tra-loi-0c9b7b57a48.html,1
Câu chuyện của Trường Sa,https://www.khoi8406.com/post/danlambaovn/cau-chuyen-cua-truong-sa-43f56cd093c.html,1
VIỆT NAM TẠI BƯỚC NGOẶT MỚI : TIẾN THOÁI LƯỠNG NAN (Nguyễn Quang Dy),https://www.khoi8406.com/post/nhanquyenchovn/viet-nam-tai-buoc-ngoat-moi-tien-thoai-497f4edbb4d.html,1
ĐIỂM TIN NGÀY 02/08/2019 (Tin Tức Hàng Ngày),https://www.khoi8406.com/post/nhanquyenchovn/iem-tin-ngay-02082019-tin-tuc-hang-ngay-29ec038446b.html,1
AI MỚI LÀ NGƯỜI MỸ THẬT? (Thắng Đỗ),https://www.khoi8406.com/post/nhanquyenchovn/ai-moi-la-nguoi-my-that-thang-o-b2b1fe3c68c.html,1
Tại sao Bộ Quốc phòng lại khám nghiệm tử thi thường dân Trần Bắc Hà?,https://www.khoi8406.com/post/danlambaovn/tai-sao-bo-quoc-phong-lai-kham-nghiem-813fa46fdff.html,1
Hãy làm những gì cộng sản sợ,https://www.khoi8406.com/post/danlambaovn/hay-lam-nhung-gi-cong-san-so-a8e61d7d55e.html,1
THƯƠNG CHIẾN MỸ - TRUNG : 'CHÚNG TA ĐỀU PHẢI TRẢ GIÁ' (Virginia Harrison - BBC),https://www.khoi8406.com/post/nhanquyenchovn/thuong-chien-my-trung-chung-ta-eu-phai-dace7b1de0f.html,1
TRÍ KHÔN CỦA CÔNG AN (Phạm Đoan Trang),https://www.khoi8406.com/post/nhanquyenchovn/tri-khon-cua-cong-pham-oan-trang-22c21d58de8.html,1
5 VẤN ĐỀ LỚN CỦA VỤ TRAO TRẢ 400 NGƯỜI TRUNG QUỐC ĐÁNH BẠC TẠI VIỆT NAM (Võ Văn Quản - Luật Khoa),https://www.khoi8406.com/post/nhanquyenchovn/5-van-e-lon-cua-vu-trao-tra-400-nguoi-4f39a925f18.html,1
PHẢN ĐỐI TÀU CỘNG & VIỆT CỘNG TRƯỚC LÃNH SỰ QUÁN TRUNG CỘNG (CTV Danlambao),https://www.khoi8406.com/post/nhanquyenchovn/phan-oi-tau-cong-viet-cong-truoc-lanh-3d1505f4050.html,1
LÒNG YÊU NƯỚC KHÔNG PHẢI LÀ MIẾNG TÃ LÓT CỦA ĐẢNG (J.B Nguyễn Hữu Vinh),https://www.khoi8406.com/post/nhanquyenchovn/long-yeu-nuoc-khong-phai-la-mieng-ta-d4fac4907d3.html,1
ĐẢNG - VĂN NGHỆ SĨ & TIỀN (Phạm Trần),https://www.khoi8406.com/post/nhanquyenchovn/ang-van-nghe-si-tien-pham-tran-09b03392e6a.html,1
CHUNG MỘT GIẤC MƠ? (Nguyễn Gia Kiểng),https://www.khoi8406.com/post/nhanquyenchovn/chung-mot-giac-mo-nguyen-gia-kieng-b9a62f06720.html,1
ĐẢNG CỘNG SẢN VIỆT NAM CÓ ĐỐI PHÓ ĐƯỢC VỚI TRUNG QUỐC KHÔNG? (Việt Hoàng - Thông Luận),https://www.khoi8406.com/post/nhanquyenchovn/ang-cong-san-viet-nam-co-oi-pho-uoc-voi-9e512049547.html,1
NHỮNG BƯỚC LÙI NGOẠN MỤC (S.T.T.D Tưởng Năng Tiến),https://www.khoi8406.com/post/nhanquyenchovn/nhung-buoc-lui-ngoan-muc-sttd-tuong-10eb8980dfc.html,1
THAM NHŨNG VÀ CHỐNG THAM NHŨNG (Dương Quốc Chính),https://www.khoi8406.com/post/nhanquyenchovn/tham-nhung-va-chong-tham-nhung-duong-d103b06fa7a.html,1
"LẠM BÀN VỀ ""CHIẾN LƯỢC NHÂN TÀI"" (Nguyễn Đình Cống)",https://www.khoi8406.com/post/nhanquyenchovn/lam-ban-ve-chien-luoc-nhan-tai-nguyen-de32e249fee.html,1
TIN & BÀI TỪ NGÀY 24 ĐẾN NGÀY 31/7/2019,https://www.khoi8406.com/post/nhanquyenchovn/tin-bai-tu-ngay-24-en-ngay-3172019-c90f12b71b5.html,1
"Tại sao chỉ ""phát hiện"" 2 vụ tham nhũng tại 14 tỉnh phía Bắc trong 6 tháng đầu năm?",https://www.khoi8406.com/post/danlambaovn/tai-sao-chi-phat-hien-2-vu-tham-nhung-22133dc098f.html,1
Mày là ai!?,https://www.khoi8406.com/post/danlambaovn/may-la-ai-d9b8ba3434c.html,1
Chuyện bên lề Hội nghị Genève - Tiếng sáo uất hận bên bờ hồ Léman,https://www.khoi8406.com/post/danlambaovn/chuyen-ben-le-hoi-nghi-geneve-tieng-sao-4de29f4e66c.html,1
Đường sống của loài người: Sử quan nhân đạo,https://www.khoi8406.com/post/danlambaovn/uong-song-cua-loai-nguoi-su-quan-nhan-ao-6cb9021d54e.html,1
BẢN TIN NGÀY 01/08/2019 (Báo Tiếng Dân),https://www.khoi8406.com/post/nhanquyenchovn/ban-tin-ngay-01082019-bao-tieng-dan-dcdc81ee4f8.html,1
Những bước lùi ngoạn mục,https://www.khoi8406.com/post/danlambaovn/nhung-buoc-lui-ngoan-muc-71ba7315af6.html,1
ĐIỂM TIN NGÀY 01/08/2019 (Tin Tức Hàng Ngày),https://www.khoi8406.com/post/nhanquyenchovn/iem-tin-ngay-01082019-tin-tuc-hang-ngay-9f831932522.html,1
Cách xưng hô dưới thời “xã nghĩa”,https://www.khoi8406.com/post/danlambaovn/cach-xung-ho-duoi-thoi-xa-nghia-ab931bed9a5.html,1
"Sự thật về cái chết của ông Trần Bắc Hà, trách nhiệm của thiếu tướng Nguyễn Duy Ngọc - Cục trưởng c03, Bộ Công an và các điều tra viên có liên quan",https://www.khoi8406.com/post/danlambaovn/su-that-ve-cai-chet-cua-ong-tran-bac-ha-529c5b62707.html,1
Đảng - văn nghệ sỹ và tiền,https://www.khoi8406.com/post/danlambaovn/ang-van-nghe-sy-va-tien-ca57ac79713.html,1
CSVN sẽ phá sản xảo kế 3 không(?),https://www.khoi8406.com/post/danlambaovn/csvn-se-pha-san-xao-ke-3-khong-469b5dcea32.html,1
"Nguyễn Xuân Phúc tham gia đạo quân ""Chạy Có Cờ""",https://www.khoi8406.com/post/danlambaovn/nguyen-xuan-phuc-tham-gia-ao-quan-chay-9ec53db0768.html,1
Niềm tự hào của đảng!,https://www.khoi8406.com/post/danlambaovn/niem-tu-hao-cua-ang-b26cc7789c7.html,1
LỊCH SỬ ĐANG TÁI DIỄN TRƯỚC MẮT CHÚNG TA (Quốc Trần),https://www.khoi8406.com/post/nhanquyenchovn/lich-su-ang-tai-dien-truoc-mat-chung-ta-8372472b599.html,1
TREO CỜ ĐỂ GIẶC . . . BỎ CHẠY? (Trung Nguyễn),https://www.khoi8406.com/post/nhanquyenchovn/treo-co-e-giac-bo-chay-trung-nguyen-4a4663847a1.html,1
CHIẾC GẬY BIỂN ĐÔNG - CỦ CÀ RỐT TRUNG CỘNG (Nguyên Đại),https://www.khoi8406.com/post/nhanquyenchovn/chiec-gay-bien-ong-cu-ca-rot-trung-cong-083352bc0c8.html,1
BÁO CHÍ & TIỀN BẠC (Khải Đơn),https://www.khoi8406.com/post/nhanquyenchovn/bao-chi-tien-bac-khai-on-57215d12621.html,1
HỘI THẢO ĐÈN CÙ (Nguyễn Đình Cống),https://www.khoi8406.com/post/nhanquyenchovn/hoi-thao-en-cu-nguyen-inh-cong-25233047b94.html,1
NỖI BUỒN LỊCH SỬ Ư? XIN GÓP MỘT VÍ DỤ LÀM NÊN NỖI BUỒN ĐÓ (Tương Lai),https://www.khoi8406.com/post/nhanquyenchovn/noi-buon-lich-su-u-xin-gop-mot-vi-du-1c1f06ea868.html,1
THẢO LUẬN “VĂN CHƯƠNG ĐỂ LÀM GÌ?” (1) Nguyên Ngoc - (2) Inrasara (Văn Việt),https://www.khoi8406.com/post/nhanquyenchovn/thao-luan-van-chuong-e-lam-gi-1-nguyen-aaae2954d48.html,1
Phản đối Tàu cộng và Việt cộng trước Lãnh sự quán Trung cộng,https://www.khoi8406.com/post/danlambaovn/phan-oi-tau-cong-va-viet-cong-truoc-4b5178f7f55.html,1
"ĂN VẠ, NƯỚC CỜ KHÔNG ĐỐI THỦ CỦA TRUNG QUỐC (Mặc Lâm)",https://www.khoi8406.com/post/nhanquyenchovn/an-va-nuoc-co-khong-oi-thu-cua-trung-3794bdd9c47.html,1
HẢI - HÙNG & LUẬT NHÂN QUẢ ĐÀN ÁP BIỂU TÌNH (Phạm Chí Dũng),https://www.khoi8406.com/post/nhanquyenchovn/hai-hung-luat-nhan-qua-ap-bieu-tinh-d9cd9469b5b.html,1
Phó Tổng tham mưu trưởng Quân đội Việt cộng bắt tay với kẻ thù Tàu cộng,https://www.khoi8406.com/post/danlambaovn/pho-tong-tham-muu-truong-quan-oi-viet-04a9f77890d.html,1
VỤ XỬ HÀ VĂN NAM & CÁC ĐỒNG NGHIỆP CHỐNG BOT BẨN (BTV Tiếng Dân),https://www.khoi8406.com/post/nhanquyenchovn/vu-xu-ha-van-nam-cac-ong-nghiep-chong-097edb45f50.html,1
BẢN TIN NGÀY 31/07/2019 (Báo Tiếng Dân),https://www.khoi8406.com/post/nhanquyenchovn/ban-tin-ngay-31072019-bao-tieng-dan-721194e62f4.html,1
ĐIỂM TIN NGÀY 31/07/2019 (Tin Tức Hàng Ngày),https://www.khoi8406.com/post/nhanquyenchovn/iem-tin-ngay-31072019-tin-tuc-hang-ngay-2fcddcc0e87.html,1
TRUMP DÙNG CHỦ NGHĨA PHÂN BIỆT CHỦNG TỘC ĐỂ TÁI CỬ (Jackhammer Nguyễn),https://www.khoi8406.com/post/nhanquyenchovn/trump-dung-chu-nghia-phan-biet-chung-1cfda073e87.html,1
NHUỘM ĐỎ NĂM CHÂU (Y Chan - Luật Khoa),https://www.khoi8406.com/post/nhanquyenchovn/nhuom-o-nam-chau-y-chan-luat-khoa-60a48591e53.html,1
CALIFORNIA ĐÒI CÁC ỨNG CỬ VIÊN TỔNG THỐNG PHẢI CÔNG BỐ HỒ SƠ THUẾ TRONG BẦU CỬ SƠ BỘ (tổng hợp),https://www.khoi8406.com/post/nhanquyenchovn/california-oi-cac-ung-cu-vien-tong-bca8dbc51d1.html,1
MỘT CÔNG TÁC ĐÃ HOÀN TẤT (Nguyễn Gia Kiểng),https://www.khoi8406.com/post/nhanquyenchovn/mot-cong-tac-hoan-tat-nguyen-gia-kieng-59c6c75373b.html,1
TÙ CHÍNH TRỊ TẠI NGHỆ AN NGƯNG TUYỆT THỰC (Người Việt Online),https://www.khoi8406.com/post/nhanquyenchovn/tu-chinh-tri-tai-nghe-ngung-tuyet-thuc-33cb878a2a1.html,1
HUYỀN KHÔNG SƠN THƯỢNG (Thích Học Toán),https://www.khoi8406.com/post/nhanquyenchovn/huyen-khong-son-thuong-thich-hoc-toan-09ad9cec185.html,1
ÔNG TRỌNG & SOÁI NGA : CỨT NGA THƠM PHỨC (Trần Nam),https://www.khoi8406.com/post/nhanquyenchovn/ong-trong-soai-nga-cut-nga-thom-phuc-7981aab7fe2.html,1
BÀI VIẾT MỚI NGÀY 30/07/2019 (Dân Làm Báo),https://www.khoi8406.com/post/nhanquyenchovn/bai-viet-moi-ngay-30072019-dan-lam-bao-f8d9b40bd15.html,1
NHÂN PHẨM BỊ LỢI DỤNG (Tuấn Khanh),https://www.khoi8406.com/post/nhanquyenchovn/nhan-pham-bi-loi-dung-tuan-khanh-7604541851d.html,1
CHÍNH QUYỀN BẤT CHÍNH (Đỗ Ngà),https://www.khoi8406.com/post/nhanquyenchovn/chinh-quyen-bat-chinh-o-nga-60339426e74.html,1
CÁC TỈNH Ở ĐỒNG BẰNG SÔNG CỬU LONG BỊ SẠT LỞ - TIN BIẾN ĐỔI KHÍ HẬU (BTV Tiếng Dân),https://www.khoi8406.com/post/nhanquyenchovn/cac-tinh-o-ong-bang-song-cuu-long-bi-90b13a0b065.html,1
BẢN TIN NGÀY 30/07/2019 (Báo Tiếng Dân),https://www.khoi8406.com/post/nhanquyenchovn/ban-tin-ngay-30072019-bao-tieng-dan-4194ea0b65b.html,1
Trung cộng phải trả giá cho tham vọng và sự ngông cuồng của họ,https://www.khoi8406.com/post/danlambaovn/trung-cong-phai-tra-gia-cho-tham-vong-5e05c5b9450.html,1
Bãi Tư Chính ở đâu?,https://www.khoi8406.com/post/danlambaovn/bai-tu-chinh-o-au-9f6157efe14.html,1
ĐIỂM TIN NGÀY 30/07/2019 (Tin Tức Hàng Ngày),https://www.khoi8406.com/post/nhanquyenchovn/iem-tin-ngay-30072019-tin-tuc-hang-ngay-d0c5a23e346.html,1
Số phận Tô Lâm đi về đâu?!,https://www.khoi8406.com/post/danlambaovn/so-phan-to-lam-i-ve-au-459bcd3fc71.html,1
Tương quan lực lượng giữa phe “thù địch” và phe “thân địch”,https://www.khoi8406.com/post/danlambaovn/tuong-quan-luc-luong-giua-phe-thu-ich-2773706ae5d.html,1
Trung Quốc múa gậy ở biển Đông,https://www.khoi8406.com/post/danlambaovn/trung-quoc-mua-gay-o-bien-ong-74e810b703f.html,1
VỤ BÃI TƯ CHÍNH : VÌ SAO NGƯỜI DÂN KHÔNG BIỂU TÌNH CHỐNG TUNG QUỐC? (VOA Tiếng Việt),https://www.khoi8406.com/post/nhanquyenchovn/vu-bai-tu-chinh-vi-sao-nguoi-dan-khong-acc45fdd04e.html,1
VIỆT NAM ĐÃ BỎ QUA BAO NHIÊU CƠ HỘI KIỆN TRUNG QUỐC? (Phạm Chí Dũng),https://www.khoi8406.com/post/nhanquyenchovn/viet-nam-bo-qua-bao-nhieu-co-hoi-kien-5dcc0ef2c9a.html,1
ĐỐI ĐẦU TRÊN BIỂN ĐÔNG : CƠ CHẾ NÀO ĐỂ XỬ LÝ? (Ngọc Lễ),https://www.khoi8406.com/post/nhanquyenchovn/oi-au-tren-bien-ong-co-che-nao-e-xu-ly-725aaad172e.html,1
"DÂN VIỆT 'BIỂU TÌNH TRÊN MẠNG', KÊU GỌI ĐƯA TRUNG QUỐC RA TÒA (VOA Tiếng Việt)",https://www.khoi8406.com/post/nhanquyenchovn/dan-viet-bieu-tinh-tren-mang-keu-goi-ua-897c49ffb52.html,1
BÀI VIẾT MỚI NGÀY 29/07/2019 (Danlambao),https://www.khoi8406.com/post/nhanquyenchovn/bai-viet-moi-ngay-29072019-danlambao-e6a9f0c9770.html,1
SỪNG TÊ (Từ Thức),https://www.khoi8406.com/post/nhanquyenchovn/sung-te-tu-thuc-f44d546aa4d.html,1
"SẼ CÓ PHỐ PHẠM TOÀN, TRƯỜNG ĐẠI HỌC HOÀNG TỤY & ĐƯỜNG NGUYỄN THANH GIANG (Phạm Đình Trọng)",https://www.khoi8406.com/post/nhanquyenchovn/se-co-pho-pham-toan-truong-ai-hoc-hoang-bc2bccf3a97.html,1
Tại sao khu tự trị của Trung Quốc ở Hải Phòng bị đột kích lúc này?!,https://www.khoi8406.com/post/danlambaovn/tai-sao-khu-tu-tri-cua-trung-quoc-o-hai-a48e4b412c2.html,1
Vì sao Ủy ban kiểm tra TW không xử lý Chung con (Nguyễn Đức Chung Chủ tịch Hà Nội),https://www.khoi8406.com/post/danlambaovn/vi-sao-uy-ban-kiem-tra-tw-khong-xu-ly-846ccb0d7f4.html,1
BẢN TIN NGÀY 29/07/2019 (Báo Tiếng Dân),https://www.khoi8406.com/post/nhanquyenchovn/ban-tin-ngay-29072019-bao-tieng-dan-8a4c2de29e2.html,1
ĐIỂM TIN NGÀY 29/07/2019 (Tin Tức Hàng Ngày),https://www.khoi8406.com/post/nhanquyenchovn/iem-tin-ngay-29072019-tin-tuc-hang-ngay-1f0c0f5dda0.html,1
"Thân phận của các cháu học sinh trong trò tri ân, tưởng niệm của quan chức",https://www.khoi8406.com/post/danlambaovn/than-phan-cua-cac-chau-hoc-sinh-trong-7bbfff230fe.html,1
Triết lý Giáo dục Việt Nam hiện nay,https://www.khoi8406.com/post/danlambaovn/triet-ly-giao-duc-viet-nam-hien-nay-1a294d1f0e4.html,1
Xe hơi VinFast LUX chạy “êm hơn cả BMW hay Mercedes”!,https://www.khoi8406.com/post/danlambaovn/xe-hoi-vinfast-lux-chay-em-hon-ca-bmw-ae9b88d3256.html,1
Không biểu tình chống Tàu cộng xâm lược?,https://www.khoi8406.com/post/danlambaovn/khong-bieu-tinh-chong-tau-cong-xam-luoc-f90cc3d64ae.html,1
CÂU CHUYỆN TÂN THỦ TƯỚNG ANH BORIS JOHNSON (Lê Phan),https://www.khoi8406.com/post/nhanquyenchovn/cau-chuyen-tan-thu-tuong-anh-boris-551b03da176.html,1
TIẾN SĨ NGUYỄN THANH GIANG QUA ĐỜI (tổng hợp),https://www.khoi8406.com/post/nhanquyenchovn/tien-si-nguyen-thanh-giang-qua-oi-tong-1a0c4ce48eb.html,1
BIỂN ĐÔNG : CHỦ TỊCH ỦY BAN ĐỐI NGOẠI HẠ VIỆN MỸ LÊN ÁN TRUNG QUỐC XÂM LẤN VIỆT NAM (tổng hợp),https://www.khoi8406.com/post/nhanquyenchovn/bien-ong-chu-tich-uy-ban-oi-ngoai-ha-f36d4421fbb.html,1
XUẤT BẢN TỰ DO : CƠ HỘI HAY THỬ THÁCH? (Phạm Phú Khải),https://www.khoi8406.com/post/nhanquyenchovn/xuat-ban-tu-do-co-hoi-hay-thu-thach-26a92fc25e6.html,1
Nguyễn Thanh Giang & bọn làm bạc giả,https://www.khoi8406.com/post/danlambaovn/nguyen-thanh-giang-bon-lam-bac-gia-57626b60812.html,1
"Trước những phản ứng kịch liệt của người Việt khắp nơi, ĐCSVN phải hợp tác toàn diện với Hoa Kỳ để chống Trung cộng",https://www.khoi8406.com/post/danlambaovn/truoc-nhung-phan-ung-kich-liet-cua-d346c00dfc9.html,1
Bắc Kinh sẽ đáp trả lại tình trạng xáo trộn xã hội ở Hồng Kông sau khi có xung đột tại các cuộc biểu tình,https://www.khoi8406.com/post/danlambaovn/bac-kinh-se-ap-tra-lai-tinh-trang-xao-43588815848.html,1
Công nghệ giật tít mị dân giữa lúc biển Đông đang căng thẳng,https://www.khoi8406.com/post/danlambaovn/cong-nghe-giat-tit-mi-dan-giua-luc-bien-833e6ae4e84.html,1
"THÀNH CÔNG RỒI ĐẤY, MỞ MẮT RA CHƯA? (Đoàn Bảo Châu)",https://www.khoi8406.com/post/nhanquyenchovn/thanh-cong-roi-ay-mo-mat-ra-chua-oan-56aff6099c1.html,1
ĐIỂM TIN NGÀY 28/07/2019 (Tin Tức Hàng Ngày),https://www.khoi8406.com/post/nhanquyenchovn/iem-tin-ngay-28072019-tin-tuc-hang-ngay-9dcad2619bc.html,1
ĐIỀU TRẦN CỦA MUELLER & VIỆC TRUMP SẼ BỊ TRUY TỐ NẾU ÔNG KHÔNG LÀ TỔNG THỐNG (Eric Lach | DCVOnline),https://www.khoi8406.com/post/nhanquyenchovn/ieu-tran-cua-mueller-viec-trump-se-bi-d55211afd7d.html,1
GẤU NGA TRỞ THÀNH ĐÀN EM CỦA GẤU TRÚC TRUNG QUỐC (Thụy My - RFI),https://www.khoi8406.com/post/nhanquyenchovn/gau-nga-tro-thanh-em-cua-gau-truc-trung-cfb96c11efa.html,1
KIM JONG-UN ĐÃ LỪA TRUMP RA SAO? (Mai V. Phạm),https://www.khoi8406.com/post/nhanquyenchovn/kim-jong-un-lua-trump-ra-sao-mai-v-pham-90d39857d4f.html,1
TRUNG QUỐC CÓ Ý ĐỒ GÌ Ở BÃI TƯ CHÍNH? (Trương Nhân Tuấn),https://www.khoi8406.com/post/nhanquyenchovn/trung-quoc-co-y-o-gi-o-bai-tu-chinh-fd38a02fde4.html,1
Làm thế nào người Mỹ gốc Việt và ‘Việt Kiều’ khác cung cấp những giấc mơ tư bản với kiều hối,https://www.khoi8406.com/post/danlambaovn/lam-nao-nguoi-my-goc-viet-va-viet-kieu-7f858cdd6cb.html,1
ĐÈN XANH VỚI CHẢ ĐÈN ĐỎ (Phạm Đoan Trang),https://www.khoi8406.com/post/nhanquyenchovn/en-xanh-voi-cha-en-o-pham-oan-trang-01bb12b8b14.html,1
Việc tuyên giáo ra lệnh sửa nhan đề cho thấy bản chất và ý đảng,https://www.khoi8406.com/post/danlambaovn/viec-tuyen-giao-ra-lenh-sua-nhan-e-cho-1ca31ab8d46.html,1
CHUYẾN ĐI CHƯA HẸN NGÀY VỀ (VOICE Australia),https://www.khoi8406.com/post/nhanquyenchovn/chuyen-i-chua-hen-ngay-ve-voice-3150ebfdb95.html,1
VIỆT NAM PHẢI MẠNH MẼ ĐỐI VỚI CÁC NƯỚC THƯỢNG NGUỒN MEKONG DÙ ĐÓ LÀ NƯỚC NÀO! (Thanh Trúc - RFA),https://www.khoi8406.com/post/nhanquyenchovn/viet-nam-phai-manh-me-oi-voi-cac-nuoc-379b33e5284.html,1
VIỆT NAM CẦN MỘT THÁI ĐỘ KHÁC (Nguyễn Anh Tuấn),https://www.khoi8406.com/post/nhanquyenchovn/viet-nam-can-mot-thai-o-khac-nguyen-anh-8dff7fdc24d.html,1
VÌ SAO PHẢI CẤP THIẾT BẢO TỒN NGÔN NGỮ CỦA NGƯỜI VIỆT NAM? (RFA),https://www.khoi8406.com/post/nhanquyenchovn/vi-sao-phai-cap-thiet-bao-ton-ngon-ngu-2d5aa5f1fc1.html,1
Không thể không nghe “Thì Đi Với Niềm Tin Làm Người”,https://www.khoi8406.com/post/danlambaovn/khong-khong-nghe-thi-i-voi-niem-tin-lam-c6087e34b2b.html,1
Khí thế chồng Tàu trước sau như một của đảng,https://www.khoi8406.com/post/danlambaovn/khi-chong-tau-truoc-sau-nhu-mot-cua-ang-4f7a4b8d2e2.html,1
"TỪ MƯỜNG NHÉ ĐẾN BANGKOK, SỐ PHẬN NGƯỜI H' MONG MONTAGNARD GIỜ RA SAO? (Tường An)",https://www.khoi8406.com/post/nhanquyenchovn/tu-muong-nhe-en-bangkok-so-phan-nguoi-h-42e7d850cea.html,1
ANH GIANG XE ÔM (Nguyễn Lân Thắng),https://www.khoi8406.com/post/nhanquyenchovn/anh-giang-xe-om-nguyen-lan-thang-83720d84a72.html,1
BẢN TIN NGÀY 27-07-2019 (Báo Tiếng Dân),https://www.khoi8406.com/post/nhanquyenchovn/ban-tin-ngay-27-07-2019-bao-tieng-dan-dd8f1570026.html,1
ĐIỂM TIN NGÀY 27/07/2019 (Tin Tức Hàng Ngày),https://www.khoi8406.com/post/nhanquyenchovn/iem-tin-ngay-27072019-tin-tuc-hang-ngay-9d851e2423a.html,1
"Quảng cáo mới của ""VinFast - Mãnh liệt tinh thần Việt Nam""!",https://www.khoi8406.com/post/danlambaovn/quang-cao-moi-cua-vinfast-manh-liet-3c4322ff0d0.html,1
VinFAST : Lòng yêu nước và cái kết đắng nghét,https://www.khoi8406.com/post/danlambaovn/vinfast-long-yeu-nuoc-va-cai-ket-ang-9bd0698a4f4.html,1
Cảnh sát biển Trung cộng và Cộng sản Việt Nam tổ chức cuộc gặp công tác lần thứ ba,https://www.khoi8406.com/post/danlambaovn/canh-sat-bien-trung-cong-va-cong-san-666751bcb4f.html,1
Quy Mã - Qua Mỹ,https://www.khoi8406.com/post/danlambaovn/quy-ma-qua-my-b0ec84769f4.html,1
Hãy đồng hành chống Tàu cộng xâm lược,https://www.khoi8406.com/post/danlambaovn/hay-ong-hanh-chong-tau-cong-xam-luoc-df029fd93b2.html,1
"Dân Oan Khu Đô thị mới Thủ Thiêm, Quận 2, Sài Gòn tố cáo trước công luận trong và ngoài nước",https://www.khoi8406.com/post/danlambaovn/dan-oan-khu-o-thi-moi-thu-thiem-quan-2-881fafc2eea.html,1
Tranh chấp Bãi Tư Chính và niềm quốc nhục của Việt Nam,https://www.khoi8406.com/post/danlambaovn/tranh-chap-bai-tu-chinh-va-niem-quoc-43cd2ca2add.html,1
Những vụ tham nhũng trong các dự án nợ ODA của Nhật,https://www.khoi8406.com/post/danlambaovn/nhung-vu-tham-nhung-trong-cac-du-no-oda-bae80568d0c.html,1
"Biển Đông căng thẳng, Cảnh sát biển Việt-Trung gặp nhau để hợp tác trên bờ!",https://www.khoi8406.com/post/danlambaovn/bien-ong-cang-thang-canh-sat-bien-viet-601fb080e32.html,1
Đảng và nhà nước hãy chứng minh việc phản đối quân xâm lược bằng hành động cụ thể,https://www.khoi8406.com/post/danlambaovn/hay-chung-minh-viec-phan-oi-quan-xam-2eea333a8db.html,1
Người Hồng Kông chuyển biểu tình sang sân bay quốc tế của thành phố,https://www.khoi8406.com/post/danlambaovn/nguoi-hong-kong-chuyen-bieu-tinh-sang-dbd2b867dff.html,1
Hồng Kông: RSF đưa ra năm đề xuất chấm dứt bạo lực đối với báo chí,https://www.khoi8406.com/post/danlambaovn/phong-vien-khong-bien-gioi-ba-lam-trinh-011301868d2.html,1
Tin Biển Đông - bể Nam Côn Sơn không hề yên ả,https://www.khoi8406.com/post/danlambaovn/tin-bien-ong-be-nam-con-son-khong-he-74ec31e9e0e.html,1
Nguyễn Đức Chung và thủ đoạn tiêu diệt công trình của chuyên gia Nhật để độc quyền giải quyết ô nhiễm sông hồ Hà Nội bằng hoá chất RedOxy-3C do Công ty Arktic của con trai độc quyền phân phối,https://www.khoi8406.com/post/danlambaovn/thu-oan-tieu-diet-cong-trinh-cua-chuyen-7a04c8a5478.html,1
Sau Bãi Tư Chính VN sẽ về đâu?,https://www.khoi8406.com/post/danlambaovn/sau-bai-tu-chinh-vn-se-ve-au-3ed3d647cf3.html,1
Một góc nhìn về ngày Thương binh Liệt sỹ 27/7,https://www.khoi8406.com/post/danlambaovn/mot-goc-nhin-ve-ngay-thuong-binh-liet-a3e063dc398.html,1
Phiên tòa xét xử nhà báo Philippines Maria Ressa với tội phỉ báng trên mạng,https://www.khoi8406.com/post/danlambaovn/phien-toa-xet-xu-nha-bao-philippines-4403d993c37.html,1
TỔNG THỐNG TRUMP PHÁT BIỂU TRƯỚC CON DẤU ĐẠI BÀNG HAI ĐẦU CẦM GẬY ĐÁNH GOLF (tổng hợp),https://www.khoi8406.com/post/nhanquyenchovn/tong-thong-trump-phat-bieu-truoc-con-f53b8131070.html,1
Công ty thoát nước Hà Nôị đổ lỗi cho chuyên gia Nhật Bản,https://www.khoi8406.com/post/danlambaovn/cong-ty-thoat-nuoc-ha-noi-o-loi-cho-796f7312d00.html,1
"HỆ THỐNG ""THẾ GIỚI TỘI PHẠM NGẦM"" CỦA ĐẢNG CỘNG SẢN TRUNG QUỐC (Đài Á Châu Tự Do)",https://www.khoi8406.com/post/nhanquyenchovn/he-thong-gioi-toi-pham-ngam-cua-ang-d260a14a415.html,1
Chạy có cờ,https://www.khoi8406.com/post/danlambaovn/chay-co-co-a97afeda78f.html,1
Chi Dân Phụ Mẫu,https://www.khoi8406.com/post/danlambaovn/chi-dan-phu-mau-5c0465b4bce.html,1
TRANH CÃI TƯ BẢN & XÃ HỘI CHỦ NGHĨA Ở MỸ LÀ VÔ ÍCH THÔI (Noah Smith - Bloomberg),https://www.khoi8406.com/post/nhanquyenchovn/tranh-cai-tu-ban-xa-hoi-chu-nghia-o-my-1caf0a1ef91.html,1
Vịt trời ở bãi Tư Chính,https://www.khoi8406.com/post/danlambaovn/vit-troi-o-bai-tu-chinh-383ea175625.html,1
Bãi Tư Chính: Việt Nam sẽ không bao giờ kiện Trung Quốc,https://www.khoi8406.com/post/danlambaovn/bai-tu-chinh-viet-nam-se-khong-bao-gio-186be9aedc8.html,1
Khi lãnh đạo hèn,https://www.khoi8406.com/post/danlambaovn/khi-lanh-ao-hen-58b7161d196.html,1
"""Sứ mệnh"" của cái búa liềm đối với dân tộc Việt Nam",https://www.khoi8406.com/post/danlambaovn/su-menh-cua-cai-bua-liem-oi-voi-dan-toc-4c7fd1c1855.html,1
BẢN TIN NGÀY 25-07-2019 (Báo Tiếng Dân),https://www.khoi8406.com/post/nhanquyenchovn/ban-tin-ngay-25-07-2019-bao-tieng-dan-7828b53fa6a.html,1
ĐIỂM TIN NGÀY 25/07/2019 (Tin Tức Hàng Ngày),https://www.khoi8406.com/post/nhanquyenchovn/iem-tin-ngay-25072019-tin-tuc-hang-ngay-a203b856210.html,1
Yếu tố quyết định trong tổ chức nhân sự lãnh đạo ở Việt Nam: Địa phương hay Trung Quốc?,https://www.khoi8406.com/post/danlambaovn/yeu-to-quyet-inh-trong-to-chuc-nhan-su-52369baa18f.html,1
Nguyễn Minh Diễm - giáo sư Triết của trường Võ Bị Đà Lạt trước 1975,https://www.khoi8406.com/post/danlambaovn/nguyen-minh-diem-giao-su-triet-cua-7597fd3bb86.html,1
"Che giấu hèn hạ: Nhục quá nên tuyên giáo đảng ra lệnh thay nhan đề, sửa đổi nội dung một bài báo",https://www.khoi8406.com/post/danlambaovn/che-giau-hen-ha-nhuc-qua-nen-tuyen-giao-080cf83815c.html,1
"MEKONG : TRẬN 'HẠN HÁN THẾ KỶ' NHÌN TỪ QUAN ĐIỂM HẠ LƯU (KS Phạm Phan Long, PE)",https://www.khoi8406.com/post/nhanquyenchovn/mekong-tran-han-han-ky-nhin-tu-quan-iem-75613b91869.html,1
MỰC NƯỚC TRÊN SÔNG MEKONG ĐANG THẤP NHẤT TRONG LỊCH SỬ. GIỜ VIỆT NAM LÀM GÌ ? (Vũ Kim Hạnh),https://www.khoi8406.com/post/nhanquyenchovn/muc-nuoc-tren-song-mekong-ang-thap-nhat-fdb41be1f59.html,1
VẤN ĐỀ “THOÁT TRUNG” & “THÂN MỸ” (Trương Nhân Tuấn),https://www.khoi8406.com/post/nhanquyenchovn/van-e-thoat-trung-than-my-truong-nhan-ca5a6312adc.html,1
BẢN TIN NGÀY 24-07-2019 (Báo Tiếng Dân),https://www.khoi8406.com/post/nhanquyenchovn/ban-tin-ngay-24-07-2019-bao-tieng-dan-d1b9ccffefe.html,1
ĐIỂM TIN NGÀY 24/07/2019 (Tin Tức Hàng Ngày),https://www.khoi8406.com/post/nhanquyenchovn/iem-tin-ngay-24072019-tin-tuc-hang-ngay-1d1989885d1.html,1
TIN & BÀI TỪ NGÀY 16 ĐẾN NGÀY 23/7/2019,https://www.khoi8406.com/post/nhanquyenchovn/tin-bai-tu-ngay-16-en-ngay-2372019-4fe73aff182.html,1
Trò lừa xưa cũ!,https://www.khoi8406.com/post/danlambaovn/tro-lua-xua-cu-cbfb617abc9.html,1
Chân dung Tuổi trẻ Hong Kong,https://www.khoi8406.com/post/danlambaovn/chan-dung-tuoi-tre-hong-kong-98f6ea58e97.html,1
"""Thấy đấy, họ rất vui mừng trước sự hào phóng của chúng ta!""",https://www.khoi8406.com/post/danlambaovn/thay-ay-ho-rat-vui-mung-truoc-su-hao-979843760e8.html,1
Lợi dụng lòng yêu nước chân chính! Là ai?,https://www.khoi8406.com/post/danlambaovn/loi-dung-long-yeu-nuoc-chan-chinh-la-ai-4d6dd9cbd5d.html,1
Kiện cái...,https://www.khoi8406.com/post/danlambaovn/kien-cai-0bd40cc5791.html,1
Việt Nam kiện Trung Quốc?,https://www.khoi8406.com/post/danlambaovn/viet-nam-kien-trung-quoc-3275f6d6f2e.html,1
"Việt Nam trong thế trận ""Một Vành Đai - Một Con Đường"" của Bắc Kinh",https://www.khoi8406.com/post/danlambaovn/viet-nam-trong-tran-mot-vanh-ai-mot-con-7d6d8f8d5da.html,1
THƯƠNG CHIẾN MỸ - TRUNG QUA MỘT CHIẾC I-PHONE (Phạm Minh Trung - Luật Khoa),https://www.khoi8406.com/post/nhanquyenchovn/thuong-chien-my-trung-qua-mot-chiec-i-6cc93c65cb8.html,1
"""THÙ TRONG GIẶC NGOÀI"" - HỆ LỤY CHÍNH SÁCH THÂN TRUNG QUỐC CỦA CAMPUCHIA (Takahashi Toru - Nikkei)",https://www.khoi8406.com/post/nhanquyenchovn/thu-trong-giac-ngoai-he-luy-chinh-sach-d2eecb28fcd.html,1
MỤC TIÊU THƯƠNG CHIẾN HAY ĐỊA CHÍNH TRỊ? TRUMP CẦN LÀM SÁNG TỎ CHÍNH SÁCH ĐỐI VỚI TRUNG QUỐC (Minxin Pei - Project Syndicate),https://www.khoi8406.com/post/nhanquyenchovn/muc-tieu-thuong-chien-hay-ia-chinh-tri-44ceea209d9.html,1
TỔ CHỨC VOICE THÔNG BÁO TIẾN TRÌNH ĐỊNH CƯ ĐỒNG BÀO TỊ NẠN VIỆT NAM (Nam Lộc),https://www.khoi8406.com/post/nhanquyenchovn/to-chuc-voice-thong-bao-tien-trinh-inh-fdaed9138ee.html,1
"CÔNG DÂN ÚC CHÂU VĂN KHẢM BỊ VN GIAM GIỮ 6 THÁNG MÀ KHÔNG CÓ LUẬT SƯ (Erin Handley, Mazoe Ford & Angelique Lu)",https://www.khoi8406.com/post/nhanquyenchovn/cong-dan-uc-chau-van-kham-bi-vn-giam-a655f55e07a.html,1
Sự thờ ơ với chính trị là bỏ mặc tương lai,https://www.khoi8406.com/post/danlambaovn/su-tho-o-voi-chinh-tri-la-bo-mac-tuong-6c22b9f7b05.html,1
Một dân tộc bất hạnh,https://www.khoi8406.com/post/danlambaovn/mot-dan-toc-bat-hanh-cb93e0c6edb.html,1
Phúc nghẹo khôn ghê!,https://www.khoi8406.com/post/danlambaovn/phuc-ngheo-khon-ghe-28d3dac8e71.html,1
CHÍNH QUYỀN CỘNG SẢN DÙNG CÔN ĐỒ ĐỂ TRẤN ÁP ĐỐI LẬP! (Diễm Thi - RFA),https://www.khoi8406.com/post/nhanquyenchovn/chinh-quyen-cong-san-dung-con-o-e-tran-eed70457ec8.html,1
Tổng Tịch mở LON,https://www.khoi8406.com/post/danlambaovn/tong-tich-mo-lon-0fb6f5f6e8a.html,1
Chìm xuồng Linh nựng,https://www.khoi8406.com/post/danlambaovn/chim-xuong-ninh-nung-9b851a68f20.html,1
THƯ NGỎ GỬI NHÂN DÂN TRUNG QUỐC (Phạm Lưu Vũ),https://www.khoi8406.com/post/nhanquyenchovn/thu-ngo-gui-nhan-dan-trung-quoc-pham-2e5c988307e.html,1
"ĐẢNG CSVN SỢ THẾ LỰC THÙ ĐỊCH, VẬY THẾ LỰC THÂN ĐỊCH LÀ AI? (Kami)",https://www.khoi8406.com/post/nhanquyenchovn/ang-csvn-so-luc-thu-ich-vay-luc-than-5dec9ee7f98.html,1
HẬU QUẢ CỦA 'ĐẠI CỤC' VỚI NƯỚC & DÂN VIỆT NAM (Nguyễn Văn Đài),https://www.khoi8406.com/post/nhanquyenchovn/hau-qua-cua-ai-cuc-voi-nuoc-dan-viet-320dae62028.html,1
NHỮNG ĐỨA CON BỊ TRỜI ĐÀY !? (Châu Thị Phan),https://www.khoi8406.com/post/nhanquyenchovn/nhung-ua-con-bi-troi-ay-chau-thi-phan-5c739ef4b4b.html,1
"""Thế lực thù địch""!!!",https://www.khoi8406.com/post/danlambaovn/the-luc-thu-ich-bca825c4503.html,1
Con số kỳ diệu đằng sau các cuộc biểu tình,https://www.khoi8406.com/post/danlambaovn/con-so-ky-dieu-ang-sau-cac-cuoc-bieu-bd87d58c2d3.html,1
Hồn ma bóng quế lại hiện về,https://www.khoi8406.com/post/danlambaovn/hon-ma-bong-que-lai-hien-ve-c3d37b8d956.html,1
"Bãi Tư Chính, thêm một vết chàm trên mặt đảng",https://www.khoi8406.com/post/danlambaovn/bai-tu-chinh-them-mot-vet-cham-tren-mat-7bc8c735350.html,1
TRUNG QUỐC CHE GIẤU NỖ LỰC TẠO ẢNH HƯỞNG DƯỚI BỀ MẶT BÌNH LẶNG (Didi Kirsten Tatlow - The Atlantic),https://www.khoi8406.com/post/nhanquyenchovn/trung-quoc-che-giau-no-luc-tao-anh-6885fc55a68.html,1
CÂU CHUYỆN ĐÀI LOAN (FB Kim Chi),https://www.khoi8406.com/post/nhanquyenchovn/cau-chuyen-ai-loan-fb-kim-chi-e81738f71d8.html,1
Đất nước mình đâu có cần Tổng bí thư và Chủ tịch nước!,https://www.khoi8406.com/post/danlambaovn/at-nuoc-minh-au-co-can-tong-bi-thu-va-6c79cf6f2a7.html,1
BẢN TIN NGÀY 23-07-2019 (Báo Tiếng Dân),https://www.khoi8406.com/post/nhanquyenchovn/ban-tin-ngay-23-07-2019-bao-tieng-dan-d49804c538b.html,1
ĐIỂM TIN NGÀY 23/07/2019 (Tin Tức Hàng Ngày),https://www.khoi8406.com/post/nhanquyenchovn/iem-tin-ngay-23072019-tin-tuc-hang-ngay-f1a53dfb33e.html,1
"'THE SQUAD', NỮ ĐỘI CAPITOL HILL (Đinh Yên Thảo)",https://www.khoi8406.com/post/nhanquyenchovn/the-squad-nu-oi-capitol-hill-inh-yen-e8a67e9f05b.html,1
LẦN ĐẦU TIÊN TT TRUMP QUAN TÂM NHÂN QUYỀN (Thường Sơn - VNTB),https://www.khoi8406.com/post/nhanquyenchovn/lan-au-tien-tt-trump-quan-tam-nhan-b6b74ceaf0f.html,1
ĐCS Việt Nam có thật tâm chống ngoại xâm?,https://www.khoi8406.com/post/danlambaovn/cs-viet-nam-co-that-tam-chong-ngoai-xam-937dd781873.html,1
Trung Quốc che giấu nỗ lực tạo ảnh hưởng dưới bề mặt bình lặng,https://www.khoi8406.com/post/danlambaovn/trung-quoc-che-giau-no-luc-tao-anh-833759efcc2.html,1
Thù địch của Tổng Tịch,https://www.khoi8406.com/post/danlambaovn/thu-ich-cua-tong-tich-c19c7fc0e3d.html,1
Nguyễn Thị Kim Ngân mượn hồn ma liệt sĩ và cựu Thủ tướng Võ Văn Kiệt để che giấu chân dung chư hầu,https://www.khoi8406.com/post/danlambaovn/nguyen-thi-kim-ngan-muon-hon-ma-liet-si-1718c6504e4.html,1
"""Cha già Dâm tặc"" muôn năm!",https://www.khoi8406.com/post/danlambaovn/cha-gia-dam-tac-muon-nam-b91a82224a4.html,1
Vè Ngân Thưởng đi chầu,https://www.khoi8406.com/post/danlambaovn/ve-ngan-thuong-i-chau-99fb5408f9f.html,1
MỘT HÀNH ĐỘNG THÙ NGHỊCH (Nguyễn Đạt Thịnh),https://www.khoi8406.com/post/nhanquyenchovn/mot-hanh-ong-thu-nghich-nguyen-at-thinh-9dc767d9554.html,1
ĐẠI NHẠC HỘI CÁM ƠN ANH NGƯỜI THƯƠNG BINH VNCH KỲ 12 (Thanh Phong - Viễn Đông),https://www.khoi8406.com/post/nhanquyenchovn/ai-nhac-hoi-cam-on-anh-nguoi-thuong-715de1576b2.html,1
Minh nựng,https://www.khoi8406.com/post/danlambaovn/minh-nung-e2f64d2910a.html,1
Trung Quốc đáp trả các tuyên bố của Hoa Kỳ về tình hình biển Đông,https://www.khoi8406.com/post/danlambaovn/trung-quoc-ap-tra-cac-tuyen-bo-cua-hoa-1c586a9f995.html,1
NHỮNG CÂU HỎI DÀNH CHO BỌN BÁN NƯỚC (JB Nguyễn Hữu Vinh),https://www.khoi8406.com/post/nhanquyenchovn/nhung-cau-hoi-danh-cho-bon-ban-nuoc-jb-c0a212d3455.html,1
DÂN CHỦ HÓA ĐỂ HÓA GIẢI THÙ TRONG GIẶC NGOÀI (Trung Nguyễn),https://www.khoi8406.com/post/nhanquyenchovn/dan-chu-hoa-e-hoa-giai-thu-trong-giac-984422648b5.html,1
"DU HỌC SINH: ""ĐI ĐI, ĐỪNG VỀ!"" (Nguyên Lý Kiến Trúc ĐHCT)",https://www.khoi8406.com/post/nhanquyenchovn/du-hoc-sinh-i-i-ung-ve-nguyen-ly-kien-92dc4a790ff.html,1
"Những huân chương ""cao cả"" của đảng",https://www.khoi8406.com/post/danlambaovn/nhung-huan-chuong-cao-ca-cua-ang-a5c031dc7a1.html,1
"Không đủ cơ sở kết luận Linh ""nựng"" đã sờ vùng nhạy cảm",https://www.khoi8406.com/post/danlambaovn/khong-u-co-so-ket-luan-linh-nung-so-8dacec0cfc0.html,1
Dịch tả lợn,https://www.khoi8406.com/post/danlambaovn/dich-ta-lon-57d962402b5.html,1
Chùa xưa người cũ,https://www.khoi8406.com/post/danlambaovn/chua-xua-nguoi-cu-42ab2298eb4.html,1
Dòng tộc Đoản trong cơn khốn cùng!,https://www.khoi8406.com/post/danlambaovn/dong-toc-oan-trong-con-khon-cung-9787713077b.html,1
BẢN TIN NGÀY 22-07-2019 (Báo Tiếng Dân),https://www.khoi8406.com/post/nhanquyenchovn/ban-tin-ngay-22-07-2019-bao-tieng-dan-220d50c3e6f.html,1
ĐIỂM TIN NGÀY 22/07/2019 (Tin Tức Hàng Ngày),https://www.khoi8406.com/post/nhanquyenchovn/iem-tin-ngay-22072019-tin-tuc-hang-ngay-4ec067f0dd2.html,1
"""Hiểm họa Da Vàng"" đang trở thành sự thật!",https://www.khoi8406.com/post/danlambaovn/hiem-hoa-da-vang-ang-tro-thanh-su-that-9e84ed05608.html,1
Thỏa thuận đặt tiền đồn hải quân ở Campuchia gia tăng sự chinh phục cho mạng lưới quân sự Trung Quốc,https://www.khoi8406.com/post/danlambaovn/thoa-thuan-cho-tien-on-hai-quan-o-a518094707b.html,1
"“Nhịn Trung Quốc vì Việt Nam là nước nhỏ, không đủ tiềm lực”!!!",https://www.khoi8406.com/post/danlambaovn/nhin-trung-quoc-vi-viet-nam-la-nuoc-nho-74c2a732dce.html,1
"VÌ SAO GIẶC VÀO NHÀ, BÁO ĐẢNG VẪN CHƯA DÁM GỌI TÊN ? (Gió Bấc)",https://www.khoi8406.com/post/nhanquyenchovn/vi-sao-giac-vao-nha-bao-ang-van-chua-f28bcbaaff9.html,1
BỨC TRANH KÉM KHẢ QUAN VỀ UNG THƯ TẠI VIỆT NAM 2018 (Nguyễn Trang Nhung),https://www.khoi8406.com/post/nhanquyenchovn/buc-tranh-kem-kha-quan-ve-ung-thu-tai-04c8c98f268.html,1
Hành động tàn ác của băng đảng thổ phỉ Tàu cộng,https://www.khoi8406.com/post/danlambaovn/hanh-ong-tan-ac-cua-bang-ang-tho-phi-4eb7351e540.html,1
NHỮNG CHUYỆN BÊN LỀ HIỆP ĐỊNH GENÈVE (Trần Gia Phụng),https://www.khoi8406.com/post/nhanquyenchovn/nhung-chuyen-ben-le-hiep-inh-geneve-d49a897c29e.html,1
NƯỚC MỸ KHÔNG THUỘC VỀ MỘT SẮC SÂN NÀO (Ngô Nhân Dụng),https://www.khoi8406.com/post/nhanquyenchovn/nuoc-my-khong-thuoc-ve-mot-sac-san-nao-d9522f88570.html,1
QUÊ HƯƠNG CỦA ÔNG NỘI TỔNG THỐNG TRUMP (Lê Phan),https://www.khoi8406.com/post/nhanquyenchovn/que-huong-cua-ong-noi-tong-thong-trump-0c95a88b2a4.html,1
Bãi Tư Chính - Việt Nam hay Trung Quốc sẽ nhượng bộ?!,https://www.khoi8406.com/post/danlambaovn/bai-tu-chinh-viet-nam-hay-trung-quoc-se-3c8c043a5cf.html,1
HONG KONG : NGƯỜI DÂN TẤN CÔNG VĂN PHÒNG LIÊN LẠC CỦA BẮC KINH (CTV Danlambao),https://www.khoi8406.com/post/nhanquyenchovn/hong-kong-nguoi-dan-tan-cong-van-phong-dd86a42b063.html,1
Đồng cam cộng khổ với chính phủ: Sở Giáo dục Long An biến trường học thành chợ bán áo lót cho nữ sinh,https://www.khoi8406.com/post/danlambaovn/ong-cam-cong-kho-voi-chinh-phu-so-giao-faf44b27280.html,1
Hong Kong: Người dân tấn công văn phòng liên lạc của Bắc Kinh,https://www.khoi8406.com/post/danlambaovn/hong-kong-nguoi-dan-tan-cong-van-van-06814bc18c9.html,1
LÀM THẾ NÀO ĐỂ THẮNG BẮC KINH (Nikki Haley | Foreign Affairs),https://www.khoi8406.com/post/nhanquyenchovn/lam-nao-e-thang-bac-kinh-nikki-haley-9f9f035da64.html,1
MÔ HÌNH KHỐI THẾ GIỚI DÂN CHỦ - TỰ DO - NHÂN QUYỀN & PHÁT TRIỂN KINH TẾ : ĐANG THOÁI TRÀO HAY TAN RÃ ? (Vũ Quang Việt),https://www.khoi8406.com/post/nhanquyenchovn/mo-hinh-khoi-gioi-dan-chu-tu-do-nhan-5f82dfdc082.html,1
CHẾT DƯỚI TAY ĐỒNG BÀO (Đỗ Cao Cường),https://www.khoi8406.com/post/nhanquyenchovn/chet-duoi-tay-ong-bao-o-cao-cuong-e772c7b2d6f.html,1
ĐÔNG ĐẢO TRÍ THỨC CHỈ TRÍCH TRUMP KỲ THỊ CHỦNG TỘC (Mai V. Phạm),https://www.khoi8406.com/post/nhanquyenchovn/ong-ao-tri-thuc-chi-trich-trump-ky-thi-3c6624b9c8b.html,1
ĐIỂM TIN NGÀY 21/07/2019 (Tin Tức Hàng Ngày),https://www.khoi8406.com/post/nhanquyenchovn/iem-tin-ngay-21072019-tin-tuc-hang-ngay-b733670caaa.html,1
"Những kẻ đui, câm, điếc?",https://www.khoi8406.com/post/danlambaovn/nhung-ke-ui-cam-iec-8ca7f0f43ce.html,1
Triết lý của CSVN và triết lý của Facebook,https://www.khoi8406.com/post/danlambaovn/triet-ly-cua-csvn-va-triet-ly-cua-e0008e2d1fd.html,1
Nguyễn Phú Trọng với nguy cơ xảy ra một cuộc tổng biểu tình chống Tàu cộng xâm lược và viễn ảnh Nguyễn Tấn Dũng không nằm yên để bị Tổng Tịch cho vào lò,https://www.khoi8406.com/post/danlambaovn/nguyen-phu-trong-voi-nguy-co-xay-ra-mot-aaed2060667.html,1
"Tàu cộng gây hấn, Việt cộng Võ Văn Thưởng sang Tàu hợp tác",https://www.khoi8406.com/post/danlambaovn/tau-cong-gay-han-viet-cong-vo-van-9abb889c7a2.html,1
Chị qua Bắc Kinh vài ngày khi Tàu cộng đã tràn vào Tư Chính,https://www.khoi8406.com/post/danlambaovn/chi-qua-bac-kinh-vai-ngay-khi-tau-cong-038610c6900.html,1
Tuyên bố của Phát ngôn nhân Bộ Ngoại giao Hoa Kỳ - Morgan Ortagus - về Biển Đông,https://www.khoi8406.com/post/danlambaovn/tuyen-bo-cua-phat-ngon-nhan-bo-ngoai-da85a3c0baf.html,1
Nỗi ô nhục mất nước ở bãi Tư Chính,https://www.khoi8406.com/post/danlambaovn/noi-o-nhuc-mat-nuoc-o-bai-tu-chinh-43d48f1e48b.html,1
Học trường đảng đi lừa bà già!,https://www.khoi8406.com/post/danlambaovn/hoc-truong-ang-i-lua-ba-gia-0e924990348.html,1
"Thủ Thiêm (kỳ 4) : Bi kịch mất nhà, mất con, bà Mai đi đòi công lý",https://www.khoi8406.com/post/danlambaovn/thu-thiem-ky-4-bi-kich-mat-nha-mat-con-5048f229004.html,1
Mở... lon Tư Chính? Coi chừng Tổng Tịt!,https://www.khoi8406.com/post/danlambaovn/mo-lon-tu-chinh-coi-chung-tong-tit-a488fd3ed9c.html,1
Thiện chí phục vụ nhân loại,https://www.khoi8406.com/post/danlambaovn/thien-chi-phuc-vu-nhan-loai-a2a85c4c846.html,1
Thái độ của lãnh đạo đảng CSVN qua sự kiện bãi Tư Chính,https://www.khoi8406.com/post/danlambaovn/thai-o-cua-lanh-ao-ang-csvn-qua-su-kien-205c5a242cb.html,1
Những chuyện bên lề Hiệp định Genève,https://www.khoi8406.com/post/danlambaovn/nhung-chuyen-ben-le-hiep-inh-geneve-24a786658a2.html,1
ĐIỂM TIN NGÀY 20/07/2019 (Tin Tức Hàng Ngày),https://www.khoi8406.com/post/nhanquyenchovn/iem-tin-ngay-20072019-tin-tuc-hang-ngay-ac5fd0214d7.html,1
LÒ LỬA IRAN : NGA THÊM CỦI PHÁ TÂY PHƯƠNG (Tú Anh - RFI),https://www.khoi8406.com/post/nhanquyenchovn/lo-lua-iran-nga-them-cui-pha-tay-phuong-f9f62c8eb97.html,1
BÃI TƯ CHÍNH & LÔ 06-01 TỪ GÓC NHÌN LUẬT QUỐC TẾ (Phạm Ngọc Minh Trang),https://www.khoi8406.com/post/nhanquyenchovn/bai-tu-chinh-lo-06-01-tu-goc-nhin-luat-cad2fe1407c.html,1
HÀ NỘI NÊU ĐÍCH DANH TÀU TRUNG QUỐC XÂM PHẠM VÙNG BIỂN VIỆT NAM (RFI),https://www.khoi8406.com/post/nhanquyenchovn/ha-noi-neu-ich-danh-tau-trung-quoc-xam-b98c9b91a55.html,1
Tại sao Nguyễn Phú Trọng chưa tính sổ trùm tham nhũng?,https://www.khoi8406.com/post/danlambaovn/tai-sao-nguyen-phu-trong-chua-tinh-so-d6f330ef914.html,1
CHUYỆN 'CỌP ĐIÊN TRUMP' (Nguyễn Đạt Thịnh),https://www.khoi8406.com/post/nhanquyenchovn/chuyen-cop-ien-trump-nguyen-at-thinh-369264d2c4c.html,1
Liên đoàn Lao động Việt Tự do hoạt động vì quyền lợi của giới lao động,https://www.khoi8406.com/post/danlambaovn/lien-oan-lao-ong-viet-tu-do-hoat-ong-vi-093f701aa51.html,1
Kịch: đảng MA phì a,https://www.khoi8406.com/post/danlambaovn/kich-ang-ma-phi-a-db015857816.html,1
Đả đảo Trung Cộng uy hiếp bãi Tư Chính của Việt Nam,https://www.khoi8406.com/post/danlambaovn/a-ao-trung-cong-uy-hiep-bai-tu-chinh-4b099c134b9.html,1
Bản lĩnh,https://www.khoi8406.com/post/danlambaovn/ban-lanh-dec50d8719a.html,1
Ngân và Tập,https://www.khoi8406.com/post/danlambaovn/ngan-va-tap-b198cbc7006.html,1
SỰ HÌNH THÀNH & CÁI CHẾT CỦA MỘT VIỆN NGHIÊN CỨU (Nguyễn Đình Cống),https://www.khoi8406.com/post/nhanquyenchovn/su-hinh-thanh-cai-chet-cua-mot-vien-a3d76c3dcb8.html,1
TIẾNG CƯỜI TIỄN BIỆT THỜI CỘNG SẢN (Phạm Đình Trọng),https://www.khoi8406.com/post/nhanquyenchovn/tieng-cuoi-tien-biet-thoi-cong-san-pham-3b066c9a162.html,1
MUỐN ĐÁNH BẠI FACEBOOK HAY LÀ MUỐN KIỂM SOÁT DÂN CHÚNG? (Nguyễn Trường Sơn),https://www.khoi8406.com/post/nhanquyenchovn/muon-anh-bai-facebook-hay-la-muon-kiem-92d2dc6f6d5.html,1
ĐẠI DIỆN TU SĨ TÔN GIÁO BỊ BÁCH HẠI Ở VIỆT NAM GẶP TỔNG THỐNG TRUMP (RFA),https://www.khoi8406.com/post/nhanquyenchovn/ai-dien-tu-si-ton-giao-bi-bach-hai-o-05a04152b85.html,1
THÂN PHẬN LUẬT SƯ TRONG CHẾ ĐỘ XÃ HỘI CHỦ NGHĨA (Thiện Ý),https://www.khoi8406.com/post/nhanquyenchovn/than-phan-luat-su-trong-che-o-xa-hoi-807e22002a4.html,1
NGƯỜI GỐC VIỆT KỶ NIỆM '40 NĂM NGÀY QUỐC TẾ GIẢI CỨU THUYỀN NHÂN' (tổng hợp),https://www.khoi8406.com/post/nhanquyenchovn/nguoi-goc-viet-ky-niem-40-nam-ngay-quoc-75cc07e353a.html,1
HẠ ĐỘC (Nguyễn Lân Thắng),https://www.khoi8406.com/post/nhanquyenchovn/ha-oc-nguyen-lan-thang-58d5fe58e2d.html,1
ĐỈNH ĐIỂM SỰ TÀN ÁC - KỲ 1 (Nguyễn Vũ Bình),https://www.khoi8406.com/post/nhanquyenchovn/inh-iem-su-tan-ac-ky-1-nguyen-vu-binh-ee00f4ccb2b.html,1
Chủ lò Tổng Tịch hơ củi Phó thủ Vũ Văn Ninh,https://www.khoi8406.com/post/danlambaovn/chu-lo-tong-tich-ho-cui-vu-van-ninh-da219d5431f.html,1
Nguyễn Đức Chung và một lũ phá hoại ở Hà Nội,https://www.khoi8406.com/post/danlambaovn/nguyen-uc-chung-va-mot-lu-pha-hoai-o-ha-2dd9ffc8f07.html,1
Bộ Ngoại giao: Cuối cùng kẻ bị cướp buộc phải la làng,https://www.khoi8406.com/post/danlambaovn/bo-ngoai-giao-cuoi-cung-ke-bi-cuop-buoc-6eabe48d43c.html,1
Next...,https://www.khoi8406.com/post/danlambaovn/next-e28244e02be.html,1
Gia tăng dịch vụ đêm đêm... ngửi mùi hương,https://www.khoi8406.com/post/danlambaovn/gia-tang-dich-vu-em-em-ngui-mui-huong-3719ec272fa.html,1
Tiếng cười tiễn biệt thời cộng sản,https://www.khoi8406.com/post/danlambaovn/tieng-cuoi-tien-biet-thoi-cong-san-1ed2834a237.html,1
Bảo vệ dân hay bảo vệ đảng?,https://www.khoi8406.com/post/danlambaovn/bao-ve-dan-hay-bao-ve-ang-721777838fb.html,1
Hơn 50 công ty ra thông cáo dời nhà máy khỏi Trung Quốc do ảnh hưởng của cuộc chiến thương mại,https://www.khoi8406.com/post/danlambaovn/hon-50-cong-ty-ra-thong-cao-doi-nha-may-5b9c1114461.html,1
BẢN TIN NGÀY 19/07/2019 (Báo Tiếng Dân),https://www.khoi8406.com/post/nhanquyenchovn/ban-tin-ngay-19072019-bao-tieng-dan-d123fb272b8.html,1
ĐIỂM TIN NGÀY 18/07/2019 (Tin Tức Hàng Ngày),https://www.khoi8406.com/post/nhanquyenchovn/iem-tin-ngay-18072019-tin-tuc-hang-ngay_19-a9fb732b31d.html,1
"TRƯỜNG ĐẢNG TRUNG QUỐC : ""CHÚNG TÔI PHẢI PHỤC VỤ QUẢN TRỊ CỦA ĐẢNG"" (Gerry Shih - The Washington Post)",https://www.khoi8406.com/post/nhanquyenchovn/truong-ang-trung-quoc-chung-toi-phai-a2648dfc305.html,1
"MUỐN TỬ TẾ, HỌC TẬP & LÀM THEO DÂN (Trân Văn)",https://www.khoi8406.com/post/nhanquyenchovn/muon-tu-te-hoc-tap-lam-theo-dan-tran-van-ae1eadf31e4.html,1
Tại sao hàng chục nghìn căn hộ Thủ Thiêm không ai ở? (Phần 2),https://www.khoi8406.com/post/danlambaovn/tai-sao-hang-chuc-nghin-can-ho-thu-5bf295cfe31.html,1
"Kế hoạch Đường sắt Cao tốc Bắc - Nam: Vô kế hoạch, coi thường nhân dân và âm mưu tham nhũng",https://www.khoi8406.com/post/danlambaovn/ke-hoach-uong-sat-cao-toc-bac-nam-vo-ke-63069f8892a.html,1
Nỗi hèn tận đáy của Nguyễn Thị Kim Ngân và Bộ Chính trị CSVN,https://www.khoi8406.com/post/danlambaovn/noi-hen-tan-ay-cua-nguyen-thi-kim-ngan-5a7b65a0f36.html,1
DI DÂN VIỆT CÓ GIÚP MỸ TĂNG LỢI THẾ CẠNH TRANH (VOA Tiếng Việt),https://www.khoi8406.com/post/nhanquyenchovn/di-dan-viet-co-giup-my-tang-loi-canh-74255f613af.html,1
"PHIẾM LUẬN VỀ CHỮ ""PRINCE"" (Nguyễn Minh)",https://www.khoi8406.com/post/nhanquyenchovn/phiem-luan-ve-chu-prince-nguyen-minh-c721d329bb1.html,1
VIỆT NAM VÀ CHIẾN TRANH THƯƠNG MẠI MỸ TRUNG (Trần Quốc Hùng),https://www.khoi8406.com/post/nhanquyenchovn/viet-nam-va-chien-tranh-thuong-mai-my-41f846e640d.html,1
Đầu LU óc LON,https://www.khoi8406.com/post/danlambaovn/au-lu-oc-lon-78554c8b1bd.html,1
Phải bắt ngay các quan chức dính đến sai phạm Thủ Thiêm (Kỳ 3),https://www.khoi8406.com/post/danlambaovn/phai-bat-ngay-cac-quan-chuc-dinh-en-sai-b5aa8a57b31.html,1
"Thiên đường của những con ma ăn trộm, ăn cắp và ăn cướp mang thẻ đảng",https://www.khoi8406.com/post/danlambaovn/thien-uong-cua-nhung-con-ma-trom-cap-va-ea8fcdda3f9.html,1
Hơn 1000 công nhân Phúc Sơn đình công sang ngày thứ hai,https://www.khoi8406.com/post/danlambaovn/hon-1000-cong-nhan-phuc-son-inh-cong-82699717544.html,1
VIỆT NAM LẤY CÁI GÌ ĐỂ BẢO VỆ CHỦ QUYỀN BIỂN ĐẢO? (Trương Nhân Tuấn),https://www.khoi8406.com/post/nhanquyenchovn/viet-nam-lay-cai-gi-e-bao-ve-chu-quyen-8bf8aabf64f.html,1
Trung Quốc muốn biến vùng EEZ của Việt Nam thành “khu vực đang tranh chấp”!,https://www.khoi8406.com/post/danlambaovn/trung-quoc-muon-bien-vung-eez-cua-viet-2758cf280c4.html,1
BI KỊCH CỦA ĐỒNG BÀO TÂY NGUYÊN : CÒN ĐÂU LỜI RU TRÊN NƯƠNG? (Lê Đan Hạ),https://www.khoi8406.com/post/nhanquyenchovn/bi-kich-cua-ong-bao-tay-nguyen-con-au-7673bff7386.html,1
TẠI SAO TIỀN LÀ PHÁ HOẠI NÊN TẢNG XÃ HỘI VIỆT NAM ĐẾN THẾ? (Mạc Văn Trang),https://www.khoi8406.com/post/nhanquyenchovn/tai-sao-tien-la-pha-hoai-nen-tang-xa-436b320dd40.html,1
BẢN TIN NGÀY 18/07/2019 (Báo Tiếng Dân),https://www.khoi8406.com/post/nhanquyenchovn/ban-tin-ngay-18072019-bao-tieng-dan-85a3250b8ab.html,1
ĐIỂM TIN NGÀY 18/07/2019 (Tin Tức Hàng Ngày),https://www.khoi8406.com/post/nhanquyenchovn/iem-tin-ngay-18072019-tin-tuc-hang-ngay-eec59c01aaf.html,1
TẠI SAO MỸ KHÔNG BỎ ĐƯỢC VIỆT NAM? (Quỳnh Thi),https://www.khoi8406.com/post/nhanquyenchovn/tai-sao-my-khong-bo-uoc-viet-nam-quynh-b417bc84f26.html,1
TRANH CỬ SƠ BỘ ĐẢNG DÂN CHỦ (Cổ-Lũy),https://www.khoi8406.com/post/nhanquyenchovn/tranh-cu-so-bo-ang-dan-chu-co-luy-5c3f3ae5c1e.html,1
TRUMP KHÔN HAY TRUMP DẠI (Ngô Nhân Dụng),https://www.khoi8406.com/post/nhanquyenchovn/trump-khon-hay-trump-dai-ngo-nhan-dung-73a9ac23020.html,1
PHÁT TRIỂN & DÂN CHỦ (Bruce Bueno de Mesquita và George W. Downs),https://www.khoi8406.com/post/nhanquyenchovn/phat-trien-dan-chu-bruce-bueno-de-131a3d7ec1b.html,1
Mục tiêu mới của Trump trong cuộc chiến thương mại: Việt Nam,https://www.khoi8406.com/post/danlambaovn/muc-tieu-moi-cua-trump-trong-cuoc-chien-055f34e8b5d.html,1
3 giả thuyết về cái chết của Trần Bắc Hà,https://www.khoi8406.com/post/danlambaovn/3-gia-thuyet-ve-cai-chet-cua-tran-bac-ha-af951ee77d2.html,1
KỲ THỊ CHỦNG TỘC (Nguyễn Đạt Thịnh),https://www.khoi8406.com/post/nhanquyenchovn/ky-thi-chung-toc-nguyen-at-thinh-237917fb9eb.html,1
"THƯƠNG CHIẾN MỸ - HOA : KỶ NGUYÊN MỚI TRONG CUỘC CẠNH TRANH QUYỀN LỰC LỚN HƠN, NHƯNG KHÔNG CÓ NHỮNG LẰN RANH RÕ RỆT (Edward Wong - The New York Times)",https://www.khoi8406.com/post/nhanquyenchovn/thuong-chien-my-hoa-ky-nguyen-moi-trong-96a40fda8ff.html,1
Tiếng vỗ tay ca ngợi tội ác,https://www.khoi8406.com/post/danlambaovn/tieng-vo-tay-ca-ngoi-toi-ac-f0aeb61667c.html,1
Trần Bắc Hà tử vong vì bệnh hay vì bàn tay của Tổng Tịch hoặc... Ba X?,https://www.khoi8406.com/post/danlambaovn/tran-bac-ha-em-than-tin-cua-nguyen-tan-5482475f8f4.html,1
Tại sao hàng chục nghìn căn hộ tại Thủ Thiêm không có người ở? (Phần 1),https://www.khoi8406.com/post/danlambaovn/tai-sao-hang-chuc-nghin-can-ho-tai-thu-0da81018fa4.html,1
Công ty cung cấp cho Nike tách dần khỏi Việt Nam sau khi rời Trung Quốc,https://www.khoi8406.com/post/danlambaovn/cong-ty-cung-cap-cho-nike-tach-dan-khoi-17bec5747ab.html,1
Trò chuyện giữa... cái đầu gối và bộ trưởng bộ bốn tê,https://www.khoi8406.com/post/danlambaovn/tro-chuyen-giua-cai-au-goi-va-bo-truong-d5fae4c6fdb.html,1
QUAY LƯNG BỎ ĐẢNG (Phạm Trần),https://www.khoi8406.com/post/nhanquyenchovn/quay-lung-bo-ang-pham-tran-f983b76c10c.html,1
"VIỆT NAM, TRUNG QUỐC BỊ LÔI KÉO VÀO THẾ GIẰNG CO TRÊN BIỂN ĐÔNG (James Pearson, Khanh Vu - Reuters)",https://www.khoi8406.com/post/nhanquyenchovn/viet-nam-trung-quoc-bi-loi-keo-vao-883192e38a2.html,1
CHÚNG TA CÓ CÁC QUYỀN GÌ? (Nguyễn Trang Nhung),https://www.khoi8406.com/post/nhanquyenchovn/chung-ta-co-cac-quyen-gi-nguyen-trang-b6aa15a325b.html,1
Thời đại ba lờ lon-lu-lú,https://www.khoi8406.com/post/danlambaovn/thoi-ai-ba-lo-lon-lu-lu-43cf843d85d.html,1
TẠI SAO BAN TUYÊN GIÁO CẤM ĐƯA VỀ TƯ CHÍNH? (Nguyễn Hoàng),https://www.khoi8406.com/post/nhanquyenchovn/tai-sao-ban-tuyen-giao-cam-ua-ve-tu-eb092da97ef.html,1
KHÔNG CHỈ LÀ THẤT BẠI CỦA CHÍNH SÁCH BA KHÔNG (Chiến Thành),https://www.khoi8406.com/post/nhanquyenchovn/khong-chi-la-that-bai-cua-chinh-sach-ba-f1facc460b1.html,1
TRUNG QUỐC MUỐN CƯỚP NGUỒN DẦU KHÍ VIỆT NAM NGOÀI KHƠI BIỂN ĐÔNG (tổng hợp),https://www.khoi8406.com/post/nhanquyenchovn/trung-quoc-muon-cuop-nguon-dau-khi-viet-49d32965879.html,1
Cái lu bị bể... mánh,https://www.khoi8406.com/post/danlambaovn/cai-lu-bi-be-manh-d30fd0f7150.html,1
ĐẤT ĐAI THỦ THIÊM & ĐỒ MÃ BA ĐÌNH (S.T.T.D Tưởng Năng Tiến),https://www.khoi8406.com/post/nhanquyenchovn/at-ai-thu-thiem-o-ma-ba-inh-sttd-tuong-0b8e060ae52.html,1
BÀN CHUYỆN CÁI LU ! (Lê Thị Kim Dung),https://www.khoi8406.com/post/nhanquyenchovn/ban-chuyen-cai-lu-le-thi-kim-dung-1a36316e0b0.html,1
Chính phủ Hồng Kông hủy kích hoạt các chức năng trên các cột đèn thông minh mới trong bối cảnh lo ngại về quyền riêng tư,https://www.khoi8406.com/post/danlambaovn/chinh-phu-hong-kong-huy-kich-hoat-cac-157ef86347e.html,1
NGUY CƠ CHIẾN TRANH VIỆT - TRUNG TRÊN BIỂN ĐÔNG NGÀY CÀNG HIỆN RÕ (Thường Sơn - VNTB),https://www.khoi8406.com/post/nhanquyenchovn/nguy-co-chien-tranh-viet-trung-tren-7b5e3e2dc20.html,1
Tư Chính: Bãi riêng TƯ và CHÍNH chủ,https://www.khoi8406.com/post/danlambaovn/tu-chinh-bai-rieng-tu-va-chinh-chu-25c76579db1.html,1
Quay lưng bỏ đảng,https://www.khoi8406.com/post/danlambaovn/quay-lung-bo-ang-8979d4bd92c.html,1
Bộ 4 Tốt,https://www.khoi8406.com/post/danlambaovn/bo-4-tot-b7337ee7dea.html,1
Thơ viết ở một ngã tư,https://www.khoi8406.com/post/danlambaovn/tho-viet-o-mot-nga-tu-466ca8e5217.html,1
"""Hèn Tư Chính""",https://www.khoi8406.com/post/danlambaovn/hen-tu-chinh-84f4670a117.html,1
"TRUNG QUỐC LIỀU LĨNH KHIÊU KHÍCH TRÊN NGUỒN TÀI NGUYÊN KHÍ ĐỐT CỦA MALAYSIA, VIỆT NAM (AMTI)",https://www.khoi8406.com/post/nhanquyenchovn/trung-quoc-lieu-linh-khieu-khich-tren-e426f790159.html,1
CÁC PHƯƠNG CÁCH ĐỂ THAO TÚNG ĐÁM ĐÔNG (Liên Hương),https://www.khoi8406.com/post/nhanquyenchovn/cac-phuong-cach-e-thao-tung-am-ong-lien-9ff5c4be599.html,1
"Việt Nam, Trung Quốc bị lôi kéo vào thế giằng co trên Biển Đông",https://www.khoi8406.com/post/danlambaovn/viet-nam-trung-quoc-bi-loi-keo-vao-511dd3de1f7.html,1
Đất đai Thủ Thiêm & Đồ mã Ba Đình,https://www.khoi8406.com/post/danlambaovn/at-ai-thu-thiem-o-ma-ba-inh-76fa38d57d7.html,1
Những chiến dịch bí mật của Mỹ và Do Thái đánh phá chương trình hạt nhân của Iran,https://www.khoi8406.com/post/danlambaovn/nhung-chien-dich-bi-mat-cua-my-va-do-f83b051ef3b.html,1
Đại tá Nguyễn Hữu Cầu - Giám đốc CA tỉnh Nghệ An,https://www.khoi8406.com/post/danlambaovn/ai-ta-nguyen-huu-cau-giam-oc-ca-tinh-7e609d3a303.html,1
BẢN TIN NGÀY 17/07/2019 (Báo Tiếng Dân),https://www.khoi8406.com/post/nhanquyenchovn/ban-tin-ngay-17072019-bao-tieng-dan-5336e3021f9.html,1
ĐIỂM TIN NGÀY 17/07/2019 (Tin Tức Hàng Ngày),https://www.khoi8406.com/post/nhanquyenchovn/iem-tin-ngay-17072019-tin-tuc-hang-ngay-0181ef334d9.html,1
CÁC NỮ DÂN BIỂU MỸ : ĐỨNG MẮC BẪY TRUMP (BBC Tiếng Việt),https://www.khoi8406.com/post/nhanquyenchovn/cac-nu-dan-bieu-my-ung-mac-bay-trump-d1d92d06199.html,1
NẠN ĐÓI TIẾP TỤC HOÀNH HÀNH TRÊN THẾ GIỚI (Thu Hằng - RFI),https://www.khoi8406.com/post/nhanquyenchovn/nan-oi-tiep-tuc-hoanh-hanh-tren-gioi-a2f854da54d.html,1
LÁ THƯ TÂN CƯƠNG & MÃNH LỰC KIM TIỀN CỦA BẮC KINH (Thụy My - RFI),https://www.khoi8406.com/post/nhanquyenchovn/la-thu-tan-cuong-manh-luc-kim-tien-cua-583ddacbfa8.html,1
TRUNG QUỐC ĐANG LẶNG LẼ CHIẾM ĐƯỢC BIỂN ĐÔNG NHƯ THẾ NÀO (Bloomberg),https://www.khoi8406.com/post/nhanquyenchovn/trung-quoc-ang-lang-le-chiem-uoc-bien-e9c053c835d.html,1
CHIẾN TRANH THƯƠNG MẠI DANG LÀM TRUNG QUỐC TRỞ NÊN MẠNH MẼ HƠN (Phạm Minh Trung - Luật Khoa),https://www.khoi8406.com/post/nhanquyenchovn/chien-tranh-thuong-mai-dang-lam-trung-1b18b3b44ec.html,1
HOA KỲ MUỐN TRÙM MA TÚY MEXICO GIAO NẠP 12 TỶ ĐÔ LA (theo CNN),https://www.khoi8406.com/post/nhanquyenchovn/hoa-ky-muon-trum-ma-tuy-mexico-giao-nap-fcc0ade4f65.html,1
TRUMP & DÂN LUẬN VIÊN CỘNG SẢN GIỐNG NHAU Ở ĐIỂM NÀO? (Mai V. Phạm),https://www.khoi8406.com/post/nhanquyenchovn/trump-dan-luan-vien-cong-san-giong-nhau-b0046134b3f.html,1
"PHẠM ĐOAN TRANG TẶNG KHÔNG SÁCH ""PHẢN KHÁNG PHI BẠO LỰC"" (Người Việt Online)",https://www.khoi8406.com/post/nhanquyenchovn/pham-oan-trang-tang-khong-sach-phan-f8204771c3f.html,1
"'MUỐN CHÍNH QUYỀN SỢ, PHẢI LÊN TIẾNG VỚI QUỐC TẾ' (VOA Tiếng Việt)",https://www.khoi8406.com/post/nhanquyenchovn/muon-chinh-quyen-so-phai-len-tieng-voi-024212d85cc.html,1
NHỮNG LỜI CUỐI CÙNG CỦA THẦY HOÀNG TỤY (tổng hợp),https://www.khoi8406.com/post/nhanquyenchovn/nhung-loi-cuoi-cung-cua-thay-hoang-tuy-cd3720cd4ad.html,1
CÔNG TY DỆT MAY CHO NIKE RỜI VIỆT NAM SAU KHI RA KHỎI TRUNG HOA (Cindy Wang – Bloomberg),https://www.khoi8406.com/post/nhanquyenchovn/cong-ty-det-may-cho-nike-roi-viet-nam-c0aea3ffeaf.html,1
CHUYỆN KỂ ĐI THĂM TÙ NHÂN LƯƠNG TÂM (Nguyễn Thu),https://www.khoi8406.com/post/nhanquyenchovn/chuyen-ke-i-tham-tu-nhan-luong-tam-267f64a4323.html,1
"TÁC HẠI CỦA ""TƯ DUY LỆNH MIỆNG"" ! (Nguyễn Ngọc Già)",https://www.khoi8406.com/post/nhanquyenchovn/tac-hai-cua-tu-duy-lenh-mieng-nguyen-d9ecb5c1e01.html,1
SỰ NGUỴ BIỆN CỦA ÔNG HOÀNG HẢI VÂN (Nguyễn Trung Bảo),https://www.khoi8406.com/post/nhanquyenchovn/su-nguy-bien-cua-ong-hoang-hai-van-5cdd870fe79.html,1
BẢN TIN NGÀY 16/07/2019 (Báo Tiếng Dân),https://www.khoi8406.com/post/nhanquyenchovn/ban-tin-ngay-16072019-bao-tieng-dan-c00c53c7226.html,1
ĐIỂM TIN NGÀY 16/07/2019 (Tin Tức Hàng Ngày),https://www.khoi8406.com/post/nhanquyenchovn/iem-tin-ngay-16072019-tin-tuc-hang-ngay-e86487700f4.html,1
TIN & BÀI TỪ NGÀY 9 ĐẾN NGÀY 15/7/2019,https://www.khoi8406.com/post/nhanquyenchovn/tin-bai-tu-ngay-9-en-ngay-1572019-3b8efaf87e5.html,1
SỰ TỰ HỦY DIỆT CỦA MỸ (Fareed Zakaria - Foreign Affairs),https://www.khoi8406.com/post/nhanquyenchovn/su-tu-huy-diet-cua-my-fareed-zakaria-113b5e0b8ff.html,1
THỔ NHĨ KỲ : VÁN CỜ NGUY HIỂM CỦA ERDOGAN (Tú Anh - RFI),https://www.khoi8406.com/post/nhanquyenchovn/tho-nhi-ky-van-co-nguy-hiem-cua-erdogan-ce3750f0b41.html,1
37 QUỐC GIA CÙNG KÝ THƯ ỦNG HỘ TRUNG QUỐC TRONG VIỆC CAI TRỊ TÀN BẠO TÂN CƯƠNG (Phan Lặng Yên),https://www.khoi8406.com/post/nhanquyenchovn/37-quoc-gia-cung-ky-thu-ung-ho-trung-d462c12a680.html,1
IRAN TUYÊN BỐ SẴN SÀNG THƯƠNG THẢO NẾU MỸ BỎ CẤM VẬN (tổng hợp),https://www.khoi8406.com/post/nhanquyenchovn/iran-tuyen-bo-san-sang-thuong-thao-neu-91cb3178b4a.html,1
ĐỪNG CÓ MƠ! PHẢI CẢM ƠN TRUMP ! (Hoàng Thủy Ngữ),https://www.khoi8406.com/post/nhanquyenchovn/ung-co-mo-phai-cam-on-trump-hoang-thuy-8c95b25d60e.html,1
NỔ SÚNG Ở MỸ (Ngọc Huyền Như),https://www.khoi8406.com/post/nhanquyenchovn/no-sung-o-my-ngoc-huyen-nhu-f73ce72dd63.html,1
CHUYÊN GIA VIỆT PHÁT TRIỂN ROBOT THÔNG MINH DÙNG TRÍ TUỆ NHÂN TẠO (Thu Hằng - RFI),https://www.khoi8406.com/post/nhanquyenchovn/chuyen-gia-viet-phat-trien-robot-thong-2480d999500.html,1
"TÍN NGƯỠNG TRONG SỰ KIỂM SOÁT CỦA CỘNG SẢN : VỪA BỊ ĐÀN ÁP, VỪA BỊ LỢI DỤNG (Tuấn Khanh ghi)",https://www.khoi8406.com/post/nhanquyenchovn/tin-nguong-trong-su-kiem-soat-cua-cong-5149f3e7021.html,1
Vè bãi Tư Chính,https://www.khoi8406.com/post/danlambaovn/ve-bai-tu-chinh-ddaacbfc169.html,1
"Tác hại của ""tư duy lệnh miệng""!",https://www.khoi8406.com/post/danlambaovn/tac-hai-cua-tu-duy-lenh-mieng-6afbde4dc3b.html,1
Phó Tổng TTCP Ngô Văn Khánh ém QD thanh tra Thủ Thiêm gây oán than kéo dài (kì 1),https://www.khoi8406.com/post/danlambaovn/pho-tong-ttcp-ngo-van-khanh-em-qd-thanh-2dcba5fac87.html,1
"Trong tình thế hiện nay, CSVN có đáng để lãnh đạo đất nước?",https://www.khoi8406.com/post/danlambaovn/trong-tinh-hien-nay-csvn-co-ang-e-lanh-33504f9f72a.html,1
Blogger Mother Mushroom’s keynote speech at the Captive Nations Summit organized by the Victims of Communism Memorial Foundation,https://www.khoi8406.com/post/danlambaovn/blogger-mother-mushrooms-keynote-speech-574ea56cb11.html,1
'ĐẠI CỤC' TO CỠ NÀO ? (Trân Văn),https://www.khoi8406.com/post/nhanquyenchovn/ai-cuc-to-co-nao-tran-van-e9cecef9875.html,1
DIỄN VĂN CỦA BLOGGER MẸ NẤM TRONG LỄ NHẬN GIẢI THƯỞNG NHÂN QUYỀN 2019 CỦA HỘI TƯỞNG NIỆM NẠN NHÂN CỘNG SẢN (CTV Danlambao),https://www.khoi8406.com/post/nhanquyenchovn/dien-van-cua-blogger-me-nam-trong-le-5f33c4cf117.html,1
Khủng hoảng dự luật dẫn độ: Tại sao người trẻ Hồng Kông giận dữ và vô cùng đau buồn,https://www.khoi8406.com/post/danlambaovn/khung-hoang-du-luat-dan-o-tai-sao-nguoi-5d6bc137e6f.html,1
Blogger Mẹ Nấm được trao giải thưởng Nhân quyền 2019,https://www.khoi8406.com/post/danlambaovn/blogger-me-nam-uoc-trao-giai-thuong-b528bccc4d1.html,1
Bài diễn văn chủ đạo tại Hội tưởng niệm nạn nhân cộng sản của Blogger Mẹ Nấm,https://www.khoi8406.com/post/danlambaovn/bai-dien-van-chu-ao-tai-hoi-tuong-niem-5537dde6b9b.html,1
KIẾN NGHỊ BA ĐIỂM LIÊN QUAN ĐẾN TRUNG QUỐC XÂM PHẠM CHỦ QUYỀN VIỆT NAM (Lập Quyền Dân),https://www.khoi8406.com/post/nhanquyenchovn/kien-nghi-ba-iem-lien-quan-en-trung-32e81d9e2fa.html,1
QUYỀN ĐƯỢC BIẾT (Mai Quốc Ấn),https://www.khoi8406.com/post/nhanquyenchovn/quyen-uoc-biet-mai-quoc-an-612f4736936.html,1
BẢN TIN NGÀY 15/07/2019 (Báo Tiếng Dân),https://www.khoi8406.com/post/nhanquyenchovn/ban-tin-ngay-15072019-bao-tieng-dan-7275b63d0ba.html,1
ĐIỂM TIN NGÀY 15/07/2019 (Tin Tức Hàng Ngày),https://www.khoi8406.com/post/nhanquyenchovn/iem-tin-ngay-15072019-tin-tuc-hang-ngay-2cd34a799a0.html,1
NƯỚC MỸ CÓ THỂ KHÔNG QUA KHỎI NHIỆM KỲ THỨ HAI CỦA TRUMP (John Ziegler),https://www.khoi8406.com/post/nhanquyenchovn/nuoc-my-co-khong-qua-khoi-nhiem-ky-thu-955c0a90e19.html,1
Đảng Cộng sản không muốn người lao động có quyền,https://www.khoi8406.com/post/danlambaovn/ang-cong-san-khong-muon-nguoi-lao-ong-1eff32ab86f.html,1
Chuông báo tử,https://www.khoi8406.com/post/danlambaovn/chuong-bao-tu-f05923ab282.html,1
"VỤ ÁN ""VỀ KINH BẮC"" - MỘT SỰ KIỆN HẬU NHÂN VĂN (Hoàng Hưng)",https://www.khoi8406.com/post/nhanquyenchovn/vu-ve-kinh-bac-mot-su-kien-hau-nhan-van-b9b1768599b.html,1
TIẾN SĨ DÂN TỘC HỌC MÀ LẠI LÀM TRƯỞNG KHOA ĐÔ THỊ HỌC!? (FB Hoàng Mạnh Hà),https://www.khoi8406.com/post/nhanquyenchovn/tien-si-dan-toc-hoc-ma-lai-lam-truong-c68f1a26a82.html,1
MỘT LỊCH SỬ HẢI HÙNG BỊ GIẤU KÍN & PHANH PHUI (Nguyễn Thông),https://www.khoi8406.com/post/nhanquyenchovn/mot-lich-su-hai-hung-bi-giau-kin-phanh-805998d747b.html,1
"VIỆT NAM ""ĐỔI MỚI""?! HAY : TREO ĐẦU DÊ, BÁN THỊT CHÓ! (Âu Dương Thệ)",https://www.khoi8406.com/post/nhanquyenchovn/viet-nam-oi-moi-hay-treo-au-de-ban-thit-56c98adb1b4.html,1
BỊ ĐÁNH ĐAU MÀ KHÔNG DÁM RÊN CŨNG LÀ NỖI NHỤC LỚN (Nguyễn Xuân Thọ),https://www.khoi8406.com/post/nhanquyenchovn/bi-anh-au-ma-khong-dam-ren-cung-la-noi-cc5b4777a3c.html,1
ĐIỂM TIN NGÀY 14/07/2019 (Tin Tức Hàng Ngày),https://www.khoi8406.com/post/nhanquyenchovn/iem-tin-ngay-14072019-tin-tuc-hang-ngay-38679d8d788.html,1
"Việt Nam “đổi mới”?! Hay: Treo đầu dê, bán thịt chó!",https://www.khoi8406.com/post/danlambaovn/viet-nam-oi-moi-hay-treo-au-de-ban-thit-1db1389c913.html,1
Tổ quốc đã thời nào khốn nạn thế này chưa?,https://www.khoi8406.com/post/danlambaovn/to-quoc-thoi-nao-khon-nan-nay-chua-bbdcf348a4e.html,1
BA NĂM SAU PHÁN QUYẾT BIỂN ĐÔNG : TRUNG QUỐC CÓ TUÂN THỦ? (AMTI),https://www.khoi8406.com/post/nhanquyenchovn/ba-nam-sau-phan-quyet-bien-ong-trung-ecf7ff29fb3.html,1
Tại sao Việt Nam cuồng Trump?,https://www.khoi8406.com/post/danlambaovn/tai-sao-viet-nam-cuong-trump-ce0fd2ac132.html,1
Vì sao Iran vẫn ngang nhiên thách thức Hoa Kỳ,https://www.khoi8406.com/post/danlambaovn/vi-sao-iran-van-ngang-nhien-thach-thuc-51ecf011b92.html,1
"Chuyến đi thăm, triều kiến Thiên Triều của CTQHVN Nguyễn Thị Kim Ngân (chắc là) thành công rực rỡ?",https://www.khoi8406.com/post/danlambaovn/chuyen-i-tham-trieu-kien-thien-trieu-57fedb868eb.html,1
Vè tiến sĩ lu,https://www.khoi8406.com/post/danlambaovn/ve-tien-si-lu-b49a5ed2186.html,1
Gọi Bác Hồ “cha già dân tộc” là chuẩn không cần chỉnh,https://www.khoi8406.com/post/danlambaovn/goi-bac-ho-cha-gia-dan-toc-la-chuan-9299e299970.html,1
VAI TRÒ NGÀY CÀNG TĂNG CỦA EU Ở BIỂN ĐÔNG (Eva Pejsova - ISEAS),https://www.khoi8406.com/post/nhanquyenchovn/vai-tro-ngay-cang-tang-cua-eu-o-bien-58e2231801c.html,1
"HỒNG KÔNG : ""RUỒI MUỖI"" TRÊU TỨC BẮC KINH (RFI / Điểm Tuần Báo Pháp)",https://www.khoi8406.com/post/nhanquyenchovn/hong-kong-ruoi-muoi-treu-tuc-bac-kinh-e3f8a79ff17.html,1
"""1984"" CỦA G.ORWELL : 70 NĂM LỜI CÁO BUỘC CHẾ ĐỘ TOÀN TRỊ (RFI / Bạch Thái Quốc)",https://www.khoi8406.com/post/nhanquyenchovn/1984-cua-gorwell-70-nam-loi-cao-buoc-323b64b742e.html,1
NGÂY THƠ CŨNG LÀ MỘT CÁI LỖI (Nguyễn Thị Bích Ngà),https://www.khoi8406.com/post/nhanquyenchovn/ngay-tho-cung-la-mot-cai-loi-nguyen-thi-97faabe8e50.html,1
HỌC CHÍNH SỬ ĐỂ KIỂM DUYỆT LỊCH SỬ (Li Yuan - The New York Times),https://www.khoi8406.com/post/nhanquyenchovn/hoc-chinh-su-e-kiem-duyet-lich-su-li-7843d5eee3c.html,1
VẬN ĐỘNG NHÂN QUYỀN TẠI NGHỊ VIỆN CHÂU ÂU THÁNG 7 NĂM 2019 (Nguyễn Văn Đài),https://www.khoi8406.com/post/nhanquyenchovn/van-ong-nhan-quyen-tai-nghi-vien-chau-7d4ba2fe1e5.html,1
VIỆT NAM ĐỨNG THỨ BAO NHIÊU VỀ ĐÓNG GÓP CHO THẾ GIỚI? (Nguyễn Trang Nhung),https://www.khoi8406.com/post/nhanquyenchovn/viet-nam-ung-thu-bao-nhieu-ve-ong-gop-6b9425da465.html,1
MỘT CỘNG TÁC VIÊN BÁO CHÍ BẤT NGỜ TỰ TỬ TRONG ĐỒN CÔNG AN HUYỆN (RFA),https://www.khoi8406.com/post/nhanquyenchovn/mot-cong-tac-vien-bao-chi-bat-ngo-tu-tu-84aceac1cde.html,1
VIỆT NAM SẼ TRẢ ĐŨA VỤ TƯ CHÍNH BẰNG CÁCH GÌ? (Trương Nhân Tuấn),https://www.khoi8406.com/post/nhanquyenchovn/viet-nam-se-tra-ua-vu-tu-chinh-bang-eed4575453d.html,1
"ĐẢNG CỘNG SẢN KHÔNG PHẢI LÀ GIẢI PHÁP, MÀ LÀ VẤN ĐỀ (Trung Nguyễn)",https://www.khoi8406.com/post/nhanquyenchovn/ang-cong-san-khong-phai-la-giai-phap-ma-691652ed78f.html,1
BẢN TIN NGÀY 13/07/2019 (Báo Tiếng Dân),https://www.khoi8406.com/post/nhanquyenchovn/ban-tin-ngay-13072019-bao-tieng-dan-3c1d32e817b.html,1
ĐIỂM TIN NGÀY 13/07/2019 (Tin Tức Hàng Ngày),https://www.khoi8406.com/post/nhanquyenchovn/iem-tin-ngay-13072019-tin-tuc-hang-ngay-75f668277bc.html,1
Cái lu chống ngập và sự im lặng của báo đảng ở bãi Tư Chính,https://www.khoi8406.com/post/danlambaovn/cai-lu-chong-ngap-va-su-im-lang-cua-bao-8d92f20b2f3.html,1
CÁC NHÀ KINH TẾ CHIA XẺ SỰ LÊN ÁN CHIỀU HƯỚNG 'QUÁI DỊ' CỦA TRUNG QUỐC (Janos Kornai - Financial Times),https://www.khoi8406.com/post/nhanquyenchovn/cac-nha-kinh-te-chia-xe-su-len-chieu-67e98e216c6.html,1
"CHÍNH SÁCH “THAY ĐŨA” CỦA BẮC KINH, MỐI HỌA KHÔN LƯỜNG (Đỗ Văn Ngà)",https://www.khoi8406.com/post/nhanquyenchovn/chinh-sach-thay-ua-cua-bac-kinh-moi-hoa-22d3bb6fd81.html,1
"VÌ SAO HÀ NỘI BỊ WASHINGTON CHỈ TRÍCH LÀ ""KẺ LỢI DỤNG TỒI TỆ NHÂT"" ? (Nguyễn Quang Duy)",https://www.khoi8406.com/post/nhanquyenchovn/vi-sao-ha-noi-bi-washington-chi-trich-21881269c64.html,1
"ỦNG HỘ TÙ NHÂN LƯƠNG TÂM TUYỆT THỰC, GIỚI HOẠT ĐỘNG BỊ HÀNH HUNG TẠI TRẠI 6 - NGHỆ AN (tổng hợp)",https://www.khoi8406.com/post/nhanquyenchovn/ung-ho-tu-nhan-luong-tam-tuyet-thuc-15c1d9cec80.html,1
KHAI MỞ CUỘC VẬN ĐỘNG NHÂN QUYỀN VIỆT NAM 2019 (VOA Tiếng Việt),https://www.khoi8406.com/post/nhanquyenchovn/khai-mo-cuoc-van-ong-nhan-quyen-viet-5758b077970.html,1
TÀU VIỆT NAM ĐỐI ĐẦU TÀU TRUNG QUỐC Ở BÃI TƯ CHÍNH (tổng hợp),https://www.khoi8406.com/post/nhanquyenchovn/tau-viet-nam-oi-au-tau-trung-quoc-o-bai-47aecd3e924.html,1
BẢN TIN NGÀY 12/07/2019 (Báo Tiếng Dân),https://www.khoi8406.com/post/nhanquyenchovn/ban-tin-ngay-12072019-bao-tieng-dan-a0f0f9c04e7.html,1
Học chính sử để kiểm duyệt lịch sử,https://www.khoi8406.com/post/danlambaovn/hoc-chinh-su-e-kiem-duyet-lich-su-30b9c719f5b.html,1
ĐIỂM TIN NGÀY 12/07/2019 (Tin Tức Hàng Ngày),https://www.khoi8406.com/post/nhanquyenchovn/iem-tin-ngay-12072019-tin-tuc-hang-ngay-7278cdb0cc6.html,1
Người Bắc có đáng ghét không (?!) - Phần 2,https://www.khoi8406.com/post/danlambaovn/nguoi-bac-co-ang-ghet-khong-phan-2-9cfdc309f9d.html,1
Hệ thống tín nhiệm xã hội “chấm điểm công dân” sẽ không được thực thi tại Hồng Kông,https://www.khoi8406.com/post/danlambaovn/he-thong-tin-nhiem-xa-hoi-cham-iem-cong-743ca569aca.html,1
Nhiều thương bác Hồ,https://www.khoi8406.com/post/danlambaovn/nhieu-thuong-bac-ho-223b8c36ea7.html,1
Kim Jong-un trở thành nguyên thủ quốc gia bằng sửa đổi Hiến pháp,https://www.khoi8406.com/post/danlambaovn/kim-jong-un-tro-thanh-nguyen-thu-quoc-0b714d1f1c5.html,1
Hai đặc khu của Tập,https://www.khoi8406.com/post/danlambaovn/hai-ac-khu-cua-tap-d15150e888a.html,1
Lật Chiến Thư chỉ thị cho Nguyễn Thị Kim Ngân về cam kết “Vành đai và Con đường”,https://www.khoi8406.com/post/danlambaovn/lat-chien-thu-chi-thi-cho-nguyen-thi-83871648bcc.html,1
Bí thư thành uỷ thành Hồ giỡn mặt Tổng tịch?!,https://www.khoi8406.com/post/danlambaovn/bi-thu-thanh-uy-thanh-ho-gion-mat-tong-d69e148a570.html,1
Gà bài cho Võ Văn Thưởng - Trưởng ban Tuyên giáo Trung ương!,https://www.khoi8406.com/post/danlambaovn/ga-bai-cho-vo-van-thuong-truong-ban-a5b2d38003b.html,1
Văn hóa lon,https://www.khoi8406.com/post/danlambaovn/van-hoa-lon-f52008d4096.html,1
"AI DÁM ""SỜ GÁY"" NGƯỜI CỦA TỔNG - CHỦ? (BTV Tiếng Dân)",https://www.khoi8406.com/post/nhanquyenchovn/ai-dam-so-gay-nguoi-cua-tong-chu-btv-86442f3ef8a.html,1
ĐẤU TRANH CHO DÂN CHỦ và NHÂN QUYỀN ở VIỆT NAM mà lại ỦNG HỘ DONALD TRUMP CÁCH MÙ QUÁNG – THÌ CÁI KẾT LÀ ĐÂY (Phạm Thanh Giao),https://www.khoi8406.com/post/nhanquyenchovn/au-tranh-cho-dan-chu-va-nhan-quyen-o-08d39c84eac.html,1
BẢN TIN NGÀY 11/07/2019 (Báo Tiếng Dân),https://www.khoi8406.com/post/nhanquyenchovn/ban-tin-ngay-11072019-bao-tieng-dan-92f5cab5d79.html,1
ĐIỂM TIN NGÀY 11/07/2019 (Tin Tức Hàng Ngày),https://www.khoi8406.com/post/nhanquyenchovn/iem-tin-ngay-11072019-tin-tuc-hang-ngay-41a893fbb7e.html,1
"HOÀI NIỆM QUÁ KHỨ, NHẠC POP THỜI 60 TRỞ LẠI THỊNH HÀNH (Lê Mạnh Hùng)",https://www.khoi8406.com/post/nhanquyenchovn/hoai-niem-qua-khu-nhac-pop-thoi-60-tro-660b7cd7c27.html,1
NGƯỜI NAM HÀN BÀY TỎ PHẢN ỨNG TRONG CUỘC TRANH CHẤP THƯƠNG MẠI VỚI NHẬT BẢN (Bloomberg),https://www.khoi8406.com/post/nhanquyenchovn/nguoi-nam-han-bay-to-phan-ung-trong-c810e5d0fe9.html,1
MÔ HÌNH TRUNG QUỐC LÀ MỘT MỐI ĐE DỌA ? (William H Overholt - East Asia Forum),https://www.khoi8406.com/post/nhanquyenchovn/mo-hinh-trung-quoc-la-mot-moi-e-doa-0a73f5ef27d.html,1
TẬP THUA TRUMP TRÊN MẶT TRẬN TUYÊN TRUYỀN (Ngô Nhân Dụng),https://www.khoi8406.com/post/nhanquyenchovn/tap-thua-trump-tren-mat-tran-tuyen-009ac437ef3.html,1
"Thù đã ở trước mặt, đảng làm gì?",https://www.khoi8406.com/post/danlambaovn/thu-o-truoc-mat-ang-lam-gi-d87656c4479.html,1
Từ bà đầm sắt đến con vịt què,https://www.khoi8406.com/post/danlambaovn/tu-ba-am-sat-en-con-vit-que-857ab79ce3f.html,1
Nguyễn Thị Kim Ngân - thân phận chư hầu trong công cuộc ra đi tìm đường kiếm tiền nhiều và kiếm ghế cao,https://www.khoi8406.com/post/danlambaovn/nguyen-thi-kim-ngan-than-phan-chu-hau-4ab9d26b2a4.html,1
"VIỆT NAM TRONG THE ART OF DEAL, HAY SÁCH ""NGHỆ THUẬT ĐÀM PHÁN"" CỦA DONALD TRUMP (Đoàn Hưng Quốc)",https://www.khoi8406.com/post/nhanquyenchovn/viet-nam-trong-art-of-deal-hay-sach-2a86351710a.html,1
NGÀY VẬN ĐỘNG CHO VIỆT NAM (VOA Tiếng Việt),https://www.khoi8406.com/post/nhanquyenchovn/ngay-van-ong-cho-viet-nam-voa-tieng-viet-1678a1cfa8b.html,1
Sát cánh cùng Hong Kong là chung vai vì nhân quyền,https://www.khoi8406.com/post/danlambaovn/sat-canh-cung-hong-kong-la-chung-vai-vi-9694583f569.html,1
"VOICE : CHÚNG TÔI ĐÀO TẠO XÃ HỘI DÂN SỰ, NHƯNG BỊ DÁN NHÃN ""CHỐNG PHÁ"" (VOA Tiếng Việt)",https://www.khoi8406.com/post/nhanquyenchovn/voice-chung-toi-ao-tao-xa-hoi-dan-su-a30bfd9a158.html,1
"TÙ NHÂN LƯƠNG TÂM TUYỆT THỰC, MẠNG SỐNG 'NHƯ CHỈ MÀNH TREO CHUÔNG' (Người Việt Online)",https://www.khoi8406.com/post/nhanquyenchovn/tu-nhan-luong-tam-tuyet-thuc-mang-song-8a5c1aeec41.html,1
Đắk Lắk :Đảng viên Trần Xuân Bảy vẫn đương chức sau khi có hành vi sàm sở,https://www.khoi8406.com/post/danlambaovn/ak-lak-ang-vien-tran-xuan-bay-van-uong-433ec53caab.html,1
MẤY NGUY CƠ LỚN VIỆT NAM PHẢI ĐỐI PHÓ (Nguyễn Quang Dy),https://www.khoi8406.com/post/nhanquyenchovn/may-nguy-co-lon-viet-nam-phai-oi-pho-dfdb46064a9.html,1
Nguyễn Thị Kim Ngân mở đường cao tốc Bắc-Nam cho tập đoàn Tàu cộng Thái Bình Dương,https://www.khoi8406.com/post/danlambaovn/nguyen-thi-kim-ngan-mo-uong-cao-toc-bac-82b0f4515f6.html,1
CUỘC THÁO CHẠY CỦA NHỮNG NGƯỜI GIÀU CÓ Ở VIỆT NAM (Trúc Giang - VNTB),https://www.khoi8406.com/post/nhanquyenchovn/cuoc-thao-chay-cua-nhung-nguoi-giau-co-7f2824c5619.html,1
NĂM NĂM VƯỢT THÁC CỦA NHỮNG NGƯỜI LÀM BÁO TỰ DO (Tuấn Khanh),https://www.khoi8406.com/post/nhanquyenchovn/nam-nam-vuot-thac-cua-nhung-nguoi-lam-e7ab2c00a57.html,1
Ngu,https://www.khoi8406.com/post/danlambaovn/ngu-9b31f10480f.html,1
Hôm nay... Ngày mai...,https://www.khoi8406.com/post/danlambaovn/hom-nay-ngay-mai-9af497e9023.html,1
Đường cao tốc - hốc hác Việt Nam!,https://www.khoi8406.com/post/danlambaovn/uong-cao-toc-hoc-hac-viet-nam-f2d570aa0a0.html,1
TUYÊN GIÁO HAY TUYÊN LÁO ? (Hoàng Thủy Ngữ),https://www.khoi8406.com/post/nhanquyenchovn/tuyen-giao-hay-tuyen-lao-hoang-thuy-ngu-b6b8cd38919.html,1
TẠI SAO BIẾT ĐÚNG MÀ KHÔNG LÀM ? (Nguyễn Đình Cống),https://www.khoi8406.com/post/nhanquyenchovn/tai-sao-biet-ung-ma-khong-lam-nguyen-ee035a159d1.html,1
CHUYỆN BÂY GIỜ MỚI KỂ (Trần Đức Anh Sơn),https://www.khoi8406.com/post/nhanquyenchovn/chuyen-bay-gio-moi-ke-tran-uc-anh-son-8162e4c0284.html,1
TIN & BÀI TỪ NGÀY 1 ĐẾN NGÀY 8/7/2019,https://www.khoi8406.com/post/nhanquyenchovn/tin-bai-tu-ngay-1-en-ngay-872019-563d96fbc40.html,1
BẢN TIN NGÀY 10/07/2019 (Báo Tiếng Dân),https://www.khoi8406.com/post/nhanquyenchovn/ban-tin-ngay-10072019-bao-tieng-dan-0f6923ad13e.html,1
ĐIỂM TIN NGÀY 10/07/2019 (Tin Tức Hàng Ngày),https://www.khoi8406.com/post/nhanquyenchovn/iem-tin-ngay-10072019-tin-tuc-hang-ngay-f0c39ccad1d.html,1
"Nguyễn Phú Trọng và... ""cố lên Mường Thanh"" Lê Thanh Thản",https://www.khoi8406.com/post/danlambaovn/nguyen-phu-trong-va-co-len-muong-thanh-85dfa1f7f7e.html,1
Hong Kong năm 2047 và Việt Nam năm 2020!,https://www.khoi8406.com/post/danlambaovn/hong-kong-nam-2047-va-viet-nam-nam-2020-1e94f9d3f86.html,1
VN đáng sống?,https://www.khoi8406.com/post/danlambaovn/vn-ang-song-d7ee7e57b54.html,1
Năm 2020 Việt Nam đi về đâu?!,https://www.khoi8406.com/post/danlambaovn/nam-2020-viet-nam-i-ve-au-fb54a934a52.html,1
Người Bắc có đáng ghét không (?!),https://www.khoi8406.com/post/danlambaovn/nguoi-bac-co-ang-ghet-khong-c121a09dcb6.html,1
Tuyên giáo hay bố láo,https://www.khoi8406.com/post/danlambaovn/tuyen-giao-hay-bo-lao-9743765579c.html,1
Ông Thủ tướng,https://www.khoi8406.com/post/danlambaovn/ong-thu-tuong-a3bc06fadc7.html,1
Kim Ngân tiếp khách tại Tô Châu,https://www.khoi8406.com/post/danlambaovn/kim-ngan-tiep-khach-tai-to-chau-8a185857073.html,1
"Hiện tượng đứng trên đầu nhà nước, pháp luật của Bộ Chính trị qua việc kỷ luật Vũ Văn Ninh",https://www.khoi8406.com/post/danlambaovn/hien-tuong-ung-tren-au-nha-nuoc-phap-3452cacf3ff.html,1
Việt Nam: top quốc gia đáng sống dành cho người nước ngoài...,https://www.khoi8406.com/post/danlambaovn/viet-nam-top-quoc-gia-ang-song-danh-cho-3ed476dd7cf.html,1
"DẦU HỎA, ""CON TIN"" CỦA MỸ & IRAN (Thanh Hà - RFI)",https://www.khoi8406.com/post/nhanquyenchovn/dau-hoa-con-tin-cua-my-iran-thanh-ha-rfi-08911086eda.html,1
NGU DỐT KHÔNG CÓ GIỚI HẠN (Thạch Đạt Lang),https://www.khoi8406.com/post/nhanquyenchovn/ngu-dot-khong-co-gioi-han-thach-at-lang-7e261db51b2.html,1
TÒA PHÁN QUYẾT : TT TRUMP KHÔNG ĐƯỢC CHẶN CHỈ TRÍCH TRÊN TWITTER CỦA MÌNH (tổng hợp),https://www.khoi8406.com/post/nhanquyenchovn/toa-phan-quyet-tt-trump-khong-uoc-chan-da6ba3a1c7e.html,1
TRUNG QUỐC CỐ BỊT MIỆNG ĐỐI LẬP HỒNG KÔNG TẠI LHQ (tổng hợp),https://www.khoi8406.com/post/nhanquyenchovn/trung-quoc-co-bit-mieng-oi-lap-hong-dfc4388b9da.html,1
"Hỡi các em cầm ""bút có lông""!",https://www.khoi8406.com/post/danlambaovn/hoi-cac-em-cam-but-co-long-aa1eaa43164.html,1
TRUNG QUỐC MỞ RỘNG HÀNG HẢI - MỘT SỰ PHA TRỘN CỦA THAM VỌNG VÀ HOANG TƯỞNG (The Economist),https://www.khoi8406.com/post/nhanquyenchovn/trung-quoc-mo-rong-hang-hai-mot-su-pha-d9aa2b950cc.html,1
ĐẠI SỨ ANH Ở MỸ PHÊ BÌNH TT TRUMP 'THIẾU KHẢ NĂNG' (tổng hợp),https://www.khoi8406.com/post/nhanquyenchovn/ai-su-anh-o-my-phe-binh-tt-trump-thieu-7c2d6d64f49.html,1
NHỮNG ĐỨA TRẺ HÈ PHỐ CỦA CHỦ NGHĨA XÃ HỘI (Thảo Vy - VNTB),https://www.khoi8406.com/post/nhanquyenchovn/nhung-ua-tre-he-pho-cua-chu-nghia-xa-7abd94b0b88.html,1
"KIỂM ĐIỂM UPR : CHÍNH THỂ VN LẠI DỐI TRÁ VỀ ""CẢI THIỆN NHÂN QUYỀN"" ! (Thường Sơn - VNTB)",https://www.khoi8406.com/post/nhanquyenchovn/kiem-iem-upr-chinh-vn-lai-doi-tra-ve-4a6096249cf.html,1
Vè hãi hùng,https://www.khoi8406.com/post/danlambaovn/ve-hai-hung-961ba7e7c61.html,1
TRẦN HUỲNH DUY THỨC BỊ CÔ LẬP TRÔNG TÙ (FB Trần Huỳnh Duy Thức),https://www.khoi8406.com/post/nhanquyenchovn/tran-huynh-duy-thuc-bi-co-lap-trong-tu-5b4c9938ff0.html,1
ĐIỂM SÁCH : Y SĨ TIỀN TUYẾN NGHIÊM SỸ TUẤN - NGƯỜI ĐI TÌM MÙA XUÂN (Phạm Hồng Sơn),https://www.khoi8406.com/post/nhanquyenchovn/iem-sach-y-si-tien-tuyen-nghiem-sy-tuan-3159216b81a.html,1
CÓ VẺ NHƯ VIỆT NAM LÀ MỤC TIÊU ÁP THUẾ NHẬP KHẨU TIẾP THEO CỦA TRUMP (David Brown - World Politics Review),https://www.khoi8406.com/post/nhanquyenchovn/co-ve-nhu-viet-nam-la-muc-tieu-ap-thue-137213c6be0.html,1
VN : HƠN 1000 NGƯỜI ĐÃ KÝ LỜI PHẢN ĐỐI NGƯỢC ĐÃI TÙ NHÂN CHÍNH TRỊ (BBC Tiếng Việt),https://www.khoi8406.com/post/nhanquyenchovn/vn-hon-1000-nguoi-ky-loi-phan-oi-nguoc-1f74854fcbe.html,1
BẢN TIN NGÀY 08/07/2019 (Báo Tiếng Dân),https://www.khoi8406.com/post/nhanquyenchovn/ban-tin-ngay-08072019-bao-tieng-dan-6d81b7050ce.html,1
ĐIỂM TIN NGÀY 08/07/2019 (Tin Tức Hàng Ngày),https://www.khoi8406.com/post/nhanquyenchovn/iem-tin-ngay-08072019-tin-tuc-hang-ngay-1f1a0b4404b.html,1
DUYỆT BINH & DIỄN HÀNH (Lê Phan),https://www.khoi8406.com/post/nhanquyenchovn/duyet-binh-dien-hanh-le-phan-2abff12525b.html,1
Việt Nam nào khi đại bác trên Biển Đông khai hoả,https://www.khoi8406.com/post/danlambaovn/viet-nam-nao-khi-ai-bac-tren-bien-ong-aa0ff0d2389.html,1
CSVN tự cứa vào cổ mình khi nhận Tàu cộng là bạn,https://www.khoi8406.com/post/danlambaovn/csvn-tu-cua-vao-co-minh-khi-nhan-tau-41fa219cddf.html,1
TỰ HÀO HAY XẤU HỖ ? (Nguyễn Thọ),https://www.khoi8406.com/post/nhanquyenchovn/tu-hao-hay-xau-ho-nguyen-tho-d18c8b3c01e.html,1
"ỔN ĐỊNH, LÁ BÀI CHE CHẮN SỰ NGU DỐT - TRÌ TRỆ (Nguyễn Lân Thắng)",https://www.khoi8406.com/post/nhanquyenchovn/on-inh-la-bai-che-chan-su-ngu-dot-tri-bcff84db17c.html,1
"BẮT BỚ, ĐÀN ÁP THEO CHỈ TIÊU, NHƯ THỜI CẢI CÁCH RUỘNG ĐẤT SẮP LẬP LẠI ? (Trung Nguyễn)",https://www.khoi8406.com/post/nhanquyenchovn/bat-bo-ap-theo-chi-tieu-nhu-thoi-cai-3ab7c09a588.html,1
"Tháng Tư: Em đất Mỹ, chị Biển Đông",https://www.khoi8406.com/post/danlambaovn/thang-tu-em-at-my-chi-bien-ong-c0cbdbcaed8.html,1
MỤC ĐÍCH CỦA BỘ CÔNG AN KHI KHỞI TỐ LUẬT SƯ TRẦN VŨ HẢI (Nguyễn Văn Đài),https://www.khoi8406.com/post/nhanquyenchovn/muc-ich-cua-bo-cong-khi-khoi-to-luat-su-9ca4a439b0f.html,1
"TÙ CHÍNH TRỊ TRẠI GIAM SỐ 6 NGHỆ AN TUYỆT THỰC 27 NGÀY, NHÀ TÙ BƯNG BÍT THÔNG TIN (Người Việt Online)",https://www.khoi8406.com/post/nhanquyenchovn/tu-chinh-tri-trai-giam-so-6-nghe-tuyet-c36428f95f3.html,1
CẢNH GIÁC VỚI CHIÊU LỪA MUA TIỀN LIBRA MỚI RỘ LÊN GẦN ĐÂY Ở VIỆT NAM (Hoài Nam - VietTimes),https://www.khoi8406.com/post/nhanquyenchovn/canh-giac-voi-chieu-lua-mua-tien-libra-d87d0582398.html,1
ĐỂ CẦM NƯỚC MẮT THỦ THIÊM (Nguyễn Huy Viện),https://www.khoi8406.com/post/nhanquyenchovn/e-cam-nuoc-mat-thu-thiem-nguyen-huy-vien-76eff645af8.html,1
ĐIỂM TIN NGÀY 07/07/2019 (Tin Tức Hàng Ngày),https://www.khoi8406.com/post/nhanquyenchovn/iem-tin-ngay-07072019-tin-tuc-hang-ngay-16a77b733b4.html,1
Hong Kong: 5 người tuyệt thực phản đối dự luật dẫn độ,https://www.khoi8406.com/post/danlambaovn/hong-kong-5-nguoi-tuyet-thuc-phan-oi-du-54a479cae9e.html,1
Người biểu tình Hồng Kông nhắm đến du khách Trung Quốc để bày tỏ sự bất bình.,https://www.khoi8406.com/post/danlambaovn/nguoi-bieu-tinh-hong-kong-nham-en-du-35a82195ee0.html,1
Cộng Sản Việt Nam rơi mặt nạ,https://www.khoi8406.com/post/danlambaovn/cong-san-viet-nam-roi-mat-na-34b191450bd.html,1
MAY MẮN ! ÔNG TRUMP SẼ THUA ÔNG DÔ LA ! (Ngô Nhân Dụng),https://www.khoi8406.com/post/nhanquyenchovn/may-man-ong-trump-se-thua-ong-do-la-ngo-2ce114f2446.html,1
THÀNH PHỐ ẤN ĐỘ NƠI CON NGƯỜI ĐẾN TÌM CÁI CHẾT (Romita Saluja - BBC),https://www.khoi8406.com/post/nhanquyenchovn/thanh-pho-o-noi-con-nguoi-en-tim-cai-5ac7def0f9f.html,1
LONDON : DIỄN HÀNH PRIDE ĐÁNH DẤU 50 NĂM PHẢN KHÁNG (BBC Tiếng Việt),https://www.khoi8406.com/post/nhanquyenchovn/london-dien-hanh-pride-anh-dau-50-nam-0f87bb94287.html,1
HỒNG KÔNG : CÁC BÀ MẸ TẬP HỢP ỦNG HỘ PHONG TRÀO DÂN CHỦ CỦA SINH VIÊN (Minh Anh - RFI),https://www.khoi8406.com/post/nhanquyenchovn/hong-kong-cac-ba-me-tap-hop-ung-ho-3d3c16e3052.html,1
CHỦ TRƯƠNG ĐÁNH KINH TẾ TRUNG QUỐC … MỘT NĂM NHÌN LẠI (Phạm Thanh Giao),https://www.khoi8406.com/post/nhanquyenchovn/chu-truong-anh-kinh-te-trung-quoc-mot-7ea0d7ed248.html,1
VAI TRÒ & NHIỆM VỤ TAY SAI CỦA CTQH NGUYỄN THỊ KIM NGÂN ĐỐI VỚI BẮC KINH (Vũ Đông Hà - Danlambao),https://www.khoi8406.com/post/nhanquyenchovn/vai-tro-nhiem-vu-tay-sai-cua-ctqh-1cccbaaf11d.html,1
"""SÓNG THẦN"" TẠI TP.HCM & SÓNG NGẦM Ở THỦ THIÊM (Nguyễn Thùy Dương)",https://www.khoi8406.com/post/nhanquyenchovn/song-than-tai-tphcm-song-ngam-o-thu-55c3512c49e.html,1
"CÀNG 'NGHIÊM', CÀNG ĐÁNG. . .THẸN! (Trân Văn)",https://www.khoi8406.com/post/nhanquyenchovn/cang-nghiem-cang-ang-then-tran-van-ac74ae37a18.html,1
“Việt Nam là kẻ tồi tệ nhất về thương mại!”,https://www.khoi8406.com/post/danlambaovn/viet-nam-la-ke-toi-te-nhat-ve-thuong-mai-1a98c51ca53.html,1
Vai trò và nhiệm vụ của Chủ tịch Quốc hội Nguyễn Thị Kim Ngân đối với Bắc Kinh trong sự hình thành 3 Đặc khu và dự án Đường Cao tốc Bắc-Nam,https://www.khoi8406.com/post/danlambaovn/vai-tro-va-nhiem-vu-cua-chu-tich-quoc-b745b887204.html,1
"CUỘC CHIẾN TRANH CƯỚP. . .NƯỚC, CƯỚP ĐẤT . . . PHÙ SA (Lưu Trọng Văn)",https://www.khoi8406.com/post/nhanquyenchovn/cuoc-chien-tranh-cuop-nuoc-cuop-at-phu-7be6e6a1a58.html,1
ĐIỂM YẾU NHẤT TRÊN THANH TRỤ LỊCH SỬ (Đỗ Văn Ngà),https://www.khoi8406.com/post/nhanquyenchovn/iem-yeu-nhat-tren-thanh-tru-lich-su-o-08074d35d56.html,1
Chuyển Lê Tấn Hùng từ Sài Gòn ra Hà Nội: Lò Hồ Chí Minh không bảo đảm sức đốt?,https://www.khoi8406.com/post/danlambaovn/chuyen-le-tan-hung-tu-sai-gon-ra-ha-noi-e97f860a6ee.html,1
Đường sắt đô thị bị cầm tù,https://www.khoi8406.com/post/danlambaovn/uong-sat-o-thi-bi-cam-tu-1509dd7687e.html,1
Lý do các quan tham tính đường... ăn cao tốc Bắc Nam không đồng bộ,https://www.khoi8406.com/post/danlambaovn/ly-do-cac-quan-tham-tinh-uong-cao-toc-6998295f4cd.html,1
Was Jesus a Socialist?,https://www.khoi8406.com/post/danlambaovn/was-jesus-socialist-46cf218beb3.html,1
Ráng giúp cho người thiếu ăn được ấm lòng,https://www.khoi8406.com/post/danlambaovn/rang-giup-cho-nguoi-thieu-uoc-am-long-b2993b28932.html,1
Hong Kong: Đài phát thanh cộng đồng của Đảng dân chủ bị phá hoại,https://www.khoi8406.com/post/danlambaovn/hong-kong-ai-phat-thanh-cong-ong-cua-d0d678ec6a1.html,1
Nhân quyền từ Mao đến Xi,https://www.khoi8406.com/post/danlambaovn/nhan-quyen-tu-mao-en-xi-2edafffbee1.html,1
Lời kêu gọi Cộng đồng mạng kháng chiến chống lại tư tưởng độc tài.,https://www.khoi8406.com/post/danlambaovn/loi-keu-goi-cong-ong-mang-khang-chien-fbc5790db7a.html,1
Lê Tấn Hùng - em trai Lê Thanh Hải bị cho vào lò,https://www.khoi8406.com/post/danlambaovn/le-tan-hung-em-trai-cua-le-thanh-hai-bi-d2fcbd793b5.html,1
Hong Kong: Lời buộc tội đầu tiên dành cho người biểu tình (*),https://www.khoi8406.com/post/danlambaovn/hong-kong-loi-buoc-toi-au-tien-danh-cho-2cc2c3c94d7.html,1
Hong Kong: Cuộc biểu tình của những người mẹ giận dữ,https://www.khoi8406.com/post/danlambaovn/hong-kong-cuoc-bieu-tinh-cua-nhung-c2e36a11230.html,1
Vè Tập mò lon,https://www.khoi8406.com/post/danlambaovn/ve-tap-mo-lon-523710d3ee6.html,1
Việt Nam có phải quốc gia đáng tự hào?,https://www.khoi8406.com/post/danlambaovn/viet-nam-co-phai-quoc-gia-ang-tu-hao-25e270cfbf0.html,1
Thấy gì qua phát ngôn của Trưởng ban Tuyên giáo ĐCSVN?,https://www.khoi8406.com/post/danlambaovn/thay-gi-qua-phat-ngon-cua-truong-ban-a08cb8fd14f.html,1
"Em Tiến ơi, anh mừng hết biết luôn!",https://www.khoi8406.com/post/danlambaovn/em-tien-oi-anh-mung-het-biet-luon-15776a4c61b.html,1
Cao tốc Bắc-Nam sẽ rơi vào tay ai?,https://www.khoi8406.com/post/danlambaovn/cao-toc-bac-nam-se-roi-vao-tay-ai-8da095389b4.html,1
Tên lửa hạt nhân tầm trung của Nga đe dọa Âu châu,https://www.khoi8406.com/post/danlambaovn/ten-lua-hat-nhan-tam-trung-cua-nga-e-b88dc3c52a0.html,1
Từ Thủ Thiêm thành Hồ đến Thủ Thiêm Hà Nội,https://www.khoi8406.com/post/danlambaovn/tu-thu-thiem-thanh-ho-en-thu-thiem-ha-4069f9feb21.html,1
Cộng sản thú nhận Internet là kẻ thù,https://www.khoi8406.com/post/danlambaovn/cong-san-thu-nhan-internet-la-ke-thu-5f61d59926b.html,1
MA DÊ in...,https://www.khoi8406.com/post/danlambaovn/ma-de-in-df78e97c088.html,1
eXalo bốn làn của Nguyễn Văn Thưởng,https://www.khoi8406.com/post/danlambaovn/exalo-bon-lan-cua-nguyen-van-thuong-3aac31d08a1.html,1
"Cộng sản và vấn nạn... ""xuất xứ""",https://www.khoi8406.com/post/danlambaovn/cong-san-va-van-nan-xuat-xu-b53d64d5cf1.html,1
Kim Ngân thích giao lưu với Khựa!,https://www.khoi8406.com/post/danlambaovn/kim-ngan-thich-giao-luu-voi-khua-ebac1d01175.html,1
"Ta cùng ""tự sướng""",https://www.khoi8406.com/post/danlambaovn/ta-cung-tu-suong-37b41f2c465.html,1
"Đạo đức Hồ Chí Minh, và nhân cách người CSVN",https://www.khoi8406.com/post/danlambaovn/ao-uc-ho-chi-minh-va-nhan-cach-nguoi-61bde23127d.html,1
Hong Kong: Cảnh sát bắt đầu bắt người xâm nhập trụ sở lập pháp (*),https://www.khoi8406.com/post/danlambaovn/hong-kong-canh-sat-bat-au-bat-nguoi-xam-f5f6cb5ca8d.html,1
Dự án đường cao tốc Bắc Nam,https://www.khoi8406.com/post/danlambaovn/du-uong-cao-toc-bac-nam-5f7d1e98f16.html,1
"Nhờ ơn Bác Tẹc Nét, em biết thương Bác Hồ",https://www.khoi8406.com/post/danlambaovn/nho-on-bac-tec-net-em-biet-thuong-bac-ho-a52ce2fc4d9.html,1
Tù tây & tù ta,https://www.khoi8406.com/post/danlambaovn/tu-tay-tu-ta-db7a63698ee.html,1
Kết quả nào cho G20-2019 tại Osaka - Japan,https://www.khoi8406.com/post/danlambaovn/ket-qua-nao-cho-g20-2019-tai-osaka-japan-4c8d9ef6014.html,1
"""Sea of Black""",https://www.khoi8406.com/post/danlambaovn/sea-of-black-08626f43cbb.html,1
Viết cho tháng 7,https://www.khoi8406.com/post/danlambaovn/viet-cho-thang-7-4c90667e84f.html,1
Chân dung và con đường hoạn lộ của Triệu Tài Vinh,https://www.khoi8406.com/post/danlambaovn/chan-dung-va-con-uong-hoan-lo-cua-trieu-bda35234865.html,1
Điều gì đã xảy ra trong 3 giờ chiếm đóng gây rung chuyển Hồng Kông?,https://www.khoi8406.com/post/danlambaovn/ieu-gi-xay-ra-trong-3-gio-chiem-ong-gay-41abcd709c7.html,1
Tài sản trôi sông lạc chợ,https://www.khoi8406.com/post/danlambaovn/tai-san-troi-song-lac-cho-26b2fe384d2.html,1
Hàng chục lãnh đạo có liên quan trong vụ Thủ Thiêm là ai?,https://www.khoi8406.com/post/danlambaovn/hang-chuc-lanh-ao-co-lien-quan-trong-vu-e2eacbc3fb5.html,1
Cách huy động hàng triệu người: Bài học từ Hồng Kông,https://www.khoi8406.com/post/danlambaovn/cach-huy-ong-hang-trieu-nguoi-bai-hoc-6f0377f7833.html,1
"Nhân dân ""làm chủ""",https://www.khoi8406.com/post/danlambaovn/nhan-dan-lam-chu-f56d5783279.html,1
Cao thủ láo lếu Triệu Tài Vinh về làm kinh tế trung ương,https://www.khoi8406.com/post/danlambaovn/cao-thu-lao-leu-trieu-tai-vinh-ve-lam-a40822b180b.html,1
Quan điểm của Hoàng Chí Phong (Joshua Wong) về cuộc tấn công vào toà nhà Lập pháp,https://www.khoi8406.com/post/danlambaovn/quan-iem-cua-hoang-chi-phong-joshua-61cddeb159d.html,1
Cuộc thi nói dối,https://www.khoi8406.com/post/danlambaovn/cuoc-thi-noi-doi-d13996435aa.html,1
"Cảnh sát Hồng Kông sử dụng hơi cay, tái chiếm cơ quan lập pháp",https://www.khoi8406.com/post/danlambaovn/canh-sat-hong-kong-su-dung-hoi-cay-tai-1e550c89752.html,1
"Thế nào là ""chưa phát hiện vụ việc có dấu hiệu tham nhũng""?",https://www.khoi8406.com/post/danlambaovn/the-nao-la-chua-phat-hien-vu-viec-co-fefec583fae.html,1
Lợn Thủ Thiêm,https://www.khoi8406.com/post/danlambaovn/lon-thu-thiem-6aa46cdfbe6.html,1
Vè mở lon Việt Nam,https://www.khoi8406.com/post/danlambaovn/ve-mo-lon-viet-nam-9f7eb9d34a3.html,1
Tiền vàng & Đàn bà nước Việt,https://www.khoi8406.com/post/danlambaovn/tien-vang-ba-nuoc-viet-79202e59a0c.html,1
An sinh xã hội: Dụng Công sản thay Cộng sản,https://www.khoi8406.com/post/danlambaovn/an-sinh-xa-hoi-dung-cong-san-thay-cong-dbb50a7d1eb.html,1
Không phải chỉ có một Lê Thanh Hải,https://www.khoi8406.com/post/danlambaovn/khong-phai-chi-co-mot-le-thanh-hai-046609706c2.html,1
Thủ Thiêm máu chảy ruột mềm,https://www.khoi8406.com/post/danlambaovn/thu-thiem-mau-chay-ruot-mem-a13f7e3fa8f.html,1
G20 ra tuyên bố nhằm ngăn chặn nội dung bạo lực khủng bố trên mạng xã hội (*),https://www.khoi8406.com/post/danlambaovn/g20-ra-tuyen-bo-nham-ngan-chan-noi-dung-e381686af6f.html,1
Phú Yên: Dùng ngân sách phục vụ ai?,https://www.khoi8406.com/post/danlambaovn/phu-yen-dung-ngan-sach-phuc-vu-ai-b9237c84cd7.html,1
Cái... lon của mợ Hương,https://www.khoi8406.com/post/danlambaovn/cai-lon-cua-mo-huong-33bdeea9195.html,1
Từ mở lon đến đeo lon...,https://www.khoi8406.com/post/danlambaovn/tu-mo-lon-en-eo-lon-3d8bb1b1f15.html,1
Thêm một người Hồng Kông dùng cái chết để phản đối Dự luật dẫn độ (*),https://www.khoi8406.com/post/danlambaovn/them-mot-nguoi-hong-koong-dung-cai-chet-5c0210aab47.html,1
#HongKong 2019: Thông điệp văn minh của những người yêu tự do!,https://www.khoi8406.com/post/danlambaovn/hongkong-2019-thong-iep-van-minh-cua-cee9966d617.html,1
Một món quà tinh thần đáng giá mà tôi nhận được,https://www.khoi8406.com/post/danlambaovn/mot-mon-qua-tinh-than-ang-gia-ma-toi-12654f06935.html,1
Phúc luỵ Trump,https://www.khoi8406.com/post/danlambaovn/phuc-luy-trump-9cd84cf221e.html,1
Tại sao Lê Thanh Hải vẫn nhởn nhơ?,https://www.khoi8406.com/post/danlambaovn/tai-sao-le-thanh-hai-van-nhon-nho-61a4fb8c03f.html,1
Những tên cai ngục ở Khánh Hoà - P2,https://www.khoi8406.com/post/danlambaovn/nhung-ten-cai-nguc-o-khanh-hoa-p2-1f9ce800290.html,1
Tại sao csVN bị Tàu Cộng khống chế,https://www.khoi8406.com/post/danlambaovn/tai-sao-csvn-bi-tau-cong-khong-che-55e55bf86ba.html,1
Ăn cắp Thủ Thiêm: Du côn xét xử côn đồ,https://www.khoi8406.com/post/danlambaovn/an-cap-thu-thiem-du-con-xet-xu-con-o-7087a79d626.html,1
Dáng đứng VIỆT... CỘNG,https://www.khoi8406.com/post/danlambaovn/dang-ung-viet-cong-cc39a53be4c.html,1
G20: Donald Trump lạnh nhạt trước sự vồn vã của Nguyễn Xuân Phúc,https://www.khoi8406.com/post/danlambaovn/g20-donald-trump-lanh-nhat-truoc-su-von-b180ec48847.html,1
Ở tù 8 năm vì phát nước và bánh mì cho dân phản đối Dự luật Đặc khu,https://www.khoi8406.com/post/danlambaovn/o-tu-8-nam-vi-phat-nuoc-va-banh-mi-cho-4e238cdf897.html,1
Nếu ai cũng đứng bên lề thì quê hương...,https://www.khoi8406.com/post/danlambaovn/neu-ai-cung-ung-ben-le-thi-que-huong-c03a4c0a2d6.html,1
G20: Thủ tướng Nhật Bản bày tỏ quan ngại về Hong Kong (*),https://www.khoi8406.com/post/danlambaovn/g20-thu-tuong-nhat-ban-bay-to-quan-ngai-295eec57599.html,1
Phe thân Bắc Kinh biểu tình phản đối sự can thiệp của nước ngoài vào Hong Kong (*),https://www.khoi8406.com/post/danlambaovn/phe-than-bac-kinh-bieu-tinh-phan-oi-su-28cb178b0e1.html,1
Hong Kong - Từ biểu tình trên đường phố đến G20-Osaka,https://www.khoi8406.com/post/danlambaovn/hong-kong-tu-nhung-uong-pho-en-g20-osaka-6f48dc1154a.html,1
"Lê Thanh Hải, con hư(ơ)u tìm đường chạy với lý do đã về hưu",https://www.khoi8406.com/post/danlambaovn/le-thanh-hai-con-huou-tim-uong-chay-voi-bcceeed5513.html,1
Toàn bộ đảng và nhà nước im lặng trước tố cáo của TT Trump và thị trường chứng khoán bị rớt điểm,https://www.khoi8406.com/post/danlambaovn/toan-bo-ang-va-nha-nuoc-im-lang-truoc-5324c51ef40.html,1
Nguyễn Xuân Phúc đến phi trường Osaka trong sự đón tiếp nhạt nhẽo,https://www.khoi8406.com/post/danlambaovn/nguyen-xuan-phuc-en-phi-truong-osaka-eec11aecf3e.html,1
Đáp lời Phó thủ tướng... Toàn dân xuống đường...,https://www.khoi8406.com/post/danlambaovn/ap-loi-pho-thu-tuong-toan-dan-xuong-uong-d55b3dc9399.html,1
Nguyễn Phú Trọng sẽ bị tống cổ về vườn năm 2020?,https://www.khoi8406.com/post/danlambaovn/nguyen-phu-trong-se-bi-tong-co-ve-vuon-3f1349d0f6a.html,1
Niềm tự hào của con cá Nục,https://www.khoi8406.com/post/danlambaovn/niem-tu-hao-cua-con-ca-nuc-16343a49959.html,1
Bí mật nhà nước,https://www.khoi8406.com/post/danlambaovn/bi-mat-nha-nuoc-7354aa3ca46.html,1
Cuốn phim Côn an cưỡi gái đến trường,https://www.khoi8406.com/post/danlambaovn/cuon-phim-con-cuoi-gai-en-truong-7c72881eb4f.html,1
Hong Kong: phe thân Bắc Kinh sử dụng tiểu xảo để thúc đẩy việc chuyển giao bến tàu cho quân đội Trung Quốc (*),https://www.khoi8406.com/post/danlambaovn/hong-kong-phe-than-bac-kinh-su-dung-3be7b8ce29b.html,1
Tổng giám đốc người Nhật: Tôi nghĩ Việt Nam là thuộc địa của Trung Quốc,https://www.khoi8406.com/post/danlambaovn/tong-giam-oc-nguoi-nhat-toi-nghi-viet-b9b5da3db81.html,1
Công ty Việt Nam - một vỏ bọc may mắn trong cuộc chiến thương mại Mỹ-Trung (*),https://www.khoi8406.com/post/danlambaovn/cong-ty-viet-nam-mot-vo-boc-may-man-1d0e6be0b1b.html,1
Vụ án Nguyễn Hữu Linh và thái độ của người dân với chế độ,https://www.khoi8406.com/post/danlambaovn/vu-nguyen-huu-linh-va-thai-o-cua-nguoi-23ed9bf96f1.html,1
Ồn ào như ong vỡ tổ,https://www.khoi8406.com/post/danlambaovn/on-ao-nhu-ong-vo-to-0fe44cc2917.html,1
Cú đấm của Donald Trump vào mặt Nguyễn Phú Trọng,https://www.khoi8406.com/post/danlambaovn/cu-am-cua-donald-trump-vao-mat-nguyen-422f828fc88.html,1
Tổng thống Donald Trump: Việt Nam là đối tượng kế tiếp trong cuộc chiến tranh thương mại,https://www.khoi8406.com/post/danlambaovn/tong-thong-donald-trump-viet-nam-la-oi-583f08f48ce.html,1
Vì sao CSVN dính bẫy nợ của Tàu Cộng mà vẫn còn đút đầu vào bẫy?,https://www.khoi8406.com/post/danlambaovn/vi-sao-csvn-dinh-bay-no-cua-tau-cong-ma-fa8e164ad81.html,1
"‘Dân chủ ngay bây giờ, tự do cho Hồng Kông’",https://www.khoi8406.com/post/danlambaovn/dan-chu-ngay-bay-gio-tu-do-cho-hong-kong-40fe2eaa265.html,1
300 bộ áo dài của nữ công bộc Kim Ngân!,https://www.khoi8406.com/post/danlambaovn/300-bo-ao-dai-cua-nu-cong-boc-kim-ngan-bb1d444a376.html,1
Hai mảnh đời tớ-chủ...,https://www.khoi8406.com/post/danlambaovn/hai-manh-oi-to-chu-8103b0e8e98.html,1
Vĩnh biệt nhà giáo Phạm Toàn,https://www.khoi8406.com/post/danlambaovn/vinh-biet-nha-giao-pham-toan-0fd986b8de4.html,1
Hình ảnh bác Hồ ôm hôn nhi đồng bị Facebook cấm tiệt!!!,https://www.khoi8406.com/post/danlambaovn/hinh-anh-bac-ho-om-hon-nhi-ong-bi-12798978301.html,1
Hong Kong trước Hội nghị thượng đỉnh G20 (*),https://www.khoi8406.com/post/danlambaovn/hong-kong-truoc-hoi-nghi-thuong-inh-g20-e1cfe8b2bff.html,1
"Chủ tịch Quốc hội và 300 bộ áo dài: ""Quan trọng là cái thần thái""",https://www.khoi8406.com/post/danlambaovn/chu-tich-quoc-hoi-va-300-bo-ao-dai-quan-e41cc02e7ac.html,1
"Các đồng chí! Sao không bắt giam YouTube, Google!?",https://www.khoi8406.com/post/danlambaovn/cac-ong-chi-sao-khong-bat-giam-youtube-b98604edc14.html,1
Hiệp định Thương mại Tự do EU và Việt Nam vẫn chưa có giá trị vì còn phải chờ Nghị viện EU phê chuẩn,https://www.khoi8406.com/post/danlambaovn/hiep-inh-thuong-mai-tu-do-eu-va-viet-a4a9c552353.html,1
5 điều bác dạy... trong thang máy,https://www.khoi8406.com/post/danlambaovn/5-ieu-bac-day-trong-thang-may-4e89809c8a0.html,1
Kim Ngân em ơi! Đồng cam cộng khổ đi em!?,https://www.khoi8406.com/post/danlambaovn/kim-ngan-em-oi-ong-cam-cong-kho-i-em-c126fb5591a.html,1
Đường cao tốc Bắc Nam - Sinh lộ của dân tộc,https://www.khoi8406.com/post/danlambaovn/uong-cao-toc-bac-nam-sinh-lo-cua-dan-toc-a7269f4dbf3.html,1
“Không thu được ADN” là không dâm ô?,https://www.khoi8406.com/post/danlambaovn/khong-thu-uoc-adn-la-khong-dam-o-5963eeab764.html,1
'Liên minh tội lỗi'? Chính quyền Đông Nam Á bị buộc tội buôn bán các nhà hoạt động lưu vong,https://www.khoi8406.com/post/danlambaovn/lien-minh-toi-loi-chinh-quyen-ong-nam-7d369a4d6e7.html,1
Vè thăm dò dư luận,https://www.khoi8406.com/post/danlambaovn/ve-tham-do-du-luan-00232012006.html,1
Toà trả hồ sơ vụ án Nguyễn Hữu Linh dâm ô,https://www.khoi8406.com/post/danlambaovn/toa-tra-ho-so-vu-nguyen-huu-linh-dam-o-75392d4a618.html,1
Những tên cai ngục ở Khánh Hoà - Phần 1,https://www.khoi8406.com/post/danlambaovn/nhung-ten-cai-nguc-o-khanh-hoa-phan-1-20fa779b9d1.html,1
12 năm tù của Michael Nguyễn: vốn đổi chác của Ba Đình,https://www.khoi8406.com/post/danlambaovn/12-nam-tu-cua-michael-nguyen-von-oi-c0e738cb7fa.html,1
Tù nhân chính trị Trương Minh Đức tuyệt thực trong tù,https://www.khoi8406.com/post/danlambaovn/tu-nhan-chinh-tri-truong-minh-uc-tuyet-9574081035e.html,1
"Tình hình biến động, Tàu Cộng rã rời",https://www.khoi8406.com/post/danlambaovn/tinh-hinh-bien-ong-tau-cong-ra-roi-bac8f1d8cca.html,1
Michael Phương Minh Nguyễn bị bạo quyền CSVN kết án 12 năm tù,https://www.khoi8406.com/post/danlambaovn/michael-phuong-minh-nguyen-bi-bao-quyen-da855fe7f98.html,1
Cuộc chiến truyền thông,https://www.khoi8406.com/post/danlambaovn/cuoc-chien-truyen-thong-276cff19e34.html,1
21 tháng 6 chỉ là ngày báo chí cách mạng không phải ngày báo chí Việt Nam,https://www.khoi8406.com/post/danlambaovn/21-thang-6-chi-la-ngay-bao-chi-cach-d3432ad34f8.html,1
Sức mạnh & sức khoẻ của một thiên triều,https://www.khoi8406.com/post/danlambaovn/suc-manh-suc-khoe-cua-mot-thien-trieu-1c215acf805.html,1
Bầy khỉ Trường Sơn cứ mãi đu dây và làm Cái Bang,https://www.khoi8406.com/post/danlambaovn/bay-khi-truong-son-cu-mai-u-day-va-lam-e27d7be2880.html,1
Vì hai con mèo,https://www.khoi8406.com/post/danlambaovn/vi-hai-con-meo-c75a198e1f6.html,1
Hong Kong: Cảnh sát không đeo bảng số khi thi hành nhiệm vụ (*),https://www.khoi8406.com/post/danlambaovn/hong-kong-canh-sat-khong-eo-bang-so-khi-00c0568c731.html,1
Facebook cho ẩn “nội dung trái phép” ở Việt Nam- cuộc chiến của chính Chúng Ta!,https://www.khoi8406.com/post/danlambaovn/facebook-cho-noi-dung-trai-phep-o-viet-afc76df6ab4.html,1
Bóng ma Tàu Cộng trên đường sắt Bắc Nam: Nguyễn Thiện Nhân trấn an cử tri,https://www.khoi8406.com/post/danlambaovn/bong-ma-tau-cong-tren-uong-sat-bac-nam-d9bbc7daa7c.html,1
Ngọn nến Công Lý cho Dòng Chúa Cứu Thế Thái Hà và cho Thầy giáo Nguyễn Năng Tĩnh!,https://www.khoi8406.com/post/danlambaovn/ngon-nen-cong-ly-cho-dong-chua-cuu-thai-a47ea5b0b2e.html,1
"Hong Kong, một cái tát vào mặt Tập Cận Bình",https://www.khoi8406.com/post/danlambaovn/hong-kong-mot-cai-tat-vao-mat-tap-can-2bd370b2888.html,1
"Thử nhìn lại: Liên Sô và cả Đông Âu sụp đổ, tại sao Việt Nam chưa?",https://www.khoi8406.com/post/danlambaovn/thu-nhin-lai-lien-so-va-ca-ong-au-sup-o-6899b387c3e.html,1
Run như cầy sấy trước than hồng,https://www.khoi8406.com/post/danlambaovn/run-nhu-cay-say-truoc-than-hong-2c7780d6678.html,1
Nghe lãnh đạo CSVN đồng ca tư tưởng phản quốc,https://www.khoi8406.com/post/danlambaovn/nghe-lanh-ao-csvn-ong-ca-tu-tuong-phan-c77ce9364bc.html,1
Một công dân Hoa Kỳ bị giam giữ tại Việt Nam có thể đối mặt với án tử hình vì tội lật đổ,https://www.khoi8406.com/post/danlambaovn/mot-cong-dan-hoa-ky-bi-giam-giu-tai-7890e751b3e.html,1
"Cha già DT lại bị kiểm tra, đánh giá!",https://www.khoi8406.com/post/danlambaovn/cha-gia-dt-lai-bi-kiem-tra-anh-gia-f066eb82db0.html,1
“Cuộc cách mạng không có lãnh đạo” chỉ là cái nhìn bên ngoài,https://www.khoi8406.com/post/danlambaovn/cuoc-cach-mang-khong-co-lanh-ao-chi-la_20-7cf3eaa6326.html,1
Xin hiến kế cho Thủ tướng,https://www.khoi8406.com/post/danlambaovn/xin-hien-ke-cho-thu-tuong-ef2e2280b39.html,1
Trạo lóng,https://www.khoi8406.com/post/danlambaovn/trao-long-691c1392495.html,1
Trung Quốc từ chối đơn xin thị thực cho nhà báo phê bình người Mỹ,https://www.khoi8406.com/post/danlambaovn/trung-quoc-tu-choi-on-xin-thi-thuc-cho-4def19765fa.html,1
"Formosa, môi trường vẫn nhiễm bẩn",https://www.khoi8406.com/post/danlambaovn/formosa-moi-truong-van-nhiem-ban-ebb5cde0976.html,1
Việt gian Bùi Tiến Lợi,https://www.khoi8406.com/post/danlambaovn/viet-gian-bui-tien-loi-a2487322728.html,1
"""Định hướng"" của thanh tra nhà đẻng",https://www.khoi8406.com/post/danlambaovn/inh-huong-cua-thanh-tra-nha-eng-b2c7c25d83f.html,1
Xin đừng chê trách,https://www.khoi8406.com/post/danlambaovn/xin-ung-che-trach-7a2d64b2fdc.html,1
Cháu ngoan bác Hồ - Nguyễn Hữu Linh: Hôn nhưng không... dâm!,https://www.khoi8406.com/post/danlambaovn/chau-ngoan-bac-ho-nguyen-huu-linh-hon-083e3c382fd.html,1
Con nhà người ta & con cháu nước mình,https://www.khoi8406.com/post/danlambaovn/con-nha-nguoi-ta-con-chau-nuoc-minh-28219366d0c.html,1
Mãnh Hổ Cô Đơn,https://www.khoi8406.com/post/danlambaovn/manh-ho-co-on-72eda513294.html,1
No China Extradition,https://www.khoi8406.com/post/danlambaovn/no-china-extradition-17cef344797.html,1
"Xe hơi ""ma-dzê in Vietnam""",https://www.khoi8406.com/post/danlambaovn/xe-hoi-ma-dze-in-vietnam-f3a0869d848.html,1
Bài văn ngày giỗ bạn,https://www.khoi8406.com/post/danlambaovn/bai-van-ngay-gio-ban-e94f0677a8c.html,1
Xin đừng ca thán và nói mong ước như Hong Kong và câu Hong Kong xứng đáng được tự do nữa,https://www.khoi8406.com/post/danlambaovn/xin-ung-ca-than-va-noi-mong-uoc-nhu-48ba18528a1.html,1
Tiến thoái lưỡng nan của Trung Quốc đối với Hồng Kông,https://www.khoi8406.com/post/danlambaovn/tien-thoai-luong-nan-cua-trung-quoc-oi-fbd5b61bfba.html,1
"Công lao đánh Pháp, đuổi Nhật, chống Mỹ của Hồ, của đảng chỉ là bịp bợm",https://www.khoi8406.com/post/danlambaovn/cong-lao-anh-phap-uoi-nhat-chong-my-cua-196d5eba048.html,1
Biểu tình ở Hồng Kông và biểu tình ở Việt Nam,https://www.khoi8406.com/post/danlambaovn/bieu-tinh-o-hong-kong-va-bieu-tinh-o-0d53ad3ead8.html,1
Những tư cách bán nước,https://www.khoi8406.com/post/danlambaovn/nhung-tu-cach-ban-nuoc-b3e95eed9b8.html,1
Tại sao Người Việt thông minh mà nước Việt vẫn nghèo?,https://www.khoi8406.com/post/danlambaovn/tai-sao-nguoi-viet-thong-minh-ma-nuoc-abfe0ef73c3.html,1
Vè: Hồng Kông sát cánh bên hông Sài Gòn,https://www.khoi8406.com/post/danlambaovn/ve-hong-kong-sat-canh-ben-hong-sai-gon-28a67d54488.html,1
Phản kháng của Hong Kong trong 16 giây,https://www.khoi8406.com/post/danlambaovn/phan-khang-cua-hong-kong-trong-16-giay-7b392f574e8.html,1
Để nhớ về ngày Quân Lực 19/06,https://www.khoi8406.com/post/danlambaovn/e-nho-ve-ngay-quan-luc-1906-62adea4962f.html,1
Đường sắt cao tốc & những đoàn tầu vét,https://www.khoi8406.com/post/danlambaovn/uong-sat-cao-toc-nhung-oan-tau-vet-0bef2be793e.html,1
"Dân Việt, hãy ngưng cúi đầu mơ về tự do",https://www.khoi8406.com/post/danlambaovn/dan-viet-hay-ngung-cui-au-mo-ve-tu-do-8216dce45c5.html,1
Hong Kong: Hơn 1 triệu người tham gia biểu tình ngày 16/6/2019,https://www.khoi8406.com/post/danlambaovn/hong-kong-hon-1-trieu-nguoi-tham-gia-52e0b58c176.html,1
Tuỳ bút: Niềm kỳ vọng của Ba tôi,https://www.khoi8406.com/post/danlambaovn/tuy-but-niem-ky-vong-cua-ba-toi-814f4d4bbed.html,1
“Cô gái khiên chắn” - Khuôn mặt mới của Phong trào phản đối Dự luật dẫn độ,https://www.khoi8406.com/post/danlambaovn/co-gai-khien-chan-khuon-mat-moi-cua-b66f972e6ed.html,1
"""Hong Kong biểu tình với chiến thuật mới: Không có lãnh đạo""",https://www.khoi8406.com/post/danlambaovn/hong-kong-bieu-tinh-voi-chien-thuat-moi-d6e494a7774.html,1
Một vài suy nghĩ từ câu chuyện của Hong Kong,https://www.khoi8406.com/post/danlambaovn/mot-vai-suy-nghi-tu-cau-chuyen-cua-hong-c5eb2b9d068.html,1
Những con cá Tra mang họ Thanh,https://www.khoi8406.com/post/danlambaovn/nhung-con-ca-tra-mang-ho-thanh-7fd37393166.html,1
"Việt gian góp ý giùm cho ""Khựa""",https://www.khoi8406.com/post/danlambaovn/viet-gian-gop-y-gium-cho-khua-de2f7aeb550.html,1
Noi gương C.B. Trần Dân Tiên,https://www.khoi8406.com/post/danlambaovn/noi-guong-cb-tran-dan-tien-a296f3c516f.html,1
Chiến thắng sơ khởi của người dân Hong Kong,https://www.khoi8406.com/post/danlambaovn/chien-thang-so-khoi-cua-nguoi-dan-hong-804581c261f.html,1
Sự thật và quyết định của lương tâm,https://www.khoi8406.com/post/danlambaovn/nhu-truc-danlambao-loi-gioi-thieu-ay-la-0d2f83e95f1.html,1
Tâm tình của Kiến Minh,https://www.khoi8406.com/post/danlambaovn/tam-tinh-cua-kien-minh-1a38676b54a.html,1
Thư của Joshua Wong từ nhà tù Lục Chi Giác,https://www.khoi8406.com/post/danlambaovn/thu-cua-joshua-wong-tu-nha-tu-luc-chi-401064d378b.html,1
"Lương tâm người thầy, lương tri giáo dục",https://www.khoi8406.com/post/danlambaovn/luong-tam-nguoi-thay-luong-tri-giao-duc-79a02f02ceb.html,1
Nha Trang - Khánh Hoà: Ai bảo kê cho các sai phạm đất đai?,https://www.khoi8406.com/post/danlambaovn/nha-trang-khanh-hoa-ai-bao-ke-cho-cac-62c06514646.html,1
Bò vàng cưỡng chế quán bún bò,https://www.khoi8406.com/post/danlambaovn/bo-vang-cuong-che-quan-bun-bo-6324d081f82.html,1
Có ít nhất 54 ông bà nghị gật cộng sản say xỉn nhưng nhất định phải lái xe,https://www.khoi8406.com/post/danlambaovn/co-it-nhat-54-ong-ba-nghi-gat-cong-san-5247280cec6.html,1
“Những người khốn khổ”,https://www.khoi8406.com/post/danlambaovn/nhung-nguoi-khon-kho-30c8c0a9c3f.html,1
Sayonara,https://www.khoi8406.com/post/danlambaovn/sayonara-f360b6edfa4.html,1
Xử kín Nguyễn Hữu Linh - ân huệ của đảng dành cho đồng bọn,https://www.khoi8406.com/post/danlambaovn/xu-kin-nguyen-huu-linh-hue-cua-ang-danh-8bbc01ebac8.html,1
Trong thế giới bị cai trị bởi loài sản,https://www.khoi8406.com/post/danlambaovn/trong-gioi-bi-cai-tri-boi-loai-san-535da532dca.html,1
Viết cho con trai vừa có bằng lái xe,https://www.khoi8406.com/post/danlambaovn/viet-cho-con-trai-vua-co-bang-lai-xe-fa0a44df839.html,1
Quýt Tập Cận Bình,https://www.khoi8406.com/post/danlambaovn/quyt-tap-can-binh-ebbfda0ea08.html,1
"Đến hẹn, lại không lên",https://www.khoi8406.com/post/danlambaovn/en-hen-lai-khong-len-d6187caff0e.html,1
Vè: Đồng cam cộng khổ,https://www.khoi8406.com/post/danlambaovn/ve-ong-cam-cong-kho-d175d2c8a20.html,1
“Phí chia tay” - Sự lố bịch đến tận cùng của đại biểu Quốc hội nước CHXHCN Việt Nam,https://www.khoi8406.com/post/danlambaovn/phi-chia-tay-su-lo-bich-en-tan-cung-cua-e50f3b78893.html,1
Tư duy đất sét Nguyễn Phú Trọng,https://www.khoi8406.com/post/danlambaovn/tu-duy-at-set-nguyen-phu-trong-cd7bfa104b6.html,1
Bóng ma Tàu cộng trên con đường sắt cao tốc Bắc Nam,https://www.khoi8406.com/post/danlambaovn/bong-ma-tau-cong-tren-con-uong-sat-cao-232b6d54faa.html,1
Hong Kong - Đằng sau cuộc Cách Mạng Dù và những bài học cho chúng ta,https://www.khoi8406.com/post/danlambaovn/hong-kong-ang-sau-cuoc-cach-mang-du-va-7d76b1bb406.html,1
Tội dâm ô,https://www.khoi8406.com/post/danlambaovn/toi-dam-o-dc71f7b3b03.html,1
Khi chủ nghĩa và lòng dân khác nhau,https://www.khoi8406.com/post/danlambaovn/khi-chu-nghia-va-long-dan-khac-nhau-c154ab87b5f.html,1
Hoan hô bài thơ của một thi sĩ trong nước vừa được phổ nhạc,https://www.khoi8406.com/post/danlambaovn/hoan-ho-bai-tho-cua-mot-thi-si-trong-23f1b05b2fe.html,1
Mạng xã hội VCNET - bước đầu quản lý công chức?!,https://www.khoi8406.com/post/danlambaovn/mang-xa-hoi-vcnet-buoc-au-quan-ly-cong-6b511980e1f.html,1
Việt cộng nét,https://www.khoi8406.com/post/danlambaovn/viet-cong-net-ee6bb92a6f9.html,1
Thiên triều luật,https://www.khoi8406.com/post/danlambaovn/thien-trieu-luat-75e3b52e6fe.html,1
Lời dặn dò,https://www.khoi8406.com/post/danlambaovn/loi-dan-do-bdc677b1149.html,1
Hàng không mẫu hạm mới của Pháp quốc,https://www.khoi8406.com/post/danlambaovn/hang-khong-mau-ham-moi-cua-phap-quoc-ba798435b6c.html,1
Hong Kong hôm qua & bài học cho Chúng Ta!,https://www.khoi8406.com/post/danlambaovn/hong-kong-hom-qua-bai-hoc-cho-chung-ta-c25171175ab.html,1
Bông hồng bến sông Danube,https://www.khoi8406.com/post/danlambaovn/bong-hong-ben-song-danube-841291cd54c.html,1
Trần Xuân Thời Tổng Hội trưởng Tổng hội cựu SVSQ Thủ Đức,https://www.khoi8406.com/post/danlambaovn/tran-xuan-thoi-tong-hoi-truong-tong-hoi-867e003380e.html,1
"Vè: Vú Tiên hay nhũ Ngân, Hằng",https://www.khoi8406.com/post/danlambaovn/ve-vu-tien-hay-nhu-ngan-hang-8576f0ad760.html,1
Tâm thư cứu nước thân gửi các bạn cựu Nữ sinh Trương Vương Sài Gòn,https://www.khoi8406.com/post/danlambaovn/tam-thu-cuu-nuoc-than-gui-cac-ban-cuu-fdb8e1a469c.html,1
"Quảng Bình: vụ án dân kiện quan cố làm trái, người bị “tố” đều vắng mặt trong phiên đối thoại",https://www.khoi8406.com/post/danlambaovn/quang-binh-vu-dan-kien-quan-co-lam-trai-5ac57e6162d.html,1
"Lãnh đạo thế giới, sự hoang tưởng của Mao, Đặng, Giang, Tập và Trung cộng",https://www.khoi8406.com/post/danlambaovn/lanh-ao-gioi-su-hoang-tuong-cua-mao-ang-476b414e53c.html,1
"Giáo xứ Mỹ Khánh thắp nến cầu nguyện cho công lý hoà bình, cho các nạn nhân của bạo quyền và cho tù nhân lương tâm",https://www.khoi8406.com/post/danlambaovn/giao-xu-my-khanh-thap-nen-cau-nguyen-3c3f2cd533e.html,1
"Trần Huỳnh Duy Thức - Tấm gương kiên trinh, bất khuất trong ngục tù cộng sản",https://www.khoi8406.com/post/danlambaovn/tran-huynh-duy-thuc-tam-guong-kien-f71a2dfd46d.html,1
Hong Kong - cuộc biểu tình của những ước mơ,https://www.khoi8406.com/post/danlambaovn/hong-kong-cuoc-bieu-tinh-cua-nhung-uoc-8d8d13f6041.html,1
"Từ việc ""xét lý lịch"" để đi học đến chuyện ""mua điểm""",https://www.khoi8406.com/post/danlambaovn/tu-viec-xet-ly-lich-e-i-hoc-en-chuyen-da937e96be2.html,1
"Truyện ngắn: Hành trình đến ""đế quốc"" Mỹ",https://www.khoi8406.com/post/danlambaovn/truyen-ngan-hanh-trinh-en-e-quoc-my-8ab06012c79.html,1
Vẫn tinh khôi một nghiệp dĩ trót mang!,https://www.khoi8406.com/post/danlambaovn/van-tinh-khoi-mot-nghiep-di-trot-mang-a2d79c48e51.html,1
"Biển của người Việt Nam hay ""hướng mặt về Trung Quốc""?!",https://www.khoi8406.com/post/danlambaovn/bien-cua-nguoi-viet-nam-hay-huong-mat-5ae02401fc0.html,1
Sự điêu tàn đang hiện ra dần (phần 2),https://www.khoi8406.com/post/danlambaovn/su-ieu-tan-ang-hien-ra-dan-phan-2-450633cd8eb.html,1
Chúng tôi hoàn toàn đồng tình với phát biểu của thủ tướng Singapore Lý Hiểu Long và hơn thế nữa,https://www.khoi8406.com/post/danlambaovn/chung-toi-hoan-toan-ong-tinh-voi-phat-5656098e091.html,1
Chúng ta sẽ hồi sinh,https://www.khoi8406.com/post/danlambaovn/chung-ta-se-hoi-sinh-e416fde7225.html,1
Lý Hiển Long chỉ mặt đặt tên,https://www.khoi8406.com/post/danlambaovn/ly-hien-long-chi-mat-at-ten-d570cec1e4d.html,1
Ký Giả Dương Hùng Cường nơi Đài Tưởng Niệm Phóng Viên ở Normandie,https://www.khoi8406.com/post/danlambaovn/ky-gia-duong-hung-cuong-noi-ai-tuong-994c22d0a2d.html,1
"Chiến tranh thương mại, chiến tranh lạnh, chiến tranh dơ bẩn, tới…?",https://www.khoi8406.com/post/danlambaovn/chien-tranh-thuong-mai-chien-tranh-lanh-40b7241f5de.html,1
Chúng ta đã sẵn sàng hay chưa (Phần 2),https://www.khoi8406.com/post/danlambaovn/chung-ta-san-sang-hay-chua-phan-2-a61cfd8c173.html,1
"Giới trẻ, thiếu nhi Thánh Thể thắp nến cầu nguyện cho CLHB và thầy giáo Nguyễn Năng Tĩnh",https://www.khoi8406.com/post/danlambaovn/gioi-tre-thieu-nhi-thanh-thap-nen-cau-823c462f74b.html,1
Phóng sự dân oan: Đất nước ta có bao giờ được thế này chăng?,https://www.khoi8406.com/post/danlambaovn/phong-su-dan-oan-at-nuoc-ta-co-bao-gio-30457d485bc.html,1
Từ xâm lược Cao Miên đến xâm lăng VNCH,https://www.khoi8406.com/post/danlambaovn/tu-xam-luoc-cao-mien-en-xam-lang-vnch-d1c6ce15ed2.html,1
Chiến tranh thương mại hay chiến tranh điện tử?,https://www.khoi8406.com/post/danlambaovn/chien-tranh-thuong-mai-hay-chien-tranh-78da76488fd.html,1
Vè: Cả vú lấp miệng em… Lâm (*),https://www.khoi8406.com/post/danlambaovn/ve-ca-vu-lap-mieng-em-lam-1ea79204fa0.html,1
Từ Đoàn Ngọc Hải nhận ra sự đổ nát của giáo dục XHCN,https://www.khoi8406.com/post/danlambaovn/tu-oan-ngoc-hai-nhan-ra-su-o-nat-cua-6430e28a3be.html,1
Hai anh Ba Đua & bốn ông bộ trưởng,https://www.khoi8406.com/post/danlambaovn/hai-anh-ba-ua-bon-ong-bo-truong-f50041cffe8.html,1
“Trung Cộng không dám đánh Việt Cộng”,https://www.khoi8406.com/post/danlambaovn/trung-cong-khong-dam-anh-viet-cong-57b4cf9cbe2.html,1
"Tại Shangri-La, liệu thùng thuốc súng cho biển đông đã được châm ngòi?",https://www.khoi8406.com/post/danlambaovn/tai-shangri-la-lieu-thung-thuoc-sung-7f08f55cf6a.html,1
"Sự dối trá mang tên ""cộng sản""",https://www.khoi8406.com/post/danlambaovn/su-doi-tra-mang-ten-cong-san-f5c26ea9c97.html,1
Vòng Nguyệt Quế cho bệnh viện TW Huế,https://www.khoi8406.com/post/danlambaovn/vong-nguyet-que-cho-benh-vien-tw-hue-0454da6e13d.html,1
Người Xe Tăng,https://www.khoi8406.com/post/danlambaovn/nguoi-xe-tang-a9f6778cf1f.html,1
Phan Châu Trinh: từ “thuyết tự trị” đến “chế độ tự trị”,https://www.khoi8406.com/post/danlambaovn/phan-chau-trinh-tu-thuyet-tu-tri-en-che-8a2999b8ed9.html,1
Tập Cận Bình & Ma Donald Trump,https://www.khoi8406.com/post/danlambaovn/tap-can-binh-ma-donald-trump-7342e0903f3.html,1
Bộ giáo dục Việt Nam tỏ tình với Trung Cộng!,https://www.khoi8406.com/post/danlambaovn/bo-giao-duc-viet-nam-to-tinh-voi-trung-93f3fe6eab0.html,1
Công an trấn áp cả đại biểu quốc hội giữa nghị trường,https://www.khoi8406.com/post/danlambaovn/cong-tran-ap-ca-ai-bieu-quoc-hoi-giua-0ed9618b371.html,1
Chiến tranh mậu dịch Mỹ - Trung,https://www.khoi8406.com/post/danlambaovn/chien-tranh-mau-dich-my-trung-5463d539b36.html,1
Sự điêu tàn đang hiện ra dần,https://www.khoi8406.com/post/danlambaovn/su-ieu-tan-ang-hien-ra-dan-eb3a5f95cae.html,1
Đề thi Địa lý (*) Thành Đô,https://www.khoi8406.com/post/danlambaovn/e-thi-ia-ly-thanh-o-9fbced6eb2c.html,1
Bao giờ Việt Nam thành quốc gia tử tế?,https://www.khoi8406.com/post/danlambaovn/bao-gio-viet-nam-thanh-quoc-gia-tu-te-5260c58f9eb.html,1
Tại sao chúng ta nhớ Thiên An Môn,https://www.khoi8406.com/post/danlambaovn/tai-sao-chung-ta-nho-thien-mon-d48629fa71a.html,1
Hoa Kỳ vẫn còn là siêu cường số một trên thế giới,https://www.khoi8406.com/post/danlambaovn/hoa-ky-van-con-la-sieu-cuong-so-mot-a47355c9381.html,1
Vè thiên la địa võng,https://www.khoi8406.com/post/danlambaovn/ve-thien-la-ia-vong-d48003d1861.html,1
Nguy cấp: Việt Nam đang cần một nền giáo dục không nói dối,https://www.khoi8406.com/post/danlambaovn/nguy-cap-viet-nam-ang-can-mot-nen-giao-1070b4bc3f1.html,1
Vài điều tóm lại cho gọn (tiếp),https://www.khoi8406.com/post/danlambaovn/vai-ieu-tom-lai-cho-gon-tiep-296f7b718b9.html,1
Đắp MÔ trong chiến tranh và dựng BOT trong hòa bình,https://www.khoi8406.com/post/danlambaovn/ap-mo-trong-chien-tranh-va-dung-bot-a61415586b6.html,1
Âu Châu trước làn sóng dân túy,https://www.khoi8406.com/post/danlambaovn/au-chau-truoc-lan-song-dan-tuy-fa342e08e06.html,1
10 năm Bauxite Việt Nam,https://www.khoi8406.com/post/danlambaovn/10-nam-bauxite-viet-nam-162fe3fbee3.html,1
Vui sao mùng 1 tháng 6!,https://www.khoi8406.com/post/danlambaovn/vui-sao-mung-1-thang-6-7c28ebb46be.html,1
Vài điều tóm lại cho gọn,https://www.khoi8406.com/post/danlambaovn/vai-ieu-tom-lai-cho-gon-a0511e427f5.html,1
Nếu Trung cộng đột quỵ về kinh tế thì CSVN sẽ sụp đổ như thế nào?,https://www.khoi8406.com/post/danlambaovn/neu-trung-cong-ot-quy-ve-kinh-te-thi-dd55397ed19.html,1
Nghề nâng cũng lắm công phu,https://www.khoi8406.com/post/danlambaovn/nghe-nang-cung-lam-cong-phu-387d03d5437.html,1
Càng nói càng trơ ra như đá,https://www.khoi8406.com/post/danlambaovn/cang-noi-cang-tro-ra-nhu-a-d03aa4b20ce.html,1
Bao cát Nguyễn Hữu Linh,https://www.khoi8406.com/post/danlambaovn/bao-cat-nguyen-huu-linh-fc13203bda4.html,1
Trọng lú selfie công ước 98 ngày 29 thang 5,https://www.khoi8406.com/post/danlambaovn/trong-lu-selfie-cong-uoc-98-ngay-29-7d1321f6417.html,1
"Giáo xứ Mỹ Khánh cầu nguyện cho công lý hoà bình, cầu nguyện cho nhà hoạt động Nguyễn Năng Tĩnh",https://www.khoi8406.com/post/danlambaovn/giao-xu-my-khanh-cau-nguyen-cho-cong-ly-89119f49396.html,1
Bí mật mỏ Bauxite,https://www.khoi8406.com/post/danlambaovn/bi-mat-mo-bauxite-1de5792a6a3.html,1
Thế nào là minh bạch thông tin?,https://www.khoi8406.com/post/danlambaovn/the-nao-la-minh-bach-thong-tin-599e1a80b98.html,1
Vè Linh nựng,https://www.khoi8406.com/post/danlambaovn/ve-linh-nung-0e976f93237.html,1
Nói thêm lần nữa: Hồ Chí Minh từ chỉ điểm đến Chủ tịch,https://www.khoi8406.com/post/danlambaovn/noi-them-lan-nua-ho-chi-minh-tu-chi-iem-80608fa77b4.html,1
Người & rác,https://www.khoi8406.com/post/danlambaovn/nguoi-rac-91130a96262.html,1
Người đàn bà trong đêm,https://www.khoi8406.com/post/danlambaovn/nguoi-ba-trong-em-fa9db4ba328.html,1
Nghê Lữ - Một tình yêu dành cho Việt Nam nồng nàn và bất tận,https://www.khoi8406.com/post/danlambaovn/nghe-lu-mot-tinh-yeu-danh-cho-viet-nam-15424ac0ce0.html,1
Thiếu niềm tin với sản phẩm công nghệ xuất xứ cộng sản,https://www.khoi8406.com/post/danlambaovn/thieu-niem-tin-voi-san-pham-cong-nghe-498e237c88e.html,1
Chút ký ức bụi đời hai chế độ,https://www.khoi8406.com/post/danlambaovn/chut-ky-uc-bui-oi-hai-che-o-fa33698fc14.html,1
"""Một con ngựa đau, cả tàu không ăn cỏ"" liệu còn tồn tại trong tinh thần của người Việt?",https://www.khoi8406.com/post/danlambaovn/mot-con-ngua-au-ca-tau-khong-co-lieu-8063675fa76.html,1
"Án tù cũ 8 năm 6 tháng chưa đủ, Việt cộng chồng thêm án tù mới tổng cộng 28 năm lên hai thanh niên yêu nước Phan Rí",https://www.khoi8406.com/post/danlambaovn/an-tu-cu-8-nam-6-thang-chua-u-viet-cong-31208bc40a4.html,1
John Paul Vann: Một viên tướng dân sự,https://www.khoi8406.com/post/danlambaovn/john-paul-vann-mot-vien-tuong-dan-su_25-1e2226b371d.html,1
Chiến tranh không đổ máu,https://www.khoi8406.com/post/danlambaovn/chien-tranh-khong-o-mau-ce80484793a.html,1
Chưa bằng một phần mười của một hạt bụi dưới chân Đức Phật,https://www.khoi8406.com/post/danlambaovn/chua-bang-mot-phan-muoi-cua-mot-hat-bui-f32a35f97c4.html,1
Quốc doanh tự,https://www.khoi8406.com/post/danlambaovn/quoc-doanh-tu-a2eadadb521.html,1
Luật đặc khu nỗi lo còn đó!,https://www.khoi8406.com/post/danlambaovn/luat-ac-khu-noi-lo-con-o-5c892e1ab55.html,1
Trí khôn của bậc thầy (bài 3),https://www.khoi8406.com/post/danlambaovn/tri-khon-cua-bac-thay-bai-3-e2f003b8366.html,1
Loại trừ tin nhiễu liên quan tới EVFTA,https://www.khoi8406.com/post/danlambaovn/loai-tru-tin-nhieu-lien-quan-toi-evfta-e250783b085.html,1
"Thống nhất để ""cùng nhau xuống hố"" thì có nên chăng?",https://www.khoi8406.com/post/danlambaovn/thong-nhat-e-cung-nhau-xuong-ho-thi-co-5db41335243.html,1
"Con người, tôn giáo và chủ nghĩa",https://www.khoi8406.com/post/danlambaovn/con-nguoi-ton-giao-va-chu-nghia-c7792f29661.html,1
"Tham nhũng bất trị, rửa tiền báo động",https://www.khoi8406.com/post/danlambaovn/tham-nhung-bat-tri-rua-tien-bao-ong-3289088b769.html,1
Tử vi nước Việt,https://www.khoi8406.com/post/danlambaovn/tu-vi-nuoc-viet-c14feb51348.html,1
Huawei Việt Nam,https://www.khoi8406.com/post/danlambaovn/huawei-viet-nam-b3240caa7fe.html,1
Vẫn như ông bình vôi,https://www.khoi8406.com/post/danlambaovn/van-nhu-ong-binh-voi-67d1a399c56.html,1
Vè tả cảnh,https://www.khoi8406.com/post/danlambaovn/ve-ta-canh-246044f13ec.html,1
Vè bố cáo thất tung,https://www.khoi8406.com/post/danlambaovn/ve-bo-cao-that-tung-c224289c64c.html,1
Tập Cận Bình sẽ thua và còn hơn thế nữa!,https://www.khoi8406.com/post/danlambaovn/tap-can-binh-se-thua-va-con-hon-nua-010f4694cd0.html,1
Trí khôn của bậc thầy (bài 2),https://www.khoi8406.com/post/danlambaovn/tri-khon-cua-bac-thay-bai-2-bbbede43d84.html,1
Cái nồi bung quả thực đẫm nước mắt cá sấu,https://www.khoi8406.com/post/danlambaovn/cai-noi-bung-qua-thuc-am-nuoc-mat-ca-sau-11322e623ea.html,1
Muốn Đất nước Hùng cường - Phải xoá bỏ ngay Điều 4 Hiến pháp,https://www.khoi8406.com/post/danlambaovn/muon-at-nuoc-hung-cuong-phai-xoa-bo-5258512879f.html,1
Gọi Hồ Bả Chó bất bình làm chi!,https://www.khoi8406.com/post/danlambaovn/goi-ho-ba-cho-bat-binh-lam-chi-1a8b15948d1.html,1
"Mừng ngày Đức Phật Đản Sinh, đứng lên lật đổ độc tài",https://www.khoi8406.com/post/danlambaovn/mung-ngay-uc-phat-sinh-ung-len-lat-o-oc-2d7ef064058.html,1
"""Triết lý vô vi"" của Nguỵ quân tử",https://www.khoi8406.com/post/danlambaovn/triet-ly-vo-vi-cua-nguy-quan-tu-5df3d604d8d.html,1
Kịch: Tôi yêu siêu sao,https://www.khoi8406.com/post/danlambaovn/kich-toi-yeu-sieu-sao-fb00de7292f.html,1
Nghề Nổ? Văn hóa Nổ? Những cú nổ long trời lở đất!,https://www.khoi8406.com/post/danlambaovn/nghe-no-van-hoa-no-nhung-cu-no-long-de52fdde367.html,1
Trí khôn của bậc thầy,https://www.khoi8406.com/post/danlambaovn/tri-khon-cua-bac-thay-18185780482.html,1
"Bác Hồ, Bác Tôn & em Tám",https://www.khoi8406.com/post/danlambaovn/bac-ho-bac-ton-em-tam-f8da0d69e15.html,1
"Chính trường Việt Nam sẽ ra sao, khi khuyết Trọng? (Kỳ 1)",https://www.khoi8406.com/post/danlambaovn/chinh-truong-viet-nam-se-ra-sao-khi-6d889cb06c4.html,1
Vè nhất đới nhất lộ,https://www.khoi8406.com/post/danlambaovn/ve-nhat-oi-nhat-lo-dca917990cb.html,1
Luật về đất đai mở đường cho ăn cướp,https://www.khoi8406.com/post/danlambaovn/luat-ve-at-ai-mo-uong-cho-cuop-b9b5f4d0b9f.html,1
Âm nhạc miền Nam đã nuôi dưỡng chúng tôi,https://www.khoi8406.com/post/danlambaovn/am-nhac-mien-nam-nuoi-duong-chung-toi-c9961a0a5bc.html,1
Làm người Việt thật đắt!,https://www.khoi8406.com/post/danlambaovn/lam-nguoi-viet-that-at-3a109c0cf76.html,1
Bản chất “khi dân” của pháp chế xã hội chủ nghĩa,https://www.khoi8406.com/post/danlambaovn/ban-chat-khi-dan-cua-phap-che-xa-hoi-75a2af3db61.html,1
Đốt lò hương ấy… thì hay Trọng về,https://www.khoi8406.com/post/danlambaovn/ot-lo-huong-ay-thi-hay-trong-ve-df64758304b.html,1
Lội nước Biển Hồ đi học,https://www.khoi8406.com/post/danlambaovn/loi-nuoc-bien-ho-i-hoc-608d13d3cd3.html,1
"Độc tài, độc diễn, độc ém, độc lột",https://www.khoi8406.com/post/danlambaovn/oc-tai-oc-dien-oc-em-oc-lot-cac59657a56.html,1
Những dấu hiệu về sự sụp đổ toàn diện của CSVN,https://www.khoi8406.com/post/danlambaovn/nhung-dau-hieu-ve-su-sup-o-toan-dien-f3d04136b3d.html,1
"Tới ngày 19/5, nhìn lại: Hồ Chí Minh làm công an ăn lương của Nông hội và Quốc tế cộng sản",https://www.khoi8406.com/post/danlambaovn/toi-ngay-195-nhin-lai-ho-chi-minh-lam-d8bea5ee0eb.html,1
"Phải chăng nhân quyền ở Việt Nam cũng là một lợi ích cốt lõi của Hoa Kỳ, EU và nhiều nước khác?!",https://www.khoi8406.com/post/danlambaovn/phai-chang-nhan-quyen-o-viet-nam-cung-e8aac3841ac.html,1
Nhục nhã về việc người Việt Nam ăn cắp ở nước ngoài,https://www.khoi8406.com/post/danlambaovn/nhuc-nha-ve-viec-nguoi-viet-nam-cap-o_17-f171e17cee1.html,1
Món nợ ân tình cần phải trả,https://www.khoi8406.com/post/danlambaovn/mon-no-tinh-can-phai-tra-b908a2491d8.html,1
"Không thấy mới tin, giờ thấy lại càng tin hơn",https://www.khoi8406.com/post/danlambaovn/khong-thay-moi-tin-gio-thay-lai-cang-56ff9c1826b.html,1
Công ước 87: chiếc gân gà khó nuốt và những mảng tối trong dự thảo Luật Lao Động,https://www.khoi8406.com/post/danlambaovn/cong-uoc-87-chiec-gan-ga-kho-nuot-va-324dd58d957.html,1
Nhìn thẳng để mà sống!,https://www.khoi8406.com/post/danlambaovn/nhin-thang-e-ma-song-09bc6c0fec3.html,1
Bất thường quanh ông Nguyễn Phú Trọng,https://www.khoi8406.com/post/danlambaovn/bat-thuong-quanh-ong-nguyen-phu-trong-10ed96e5619.html,1
Đoạn kết của cuộc cách mạng bung đồng,https://www.khoi8406.com/post/danlambaovn/oan-ket-cua-cuoc-cach-mang-bung-ong-b6944098b6e.html,1
Các thế lực thù địch của CSVN là những ai?,https://www.khoi8406.com/post/danlambaovn/cac-luc-thu-ich-cua-csvn-la-nhung-ai-f1512012c5e.html,1
Lộ mặt một DLV chạy tội cho cuộc đi đêm ô nhục ở Thành Đô,https://www.khoi8406.com/post/danlambaovn/lo-mat-mot-dlv-chay-toi-cho-cuoc-i-em-o-5cbc220c414.html,1
Vè khẩu Phật tâm Xà,https://www.khoi8406.com/post/danlambaovn/ve-khau-phat-tam-xa-42a4f44c369.html,1
Khẩu Phật Tâm Xà đến nịnh bợ đảo điên,https://www.khoi8406.com/post/danlambaovn/khau-phat-tam-xa-en-ninh-bo-ao-ien-144634989a6.html,1
Không thấy mới tin (tiếp theo),https://www.khoi8406.com/post/danlambaovn/khong-thay-moi-tin-tiep-theo-f73f7099d89.html,1
Hệ lụy nào cho Việt Nam trong cuộc chiến thương mại Mỹ Trung,https://www.khoi8406.com/post/danlambaovn/he-luy-nao-cho-viet-nam-trong-cuoc-0486757aaf9.html,1
Hai tội phạm hình sự: Đoàn Thị Hương và Lý Tống,https://www.khoi8406.com/post/danlambaovn/hai-toi-pham-hinh-su-oan-thi-huong-va-992202865cd.html,1
Tượng 2 đầu,https://www.khoi8406.com/post/danlambaovn/tuong-2-au-78dddf0697d.html,1
Quyển Kinh Thánh bị giam cầm,https://www.khoi8406.com/post/danlambaovn/quyen-kinh-thanh-bi-giam-cam-4c371bd7748.html,1
Trại thú vật,https://www.khoi8406.com/post/danlambaovn/trai-thu-vat-5de6a107e5d.html,1
Tử thần Formosa đang gõ cửa sự sống của chúng ta,https://www.khoi8406.com/post/danlambaovn/tu-than-formosa-ang-go-cua-su-song-cua-5bc805d6339.html,1
Tháng Năm về thật buồn!,https://www.khoi8406.com/post/danlambaovn/thang-nam-ve-that-buon-6a4ab74c84b.html,1
Liên Minh châu Âu và bầu cử châu Âu 2019,https://www.khoi8406.com/post/danlambaovn/lien-minh-chau-au-va-bau-cu-chau-au-2019-471ac476d73.html,1
Tuổi trẻ ở Việt Nam: thực tế và ước mơ,https://www.khoi8406.com/post/danlambaovn/tuoi-tre-o-viet-nam-thuc-te-va-uoc-mo-529e163339a.html,1
Dân làng Tà Ru giữa lòng cách mạng,https://www.khoi8406.com/post/danlambaovn/dan-lang-ta-ru-giua-long-cach-mang-ed3afb1f198.html,1
Tổ quốc đã bao giờ lạ kỳ thế này chưa?,https://www.khoi8406.com/post/danlambaovn/to-quoc-bao-gio-la-ky-nay-chua-fa940357a76.html,1
Điềm lạ,https://www.khoi8406.com/post/danlambaovn/iem-la-dd47715f7f8.html,1
Không thấy mới tin,https://www.khoi8406.com/post/danlambaovn/khong-thay-moi-tin-221fa59115b.html,1
Mèo giấu kít!,https://www.khoi8406.com/post/danlambaovn/meo-giau-kit-6cafbeed35a.html,1
Vận động cho nhân quyền Việt Nam trước chuyến thăm Việt Nam của Bộ Ngoại Giao Hoa Kỳ,https://www.khoi8406.com/post/danlambaovn/van-ong-cho-nhan-quyen-viet-nam-truoc-a481c161776.html,1
Nguyên nhân thất bại về đường lối chủ trương của đảng cộng sản,https://www.khoi8406.com/post/danlambaovn/nguyen-nhan-that-bai-ve-uong-loi-chu-b21a1a51d8a.html,1
Yêu cầu khởi tố Formosa vì chúng ta không thể bỏ mặc tương lai,https://www.khoi8406.com/post/danlambaovn/yeu-cau-khoi-to-formosa-vi-chung-ta-3f1e487a7f1.html,1
Washington DC: Kỷ niệm ngày Nhân Quyền Cho Việt Nam lần thứ 25,https://www.khoi8406.com/post/danlambaovn/washington-dc-ky-niem-ngay-nhan-quyen-9f52fafe7db.html,1
Ngày tàn của đảng Cộng sản Việt Nam đã đến hay chưa?,https://www.khoi8406.com/post/danlambaovn/ngay-tan-cua-ang-cong-san-viet-nam-en-97dc8ab66ef.html,1
Formosa Hà Tĩnh - hiểm hoạ môi trường có bảo kê,https://www.khoi8406.com/post/danlambaovn/formosa-ha-tinh-hiem-hoa-moi-truong-co-ede3da2d39b.html,1
Trạm hút máu nhân dân,https://www.khoi8406.com/post/danlambaovn/tram-hut-mau-nhan-dan-dcd69fe4978.html,1
Đảng bối rối sức khoẻ Nguyễn Phú Trọng,https://www.khoi8406.com/post/danlambaovn/ang-boi-roi-suc-khoe-nguyen-phu-trong-341f034af33.html,1
Thế lực nào muốn bứng LM Nguyễn Duy Tân ra khỏi giáo xứ Thọ Hoà?,https://www.khoi8406.com/post/danlambaovn/the-luc-nao-muon-bung-lm-nguyen-duy-tan-3c8dffbf46d.html,1
Biểu tình muôn năm,https://www.khoi8406.com/post/danlambaovn/bieu-tinh-muon-nam-0b2e57664d5.html,1
Nhà nước & nhà thổ,https://www.khoi8406.com/post/danlambaovn/nha-nuoc-nha-tho-f5707537db6.html,1
Chúng ta đang ở trong một cuộc chiến tranh kinh tế Với Trung Quốc. Thỏa hiệp là vô ích,https://www.khoi8406.com/post/danlambaovn/chung-ta-ang-o-trong-mot-cuoc-chien-6d1af03e455.html,1
Lấy hiện tại mà định cho tương lai là một sự phán đoán nông nổi!,https://www.khoi8406.com/post/danlambaovn/lay-hien-tai-ma-inh-cho-tuong-lai-la_8-3f75131ed62.html,1
Bệnh Trạng ông Trọng và hành trạng dân tộc,https://www.khoi8406.com/post/danlambaovn/benh-trang-ong-trong-va-hanh-trang-dan-5886ed6944b.html,1
Formosa Hà Tĩnh – món nợ của đảng Cộng sản với người Việt,https://www.khoi8406.com/post/danlambaovn/formosa-ha-tinh-mon-no-cua-ang-cong-san-385feb281f6.html,1
Chế độ Cộng sản vẫn đang vững vàng,https://www.khoi8406.com/post/danlambaovn/che-o-cong-san-van-ang-vung-vang-a4498caeaa0.html,1
Bộ Công thương và EVN xảo thuật giá điện,https://www.khoi8406.com/post/danlambaovn/bo-cong-thuong-va-evn-xao-thuat-gia-ien-981dae450e3.html,1
"Karl Marx đã chết, vĩnh viễn chết",https://www.khoi8406.com/post/danlambaovn/karl-marx-vinh-vien-chet-a5fa77b704b.html,1
"Người lao động khởi kiện chính sách bị xâm hại: Sở LĐTB&XH tỉnh Quảng Bình giải quyết nhưng còn phiền hà, trì trệ…",https://www.khoi8406.com/post/danlambaovn/nguoi-lao-ong-khoi-kien-chinh-sach-bi-93c10c4f4cc.html,1
Phùng Cung giữa trăng sao & mộ chí,https://www.khoi8406.com/post/danlambaovn/phung-cung-giua-trang-sao-mo-chi-23cdc578196.html,1
Sau 44 năm 30/4: Nhìn lại thời vàng son của giáo dục VNCH trước năm 1975,https://www.khoi8406.com/post/danlambaovn/sau-44-nam-304-nhin-lai-thoi-vang-son-8cd5ec44818.html,1
Trang Web phản động,https://www.khoi8406.com/post/danlambaovn/trang-web-phan-ong-1bb6abac5c0.html,1
"“Lòng dân” thời 4.0 - Sự khởi đầu của ""cuộc cách mạng sợ hãi"" tại Việt Nam?",https://www.khoi8406.com/post/danlambaovn/long-dan-thoi-40-su-khoi-au-cua-cuoc-7fc5a5f8187.html,1
Chế độ chó má,https://www.khoi8406.com/post/danlambaovn/che-o-cho-ma-97cb908a649.html,1
Phỏng vấn: Những trăn trở tháng tư,https://www.khoi8406.com/post/danlambaovn/phong-van-nhung-tran-tro-thang-tu-1313ed025cb.html,1
Cảm nhận về hình ảnh Festival nghề truyền thống Huế 2019,https://www.khoi8406.com/post/danlambaovn/cam-nhan-ve-hinh-anh-festival-nghe-7acc7f59a5d.html,1
Có kinh tế thị trường là có tất cả,https://www.khoi8406.com/post/danlambaovn/co-kinh-te-thi-truong-la-co-tat-ca-2f062141b08.html,1
Mình phải như thế nào người ta mới nói chứ,https://www.khoi8406.com/post/danlambaovn/minh-phai-nhu-nao-nguoi-ta-moi-noi-chu-f6ce9116772.html,1
"Quy tắc ứng xử trên mạng của Bộ GD-ĐT Việt Nam, bản sao từ Trung Quốc?",https://www.khoi8406.com/post/danlambaovn/quy-tac-ung-xu-tren-mang-cua-bo-gd-t-cf496815401.html,1
Vì sao Nguyễn Tấn Dũng phì cười giữa đám ma Lê Đức Anh?,https://www.khoi8406.com/post/danlambaovn/vi-sao-nguyen-tan-dung-phi-cuoi-giua-am-b45b27c5777.html,1
Người làm điêu đứng nước Mỹ bị thộp cổ,https://www.khoi8406.com/post/danlambaovn/nguoi-lam-ieu-ung-nuoc-my-bi-thop-co-80f76f1c0ed.html,1
Vè đám ma,https://www.khoi8406.com/post/danlambaovn/ve-am-ma-ee2cb799c7c.html,1
Thân phận nghiệp đoàn độc lập ở Việt Nam,https://www.khoi8406.com/post/danlambaovn/than-phan-nghiep-oan-oc-lap-o-viet-nam-90c5c4ad48d.html,1
Bọn Phúc ngọng long nhong rã rời chân tay chân luôn khi đọc thư này,https://www.khoi8406.com/post/danlambaovn/bon-phuc-ngong-long-nhong-ra-roi-chan-2c17fd3b76b.html,1
Một vành đai / một con đường & hai con tim bộ lạc,https://www.khoi8406.com/post/danlambaovn/mot-vanh-ai-mot-con-uong-hai-con-tim-bo-019fdbbe60c.html,1
Câu đối viếng Lê Đức Anh,https://www.khoi8406.com/post/danlambaovn/cau-oi-vieng-le-uc-anh-2e102aa67ea.html,1
Mối tình 30/4/75 giữa chàng cộng sản Tây Đức và nàng xướng ngôn viên đài truyền hình VNCH,https://www.khoi8406.com/post/danlambaovn/moi-tinh-30475-giua-chang-cong-san-tay-1790e1395ee.html,1
"Hội nghị Thành đô – Cầu hòa với Bắc kinh ở thế ""Kim ngưu"" *",https://www.khoi8406.com/post/danlambaovn/hoi-nghi-thanh-o-cau-hoa-voi-bac-kinh-o-04bf0c00bae.html,1
"""44 năm và bọn phản động lưu vong...""",https://www.khoi8406.com/post/danlambaovn/44-nam-va-bon-phan-ong-luu-vong-52e36827c28.html,1
Thương Phế Binh VNCH lại bị đẩy ra đường lần thứ 2,https://www.khoi8406.com/post/danlambaovn/thuong-phe-binh-vnch-lai-bi-ay-ra-uong-b451b56b63d.html,1
Ngày này,https://www.khoi8406.com/post/danlambaovn/ngay-nay-739a851bd61.html,1
30/4/1975: Ngày Quốc Huệ,https://www.khoi8406.com/post/danlambaovn/3041975-ngay-quoc-hue-626d36426bb.html,1
"Ngày Quốc Hận, 30-4-1975",https://www.khoi8406.com/post/danlambaovn/ngay-quoc-han-30-4-1975-08de7106abf.html,1
Vè giải phóng,https://www.khoi8406.com/post/danlambaovn/ve-giai-phong-5fac6ed59d1.html,1
Văn hoá cờ vàng,https://www.khoi8406.com/post/danlambaovn/van-hoa-co-vang-f8efca501bc.html,1
Dâm ô - sự vô liêm sĩ trong học thuyết của CNCS,https://www.khoi8406.com/post/danlambaovn/dam-o-su-vo-liem-si-trong-hoc-thuyet-20368b72cbb.html,1
Tội ác đã đẩy hàng trăm ngàn người ra ngoài biển khơi,https://www.khoi8406.com/post/danlambaovn/toi-ac-ay-hang-tram-ngan-nguoi-ra-ngoai-ec96f482f8d.html,1
"Nỗi buồn tháng tư với nguy cơ diệt vong, mất nước",https://www.khoi8406.com/post/danlambaovn/noi-buon-thang-tu-voi-nguy-co-diet-vong-3d5aa4b4c54.html,1
"Nghĩ về ""cuộc chiến tranh của chúng ta"": Tôi là ai - và nếu vậy thì bao nhiêu?",https://www.khoi8406.com/post/danlambaovn/nghi-ve-cuoc-chien-tranh-cua-chung-ta-e0c300a1832.html,1
Lại 30/4. Làm gì?,https://www.khoi8406.com/post/danlambaovn/lai-304-lam-gi-fa5a8778f3b.html,1
Một đời dọc ngang,https://www.khoi8406.com/post/danlambaovn/mot-oi-doc-ngang-753d4b08e47.html,1
Ngay các đầu não trong thiên đường csVN cũng phải ở tù,https://www.khoi8406.com/post/danlambaovn/ngay-cac-au-nao-trong-thien-uong-csvn-d8072b963db.html,1
"Mỗi 30 tháng 4 về, em buồn lắm anh ơi!",https://www.khoi8406.com/post/danlambaovn/em-i-tim-hai-cot-cua-anh-giua-truong-3733bc7bf5d.html,1
Lũ “chó” đi bắt chó,https://www.khoi8406.com/post/danlambaovn/lu-cho-i-bat-cho-4b9a13bc0c1.html,1
Cao Xuân Huy - Người vẫn không thể thoát ra khỏi cuộc chiến,https://www.khoi8406.com/post/danlambaovn/cao-xuan-huy-nguoi-van-khong-thoat-ra-950cd994f7a.html,1
Nguồn gốc ấu dâm ở Việt Nam được phát triển đại trà từ Hồ Chí Minh,https://www.khoi8406.com/post/danlambaovn/nguon-goc-au-dam-o-viet-nam-uoc-phat-53861a37db3.html,1
Truyện ngắn: Về xóm cũ,https://www.khoi8406.com/post/danlambaovn/truyen-ngan-ve-xom-cu-9dd78c02498.html,1
30 tháng Tư qua nhận định của những người chỉ huy cuộc chiến,https://www.khoi8406.com/post/danlambaovn/30-thang-tu-qua-nhan-inh-cua-nhung-185d983a327.html,1
Bản mặt của tháng 4 đen 1975,https://www.khoi8406.com/post/danlambaovn/ban-mat-cua-thang-4-en-1975-7ee622245a8.html,1
Những người góp tâm huyết cho ngày 30 tháng 4/1975,https://www.khoi8406.com/post/danlambaovn/nhung-nguoi-gop-tam-huyet-cho-ngay-30-e7986ebe89f.html,1
Sài Gòn,https://www.khoi8406.com/post/danlambaovn/sai-gon-7845f4acc8b.html,1
"Tưởng niệm Quốc Hận, xoay lại sơn hà",https://www.khoi8406.com/post/danlambaovn/tuong-niem-quoc-han-xoay-lai-son-ha-730be138770.html,1
"Ngày 30/4 ""đường vinh quang xây xác quân thù""",https://www.khoi8406.com/post/danlambaovn/ngay-304-uong-vinh-quang-xay-xac-quan-b2092501c8c.html,1
Ó Đen,https://www.khoi8406.com/post/danlambaovn/o-en-4df366c9eac.html,1
Nhà cộng sản Nguyễn Thiện Nhân,https://www.khoi8406.com/post/danlambaovn/nha-cong-san-nguyen-thien-nhan-e57428e6ac3.html,1
Phản động lưu vong,https://www.khoi8406.com/post/danlambaovn/phan-ong-luu-vong-3eec4f3bd69.html,1
Ngày Cuối Tháng Tư,https://www.khoi8406.com/post/danlambaovn/ngay-cuoi-thang-tu-d8ba618f6d1.html,1
Nước Mỹ tháng Tư,https://www.khoi8406.com/post/danlambaovn/nuoc-my-thang-tu-ee061d1dc79.html,1
Những tấm hình từ địa ngục,https://www.khoi8406.com/post/danlambaovn/nhung-tam-hinh-tu-ia-nguc-5897e9b9e81.html,1
Hai Bà Trưng,https://www.khoi8406.com/post/danlambaovn/hai-ba-trung-f53b91bf060.html,1
CSVN khủng hoảng tài chánh & lãnh đạo,https://www.khoi8406.com/post/danlambaovn/csvn-khung-hoang-tai-chanh-lanh-ao-50018ccaab1.html,1
Tạc đạn tháng 4 của Phúc Niểng,https://www.khoi8406.com/post/danlambaovn/tac-thang-4-cua-phuc-nieng-eabb174d3db.html,1
"Đấu tranh, trách nhiệm của ai?",https://www.khoi8406.com/post/danlambaovn/au-tranh-trach-nhiem-cua-ai-21f11a4ca5f.html,1
44 năm sau cuộc chiến Việt Nam đang có gì?,https://www.khoi8406.com/post/danlambaovn/44-nam-sau-cuoc-chien-viet-nam-ang-co-gi-fcd6f400ca6.html,1
Câu chuyện tháng Tư,https://www.khoi8406.com/post/danlambaovn/cau-chuyen-thang-tu-ecedded7638.html,1
Sài Gòn ơi! Có ai cứu em tôi không?!,https://www.khoi8406.com/post/danlambaovn/sai-gon-oi-co-ai-cuu-em-toi-khong-16e1d2477d1.html,1
“Những mảnh đời sau song sắt” – ký ức không thể để quên lãng,https://www.khoi8406.com/post/danlambaovn/nhung-manh-oi-sau-song-sat-ky-uc-khong-31e4fbba91a.html,1
Thằng Hề đi phó hội,https://www.khoi8406.com/post/danlambaovn/thang-he-i-pho-hoi-01cb84afa1b.html,1
Trung Quốc có thể trỗi dậy một cách hoà bình hay không?,https://www.khoi8406.com/post/danlambaovn/trung-quoc-co-troi-day-mot-cach-hoa-46adb2899a3.html,1
Tương lai Nguyễn Phú Trọng mập mờ,https://www.khoi8406.com/post/danlambaovn/tuong-lai-nguyen-phu-trong-map-mo-eab8d869058.html,1
Diễn tiến ngày 30 tháng 4 năm 2975 tại Dinh Độc Lập,https://www.khoi8406.com/post/danlambaovn/dien-tien-ngay-30-thang-4-nam-2975-tai-9f371838b11.html,1
Lữ Phương/ Nguyễn Trung Tôn/ Nguyễn Công Khế & Nguyễn Thị Bình,https://www.khoi8406.com/post/danlambaovn/lu-phuong-nguyen-trung-ton-nguyen-cong-f39c77f3e4d.html,1
Đơn khiếu nại và tố cáo của Nguyễn Ngọc Già,https://www.khoi8406.com/post/danlambaovn/on-khieu-nai-va-to-cao-cua-nguyen-ngoc-b5938d3bb55.html,1
Đan Mạch có theo CNXH không?,https://www.khoi8406.com/post/danlambaovn/an-mach-co-theo-cnxh-khong-1a1dd6524a8.html,1
Về câu chuyện ồn ào mang tên Đàm Vĩnh Hưng,https://www.khoi8406.com/post/danlambaovn/ve-cau-chuyen-on-ao-mang-ten-am-vinh-260a1d708ea.html,1
Diễu binh ăn cướp Miền Nam,https://www.khoi8406.com/post/danlambaovn/dieu-binh-cuop-mien-nam-a6d577fc992.html,1
Lenin và chủ nghĩa Cộng sản toàn trị,https://www.khoi8406.com/post/danlambaovn/lenin-va-chu-nghia-cong-san-toan-tri-c607ac846e8.html,1
Từ Ukrainia nhìn về Việt Nam,https://www.khoi8406.com/post/danlambaovn/tu-ukrainia-nhin-ve-viet-nam-1f4dad4e3e3.html,1
"Tháng Tư, cười hay khóc",https://www.khoi8406.com/post/danlambaovn/thang-tu-cuoi-hay-khoc-6c940a1adad.html,1
Sau ba năm thảm họa môi trường 4 tỉnh miền Trung (4.2016 – 4.2019),https://www.khoi8406.com/post/danlambaovn/sau-ba-nam-tham-hoa-moi-truong-4-tinh-97489a6d067.html,1
Kịch: Thâm cung bí sử: Trọng bệnh,https://www.khoi8406.com/post/danlambaovn/kich-tham-cung-bi-su-trong-benh-92c41719194.html,1
Nguyễn Văn Linh có khác Lê Chiêu Thống?,https://www.khoi8406.com/post/danlambaovn/nguyen-van-linh-co-khac-le-chieu-thong-483830edfee.html,1
"Mười năm trước, mười năm sau biến cố ba mươi tháng tư",https://www.khoi8406.com/post/danlambaovn/muoi-nam-truoc-muoi-nam-sau-bien-co-ba-134c4e6ec50.html,1
Câu chuyện thằng Bờm thời 4.0,https://www.khoi8406.com/post/danlambaovn/cau-chuyen-thang-bom-thoi-40-b7850240d0d.html,1
Chiều trên phố Bolsa ở California,https://www.khoi8406.com/post/danlambaovn/chieu-tren-pho-bolsa-o-california-51867b5bb9a.html,1
Quyền được sống,https://www.khoi8406.com/post/danlambaovn/quyen-uoc-song-5efca45d37a.html,1
Vua “chả giò” Trịnh Vĩnh Bình thắng kiện nhà nước Cộng Sản Việt,https://www.khoi8406.com/post/danlambaovn/vua-cha-gio-trinh-vinh-binh-thang-kien-906e0deb0e6.html,1
Bốn mươi tư lần Tháng Tư tưởng nhớ,https://www.khoi8406.com/post/danlambaovn/bon-muoi-tu-lan-thang-tu-tuong-nho-a3dda2269ce.html,1
Về một câu chuyện cũ,https://www.khoi8406.com/post/danlambaovn/ve-mot-cau-chuyen-cu-81f09809e0b.html,1
Lòng Dân: Còn hay mất?,https://www.khoi8406.com/post/danlambaovn/long-dan-con-hay-mat-86c2a74f0b5.html,1
"Anh Linh ở đâu, chúng tôi muốn “nựng” anh!",https://www.khoi8406.com/post/danlambaovn/anh-linh-o-au-chung-toi-muon-nung-anh-e9a19403a37.html,1
Sự tha hoá của một chế độ,https://www.khoi8406.com/post/danlambaovn/su-tha-hoa-cua-mot-che-o-9b86470c89d.html,1
Algérie dậy sóng,https://www.khoi8406.com/post/danlambaovn/algerie-day-song-a375a634353.html,1
Khi tòa án Việt cộng xử “trọng chứng hơn trọng cung”,https://www.khoi8406.com/post/danlambaovn/khi-toa-viet-cong-xu-trong-chung-hon-d12304fd478.html,1
Tiếng khóc giữa mùa xuân Paris,https://www.khoi8406.com/post/danlambaovn/tieng-khoc-giua-mua-xuan-paris-11245d7145f.html,1
Một ký ức buồn,https://www.khoi8406.com/post/danlambaovn/mot-ky-uc-buon-8180af20c31.html,1
Tổ quốc ghi ơn người anh hùng mũ đỏ tên Đương!,https://www.khoi8406.com/post/danlambaovn/to-quoc-ghi-on-nguoi-anh-hung-mu-o-ten-83341ccf9c6.html,1
Quan Tây & Quan Ta,https://www.khoi8406.com/post/danlambaovn/quan-tay-quan-ta-a813cd148dc.html,1
Khủng hoảng lãnh đạo ở Việt Nam,https://www.khoi8406.com/post/danlambaovn/khung-hoang-lanh-ao-o-viet-nam-c944d4d8852.html,1
Trọng đã tỉnh và đòi ăn cháo lú,https://www.khoi8406.com/post/danlambaovn/trong-tinh-va-oi-chao-lu-56b6f5e8520.html,1
Viết cho cái mốc của ngày Quốc Hận 30/04/1975,https://www.khoi8406.com/post/danlambaovn/viet-cho-cai-moc-cua-ngay-quoc-han-8501498f260.html,1
Dâng mình cho Tự do,https://www.khoi8406.com/post/danlambaovn/dang-minh-cho-tu-do-88bbde6adc8.html,1
Làm sao giải quyết nỗi uất hận 30/4/1975?!,https://www.khoi8406.com/post/danlambaovn/lam-sao-giai-quyet-noi-uat-han-3041975-a62c0108eb9.html,1
Đạp lên sợ hãi chính trị,https://www.khoi8406.com/post/danlambaovn/ap-len-so-hai-chinh-tri-a086f2b259c.html,1
Nhân ngày 30 Tháng Tư: Nguy cơ mất nước vào tay Tàu là chuyện có thật,https://www.khoi8406.com/post/danlambaovn/nhan-ngay-30-thang-tu-nguy-co-mat-nuoc-5b464cd230d.html,1
Nước mắt di sản,https://www.khoi8406.com/post/danlambaovn/nuoc-mat-di-san-66d8ca54006.html,1
Văn tế Trọng Lú,https://www.khoi8406.com/post/danlambaovn/van-te-trong-lu-fa5f7d15379.html,1
Ác mộng ngày 30 tháng 4,https://www.khoi8406.com/post/danlambaovn/ac-mong-ngay-30-thang-4-eed9df22dc9.html,1
Du lịch Bali-Indonesia,https://www.khoi8406.com/post/danlambaovn/du-lich-bali-indonesia-f9db06aea2a.html,1
Nói về hai chữ “An Yên” trong ngôn ngữ thời cộng sản,https://www.khoi8406.com/post/danlambaovn/noi-ve-hai-chu-yen-trong-ngon-ngu-thoi-a0373e4e21d.html,1
"Nhân vụ Nguyễn Phú Trọng bị đột tử, lại một lần nữa xác định hệ thống báo đài VN là bưng bít và mụ mị!",https://www.khoi8406.com/post/danlambaovn/nhan-vu-nguyen-phu-trong-bi-ot-tu-lai-b4ba6cc1b63.html,1
"Vài điều quái & bài báo lạ qua ""vụ"" ông Nguyễn Phú Trọng",https://www.khoi8406.com/post/danlambaovn/vai-ieu-quai-bai-bao-la-qua-vu-ong-7da03d0e828.html,1
Sinh Bắc tử Nam,https://www.khoi8406.com/post/danlambaovn/sinh-bac-tu-nam-cfeb2c3e063.html,1
"Nguyễn Phú Trọng bị xuất huyết não, vẫn đang hôn mê, tình trạng nguy kịch",https://www.khoi8406.com/post/danlambaovn/nguyen-phu-trong-bi-xuat-huyet-nao-van-6b26c19a21e.html,1
Nguyễn Phú Trọng nhập viện khi đến Kiên Giang,https://www.khoi8406.com/post/danlambaovn/nguyen-phu-trong-nhap-vien-khi-en-kien-ccc7dae393d.html,1
Thời rực rỡ,https://www.khoi8406.com/post/danlambaovn/thoi-ruc-ro-c268eaada4c.html,1
Lẽ ra là bí mật?,https://www.khoi8406.com/post/danlambaovn/le-ra-la-bi-mat-90eac5ae4e8.html,1
Khi tội ác được dung dưỡng,https://www.khoi8406.com/post/danlambaovn/khi-toi-ac-uoc-dung-duong-6fcf4c0ce6c.html,1
"Người Việt đang ""nhiễm virus"" sợ hãi chính trị",https://www.khoi8406.com/post/danlambaovn/nguoi-viet-ang-nhiem-virus-so-hai-chinh-9e301f6b3b4.html,1
30/4/75 Miền Nam giải phóng CSBV,https://www.khoi8406.com/post/danlambaovn/30475-mien-nam-giai-phong-csbv-8f59f6b35f0.html,1
Tệ nạn ấu dâm hoặc dâm ô với trẻ em và pháp chế xã hội chủ nghĩa,https://www.khoi8406.com/post/danlambaovn/te-nan-au-dam-hoac-dam-o-voi-tre-em-va-286394ccd89.html,1
“Em có hạnh phúc không?!”,https://www.khoi8406.com/post/danlambaovn/em-co-hanh-phuc-khong-5cd8b75e4aa.html,1
"Thế giới ""Made in China""?",https://www.khoi8406.com/post/danlambaovn/the-gioi-made-in-china-2792fd01362.html,1
Một chuyến thăm quê - Phần 1: Thi bị bắt,https://www.khoi8406.com/post/danlambaovn/mot-chuyen-tham-que-phan-1-thi-bi-bat-a4a0c0471f2.html,1
"""Danh dự"" của đảng viên đảng Cộng sản",https://www.khoi8406.com/post/danlambaovn/danh-du-cua-ang-vien-ang-cong-san-70f757ed08c.html,1
Sài Gòn chỉ còn là kỷ niệm?!,https://www.khoi8406.com/post/danlambaovn/sai-gon-chi-con-la-ky-niem-f577bf1624c.html,1
HCM con người đóng kịch quá xảo trá,https://www.khoi8406.com/post/danlambaovn/hcm-con-nguoi-ong-kich-qua-xao-tra-ec24e2f276c.html,1
Người Việt cái gì cũng dám làm trừ chính trị,https://www.khoi8406.com/post/danlambaovn/nguoi-viet-cai-gi-cung-dam-lam-tru-b79b1c73cd4.html,1
Xin góp đá cho mình nổi tiếng nha pà kon,https://www.khoi8406.com/post/danlambaovn/xin-gop-cho-minh-noi-tieng-nha-pa-kon-24602088439.html,1
Lê Anh Hùng,https://www.khoi8406.com/post/danlambaovn/le-anh-hung-ad77d729a94.html,1
Nói dối như Vẹm,https://www.khoi8406.com/post/danlambaovn/noi-doi-nhu-vem-5938de6a348.html,1
Dối trá,https://www.khoi8406.com/post/danlambaovn/doi-tra-cde09c046d8.html,1
Thành quả nào cho đảng CSVN sau 44 năm thống nhất,https://www.khoi8406.com/post/danlambaovn/thanh-qua-nao-cho-ang-csvn-sau-44-nam-c157435b9d2.html,1
Nhiều chữ để làm gì?,https://www.khoi8406.com/post/danlambaovn/nhieu-chu-e-lam-gi-2a1ada8f156.html,1
Nhận xét về kinh tế - xã hội Việt Nam hiện nay,https://www.khoi8406.com/post/danlambaovn/nhan-xet-ve-kinh-te-xa-hoi-viet-nam-93b8d176f86.html,1
Khó khăn mới cho quan hệ Việt-Trung trước khi ông Trọng đi gặp ông Trump,https://www.khoi8406.com/post/danlambaovn/kho-khan-moi-cho-quan-he-viet-trung-74e84cfd734.html,1
Chúng ta liệu có đi lạc đường?,https://www.khoi8406.com/post/danlambaovn/chung-ta-lieu-co-i-lac-uong-08870ea16c1.html,1
Nước mắt ngư trường,https://www.khoi8406.com/post/danlambaovn/nuoc-mat-ngu-truong-5ceeae166fb.html,1
Tập đoàn Huawei ăn cắp công nghệ màn hình gập của Samsung,https://www.khoi8406.com/post/danlambaovn/tap-oan-huawei-cap-cong-nghe-man-hinh-9d7f1dc20cc.html,1
Củi tươi BOT,https://www.khoi8406.com/post/danlambaovn/cui-tuoi-bot-cafcbca8286.html,1
Khi công an “thuyết pháp” giáo lý Nhà Phật theo định hướng XHCN,https://www.khoi8406.com/post/danlambaovn/khi-cong-thuyet-phap-giao-ly-nha-phat-3109a8d9721.html,1
"Bạo lực học đường, ấu dâm, hiếp dâm - Vì đâu nên nỗi?!",https://www.khoi8406.com/post/danlambaovn/bao-luc-hoc-uong-au-dam-hiep-dam-vi-au-58e1b079e49.html,1
Vĩnh biệt phi vụ cuối cùng của anh hùng Lý Tống,https://www.khoi8406.com/post/danlambaovn/vinh-biet-phi-vu-cuoi-cung-cua-anh-hung-0cbc5d9300d.html,1
Tài liệu hướng dẫn về Liên Minh Chính Trị Không Cộng Sản cho Việt Nam,https://www.khoi8406.com/post/danlambaovn/tai-lieu-huong-dan-ve-lien-minh-chinh-6baa0f61d5d.html,1
Thắng / bại tháng Tư,https://www.khoi8406.com/post/danlambaovn/thang-bai-thang-tu-ce2a720452a.html,1
"Tháng Tư về, em còn nhớ",https://www.khoi8406.com/post/danlambaovn/thang-tu-ve-em-con-nho-6f80fabcd84.html,1
"Chết dưới tay Xi, ai tình nguyện chết trước?",https://www.khoi8406.com/post/danlambaovn/chet-duoi-tay-xi-ai-tinh-nguyen-chet-c76294e79a4.html,1
Sự im lặng trong một xã hội thiếu vắng công lý,https://www.khoi8406.com/post/danlambaovn/su-im-lang-trong-mot-xa-hoi-thieu-vang-0f95ed16ad7.html,1
Giáo dục tuyên truyền nhồi sọ,https://www.khoi8406.com/post/danlambaovn/giao-duc-tuyen-truyen-nhoi-so-b7b99ce78c7.html,1
Làm chi thì đã làm sao,https://www.khoi8406.com/post/danlambaovn/lam-chi-thi-lam-sao-4c22bb9ed72.html,1
Thế đứng nào cho cộng sản Việt Nam trong một trật tự mới của thế giới,https://www.khoi8406.com/post/danlambaovn/the-ung-nao-cho-cong-san-viet-nam-trong-f9ad9f3b92d.html,1
Tội ác ấu dâm trong vòng tay của đảng,https://www.khoi8406.com/post/danlambaovn/toi-ac-au-dam-trong-vong-tay-cua-ang-7fd05fab196.html,1
Theo dòng lũ đỏ,https://www.khoi8406.com/post/danlambaovn/theo-dong-lu-o-1b7f24996ed.html,1
"30/4/1975: Xây vinh quang trên những xác người - không giải phóng, mà là cưỡng chiếm, cướp đoạt",https://www.khoi8406.com/post/danlambaovn/3041975-xay-vinh-quang-tren-nhung-xac-35d3066359f.html,1
Xã hội dân sự và đảng phái đối lập làm xoay chiều vụ trục xuất nhà hoạt động nhân quyền Nguyễn Quang Hồng Nhân,https://www.khoi8406.com/post/danlambaovn/xa-hoi-dan-su-va-ang-phai-oi-lap-lam-6d577e44d47.html,1
Đừng ép người dân đến đường cùng,https://www.khoi8406.com/post/danlambaovn/ung-ep-nguoi-dan-en-uong-cung-8991a0da41c.html,1
"Phải chăng cần chọn lọc, biên soạn lại truyện cổ tích cho trẻ em?",https://www.khoi8406.com/post/danlambaovn/phai-chang-can-chon-loc-bien-soan-lai-b20a35749d9.html,1
Chia rẽ - hận thù tại ai?,https://www.khoi8406.com/post/danlambaovn/chia-re-han-thu-tai-ai-4487e4bbdd1.html,1
Chuyện con cua,https://www.khoi8406.com/post/danlambaovn/chuyen-con-cua-5dd89b380a9.html,1
Trịnh Công Sơn - Một nhạc sĩ bình thường,https://www.khoi8406.com/post/danlambaovn/trinh-cong-son-mot-nhac-si-binh-thuong-8271a0ecdd0.html,1
Xe bánh kẹp đêm ga Bắc Kinh,https://www.khoi8406.com/post/danlambaovn/xe-banh-kep-em-ga-bac-kinh-bb89376df33.html,1
Đức sẽ cứu xét lại trường hợp của nhà hoạt động nhân quyền Nguyễn Quang Hồng Nhân,https://www.khoi8406.com/post/danlambaovn/uc-se-cuu-xet-lai-truong-hop-cua-nha-1ff280e2647.html,1
Sihanoukville & Chim Phượng Hoàng Tầu,https://www.khoi8406.com/post/danlambaovn/sihanoukville-chim-phuong-hoang-tau-c351e197601.html,1
"Ung thư, loại vũ khí giết người hàng loạt ghê gớm nhất tại Việt Nam",https://www.khoi8406.com/post/danlambaovn/ung-thu-loai-vu-khi-giet-nguoi-hang-c8fa08a8cfd.html,1
Bứt dây động rừng,https://www.khoi8406.com/post/danlambaovn/but-day-ong-rung-f8ac377ed3b.html,1
Bóng với hình,https://www.khoi8406.com/post/danlambaovn/bong-voi-hinh-f1ccbe58d70.html,1
Kế hoạch nước rút của Tàu cộng trước khi sát nhập toàn bộ VN,https://www.khoi8406.com/post/danlambaovn/ke-hoach-nuoc-rut-cua-tau-cong-truoc-fcb2c0c96bd.html,1
"Ba Đình “lạc hướng”, do quan thấy chơi bẩn",https://www.khoi8406.com/post/danlambaovn/ba-inh-lac-huong-do-quan-thay-choi-ban-8e6e3d773ce.html,1
Việt Nam: Quốc gia lạc lối,https://www.khoi8406.com/post/danlambaovn/viet-nam-quoc-gia-lac-loi-47e60b12070.html,1
Vụ Nguyễn Quang Hồng Nhân bị Đức trục xuất đã làm nhiều người Việt hoang mang và phẫn nộ,https://www.khoi8406.com/post/danlambaovn/vu-nguyen-quang-hong-nhan-bi-uc-truc-e89853b8c72.html,1
Tại sao chùa Ba Vàng bị đánh vào lúc này?,https://www.khoi8406.com/post/danlambaovn/tai-sao-chua-ba-vang-bi-anh-vao-luc-nay-54350ac6734.html,1
Công an “mời” người bảo vệ môi trường ở Tam Đảo “làm việc”,https://www.khoi8406.com/post/danlambaovn/cong-moi-nguoi-bao-ve-moi-truong-o-tam-10be220376c.html,1
Nội tình đảng CS Tàu,https://www.khoi8406.com/post/danlambaovn/noi-tinh-ang-cs-tau-46a2cb17d41.html,1
Khóc nữa đi Hương,https://www.khoi8406.com/post/danlambaovn/khoc-nua-i-huong-091a6e271aa.html,1
Từ đồng chí đến “đồng chí”,https://www.khoi8406.com/post/danlambaovn/tu-ong-chi-en-ong-chi-5f234bc7037.html,1
"""Cướp nay có đảng có đoàn hẳn hoi""",https://www.khoi8406.com/post/danlambaovn/cuop-nay-co-ang-co-oan-han-hoi-c9ceb42fceb.html,1
Tham nhũng là chủ nghĩa tân cộng sản,https://www.khoi8406.com/post/danlambaovn/tham-nhung-la-chu-nghia-tan-cong-san-42a74f30ed3.html,1
"Chùa xứ ta, chùa xứ người",https://www.khoi8406.com/post/danlambaovn/chua-xu-ta-chua-xu-nguoi-cca8fd1b7d9.html,1
"Bắt tay Xi, Macron đã thấy mối nguy Tàu chưa?",https://www.khoi8406.com/post/danlambaovn/bat-tay-xi-macron-thay-moi-nguy-tau-chua-6ca3c56ad6e.html,1
Lật tẩy trò lừa đảo của nhà ngoại cảm Phan Thị Bích Hằng,https://www.khoi8406.com/post/danlambaovn/lat-tay-tro-lua-ao-cua-nha-ngoai-cam-af88f2a5e07.html,1
Cuộc chiến cờ vàng tại Little Sài Gòn,https://www.khoi8406.com/post/danlambaovn/cuoc-chien-co-vang-tai-little-sai-gon-ddc0f0675a5.html,1
Tại sao ông Nguyễn Quang Hồng Nhân bị trục xuất khỏi nước Đức?,https://www.khoi8406.com/post/danlambaovn/tai-sao-ong-nguyen-quang-hong-nhan-bi-7d609c3e5ad.html,1
Mượn vong cúng Phật,https://www.khoi8406.com/post/danlambaovn/muon-vong-cung-phat-78f493a8f39.html,1
Về những chương trình văn nghệ trong mùa Quốc Hận Tháng Tư Đen,https://www.khoi8406.com/post/danlambaovn/ve-nhung-chuong-trinh-van-nghe-trong-a1d157057d7.html,1
Ba Vàng thất thủ,https://www.khoi8406.com/post/danlambaovn/ba-vang-that-thu-9085bf0b8a7.html,1
Thảm họa diệt chủng bằng sinh học ở Việt Nam?!,https://www.khoi8406.com/post/danlambaovn/tham-hoa-diet-chung-bang-sinh-hoc-o-6b9c1b0b1ef.html,1
"Dư luận viên, những thành phần lưu manh và cặn bã nhất của chế độ độc tài Cộng sản",https://www.khoi8406.com/post/danlambaovn/du-luan-vien-nhung-thanh-phan-luu-manh-5ed3d10b546.html,1
BCT-TƯĐCSVN một lũ khốn nạn nối giáo cho Tàu cộng!,https://www.khoi8406.com/post/danlambaovn/bct-tucsvn-mot-lu-khon-nan-noi-giao-cho-ad9cc8c7f7f.html,1
Phúc nổ banh hang Pắc bó ở Thượng Hải và Chu Lai,https://www.khoi8406.com/post/danlambaovn/phuc-no-bamh-hang-pac-bo-o-thuong-hai-09b9ab850a7.html,1
Tại sao Hải chưa vào tù?,https://www.khoi8406.com/post/danlambaovn/tai-sao-hai-chua-vao-tu-1c5f644c8a7.html,1
"Phát biểu tại diễn đàn kinh tế thế giới, Davos, Thụy Sĩ, 2019-01-24",https://www.khoi8406.com/post/danlambaovn/phat-bieu-tai-dien-kinh-te-gioi-davos-5ad0340d7c6.html,1
Hỗ trợ gia đình nam nữ thanh niên bị án tù vì biểu tình chống luật đặc khu ở Phan Rí,https://www.khoi8406.com/post/danlambaovn/ho-tro-gia-inh-nam-nu-thanh-nien-bi-tu-7aa494a4c02.html,1
Phát hành tiền giấy cưỡng hôn mệnh giá hai trăm ngàn đồng,https://www.khoi8406.com/post/danlambaovn/phat-hanh-tien-giay-cuong-hon-menh-gia-c4fff1270ed.html,1
EVN – ngành điện và câu chuyện độc quyền,https://www.khoi8406.com/post/danlambaovn/evn-nganh-ien-va-cau-chuyen-oc-quyen-1d0a8eb8abf.html,1
Những bãi phân giữa thời mạt pháp,https://www.khoi8406.com/post/danlambaovn/nhung-bai-phan-giua-thoi-mat-phap-581b65a5f51.html,1
Nỗi đau Masan,https://www.khoi8406.com/post/danlambaovn/noi-au-masan-83c8372644b.html,1
Tại sao Nguyễn Phú Trọng thăm Mỹ năm 2019?,https://www.khoi8406.com/post/danlambaovn/tai-sao-nguyen-phu-trong-tham-my-nam-989ce1155f2.html,1
Ai đang chia rẽ nhân dân?,https://www.khoi8406.com/post/danlambaovn/ai-ang-chia-re-nhan-dan-e9753fd6652.html,1
Tại sao phải bảo vệ “Đồi Dinh Thị trưởng cũ”?,https://www.khoi8406.com/post/danlambaovn/tai-sao-phai-bao-ve-oi-dinh-thi-truong-f96d7502321.html,1
Vụ nhà báo Trương Duy Nhất rất... đơn giản (!),https://www.khoi8406.com/post/danlambaovn/vu-nha-bao-truong-duy-nhat-rat-on-gian-b8a69d09a1d.html,1
Phiên tòa bất khuất: Chúng tôi không có tội,https://www.khoi8406.com/post/danlambaovn/phien-toa-bat-khuat-chung-toi-khong-co-3af02f98f60.html,1
Vụ tấn công tình dục phụ nữ: Phản đối việc xử phạt hành chính 200.000 đồng,https://www.khoi8406.com/post/danlambaovn/vu-tan-cong-tinh-duc-phu-nu-phan-oi-e0bc9e7bb2c.html,1
Formosa Hà Tĩnh – khúc xương khó gặm của Bộ Chính trị,https://www.khoi8406.com/post/danlambaovn/formosa-ha-tinh-khuc-xuong-kho-gam-cua-93a286a48bf.html,1
Những điều ông Nguyễn Phú Trọng cần biết,https://www.khoi8406.com/post/danlambaovn/nhung-ieu-ong-nguyen-phu-trong-can-biet-29a8a456b4f.html,1
Hãy lên tiếng nếu bạn cảm thấy bị xúc phạm,https://www.khoi8406.com/post/danlambaovn/hay-len-tieng-neu-ban-cam-thay-bi-xuc-11afde7ae02.html,1
Lời của loài sán lãi,https://www.khoi8406.com/post/danlambaovn/loi-cua-loai-san-lai-ec2edd3798d.html,1
Nhà hàng/Nhà Nước & nhà BOT,https://www.khoi8406.com/post/danlambaovn/nha-hangnha-nuoc-nha-bot-90cc3f0f379.html,1
"Xới lại vụ đầu tư thua lỗ hàng tỉ đô của PVN tại Venezuela, ông Nguyễn Phú Trọng nhằm mục đích gì?",https://www.khoi8406.com/post/danlambaovn/xoi-lai-vu-au-tu-thua-lo-hang-ti-o-cua-7f53a9b52e3.html,1
Người Uyghur dưới gót giày toàn trị Trung Quốc,https://www.khoi8406.com/post/danlambaovn/nguoi-uyghur-duoi-got-giay-toan-tri-f65c90ae3b8.html,1
Cái lò cháy chậm,https://www.khoi8406.com/post/danlambaovn/cai-lo-chay-cham-c1afa08908c.html,1
Tương lai kinh tế & Hiệu năng Blockchain,https://www.khoi8406.com/post/danlambaovn/tuong-lai-kinh-te-hieu-nang-blockchain-e71ddc36d51.html,1
Coi chừng những cú đá sau lời khen của Tổng thống Donald Trump,https://www.khoi8406.com/post/danlambaovn/coi-chung-nhung-cu-sau-loi-khen-cua-14ca69e899c.html,1
Về Dân Oan Xuyên Thế Kỷ Lê Thị Kim Thu,https://www.khoi8406.com/post/danlambaovn/ve-dan-oan-xuyen-ky-le-thi-kim-thu-827becf4404.html,1
Khi “mầm non của đất nước” bị đầu độc,https://www.khoi8406.com/post/danlambaovn/khi-mam-non-cua-at-nuoc-bi-au-oc-959b351d317.html,1
Nước mắm tử thần hay nước mắm truyền thống,https://www.khoi8406.com/post/danlambaovn/nuoc-mam-tu-than-hay-nuoc-mam-truyen-235a413bd35.html,1
Tuyên bố của Chính phủ Việt Nam Cộng Hoà về những biến cố gần đây ở Tây Tạng,https://www.khoi8406.com/post/danlambaovn/tuyen-bo-cua-chinh-phu-viet-nam-cong-a81f3306b44.html,1
"Bộ mặt được khắc họa chân thật nhưng nực cười, hổ lốn, dơ bẩn, bỉ ổi của CSVN trong cuốn Đêm Giữa Ban Ngày của nhà văn Vũ Thư Hiên",https://www.khoi8406.com/post/danlambaovn/bo-mat-uoc-khac-hoa-chan-that-nhung-nuc-9d01063c199.html,1
Nguyễn Tất Nhiên - Một trường thiên kịch bản bi ai,https://www.khoi8406.com/post/danlambaovn/nguyen-tat-nhien-mot-truong-thien-kich-8e1018dae8d.html,1
Chủ nghĩa CS sinh ra những quái đản,https://www.khoi8406.com/post/danlambaovn/chu-nghia-cs-sinh-ra-nhung-quai-an-d790cc5068b.html,1
Dẹp XHCN mới chống được tham nhũng,https://www.khoi8406.com/post/danlambaovn/dep-xhcn-moi-chong-uoc-tham-nhung-423d1fe11f8.html,1
Nắng mới,https://www.khoi8406.com/post/danlambaovn/nang-moi-7f17b3eb65e.html,1
Trung Quốc ngày nay qua cái nhìn của một người tàu,https://www.khoi8406.com/post/danlambaovn/trung-quoc-ngay-nay-qua-cai-nhin-cua-e4c881e5245.html,1
Việt Nam: Sáu nhà hoạt động sắp bị vào tù,https://www.khoi8406.com/post/danlambaovn/viet-nam-sau-nha-hoat-ong-sap-bi-vao-tu-c2c925d069a.html,1
"Đảng cướp đất, dành sân",https://www.khoi8406.com/post/danlambaovn/ang-cuop-at-danh-san-7e29311fe91.html,1
Lời kêu gọi khẩn thiết của một con dân Việt Nam,https://www.khoi8406.com/post/danlambaovn/loi-keu-goi-khan-thiet-cua-mot-con-dan-488623a5e02.html,1
Câu chuyện về Cao Lâm - Người công chính bị hàm oan,https://www.khoi8406.com/post/danlambaovn/cau-chuyen-ve-cao-lam-nguoi-cong-chinh-a23d7b325e1.html,1
"Quảng Bình: Người lao động bị quan xâm hại chính sách, cần được xử lý nghiêm minh theo luật định",https://www.khoi8406.com/post/danlambaovn/quang-binh-nguoi-lao-ong-bi-quan-xam-5b8ad8448e7.html,1
Nguy to không nhỏ,https://www.khoi8406.com/post/danlambaovn/nguy-to-khong-nho-72dc5468b2f.html,1
Tại sao đảo chính không chắc sẽ xảy ra ở Venezuela,https://www.khoi8406.com/post/danlambaovn/tai-sao-ao-chinh-khong-chac-se-xay-ra-o-3be6194548d.html,1
Ác mộng thu hoạch nội tạng ở Trung Quốc,https://www.khoi8406.com/post/danlambaovn/ac-mong-thu-hoach-noi-tang-o-trung-quoc-e2118a8fee6.html,1
Chuyện của Quyên,https://www.khoi8406.com/post/danlambaovn/chuyen-cua-quyen-23b71846cf8.html,1
Ngày Gạc Ma 14.3.1988,https://www.khoi8406.com/post/danlambaovn/ngay-gac-ma-1431988-6d2a5455ae1.html,1
Công an VN thẩm vấn ông Phạm Cao Lâm những gì?,https://www.khoi8406.com/post/danlambaovn/cong-vn-tham-van-ong-pham-cao-lam-nhung-b7902349a01.html,1
Hồ Chí Minh có nhập vai đóng thế Nguyễn Ái Quốc?(Phần IX),https://www.khoi8406.com/post/danlambaovn/ho-chi-minh-co-nhap-vai-ong-nguyen-ai_12-247d3a3e7f2.html,1
Chuyện nước mắm và chuyện Hồ Chí Minh,https://www.khoi8406.com/post/danlambaovn/chuyen-nuoc-mam-va-chuyen-ho-chi-minh-8dca0d4efac.html,1
Nguyễn Ngọc Già là người như thế nào?,https://www.khoi8406.com/post/danlambaovn/nguyen-ngoc-gia-la-nguoi-nhu-nao-c6a2937aeb8.html,1
Tôi không xuống đường biểu tình!,https://www.khoi8406.com/post/danlambaovn/toi-khong-xuong-uong-bieu-tinh-150481c17d3.html,1
"""Vứt"" người rồi, tôi sống với ai?",https://www.khoi8406.com/post/danlambaovn/vut-nguoi-roi-toi-song-voi-ai-8836a1040c8.html,1
Huawei tuy lạ mà quen,https://www.khoi8406.com/post/danlambaovn/huawei-tuy-la-ma-quen-712d3744302.html,1
Định tội danh “cố ý gây thương tích” cho công an đánh chết thanh niên phạm luật giao thông,https://www.khoi8406.com/post/danlambaovn/inh-toi-danh-co-y-gay-thuong-tich-cho-04cffb1c3c7.html,1
Ông Phạm Cao Lâm “mất tích” sau khi bị trục xuất về Việt Nam (Cập nhật & đính chính),https://www.khoi8406.com/post/danlambaovn/ong-pham-cao-lam-mat-tich-sau-khi-bi-5f773388b65.html,1
Người 2 mặt - Hiện trạng xã hội Việt Nam ngày nay?!,https://www.khoi8406.com/post/danlambaovn/nguoi-2-mat-hien-trang-xa-hoi-viet-nam-21e13026b18.html,1
Chỉ một cánh én đã là mùa xuân,https://www.khoi8406.com/post/danlambaovn/chi-mot-canh-en-la-mua-xuan-048f15097a5.html,1
Từ Kim - Trump đến Phúc - Trump,https://www.khoi8406.com/post/danlambaovn/tu-kim-trump-en-phuc-trump-a0724e9dfdc.html,1
Tổ quốc là gì hả ngoại?,https://www.khoi8406.com/post/danlambaovn/to-quoc-la-gi-ha-ngoai-27e6894ec51.html,1
Giá như,https://www.khoi8406.com/post/danlambaovn/gia-nhu-00b3b9a391c.html,1
"Chung bầu trời, hai lối đi",https://www.khoi8406.com/post/danlambaovn/chung-bau-troi-hai-loi-i-aa047e26f69.html,1
"Đạo đức lụi tàn trong ""thời đại Hồ Chí Minh""",https://www.khoi8406.com/post/danlambaovn/ao-uc-lui-tan-trong-thoi-ai-ho-chi-minh-effdc25ddbd.html,1
Cách nhìn,https://www.khoi8406.com/post/danlambaovn/cach-nhin-4dff8fd5489.html,1
150 năm tù khổ sai vì biểu tình phản đối đảng Việt cộng ra luật đặc khu nhượng địa cho Tàu,https://www.khoi8406.com/post/danlambaovn/150-nam-tu-kho-sai-vi-bieu-tinh-phan-oi-628f69b2f67.html,1
Việt Nam đất nước tôi - XHCN: Xấu hổ hay đáng tự hào?,https://www.khoi8406.com/post/danlambaovn/viet-nam-at-nuoc-toi-xhcn-xau-ho-hay-c605b1dab89.html,1
Người cộng sản và khái niệm thương thuyết,https://www.khoi8406.com/post/danlambaovn/nguoi-cong-san-va-khai-niem-thuong-7c69ef6fd9f.html,1
Chúc mừng Tiến sĩ Trần Đức Anh Sơn được ra khỏi đảng,https://www.khoi8406.com/post/danlambaovn/chuc-mung-tien-si-tran-uc-anh-son-uoc-b1ab653ea49.html,1
Thành Hồ tôn vinh phụ nữ bằng đàn áp,https://www.khoi8406.com/post/danlambaovn/thanh-ho-ton-vinh-phu-nu-bang-ap-71c77b420cb.html,1
Cộng sản cai trị dân Việt như đội quân chiếm đóng,https://www.khoi8406.com/post/danlambaovn/cong-san-cai-tri-dan-viet-nhu-oi-quan-1ea9c5da258.html,1
Gián điệp ở ta & gián điệp từ Tàu,https://www.khoi8406.com/post/danlambaovn/gian-iep-o-ta-gian-iep-tu-tau-82b0425a8ce.html,1
Nhân Ngày Quốc tế Phụ nữ: Tại sao người phụ nữ cứ phải tranh đấu đòi bình quyền?,https://www.khoi8406.com/post/danlambaovn/nhan-ngay-quoc-te-phu-nu-tai-sao-nguoi-d508148887b.html,1
Tại sao ấu dâm trở thành “bình thường” ở Việt Nam?,https://www.khoi8406.com/post/danlambaovn/tai-sao-au-dam-tro-thanh-binh-thuong-o-ab79e47eaad.html,1
Donald Trump và cờ đỏ sao vàng,https://www.khoi8406.com/post/danlambaovn/donald-trump-va-co-o-sao-vang-21ceeb6c7ef.html,1
Sá chi thân phận tôi đòi,https://www.khoi8406.com/post/danlambaovn/sa-chi-than-phan-toi-oi-2ae9bb0cd73.html,1
Kim/Trọng,https://www.khoi8406.com/post/danlambaovn/kimtrong-73d737020da.html,1
"Tộc Kinh ở Paris và Hoa kiều vận ở Úc - Hai trường hợp, một chính sách",https://www.khoi8406.com/post/danlambaovn/toc-kinh-o-paris-va-hoa-kieu-van-o-uc-d002084141a.html,1
"Cho phép nhận chìm chất thải, bùn nạo vét - môi trường biển liệu có còn an toàn?",https://www.khoi8406.com/post/danlambaovn/cho-phep-nhan-chim-bun-nao-vet-tren-b01186477fa.html,1
Dừng sùng bái Hồ Chí Minh để mở đường cho dân Việt phát triển,https://www.khoi8406.com/post/danlambaovn/dung-sung-bai-ho-chi-minh-e-mo-uong-cho-2b8ddefedd8.html,1
Chủ nghĩa tư bản so với chủ nghĩa xã hội,https://www.khoi8406.com/post/danlambaovn/chu-nghia-tu-ban-so-voi-chu-nghia-xa-hoi-b9efef7a58b.html,1
Hào kiệt nước Việt đời nào cũng có,https://www.khoi8406.com/post/danlambaovn/hao-kiet-nuoc-viet-oi-nao-cung-co-6b605304f87.html,1
EU: Hãy gây sức ép với Việt Nam về hồ sơ nhân quyền,https://www.khoi8406.com/post/danlambaovn/eu-hay-gay-suc-ep-voi-viet-nam-ve-ho-so-186a569c94c.html,1
"Triết lý giáo dục phải là ""Trách Nhiệm - Thành Thật - Tự Do""",https://www.khoi8406.com/post/danlambaovn/triet-ly-giao-duc-phai-la-trach-nhiem-7f72f1e6803.html,1
Xin đừng dạy dỗ người chống Cộng,https://www.khoi8406.com/post/danlambaovn/xin-ung-day-do-nguoi-chong-cong-8acf128f46b.html,1
Vĩnh Tân (Bình Thuận): Từ chối khẩu trang chống bụi mịn cho học sinh,https://www.khoi8406.com/post/danlambaovn/vinh-tan-binh-thuan-tu-choi-khau-trang-5229cbc8ca2.html,1
"""Có của đóng cửa đi ăn mày""",https://www.khoi8406.com/post/danlambaovn/co-cua-ong-cua-i-may-4df711c37d7.html,1
Hai tín hiệu đối ngoại rất xấu cho ĐCSVN,https://www.khoi8406.com/post/danlambaovn/hai-tin-hieu-oi-ngoai-rat-xau-cho-csvn-64fc1beae16.html,1
"Ô nhiễm không khí, nguy hại khi hít bụi siêu mịn, bạn còn thờ ơ không?",https://www.khoi8406.com/post/danlambaovn/o-nhiem-khong-khi-nguy-hai-khi-hit-bui-86bc27e0d0a.html,1
Hà Nội “vẽ” bánh qua mạng 5G,https://www.khoi8406.com/post/danlambaovn/ha-noi-ve-banh-qua-mang-5g-47fc9780551.html,1
Vụ buôn chính trị của nhà buôn địa ốc và sự thảm hại của tờ báo nô,https://www.khoi8406.com/post/danlambaovn/vu-buon-chinh-tri-cua-nha-buon-ia-oc-va-b1f29b456e6.html,1
"“Trung tâm hoà giải xung đột quốc tế” bị giải tán, CSVN bắt vạ công dân",https://www.khoi8406.com/post/danlambaovn/trung-tam-hoa-giai-xung-ot-quoc-te-bi-b527101010b.html,1
Bóng hồng cửu vạn,https://www.khoi8406.com/post/danlambaovn/bong-hong-cuu-van-41e2161b061.html,1
Pháo thượng đỉnh Ba Đình,https://www.khoi8406.com/post/danlambaovn/phao-thuong-inh-ba-inh-526c4148a6e.html,1
Donald Trump có thật sự chống XHCN?,https://www.khoi8406.com/post/danlambaovn/donald-trump-co-that-su-chong-xhcn-f632290ed09.html,1
"Vaccine ComBE Five gây tử vong cho trẻ vẫn ""nằm trong ngưỡng cho phép""!?",https://www.khoi8406.com/post/danlambaovn/vaccine-combe-five-gay-tu-vong-cho-tre-0600fb63e66.html,1
Thấy gì qua cuộc họp thượng đỉnh Mỹ - Triều lần II tại Hà Nội thất bại?,https://www.khoi8406.com/post/danlambaovn/thay-gi-qua-cuoc-hop-thuong-inh-my-1f462fc8b24.html,1
Bình Định: tiêu huỷ lô vaccine ComBE Five vừa khiến cháu bé 2 tháng tuổi tử vong,https://www.khoi8406.com/post/danlambaovn/binh-inh-tieu-huy-lo-vaccine-combe-five-397caf0bec6.html,1
Tận nhân lực,https://www.khoi8406.com/post/danlambaovn/tan-nhan-luc-85606b0bbe3.html,1
Làm thế nào để độc quyền cai trị một dân tộc,https://www.khoi8406.com/post/danlambaovn/lam-nao-e-oc-quyen-cai-tri-mot-dan-toc-51c87a287d4.html,1
Tình nghĩa đôi ta có thế thôi,https://www.khoi8406.com/post/danlambaovn/tinh-nghia-oi-ta-co-thoi-8e2edd8660f.html,1
Người Việt được gì với Trump - Kim Hà Nội?,https://www.khoi8406.com/post/danlambaovn/nguoi-viet-uoc-gi-voi-trump-kim-ha-noi-7fc78a10089.html,1
"Thêm trẻ tử vong, vaccine ComBE Five liệu có an toàn?",https://www.khoi8406.com/post/danlambaovn/them-tre-tu-vong-vaccine-combe-five-c84c1d0b06c.html,1
Biểu tượng của nền giáo dục cai trị?,https://www.khoi8406.com/post/danlambaovn/bieu-tuong-cua-nen-giao-duc-cai-tri-30fac328f4f.html,1
Học sinh trường Tiểu học Chương Dương liệu có an toàn trong môi trường học tập mới?,https://www.khoi8406.com/post/danlambaovn/hoc-sinh-truong-tieu-hoc-chuong-duong-1dbcf8b7dca.html,1
Phát họa một trật tự chính trị hậu cộng sản cho Việt Nam,https://www.khoi8406.com/post/danlambaovn/phat-hoa-mot-trat-tu-chinh-tri-hau-cong-92717ed2e62.html,1
Hùng ca Bạch Đằng Giang,https://www.khoi8406.com/post/danlambaovn/hung-ca-bach-ang-giang-f29ce3780d9.html,1
Khởi kiện chính sách NLĐ Quảng Bình bị xâm hại: Quan sở sai phạm nên né tránh đối thoại lần 2?,https://www.khoi8406.com/post/danlambaovn/khoi-kien-chinh-sach-nl-quang-binh-bi-66f3ac03155.html,1
Những người đi vào lịch sử,https://www.khoi8406.com/post/danlambaovn/nhung-nguoi-i-vao-lich-su-864bc4e58c1.html,1
Thành Đô buồn,https://www.khoi8406.com/post/danlambaovn/thanh-o-buon-a746bf02782.html,1
Thư gửi Kim Jong Un,https://www.khoi8406.com/post/danlambaovn/thu-gui-kim-jong-un-05c40c1b266.html,1
"Đầu năm Ất Hợi, VN và thế giới đang chứng kiến: Heo tìm heo, ngưu tìm ngưu!",https://www.khoi8406.com/post/danlambaovn/au-nam-at-hoi-vn-va-gioi-ang-chung-kien-cc7a171d995.html,1
TNLT Nguyễn Hoàng Quốc Hùng ra tù,https://www.khoi8406.com/post/danlambaovn/tnlt-nguyen-hoang-quoc-hung-ra-tu-868055501fb.html,1
"Thượng đỉnh Trump - Kim: Cuộc họp giữa hai ""bố già""",https://www.khoi8406.com/post/danlambaovn/thuong-inh-trump-kim-cuoc-hop-giua-hai-c4aad1d9fc4.html,1
"Kẻ tám lạng, người nửa cân",https://www.khoi8406.com/post/danlambaovn/ke-tam-lang-nguoi-nua-can-99d4fa487bd.html,1
Hồ Chí Minh có nhập vai đóng thế Nguyễn Ái Quốc? (Phần V),https://www.khoi8406.com/post/danlambaovn/ho-chi-minh-co-nhap-vai-ong-nguyen-ai_25-89b21f38ccf.html,1
Thư gửi TT Donal Trump,https://www.khoi8406.com/post/danlambaovn/thu-gui-tt-donal-trump-d22565bd0ec.html,1
Trump và Kim muốn gì ở thương đỉnh tại Hà Nội?,https://www.khoi8406.com/post/danlambaovn/trump-va-kim-muon-gi-o-thuong-inh-tai-ae1b10b19f6.html,1
Kịch: Chuẩn bị đón khách,https://www.khoi8406.com/post/danlambaovn/kich-chuan-bi-on-khach-ec23bf087e3.html,1
Nói tốt đất nước và lãnh tụ,https://www.khoi8406.com/post/danlambaovn/noi-tot-at-nuoc-va-lanh-tu-cc2dbcff976.html,1
Phần thưởng của nỗi tang thương,https://www.khoi8406.com/post/danlambaovn/phan-thuong-cua-noi-tang-thuong-62a1976c7e7.html,1
Hai cựu bộ trưởng bộ Thông tin - truyền thông đã bị tống vào lò,https://www.khoi8406.com/post/danlambaovn/hai-cuu-bo-truong-bo-thong-tin-truyen-285befd7d30.html,1
Cẩu Ba Đình cẩu lư hương Đức thánh Trần,https://www.khoi8406.com/post/danlambaovn/cau-ba-inh-cau-lu-huong-uc-thanh-tran-8851f531bae.html,1
Thư gửi anh Tổng... Tịch,https://www.khoi8406.com/post/danlambaovn/thu-gui-anh-tong-tich-78173241ca6.html,1
Khổ thân mấy ông Việt cộng,https://www.khoi8406.com/post/danlambaovn/kho-than-may-ong-viet-cong-38d1649c2c5.html,1
Hồ Chí Minh có nhập vai đóng thế Nguyễn Ái Quốc? (Phần IV),https://www.khoi8406.com/post/danlambaovn/ho-chi-minh-co-nhap-vai-ong-nguyen-ai_22-4352bc883fc.html,1
Người Việt trong niềm tin mê muội,https://www.khoi8406.com/post/danlambaovn/nguoi-viet-trong-niem-tin-me-muoi-03fe022e8b8.html,1
Từ vaccine Quinvaxem đến CombeFIVE : trẻ em Việt Nam là chuột bạch?,https://www.khoi8406.com/post/danlambaovn/tu-vaccine-quinvaxem-en-combefive-tre-e441738168b.html,1
Lịch sử một chiều là nguỵ sử,https://www.khoi8406.com/post/danlambaovn/lich-su-mot-chieu-la-nguy-su-d0846da01df.html,1
Nguyên nhân nào khiến csvn hèn nhát,https://www.khoi8406.com/post/danlambaovn/nguyen-nhan-nao-khien-csvn-hen-nhat-a954122ac05.html,1
Một vài khó khăn cho Đại hội đảng Cộng sản lần thứ 13,https://www.khoi8406.com/post/danlambaovn/mot-vai-kho-khan-cho-ai-hoi-ang-cong-5d772acf28d.html,1
"Vòi vĩnh để được ""nhà nước vẫn nuôi anh em chúng ta"" mà cũng sông núi trên vai ư",https://www.khoi8406.com/post/danlambaovn/voi-vinh-e-uoc-nha-nuoc-van-nuoi-anh-em-408a3ccdf8e.html,1
Các trò bẩn cúa công an trại giam,https://www.khoi8406.com/post/danlambaovn/cac-tro-ban-cua-cong-trai-giam-ff03dfe8f35.html,1
Hoàng Sa 1974! Geneva 1954! Hành tung tập đoàn đảng trị 65 năm bán nước!,https://www.khoi8406.com/post/danlambaovn/hoang-sa-1974-geneva-1954-hanh-tung-tap-c6c513c9539.html,1
Tinh thần Trần Hưng Đạo,https://www.khoi8406.com/post/danlambaovn/tinh-than-tran-hung-ao-128e63830bd.html,1
Việt Nam không hề đánh chiếm Thủy Chân Lạp,https://www.khoi8406.com/post/danlambaovn/viet-nam-khong-he-anh-chiem-thuy-chan-14b07e3a9b8.html,1
Hồ Chí Minh có nhập vai đóng thế Nguyễn Ái Quốc (Phần III),https://www.khoi8406.com/post/danlambaovn/ho-chi-minh-co-nhap-vai-ong-nguyen-ai_20-690fecf50bc.html,1
Bác Trọng,https://www.khoi8406.com/post/danlambaovn/bac-trong-98cbe2e4724.html,1
"Chủ đề ngày thơ Việt Nam của hội nhà văn VN là ""Sông Núi Trên Vai""?",https://www.khoi8406.com/post/danlambaovn/chu-e-ngay-tho-viet-nam-cua-hoi-nha-van-0639ae9c790.html,1
Chúc Tết,https://www.khoi8406.com/post/danlambaovn/chuc-tet-a14592ad70a.html,1
Khen thưởng và kỷ luật kiểu thiệt lạ đời!,https://www.khoi8406.com/post/danlambaovn/khen-thuong-va-ky-luat-kieu-thiet-la-oi-de8c70f95b3.html,1
Tự hào về đất nước có được cơ đồ như hôm nay là cực kỳ phản quốc,https://www.khoi8406.com/post/danlambaovn/tu-hao-ve-at-nuoc-co-uoc-co-o-nhu-hom-58269305338.html,1
Tiếng vỗ tay vang dội trong một đám tang,https://www.khoi8406.com/post/danlambaovn/tieng-vo-tay-vang-doi-trong-mot-am-tang-27d9b8e5a5b.html,1
Đi & về,https://www.khoi8406.com/post/danlambaovn/i-ve-b72498d3a41.html,1
Ăn cỗ đến trước,https://www.khoi8406.com/post/danlambaovn/an-co-en-truoc-e8940869032.html,1
Trao đổi nào dành cho cuộc gặp giữa hai ông Trump – Tập vào đầu tháng ba?,https://www.khoi8406.com/post/danlambaovn/trao-oi-nao-danh-cho-cuoc-gap-giua-hai-6835544a52a.html,1
Việt Nam: Đi tìm nguyên nhân bất an ở xứ sở “thiên đường”,https://www.khoi8406.com/post/danlambaovn/viet-nam-i-tim-nguyen-nhan-bat-o-xu-so-a319b972dcd.html,1
"Sự thật về chiến tranh biên giới Việt-Trung, đảng lại xỏ mũi dân lần nữa",https://www.khoi8406.com/post/danlambaovn/su-that-ve-chien-tranh-bien-gioi-viet-cb040994050.html,1
"CSVN, kẻ “mặc áo giấy” chuyên nghiệp",https://www.khoi8406.com/post/danlambaovn/csvn-ke-mac-ao-giay-chuyen-nghiep-2e477b942e4.html,1
Gạc Ma vòng tròn hèn và nhục,https://www.khoi8406.com/post/danlambaovn/gac-ma-vong-tron-hen-va-nhuc-1acdef16329.html,1
Tiếng hót nửa vời,https://www.khoi8406.com/post/danlambaovn/tieng-hot-nua-voi-0a2146f7c19.html,1
Truyện giả tưởng để... cười ra nước mắt,https://www.khoi8406.com/post/danlambaovn/truyen-gia-tuong-e-cuoi-ra-nuoc-mat-7568b0da13b.html,1
Cộng sản Việt Nam và câu chuyện Thạch Sanh Lý Thông,https://www.khoi8406.com/post/danlambaovn/cong-san-viet-nam-va-cau-chuyen-thach-a4194e5fb8b.html,1
Biểu tình ngày 27-28 tháng 2-2019,https://www.khoi8406.com/post/danlambaovn/bieu-tinh-ngay-27-28-thang-2-2019-726bf6660ff.html,1
Từ Sa Huỳnh đến... Lộc Hưng!,https://www.khoi8406.com/post/danlambaovn/tu-sa-huynh-en-loc-hung-343ce4c3059.html,1
Chính sách thu thập thông tin của Vinsmart liệu có bảo vệ khách hàng?,https://www.khoi8406.com/post/danlambaovn/chinh-sach-thu-thap-thong-tin-cua-e15ce262de3.html,1
"Bạn nghĩ gì, mong chờ gì về thượng đỉnh Hoa Kỳ-Bắc Hàn tại Hà Nội - Việt Nam?",https://www.khoi8406.com/post/danlambaovn/ban-nghi-gi-mong-cho-gi-ve-thuong-inh-a75d4314ae7.html,1
Viết cho Nấm,https://www.khoi8406.com/post/danlambaovn/viet-cho-nam-be3a429b7d9.html,1
"Côn an Nghệ An, cháu ngoan của “bác” HÙ dân để bảo vệ BOT bẩn",https://www.khoi8406.com/post/danlambaovn/con-nghe-chau-ngoan-cua-bac-hu-dan-e-e7c314ea4c7.html,1
“Trí thức” XHCN Việt Nam hèn và phò tà quyền,https://www.khoi8406.com/post/danlambaovn/tri-thuc-xhcn-viet-nam-hen-va-pho-ta-53ee0042891.html,1
Thoát khỏi cảnh phải ngồi bẹp…,https://www.khoi8406.com/post/danlambaovn/thoat-khoi-canh-phai-ngoi-bep-9d3a342949c.html,1
Quốc sử và 40 năm cuộc chiến Việt - Trung,https://www.khoi8406.com/post/danlambaovn/quoc-su-va-40-nam-cuoc-chien-viet-trung-76c6a323f88.html,1
Sister Phượng,https://www.khoi8406.com/post/danlambaovn/sister-phuong-3ee8b4f59a9.html,1
Từ nạn độc tài đến họa mất nước và thử thách của phong trào dân chủ,https://www.khoi8406.com/post/danlambaovn/tu-nan-oc-tai-en-hoa-mat-nuoc-va-thu-8dadf5ae26c.html,1
Tiếng Tàu được sử dụng như ngôn ngữ thứ hai tại Học viện Tư pháp?,https://www.khoi8406.com/post/danlambaovn/tieng-tau-uoc-su-dung-nhu-ngon-ngu-thu-f839609037b.html,1
Chúng ta còn chịu đựng sự lãnh đạo ngu dốt bao lâu nữa?,https://www.khoi8406.com/post/danlambaovn/chung-ta-con-chiu-ung-su-lanh-ao-ngu-2ec93423c63.html,1
Nhà chúng ta đang cháy,https://www.khoi8406.com/post/danlambaovn/nha-chung-ta-ang-chay-bfc01fdffcb.html,1
Tai biến vaccine tại Việt Nam vì sao nên nổi?,https://www.khoi8406.com/post/danlambaovn/tai-bien-vaccine-tai-viet-nam-vi-sao-a9d0034d3b5.html,1
Vì sao Việt Nam phải từ bỏ Xã hội chủ nghĩa và phải xóa sổ đảng CSVN?,https://www.khoi8406.com/post/danlambaovn/vi-sao-viet-nam-phai-tu-bo-xa-hoi-chu-61b373bc373.html,1
Đoàn Thị Hồng vô tội!,https://www.khoi8406.com/post/danlambaovn/oan-thi-hong-vo-toi-ff4112dfc5c.html,1
Khi những tên lùn trí tuệ cộng sản nắm đầu ngành giáo dục,https://www.khoi8406.com/post/danlambaovn/khi-nhung-ten-lun-tri-tue-cong-san-nam-26be39fac10.html,1
Con trâu dẫn đường cho phó thủ tướng...,https://www.khoi8406.com/post/danlambaovn/con-trau-dan-uong-cho-pho-thu-tuong-a6c60b5bd51.html,1
"Đóng cửa, di dời trường tiểu học Chương Dương trước Tết, UBND Quận 1 muốn gì?",https://www.khoi8406.com/post/danlambaovn/ong-cua-di-doi-truong-tieu-hoc-chuong-f45d7f0e28e.html,1
Kỷ niệm 70 năm ban hành - Nhận xét tổng quát Hiến Pháp CHLB Đức,https://www.khoi8406.com/post/danlambaovn/ky-niem-70-nam-ban-hanh-nhan-xet-tong-336838a21fd.html,1
"Maduro vs. Guaido, chọn chủ nghĩa hay chọn nhân dân",https://www.khoi8406.com/post/danlambaovn/maduro-vs-guaido-chon-chu-nghia-hay-de24b4f528f.html,1
Con đường tranh đấu,https://www.khoi8406.com/post/danlambaovn/con-uong-tranh-au-068b25c03f1.html,1
Từ cải cách ruộng đất đến Lộc Hưng,https://www.khoi8406.com/post/danlambaovn/tu-cai-cach-ruong-at-en-loc-hung-3f6df3278e6.html,1
Nghĩ về số phận hẩm hiu của giới trí thức Việt Nam,https://www.khoi8406.com/post/danlambaovn/nghi-ve-so-phan-ham-hiu-cua-gioi-tri-69a5c83bb15.html,1
Năm Hợi diễn viên Tiến Hợi nhập tuồng,https://www.khoi8406.com/post/danlambaovn/nam-hoi-dien-vien-tien-hoi-nhap-tuong-5cfd04f648b.html,1
Một thiếu niên khích lệ các cuộc biểu tình của tuổi trẻ vì môi trường trên khắp Châu Âu,https://www.khoi8406.com/post/danlambaovn/mot-thieu-nien-khich-le-cac-cuoc-bieu-c543acdd915.html,1
"Ăn, mặc, ở",https://www.khoi8406.com/post/danlambaovn/an-mac-o-1d9f4b78604.html,1
Hơn một lời cảm ơn,https://www.khoi8406.com/post/danlambaovn/hon-mot-loi-cam-on-919b01efdfc.html,1
Lật đổ chế độ độc tài,https://www.khoi8406.com/post/danlambaovn/lat-o-che-o-oc-tai-0cfc884721c.html,1
Cơn ác mộng Mỹ - Chương 3: Donald Trump,https://www.khoi8406.com/post/danlambaovn/con-ac-mong-my-chuong-3-donald-trump-34363f486ea.html,1
Cuộc hải chiến chống ngoại xâm (19-01-1974),https://www.khoi8406.com/post/danlambaovn/cuoc-hai-chien-chong-ngoai-xam-19-01-5c95418584e.html,1
Kỷ niệm Chiều Tao Ngộ ra mắt sách Văn chương và Triết học ở Viện Việt Học,https://www.khoi8406.com/post/danlambaovn/ky-niem-chieu-tao-ngo-ra-mat-sach-van-6db110c7840.html,1
Sổ đen Mậu Thân,https://www.khoi8406.com/post/danlambaovn/so-en-mau-than-4d032f8a9ce.html,1
Tết ở trại giam Thanh Hoá,https://www.khoi8406.com/post/danlambaovn/tet-o-trai-giam-thanh-hoa-27fc2da60ca.html,1
Chiến thắng Đống Đa,https://www.khoi8406.com/post/danlambaovn/chien-thang-ong-a-04280ad7537.html,1
Liệu đứng lên đi,https://www.khoi8406.com/post/danlambaovn/lieu-ung-len-i-b7578ab9b51.html,1
Ngày Xuân nghe chơi vài câu hát xẩm,https://www.khoi8406.com/post/danlambaovn/ngay-xuan-nghe-choi-vai-cau-hat-xam-a314dcfb7f6.html,1
Cơn ác mộng Mỹ,https://www.khoi8406.com/post/danlambaovn/con-ac-mong-my-51eee3732eb.html,1
Sơn Hà Nhân Dân,https://www.khoi8406.com/post/danlambaovn/son-ha-nhan-dan-a0cfa689458.html,1
"Xin được sẻ chia, không thể sẻ chia và chưa thể sẻ chia",https://www.khoi8406.com/post/danlambaovn/xin-uoc-se-chia-khong-se-chia-va-chua-52ba68e36f2.html,1
89 năm có đảng - mấy mươi năm máu đổ thịt rơi?,https://www.khoi8406.com/post/danlambaovn/89-nam-co-ang-may-muoi-nam-mau-o-thit-7e91a116559.html,1
Nỗi buồn ngày xuân,https://www.khoi8406.com/post/danlambaovn/noi-buon-ngay-xuan-b720ecc8b99.html,1
Amnesty International kêu gọi tự do cho những tù nhân chính trị taị Việt Nam,https://www.khoi8406.com/post/danlambaovn/amnesty-international-keu-goi-tu-do-cho-9d8cf3a8bfc.html,1
Đọc thơ chúc tết vần ói của HCM để cùng cười trong ba ngày tết,https://www.khoi8406.com/post/danlambaovn/oc-tho-chuc-tet-van-oi-cua-hcm-e-cung-d3f25a81ed2.html,1
Trà hương dũng khí,https://www.khoi8406.com/post/danlambaovn/tra-huong-dung-khi-c60c02d9511.html,1
Xuân về Quê Hương,https://www.khoi8406.com/post/danlambaovn/xuan-ve-que-huong-21fc9ea0f00.html,1
Tết tù và những lời ca vang lên sau song sắt,https://www.khoi8406.com/post/danlambaovn/tet-tu-va-nhung-loi-ca-vang-len-sau-23b5beb4bfe.html,1
Đêm ba mươi nhớ về Sài Gòn!,https://www.khoi8406.com/post/danlambaovn/em-ba-muoi-nho-ve-sai-gon-d0ca2324ca8.html,1
Dáng xưa,https://www.khoi8406.com/post/danlambaovn/dang-xua-0cc29eaf993.html,1
Những bước cần thiết để xóa sổ chế độ độc tài CSVN,https://www.khoi8406.com/post/danlambaovn/nhung-buoc-can-thiet-e-xoa-so-che-o-oc-c7ecac3a2d7.html,1
Lời khấn cuối năm,https://www.khoi8406.com/post/danlambaovn/loi-khan-cuoi-nam-a5cfe289ac8.html,1
Phong cách lãnh đạo đoàn kết Venezuela,https://www.khoi8406.com/post/danlambaovn/phong-cach-lanh-ao-oan-ket-venezuela-10d46482ae8.html,1
Nhiễu điều phủ lấy giá gương,https://www.khoi8406.com/post/danlambaovn/nhieu-ieu-phu-lay-gia-guong-92d799e032a.html,1
Tết Kỷ Hợi,https://www.khoi8406.com/post/danlambaovn/tet-ky-hoi-4a86c72f8a2.html,1
Lộc Hưng: Tết này bà con sống ra sao?,https://www.khoi8406.com/post/danlambaovn/loc-hung-tet-nay-ba-con-song-ra-sao-8beed558e11.html,1
Tình người quá cạn kiệt rồi sao!?,https://www.khoi8406.com/post/danlambaovn/tinh-nguoi-qua-can-kiet-roi-sao-a28139f0b21.html,1
Nguyện ước mùa xuân cho tự do còn ở lại,https://www.khoi8406.com/post/danlambaovn/nguyen-uoc-mua-xuan-cho-tu-do-con-o-lai-2ac5ce07e58.html,1
Nguyễn Phú Trọng: Lú vẫn hoàn lú,https://www.khoi8406.com/post/danlambaovn/nguyen-phu-trong-lu-van-hoan-lu-94cf60fb657.html,1
Tưởng Như Xuân Đã Về,https://www.khoi8406.com/post/danlambaovn/tuong-nhu-xuan-ve-8929387d6eb.html,1
Tất niên chính trị Mậu Tuất 2018?!,https://www.khoi8406.com/post/danlambaovn/tat-nien-chinh-tri-mau-tuat-2018-d1c98347776.html,1
Tết ở Lộc Hưng thành Hồ,https://www.khoi8406.com/post/danlambaovn/tet-o-loc-hung-thanh-ho-24f8c75dcd3.html,1
Đớn đau vận nước thời xã nghĩa 2018,https://www.khoi8406.com/post/danlambaovn/on-au-van-nuoc-thoi-xa-nghia-2018-13eb0881aad.html,1
Trước trận Hoàng Sa,https://www.khoi8406.com/post/danlambaovn/truoc-tran-hoang-sa-321123d4792.html,1
Văn hóa rác,https://www.khoi8406.com/post/danlambaovn/van-hoa-rac-14d7084ea1d.html,1
Nạn nhân đầu tiên của Luật An ninh mạng?,https://www.khoi8406.com/post/danlambaovn/nan-nhan-au-tien-cua-luat-ninh-mang-d4f30b696fa.html,1
Chủ nghĩa cộng sản trong Hiến pháp,https://www.khoi8406.com/post/danlambaovn/chu-nghia-cong-san-trong-hien-phap-2d752b92303.html,1
"Tết, thắp nhang cúng vái ông bà?",https://www.khoi8406.com/post/danlambaovn/tet-thap-nhang-cung-vai-ong-ba-dece841072a.html,1
Venezuela và ngày tàn của chủ trương “định hướng xã hội chủ nghĩa”,https://www.khoi8406.com/post/danlambaovn/venezuela-va-ngay-tan-cua-chu-truong-9454842389a.html,1
Nhớ về Trương Duy Nhất,https://www.khoi8406.com/post/danlambaovn/nho-ve-truong-duy-nhat-fd1a8a29178.html,1
Phúc đang lắng nghe hơi thở của kiều bào,https://www.khoi8406.com/post/danlambaovn/phuc-ang-lang-nghe-hoi-tho-cua-kieu-bao-655ce465fdf.html,1
Việc xức dầu thánh cho Juan Guaidó - Trận chiến cho tương lai của Venezuela,https://www.khoi8406.com/post/danlambaovn/viec-xuc-dau-thanh-cho-juan-guaido-tran-c8408911bbe.html,1
Yêu nước không có nghĩa là yêu chủ nghĩa xã hội,https://www.khoi8406.com/post/danlambaovn/yeu-nuoc-khong-co-nghia-voi-yeu-chu-c4b7983c131.html,1
Đêm Tam Giác Vàng & ngày trên cầu biên giới,https://www.khoi8406.com/post/danlambaovn/em-tam-giac-vang-ngay-tren-cau-bien-gioi-d7b26062e13.html,1
Từ bản án dành cho BS Hoàng Công Lương: Quy trình để làm gì? Cho ai?,https://www.khoi8406.com/post/danlambaovn/tu-ban-danh-cho-bs-hoang-cong-luong-quy-0ef41bc41af.html,1
Nỗi đau của Lòng Yêu Nước,https://www.khoi8406.com/post/danlambaovn/noi-au-cua-long-yeu-nuoc-fb90a8297ec.html,1
Học trò Trọng lú giở trò Trần Dân Tiên!,https://www.khoi8406.com/post/danlambaovn/hoc-tro-trong-lu-gio-tro-tran-dan-tien-31a49b06a8d.html,1
Phải xử nghiêm báo chí lề đảng và Chủ tịch UBND Tuy Hoà vu khống côn an!,https://www.khoi8406.com/post/danlambaovn/phai-xu-nghiem-bao-chi-le-ang-va-chu-e9854acb19e.html,1
Năm của Lú,https://www.khoi8406.com/post/danlambaovn/nam-cua-lu-72ba7c6660d.html,1
"Bịt miệng truyền thông, SunGroup độc chiếm Tam Đảo",https://www.khoi8406.com/post/danlambaovn/bit-mieng-truyen-thong-sungroup-oc-fbc78c01efa.html,1
Tư tưởng đảng viên ở đâu?,https://www.khoi8406.com/post/danlambaovn/tu-tuong-ang-vien-o-au-e1e9d2dd071.html,1
Bà Ngoại,https://www.khoi8406.com/post/danlambaovn/ba-ngoai-d3ad467121d.html,1
Lực lượng tàu ngầm trong vùng Châu Á Thái Bình Dương,https://www.khoi8406.com/post/danlambaovn/luc-luong-tau-ngam-trong-vung-chau-thai-a9a56d726f7.html,1
Đảng sống bằng gì?,https://www.khoi8406.com/post/danlambaovn/ang-song-bang-gi-c3ff37a774f.html,1
CSVN chờ tin Venezuela tắt thở,https://www.khoi8406.com/post/danlambaovn/csvn-cho-tin-venezuela-tat-tho-f4ed1c04a73.html,1
Xâm phạm kiểu cộng sản,https://www.khoi8406.com/post/danlambaovn/xam-pham-kieu-cong-san-e7b6284b791.html,1
Cam kết chống tham nhũng của ông Trọng và thực tế,https://www.khoi8406.com/post/danlambaovn/cam-ket-chong-tham-nhung-cua-ong-trong-909c0514423.html,1
Đạp kiểu côn an,https://www.khoi8406.com/post/danlambaovn/ap-kieu-con-an-1db2c7781f6.html,1
"CSVN nhận Hồ Chí Minh là người sáng lập đảng CSVN, là cha già dân tộc và là lãnh tụ kiệt xuất",https://www.khoi8406.com/post/danlambaovn/csvn-nhan-ho-chi-minh-la-nguoi-sang-lap-72fa8c5569d.html,1
Clip mừng Tô Lâm được thăng hàm đại tướng côn đồ,https://www.khoi8406.com/post/danlambaovn/clip-mung-to-lam-uoc-thang-ham-ai-tuong-f79aa5f354b.html,1
Bác sĩ Hoàng Công Lương và bản án từ lỗi quy trình,https://www.khoi8406.com/post/danlambaovn/bac-si-hoang-cong-luong-va-ban-tu-loi-a7d9b716a13.html,1
Thăng chức kiểu cộng sản,https://www.khoi8406.com/post/danlambaovn/thang-chuc-kieu-cong-san-d9f3b74432d.html,1
Tới... hơn 2 năm tù cho tướng côn an!,https://www.khoi8406.com/post/danlambaovn/toi-hon-2-nam-tu-cho-tuong-con-an-4bf1803a58f.html,1
Vũ Nhôm và hối lộ kiểu cộng sản,https://www.khoi8406.com/post/danlambaovn/vu-nhom-va-hoi-lo-kieu-cong-san-e63935a202e.html,1
Chính sách người lao động Quảng Bình bị xâm hại - Đơn khởi kiện 2 Giám đốc sở đã được Tòa thụ lý,https://www.khoi8406.com/post/danlambaovn/chinh-sach-nguoi-lao-ong-quang-binh-bi-bc67d249c9c.html,1
Xin lỗi kiểu Cộng sản,https://www.khoi8406.com/post/danlambaovn/xin-loi-kieu-cong-san-a48803b401b.html,1
"""Mẹ mìn"" Tô Lâm lên làm đại tướng",https://www.khoi8406.com/post/danlambaovn/me-min-to-lam-len-lam-ai-tuong-f51098d1f3c.html,1
"Bộ trưởng Quốc phòng Mỹ đến Việt Nam hai lần, Tập Cận Bình gởi tặng Nguyễn Phú Trọng một quả ngư lôi",https://www.khoi8406.com/post/danlambaovn/bo-truong-quoc-phong-my-en-viet-nam-hai-6520cbc7d52.html,1
Sự hối hận của một dân Tây sang đây lấy vợ Việt,https://www.khoi8406.com/post/danlambaovn/su-hoi-han-cua-mot-dan-tay-sang-ay-lay-21c2f63adf4.html,1
"Trận Hải chiến Hoàng Sa, 45 năm trước",https://www.khoi8406.com/post/danlambaovn/tran-hai-chien-hoang-sa-45-nam-truoc-43a5e5e21bd.html,1
Phản đối BOT An Sương - Người dân bị đánh,https://www.khoi8406.com/post/danlambaovn/phan-oi-bot-suong-nguoi-dan-bi-anh-3e860fb1799.html,1
Lú lẫn,https://www.khoi8406.com/post/danlambaovn/lu-lan-a60dd891ced.html,1
Bùi Văn Thành và Trần Việt Tân: Bị can VIP!,https://www.khoi8406.com/post/danlambaovn/bui-van-thanh-va-tran-viet-tan-bi-can-9a872a9cc97.html,1
Nhà tỷ phú từ thiện tấn công Trung Quốc: ‘Mối nguy hiểm chết người đối diện xã hội’,https://www.khoi8406.com/post/danlambaovn/nha-ty-phu-tu-thien-tan-cong-trung-quoc-e43564fe556.html,1
Xấc xược và mất dạy,https://www.khoi8406.com/post/danlambaovn/xac-xuoc-va-mat-day-20c57ef8b3e.html,1
Cuộc chuyển tiếp từ độc tài toàn trị đến dân chủ cho Việt Nam,https://www.khoi8406.com/post/danlambaovn/cuoc-chuyen-tiep-tu-oc-tai-toan-tri-en-f4c7ee75f77.html,1
Sun Group lại muốn biến Tam Đảo thành đặc khu như đã làm với Bà Nà?,https://www.khoi8406.com/post/danlambaovn/sun-group-lai-muon-bien-tam-ao-thanh-ac-225a72b37f2.html,1
Lòng tin trong chế độ cộng sản,https://www.khoi8406.com/post/danlambaovn/long-tin-trong-che-o-cong-san-5c89b3be2f7.html,1
Phần V: Đình chỉ điều tra,https://www.khoi8406.com/post/danlambaovn/phan-v-inh-chi-ieu-tra-a30c16024b2.html,1
Vài ý nghĩ vụn sau khi đọc các tin về: Nhiều người Việt Nam bị bắt vì ăn cắp tại nước ngoài,https://www.khoi8406.com/post/danlambaovn/vai-y-nghi-vun-sau-khi-oc-cac-tin-ve-c9da3fa4245.html,1
Tôi càng nhớ ơn Việt Nam Cộng Hòa,https://www.khoi8406.com/post/danlambaovn/toi-cang-nho-on-viet-nam-cong-hoa-5ebee597ec7.html,1
Sở hữu toàn dân đối với đất đai có khi nào?,https://www.khoi8406.com/post/danlambaovn/so-huu-toan-dan-oi-voi-at-ai-co-khi-nao-63d41590eae.html,1
Thông cáo báo chí số 2 của Nhóm Luật sư đại diện cho bà con Vườn rau Lộc Hưng!,https://www.khoi8406.com/post/danlambaovn/thong-cao-bao-chi-so-2-cua-nhom-luat-su-1598338bb87.html,1
"Nguyễn Thiện Nhân: bất tài, vô dụng, hèn, ác ôn",https://www.khoi8406.com/post/danlambaovn/nguyen-thien-nhan-bat-tai-vo-dung-hen-7fbf158f263.html,1
"Sau Venezuela, con đường nào cho cộng sản Việt Nam?",https://www.khoi8406.com/post/danlambaovn/sau-venezuela-con-uong-nao-cho-cong-san-1a42eb54e0a.html,1
Thân phận công cụ,https://www.khoi8406.com/post/danlambaovn/than-phan-cong-cu_25-dcd97b9d027.html,1
Thành quả sau hai năm tại chức của TT Trump,https://www.khoi8406.com/post/danlambaovn/thanh-qua-sau-hai-nam-tai-chuc-cua-tt-f86ff0767be.html,1
CSVN bị UPR quay như con dế,https://www.khoi8406.com/post/danlambaovn/csvn-bi-upr-quay-nhu-con-de-f6c2d4300cb.html,1
Chị Phượng,https://www.khoi8406.com/post/danlambaovn/chi-phuong-88b9d6d0aee.html,1
Đoạn tang,https://www.khoi8406.com/post/danlambaovn/oan-tang-d77dde469c0.html,1
AFC ASIAN CUP 2019: Trước thềm Tứ kết!,https://www.khoi8406.com/post/danlambaovn/afc-asian-cup-2019-truoc-them-tu-ket-338a9de8e05.html,1
"Lộc Hưng, Dân hiền như ma soeur?",https://www.khoi8406.com/post/danlambaovn/loc-hung-dan-hien-nhu-ma-soeur-8717c80ba93.html,1
Chiều tảo mộ,https://www.khoi8406.com/post/danlambaovn/chieu-tao-mo-c90515d9e66.html,1
"Chiến tranh, Phở bò và Bóng đá",https://www.khoi8406.com/post/danlambaovn/chien-tranh-pho-bo-va-bong-a-e06db85d5e3.html,1
Tinh thần yêu nước của dân tộc Việt Nam,https://www.khoi8406.com/post/danlambaovn/tinh-than-yeu-nuoc-cua-dan-toc-viet-nam-1edcf149375.html,1
Lộc Hưng - cô bé áo đỏ,https://www.khoi8406.com/post/danlambaovn/loc-hung-co-be-ao-o-f8e9db8ee5f.html,1
"Phần IV: ""Thôi xin ơn đời...""(*)",https://www.khoi8406.com/post/danlambaovn/phan-iv-thoi-xin-on-oi-4e65a0c210b.html,1
“Người nô lệ Việt Nam da vàng” (*),https://www.khoi8406.com/post/danlambaovn/nguoi-no-le-viet-nam-da-vang-33d5f652bd7.html,1
Năm Hợi nói chuyện Heo,https://www.khoi8406.com/post/danlambaovn/nam-hoi-noi-chuyen-heo-4819616c5c1.html,1
Đất nước ta chưa bao giờ có được như hôm nay?,https://www.khoi8406.com/post/danlambaovn/at-nuoc-ta-chua-bao-gio-co-uoc-nhu-hom-0cae7d314b5.html,1
Khả năng đòi lại Hoàng Sa và Trường Sa trên phương diện pháp lý,https://www.khoi8406.com/post/danlambaovn/kha-nang-oi-lai-hoang-sa-va-truong-sa-28f8492d0b5.html,1
Hàng Tết leo thang dân vật vã - Quan tham mặc vận nước ngả nghiêng,https://www.khoi8406.com/post/danlambaovn/hang-tet-leo-thang-dan-vat-va-quan-tham-06427ae8623.html,1
Kỷ niệm 45 năm Hải chiến Hoàng Sa và nhận diện kẻ thù của dân tộc Việt Nam,https://www.khoi8406.com/post/danlambaovn/ky-niem-45-nam-hai-chien-hoang-sa-va-41f444523fe.html,1
Công an TpHCM lại bắt giữ người trái luật,https://www.khoi8406.com/post/danlambaovn/cong-tphcm-lai-bat-giu-nguoi-trai-luat-cba99d552aa.html,1
Cướp không phải là từ đểu,https://www.khoi8406.com/post/danlambaovn/cuop-khong-phai-la-tu-eu-dea1a7e34a3.html,1
Số phận...,https://www.khoi8406.com/post/danlambaovn/so-phan-43053b68099.html,1
"Trịnh Xuân Thanh, giờ này chú ở đâu?",https://www.khoi8406.com/post/danlambaovn/trinh-xuan-thanh-gio-nay-chu-o-au-b34f77b9443.html,1
GDP thay vì GNI - một khía cạnh khác của nghệ thuật tuyên truyền lừa gạt,https://www.khoi8406.com/post/danlambaovn/gdp-thay-vi-gni-mot-khia-canh-khac-cua-fba1d6b65d4.html,1
Đấu tranh không phải chuyện của tôi,https://www.khoi8406.com/post/danlambaovn/au-tranh-khong-phai-chuyen-cua-toi-a4a6d2a7fa7.html,1
"Mẹ ơi, con cần mẹ!",https://www.khoi8406.com/post/danlambaovn/me-oi-con-can-me-c8f2e6d2c8f.html,1
Vườn rau Lộc Hưng: Bồi thường hay hỗ trợ?,https://www.khoi8406.com/post/danlambaovn/vuon-rau-loc-hung-boi-thuong-hay-ho-tro-c19bc9a795b.html,1
Hữu Thỉnh và quốc sách “giải cứu lợn!”,https://www.khoi8406.com/post/danlambaovn/huu-thinh-va-quoc-sach-giai-cuu-lon-a14005423c3.html,1
"""Vườn Rau"" và ""EVFTA""",https://www.khoi8406.com/post/danlambaovn/vuon-rau-va-evfta-87adacaacf1.html,1
Những anh hùng trở về,https://www.khoi8406.com/post/danlambaovn/nhung-anh-hung-tro-ve-db5b4d5e7e7.html,1
Hướng đạo Việt Nam nào?,https://www.khoi8406.com/post/danlambaovn/huong-ao-viet-nam-nao-519f33e2956.html,1
"Tổng chủ “tịt” Nguyễn Phú Trọng là một kẻ bỉ ổi, xôi thịt, đớp hít, tắc tị, tham lam, bất tài",https://www.khoi8406.com/post/danlambaovn/tong-chu-tit-nguyen-phu-trong-la-mot-ke-60bb57381a3.html,1
"Phần III: ""Về với thiên thu...""",https://www.khoi8406.com/post/danlambaovn/phan-iii-ve-voi-thien-thu-ef31adafbc5.html,1
"“Đất đai thuộc sở hữu toàn dân do Nhà nước đại diện chủ sở hữu và thống nhất quản lý""",https://www.khoi8406.com/post/danlambaovn/at-ai-thuoc-so-huu-toan-dan-do-nha-nuoc-39a46c324b9.html,1
"Đẩy mạnh hoạt động quốc tế trong đấu tranh vì dân chủ, nhân quyền ở Việt Nam",https://www.khoi8406.com/post/danlambaovn/ay-manh-hoat-ong-quoc-te-trong-au-tranh-d5814687089.html,1
"Chưa thấy quan tài, chưa đổ lệ!",https://www.khoi8406.com/post/danlambaovn/chua-thay-quan-tai-chua-o-le-aadaac40fa1.html,1
Thông cáo báo chí số 1 của nhóm luật sư Lộc Hưng,https://www.khoi8406.com/post/danlambaovn/thong-cao-bao-chi-so-1-cua-nhom-luat-su-1c448131b27.html,1
Ghẹo cho chúng chửi,https://www.khoi8406.com/post/danlambaovn/gheo-cho-chung-chui-15666ff80db.html,1
Lực lượng kiêu binh,https://www.khoi8406.com/post/danlambaovn/luc-luong-kieu-binh-34ea5d6064a.html,1
Tàn nhẫn vô lương tâm,https://www.khoi8406.com/post/danlambaovn/tan-nhan-vo-luong-tam-71efaa87c91.html,1
Thượng tôn pháp luật: Trách nhiệm của chính quyền,https://www.khoi8406.com/post/danlambaovn/thuong-ton-phap-luat-trach-nhiem-cua-16bd39c436b.html,1
Pháp quốc ăn năn,https://www.khoi8406.com/post/danlambaovn/phap-quoc-nan-0fda6ea1e2c.html,1
Lộc Hưng rồi cũng sẽ là...?,https://www.khoi8406.com/post/danlambaovn/loc-hung-roi-cung-se-la-1621bc09bfa.html,1
Thượng tôn pháp luật: Vườn rau Lộc Hưng,https://www.khoi8406.com/post/danlambaovn/thuong-ton-phap-luat-vuon-rau-loc-hung-a50804f47bc.html,1
"Bàn về cái được gọi là ""đạo đức cách mạng"" của người cộng sản Việt Nam",https://www.khoi8406.com/post/danlambaovn/ban-ve-cai-uoc-goi-la-ao-uc-cach-mang-fc9898af7dd.html,1
Một đề nghị nhân biến cố vườn rau Lộc Hưng,https://www.khoi8406.com/post/danlambaovn/mot-e-nghi-nhan-bien-co-vuon-rau-loc-b0c3b26ec26.html,1
Việt Cộng quấy phá Đức Giám mục Nguyễn Thái Hợp tại Vườn rau Lộc Hưng,https://www.khoi8406.com/post/danlambaovn/viet-cong-quay-pha-uc-giam-muc-nguyen-3e493f8ed1f.html,1
Hải heo chưa phải chánh phạm,https://www.khoi8406.com/post/danlambaovn/hai-heo-chua-phai-chanh-pham-fbd22069ff0.html,1
Triển vọng nhân quyền Việt Nam trong năm 2019?,https://www.khoi8406.com/post/danlambaovn/trien-vong-nhan-quyen-viet-nam-trong-857dab164d8.html,1
Ta là ai?,https://www.khoi8406.com/post/danlambaovn/ta-la-ai-c246018b975.html,1
Thượng tôn pháp luật,https://www.khoi8406.com/post/danlambaovn/thuong-ton-phap-luat-90c0b367c63.html,1
Túp lều của Bé Tôm (1),https://www.khoi8406.com/post/danlambaovn/tup-leu-cua-be-tom-1-06e29a50537.html,1
Cách mạng và băng đảng lưu manh!,https://www.khoi8406.com/post/danlambaovn/cach-mang-va-bang-ang-luu-manh-9135b9e5c24.html,1
Phần II: “Pecarande”…,https://www.khoi8406.com/post/danlambaovn/phan-ii-pecarande-8b916743c19.html,1
Tầm nhìn 10 năm: Việt Nam là top 15 về nông nghiệp trên thế giới?,https://www.khoi8406.com/post/danlambaovn/tam-nhin-10-nam-viet-nam-la-top-15-ve-6341505a1be.html,1
Bao giờ không phải là mơ,https://www.khoi8406.com/post/danlambaovn/bao-gio-khong-phai-la-mo-ef6d179feec.html,1
Cuối năm tính lại sổ đời,https://www.khoi8406.com/post/danlambaovn/cuoi-nam-tinh-lai-so-oi-09b11d674b2.html,1
Lộc Hưng ơi! đau quá!,https://www.khoi8406.com/post/danlambaovn/loc-hung-oi-au-qua-cbb4f6dc498.html,1
Sự tích soi gương,https://www.khoi8406.com/post/danlambaovn/su-tich-soi-guong-e578f55976c.html,1
Biển dâu,https://www.khoi8406.com/post/danlambaovn/bien-dau-ce9b3db00f8.html,1
2019: Trung cộng sẽ xâm chiếm Đài Loan?,https://www.khoi8406.com/post/danlambaovn/2019-trung-cong-se-xam-chiem-ai-loan-83d892616cd.html,1
Đừng gài bẫy dân!,https://www.khoi8406.com/post/danlambaovn/ung-gai-bay-dan-b879711c236.html,1
Lịch của Trần bộ trưởng và lịch của Hổ - giả dối có vô vàn biến thể!,https://www.khoi8406.com/post/danlambaovn/lich-cua-tran-bo-truong-va-lich-cua-ho-40a30a2baae.html,1
Nước Tàu từ thời chiến tranh Nha phiến 1840 tới nay,https://www.khoi8406.com/post/danlambaovn/nuoc-tau-tu-thoi-chien-tranh-nha-phien-ae7316bfb3b.html,1
Đúng là “nhục quốc thể”,https://www.khoi8406.com/post/danlambaovn/ung-la-nhuc-quoc-the-1aae530781a.html,1
Thằng bất hảo,https://www.khoi8406.com/post/danlambaovn/thang-bat-hao-a67e12da69f.html,1
"""Quan bà"" Việt Cộng nhồm nhoàm bốc mít ăn giữa họp báo",https://www.khoi8406.com/post/danlambaovn/quan-ba-viet-cong-nhom-nhoam-boc-mit-01eda11398a.html,1
Tươi cười 40 năm Cao Miên - cúi mặt 40 năm Tàu cộng,https://www.khoi8406.com/post/danlambaovn/tuoi-cuoi-40-nam-cao-mien-cui-mat-40-67c1d6c067f.html,1
Dư âm về lá thư xin lỗi của ông bộ trưởng Trần Tuấn Anh,https://www.khoi8406.com/post/danlambaovn/du-am-ve-la-thu-xin-loi-cua-ong-bo-e2a88058b6d.html,1
Vườn rau Lộc Hưng trong hành lang Quốc hội,https://www.khoi8406.com/post/danlambaovn/vuon-rau-loc-hung-trong-hanh-lang-quoc-32915c3dec0.html,1
Nỗi đau trên hoang tàn!,https://www.khoi8406.com/post/danlambaovn/noi-au-tren-hoang-tan-fb55b625392.html,1
Nỗi đau của gia đình TNLT - dân oan vườn rau Huỳnh Anh Tú,https://www.khoi8406.com/post/danlambaovn/noi-au-cua-gia-inh-tnlt-dan-oan-vuon-398fc753ef1.html,1
Người Nha Trang có thể làm gì với những tập đoàn phá hoại môi trường?,https://www.khoi8406.com/post/danlambaovn/nguoi-nha-trang-co-lam-gi-voi-nhung-tap-32c362c17a8.html,1
Vườn rau Lộc Hưng bị CSVN cướp phá tan hoang,https://www.khoi8406.com/post/danlambaovn/vuon-rau-loc-hung-bi-csvn-cuop-pha-tan-18493b7c9e1.html,1
Chỉ có kiên trì và quyết liệt đấu tranh thì người dân mới có nhân quyền,https://www.khoi8406.com/post/danlambaovn/chi-co-kien-tri-va-quyet-liet-au-tranh-aeeba1a08a7.html,1
Bức tranh xã hội Việt Nam và đôi điều về tính “nịnh bợ” thời nay,https://www.khoi8406.com/post/danlambaovn/buc-tranh-xa-hoi-viet-nam-va-oi-ieu-ve-b64775dfae6.html,1
Hôm nay anh chị ngủ ở đâu?,https://www.khoi8406.com/post/danlambaovn/hom-nay-anh-chi-ngu-o-au-8ad907ebe8a.html,1
Tiêu diệt Trung cộng,https://www.khoi8406.com/post/danlambaovn/tieu-diet-trung-cong-e252ae1fd6c.html,1
Hồ Chí Minh là tên gián điệp Tàu,https://www.khoi8406.com/post/danlambaovn/ho-chi-minh-la-ten-gian-iep-tau-eb9e8f4bd13.html,1
Đối chiếu bút tích Nguyễn Tất Thành và Hồ Chí Minh - Phần 2: Ngoại hình và nhân cách,https://www.khoi8406.com/post/danlambaovn/oi-chieu-but-tich-nguyen-tat-thanh-va_6-f8792f585c4.html,1
Đọc hồi ký Trần Quang Cơ,https://www.khoi8406.com/post/danlambaovn/oc-hoi-ky-tran-quang-co-7a59a33d0be.html,1
Phần 1: Thiên đường... mù mịt,https://www.khoi8406.com/post/danlambaovn/phan-1-thien-uong-mu-mit-e317aa98e7c.html,1
Bịt miệng để chặt chân,https://www.khoi8406.com/post/danlambaovn/bit-mieng-e-chat-chan-49dc39b6e8c.html,1
Đối chiếu bút tích Nguyễn Tất Thành và Hồ Chí Minh - Phần 1: Bút tích,https://www.khoi8406.com/post/danlambaovn/oi-chieu-but-tich-nguyen-tat-thanh-va-2edf0a147d5.html,1
Công Quyền của người Việt Nam,https://www.khoi8406.com/post/danlambaovn/cong-quyen-cua-nguoi-viet-nam-d2f5038a37c.html,1
Tổ chức vượt biên,https://www.khoi8406.com/post/danlambaovn/to-chuc-vuot-bien-ad701a73c21.html,1
Nhiệt tình cộng với dốt nát thành phá hoại,https://www.khoi8406.com/post/danlambaovn/nhiet-tinh-cong-voi-dot-nat-thanh-pha-1083ba8da28.html,1
Cưỡng chế vườn rau Lộc Hưng - Tp HCM sẽ có thêm một Thủ Thiêm mới,https://www.khoi8406.com/post/danlambaovn/cuong-che-vuon-rau-loc-hung-tp-hcm-se-6ad28206f4b.html,1
Nhân quyền VN 2018,https://www.khoi8406.com/post/danlambaovn/nhan-quyen-vn-2018-ca91b8ebc0a.html,1
Cái nhìn của ký giả ngoại quốc về Luật An ninh mạng,https://www.khoi8406.com/post/danlambaovn/cai-nhin-cua-ky-gia-ngoai-quoc-ve-luat-6ab47c07a14.html,1
Có hay không những khuất tất trong việc cưỡng chế tại Bình Chánh?!,https://www.khoi8406.com/post/danlambaovn/co-hay-khong-nhung-khuat-tat-trong-viec-dabfeba3157.html,1
Gia tộc Lê Thanh Hải bị loại khỏi đảng bộ TP.HCM?,https://www.khoi8406.com/post/quanlambao/gia-toc-le-thanh-hai-bi-loai-khoi-ang-8b1871bc046.html,1
Hãy thôi cúi mặt,https://www.khoi8406.com/post/quanlambao/hay-thoi-cui-mat-e558860b7e9.html,1
Thủ tướng Nguyễn Thiện Nhân,https://www.khoi8406.com/post/quanlambao/thu-tuong-nguyen-thien-nhan-6efa0b7ad75.html,1
"Hoa Kỳ, có nên tin cậy?",https://www.khoi8406.com/post/quanlambao/hoa-ky-co-nen-tin-cay-0b6bd165ceb.html,1
Hoa Kỳ có đáng tin cậy?,https://www.khoi8406.com/post/quanlambao/hoa-ky-co-ang-tin-cay-e130499acda.html,1
Họ sợ “quân phục” QL/VNCH!?,https://www.khoi8406.com/post/quanlambao/ho-so-quan-phuc-qlvnch-987fbc2d787.html,1
"Diệt cộng trước, chống Tàu sau - Chống Tàu trước, diệt cộng sau hay cả hai cùng lúc?",https://www.khoi8406.com/post/quanlambao/diet-cong-truoc-chong-tau-sau-chong-tau-3812d6bae7c.html,1
Từ đơn giản đến phức tạp - Từ phức tạp trở lại đơn giản,https://www.khoi8406.com/post/quanlambao/tu-on-gian-en-phuc-tap-tu-phuc-tap-tro_33-15aa9a15114.html,1
Những vần thơ gởi Tập Cận Bình,https://www.khoi8406.com/post/quanlambao/nhung-van-tho-goi-tap-can-binh-07febac4d6c.html,1
Tập Cận Bình: tôi nói mấy anh Hà Nội có nghe rõ không?,https://www.khoi8406.com/post/quanlambao/tap-can-binh-toi-noi-may-anh-ha-noi-co-687af10f128.html,1
Hổ chết để da - Hồ chết di họa,https://www.khoi8406.com/post/quanlambao/ho-chet-e-da-ho-chet-di-hoa-e8e07ba3b4e.html,1
Những vần thơ cho Tạ Phong Tần,https://www.khoi8406.com/post/quanlambao/nhung-van-tho-cho-ta-phong-tan-31823aca05b.html,1
Chó Má!,https://www.khoi8406.com/post/quanlambao/cho-ma-d2273553ed8.html,1
Những cái NGU dai dẳng!,https://www.khoi8406.com/post/quanlambao/nhung-cai-ngu-dai-dang-55cb9ae8d6e.html,1
Việt Nam mạng người trị giá 15 đô!,https://www.khoi8406.com/post/quanlambao/viet-nam-mang-nguoi-tri-gia-15-o-9db380aa6ff.html,1
Mùa thu ơi xin trả lại,https://www.khoi8406.com/post/quanlambao/mua-thu-oi-xin-tra-lai_20-aabb3ef5642.html,1
"Danh sách Con Ông Cháu Cha ""khủng"" ở Việt Nam",https://www.khoi8406.com/post/quanlambao/danh-sach-con-ong-chau-cha-khung-o-viet-81131965168.html,1
Cộng sản Việt Nam và văn hóa của dân tộc Việt,https://www.khoi8406.com/post/quanlambao/cong-san-viet-nam-va-van-hoa-cua-dan-efae6f9ba98.html,1
"Hồ Chí Minh, tên Hán gian vĩ đại!",https://www.khoi8406.com/post/quanlambao/ho-chi-minh-ten-han-gian-vi-ai-c9541655e64.html,1
Hồ Chí Minh một tên Hán gian vĩ đại!,https://www.khoi8406.com/post/quanlambao/ho-chi-minh-mot-ten-han-gian-vi-ai-65a19c50025.html,1
Đóng kịch,https://www.khoi8406.com/post/quanlambao/ong-kich-93a8c115199.html,1
Thơ cuối tuần: Bán Thánh Buôn Hồ,https://www.khoi8406.com/post/quanlambao/tho-cuoi-tuan-ban-thanh-buon-ho-9e6586abf1f.html,1
Con đường thoát của Nguyễn Tấn Dũng: xóa sổ đảng cộng sản,https://www.khoi8406.com/post/quanlambao/con-uong-thoat-cua-nguyen-tan-dung-xoa-b8151a23b59.html,1
Thanh trừng cá nhân - khủng bố tập thể: 3X thâu tóm quyền lực,https://www.khoi8406.com/post/quanlambao/thanh-trung-ca-nhan-khung-bo-tap-3x-199cae2a191.html,1
TIN TỪ HÀ NỘI XÁC NHẬN 100% ĐẠI TƯỚNG BỘ TRƯỞNG QUỐC PHÒNG PHÙNG QUANG THANH ĐÃ CHẾT!,https://www.khoi8406.com/post/quanlambao/tin-tu-ha-noi-xac-nhan-100-ai-tuong-bo-c0f09421ac8.html,1
Phát ngôn của tướng Vịnh ngày 28/7,https://www.khoi8406.com/post/quanlambao/phat-ngon-cua-tuong-vinh-ngay-287-eda665f6f64.html,1
"Hồ Chí Minh - ""Cha già dân tộc VN"" là một tên Hán gian!",https://www.khoi8406.com/post/quanlambao/ho-chi-minh-cha-gia-dan-toc-vn-la-mot-5b89998d93c.html,1
Hồ giả Hồ thật - Phùng thật Phùng giả!,https://www.khoi8406.com/post/quanlambao/ho-gia-ho-that-phung-that-phung-gia-c8a1647085a.html,1
Xác ướp Thiếu tá Hồ Quang vẫn ‘ở trạng thái tốt nhất’,https://www.khoi8406.com/post/quanlambao/xac-uop-thieu-ta-ho-quang-van-o-trang-d9460403089.html,1
"Những ""ảnh lạ"" của người ""nước lạ""",https://www.khoi8406.com/post/quanlambao/nhung-anh-la-cua-nguoi-nuoc-la-3293de3a283.html,1
Giải pháp cho Việt Nam mà đảng CSVN phải chọn ngay là...?,https://www.khoi8406.com/post/quanlambao/giai-phap-cho-viet-nam-ma-ang-csvn-phai-f6fcad2ca2a.html,1
THẢO QUÁI THÚ !,https://www.khoi8406.com/post/quanlambao/thao-quai-thu-3bdacc79992.html,1
"Nguyễn Tấn Dũng phát biểu kêu gọi Quân Đội, quên chữ Đảng?",https://www.khoi8406.com/post/quanlambao/nguyen-tan-dung-phat-bieu-keu-goi-quan-d29bebb73e6.html,1
ĐCSVN quê lờ!,https://www.khoi8406.com/post/quanlambao/csvn-que-lo-a96fe785532.html,1
Phùng Quang Thanh: Nơi bị ám sát,https://www.khoi8406.com/post/quanlambao/phung-quang-thanh-noi-bi-am-sat-dee79527222.html,1
"Liên mạng ""Lề dân"" và Facebook đã thật sự làm ĐCSVN hoảng sợ",https://www.khoi8406.com/post/quanlambao/lien-mang-le-dan-va-facebook-that-su-f3d1881c7bc.html,1
Trung Cộng đưa giàn khoan HD 981 trở lại Biển Đông - Tiếng Gọi Non Sông,https://www.khoi8406.com/post/quanlambao/trung-cong-ua-gian-khoan-hd-981-tro-lai-499b7256623.html,1
Cả công an nhân chứng trong vụ án Hồ Duy Hải cũng bị giết để bịt miệng ?,https://www.khoi8406.com/post/quanlambao/ca-cong-nhan-chung-trong-vu-ho-duy-hai-f0c792b7f0a.html,1
Tiên tri Trần Dần: Chiến tranh Biển Đông sẽ xảy ra năm 2015?,https://www.khoi8406.com/post/quanlambao/tien-tri-tran-dan-chien-tranh-bien-ong-ce19f708ae8.html,1
“Nick Út” - tác giả và tác phẩm,https://www.khoi8406.com/post/quanlambao/nick-ut-tac-gia-va-tac-pham-29ece041854.html,1
Lộ diện thủ phạm ám hại LS Võ An Đôn,https://www.khoi8406.com/post/quanlambao/lo-dien-thu-pham-am-hai-ls-vo-on-e730fe1d674.html,1
"Nguồn gốc của nạn ""mất dạy""",https://www.khoi8406.com/post/quanlambao/nguon-goc-cua-nan-mat-day-27943b678f7.html,1
"Trương Tấn Sang, báo chí Kắt Mạng và Hồ Chí Minh",https://www.khoi8406.com/post/quanlambao/truong-tan-sang-bao-chi-kat-mang-va-ho_17-ae4983f2f1e.html,1
"Lãnh đạo ""đảng ta"" im re trước tuyên bố của ""đảng bạn"" sắp xây xong các đảo nhân tạo trên biển Đông",https://www.khoi8406.com/post/quanlambao/lanh-ao-ang-ta-im-re-truoc-tuyen-bo-cua-3983931f997.html,1
"""Bạn"" của Phùng Quang Thanh liên tiếp tấn công ngư dân ta",https://www.khoi8406.com/post/quanlambao/ban-cua-phung-quang-thanh-lien-tiep-tan-570df30e2c1.html,1
Từ ngày 75,https://www.khoi8406.com/post/quanlambao/tu-ngay-75-e4f0cd54948.html,1
Đảng CSVN dùng nhà nước cảnh sát để tước đoạt mọi quyền của người dân,https://www.khoi8406.com/post/quanlambao/ang-csvn-dung-nha-nuoc-canh-sat-e-tuoc-261d5252651.html,1
Dân Việt sẽ tính sao với những tội đồ cộng sản sau khi chúng sụp đổ?,https://www.khoi8406.com/post/quanlambao/dan-viet-se-tinh-sao-voi-nhung-toi-o-d5d98710e97.html,1
Dấu hiệu ngày đại tang của đảng CSVN đến sớm?,https://www.khoi8406.com/post/quanlambao/dau-hieu-ngay-ai-tang-cua-ang-csvn-en-5224f38c635.html,1
BCT ĐCSVN VỚI NHỮNG KHUÔN MẶT ' BẢO KÊ ' CHO NHỮNG TỘI ÁC CƯỚP CỦA - GIẾT NGƯỜI .,https://www.khoi8406.com/post/quanlambao/bct-csvn-voi-nhung-khuon-mat-bao-ke-cho-7a4dea28c86.html,1
Trịnh Vĩnh Bình kiện chính phủ VN đòi 1 tỷ USD,https://www.khoi8406.com/post/quanlambao/trinh-vinh-binh-kien-chinh-phu-vn-oi-1-2e25829755c.html,1
"Tạ Phong Tần, người phụ nữ phi thường",https://www.khoi8406.com/post/quanlambao/ta-phong-tan-nguoi-phu-nu-phi-thuong-2701304582a.html,1
Chỉ hai đứa mình,https://www.khoi8406.com/post/quanlambao/chi-hai-ua-minh-2a60eb86e2f.html,1
Ai làm ngơ và tiếp tay cho Tàu cộng ở Trường Sa?,https://www.khoi8406.com/post/quanlambao/ai-lam-ngo-va-tiep-tay-cho-tau-cong-o-a0fb16723c2.html,1
CSVN: Quân bài lật ngửa ở hội nghị Shangri-la,https://www.khoi8406.com/post/quanlambao/csvn-quan-bai-lat-ngua-o-hoi-nghi-370abc6fb83.html,1
Dân đen muốn nói và dân đen muốn biết,https://www.khoi8406.com/post/quanlambao/dan-en-muon-noi-va-dan-en-muon-biet-2579f5c0632.html,1
Ai bảo vệ Việt Nam?,https://www.khoi8406.com/post/quanlambao/ai-bao-ve-viet-nam-701158492e3.html,1
Chiến tranh với Trung Quốc đang chờ Việt Nam ở Biển Đông,https://www.khoi8406.com/post/quanlambao/chien-tranh-voi-trung-quoc-ang-cho-viet-35f3ae6d576.html,1
"Dưới một cơ chế độc tài, tất cả đều là nạn nhân!",https://www.khoi8406.com/post/quanlambao/duoi-mot-co-che-oc-tai-tat-ca-eu-la-nan-12ac0443289.html,1
Đảng CSVN hiện nay cô đơn và lo sợ hơn bao giờ hết,https://www.khoi8406.com/post/quanlambao/ang-csvn-hien-nay-co-on-va-lo-so-hon-84865a0b817.html,1
Giã từ vũ khí và Biệt kinh kỳ!,https://www.khoi8406.com/post/quanlambao/gia-tu-vu-khi-va-biet-kinh-ky-e759ee1657f.html,1
Lời kinh đêm,https://www.khoi8406.com/post/quanlambao/loi-kinh-em-7172d5e1ea4.html,1
Máu người oan đang nhuộm mặt đường,https://www.khoi8406.com/post/quanlambao/mau-nguoi-oan-ang-nhuom-mat-uong-435fdf69899.html,1
Tiên Sư Cha Đám Chúng Mày,https://www.khoi8406.com/post/quanlambao/tien-su-cha-am-chung-may-5124fbf4260.html,1
"Nếu không có sự nhiệm mầu, hãy coi như chúng ta mất nước!",https://www.khoi8406.com/post/quanlambao/neu-khong-co-su-nhiem-mau-hay-coi-nhu-d26cea6cb67.html,1
Tên nào?,https://www.khoi8406.com/post/quanlambao/ten-nao-b2b72ed73e6.html,1
"Hết Gạc Ma, Trung Quốc ngang ngược ầm ầm xây đảo ở Huy Gơ",https://www.khoi8406.com/post/quanlambao/het-gac-ma-trung-quoc-ngang-nguoc-am-am-7835ae1670a.html,1
Sự đụng độ với Tàu Cộng sẽ nêu lên được vị thế của Hoa Kỳ,https://www.khoi8406.com/post/quanlambao/su-ung-o-voi-tau-cong-se-neu-len-uoc-vi-37d09aaeb1a.html,1
19-5 và tiếng hú,https://www.khoi8406.com/post/quanlambao/19-5-va-tieng-hu-6a3f6058e79.html,1
Ai lau hộ tôi dòng nước mắt?,https://www.khoi8406.com/post/quanlambao/ai-lau-ho-toi-dong-nuoc-mat-df5688b766b.html,1
"Trung Quốc, vừa đấm vừa xoa?",https://www.khoi8406.com/post/quanlambao/trung-quoc-vua-am-vua-xoa-f1acec2a798.html,1
BIỂN ĐÔNG CẬP NHẬT: TRUNG QUỐC CÔNG KHAI ĐỊA ĐIỂM KHOAN DẦU CỦA GIÀN KHOAN 981.,https://www.khoi8406.com/post/quanlambao/bien-ong-cap-nhat-trung-quoc-cong-khai-0d36cc842fb.html,1
"Obama: Không đáp ứng điều khoản TPP, Việt Nam sẽ bị loại",https://www.khoi8406.com/post/quanlambao/obama-khong-ap-ung-ieu-khoan-tpp-viet-1b30e736189.html,1
"CSVN, các anh có phải là con người?",https://www.khoi8406.com/post/quanlambao/csvn-cac-anh-co-phai-la-con-nguoi-029f5046436.html,1
"Hồ Chí Minh, một gián điệp hoàn hảo (Kỳ 22)",https://www.khoi8406.com/post/quanlambao/ho-chi-minh-mot-gian-iep-hoan-hao-ky-22-612787e9dbc.html,1
Nhìn Điếu Cày nhớ Tạ Phong Tần,https://www.khoi8406.com/post/quanlambao/nhin-ieu-cay-nho-ta-phong-tan-cd8bc2084d6.html,1
3 X ?,https://www.khoi8406.com/post/quanlambao/3-x-3ca939c6b58.html,1
Khoảng cách giữa nói và làm cần bao lâu?,https://www.khoi8406.com/post/quanlambao/khoang-cach-giua-noi-va-lam-can-bao-lau-271d156c83f.html,1
Nhân ngày 30/4 : Cuộc chiến 'cả nước là diễn viên',https://www.khoi8406.com/post/quanlambao/nhan-ngay-304-cuoc-chien-ca-nuoc-la-ec146a4f859.html,1
VTV cuống cuồng xoá dấu vết clip Điếu Cày gặp Tổng thống Obama,https://www.khoi8406.com/post/quanlambao/vtv-cuong-cuong-xoa-dau-vet-clip-ieu-f51eab7cbfa.html,1
Trọng đã lú mà chú nó cũng chẳng khôn!,https://www.khoi8406.com/post/quanlambao/trong-lu-ma-chu-no-cung-chang-khon-0282dfbae47.html,1
Thơ cuối tuần - Lạy ông Obama,https://www.khoi8406.com/post/quanlambao/tho-cuoi-tuan-lay-ong-obama-6886005de49.html,1
Blogger Điếu Cày: Từ nhà tù đến Nhà Trắng,https://www.khoi8406.com/post/quanlambao/blogger-ieu-cay-tu-nha-tu-en-nha-trang-9635da2caeb.html,1
Tổng thống Obama gặp Điếu Cày trước khi tiếp Nguyễn Phú Trọng,https://www.khoi8406.com/post/quanlambao/tong-thong-obama-gap-ieu-cay-truoc-khi-31b65194ee5.html,1
Nỗi cô đơn của đảng CSVN cùng sự khờ khạo của Thủ tướng Nguyễn Tấn Dũng trong ngày lễ kỷ niệm 30 - 4,https://www.khoi8406.com/post/quanlambao/noi-co-on-cua-ang-csvn-cung-su-kho-khao-b7cff371339.html,1
Nỗi cô đơn của đảng CSVN cùng sự ngu đần của Thủ tướng Nguyễn Tấn Dũng trong ngày lễ kỷ niệm 30 - 4,https://www.khoi8406.com/post/quanlambao/noi-co-on-cua-ang-csvn-cung-su-ngu-cua-8769f128ccd.html,1
Chủ tịch Sang chụp ảnh dưới lá cờ vàng ba sọc đỏ,https://www.khoi8406.com/post/quanlambao/chu-tich-sang-chup-anh-duoi-la-co-vang-15b62ea18d2.html,1
30 - 4 'Ngày chiến thắng' cùng những nghịch lý tồn tại!,https://www.khoi8406.com/post/quanlambao/30-4-ngay-chien-thang-cung-nhung-nghich-a56ee46dd43.html,1
"Thống nhất và đần độn, man rợ",https://www.khoi8406.com/post/quanlambao/thong-nhat-va-on-man-ro-3194c3f7750.html,1
30/4/1975 - Ngày giải phóng?,https://www.khoi8406.com/post/quanlambao/3041975-ngay-giai-phong-8818fa5a598.html,1
Chỗ đứng của Đảng CS phải là vành móng ngựa,https://www.khoi8406.com/post/quanlambao/cho-ung-cua-ang-cs-phai-la-vanh-mong-49ccc0202c1.html,1
Tình yêu?,https://www.khoi8406.com/post/quanlambao/tinh-yeu-1dfbff7bb66.html,1
Đạo luật S-219 - Hãy hài lòng với những thành công mà ta đạt được,https://www.khoi8406.com/post/quanlambao/ao-luat-s-219-hay-hai-long-voi-nhung-a49d484bf75.html,1
CSVN thưà nhận 16 tấn vàng của VNCH cống nộp cho Liên Xô,https://www.khoi8406.com/post/quanlambao/csvn-thua-nhan-16-tan-vang-cua-vnch-ad1c3cf859e.html,1
Cần gọi đúng tên cuộc chiến này,https://www.khoi8406.com/post/quanlambao/can-goi-ung-ten-cuoc-chien-nay-91b288e3660.html,1
Tháng Tư - Thương về những người lính năm xưa,https://www.khoi8406.com/post/quanlambao/thang-tu-thuong-ve-nhung-nguoi-linh-nam-cbfc2960910.html,1
Mời em về Bình Thuận,https://www.khoi8406.com/post/quanlambao/moi-em-ve-binh-thuan-76bf653b70c.html,1
Người dân hoan hô và cổ vũ mỗi khi có một chai bom xăng ném về phía cảnh sát cơ động.,https://www.khoi8406.com/post/quanlambao/nguoi-dan-hoan-ho-va-co-vu-moi-khi-co_20-f13a4a4f6c3.html,1
Đại thắng mùa xuân và 16 tấn vàng được giải phóng,https://www.khoi8406.com/post/quanlambao/anh-trong-tuan-d05879ff1d3.html,1
"Hãy bắt đầu cuộc Cách Mạng bằng những ""ngọn lửa hy vọng""...Xăng",https://www.khoi8406.com/post/quanlambao/hay-bat-au-cuoc-cach-mang-bang-nhung-c06359fe86a.html,1
Nỗi lòng 30/4,https://www.khoi8406.com/post/quanlambao/noi-long-304-d1b1dc2fb4e.html,1
"""Ông Đồ"" * Nguyễn Phú Trọng",https://www.khoi8406.com/post/quanlambao/ong-o-nguyen-phu-trong-aebe7f153ac.html,1
Dân oan Long An: Chúng tôi quyết tâm tiêu diệt đảng CSVN đến hơi thở cuối cùng,https://www.khoi8406.com/post/quanlambao/dan-oan-long-chung-toi-quyet-tam-tieu-ac750c5d497.html,1
"Bình Thuận: Người dân nổi lửa chặn quốc lộ, ném bom xăng chống trả CA đàn áp",https://www.khoi8406.com/post/quanlambao/binh-thuan-nguoi-dan-noi-lua-chan-quoc-ea27998f9cb.html,1
Tôi muốn nói...,https://www.khoi8406.com/post/quanlambao/toi-muon-noi-3fb6db3d3bd.html,1
Chùm Thơ Tháng Tư Đen,https://www.khoi8406.com/post/quanlambao/chum-tho-thang-tu-en-c35624a46d7.html,1
Tháng Tư lầm lỡ,https://www.khoi8406.com/post/quanlambao/thang-tu-lam-lo-89a3b826b22.html,1
Người Cao Tuổi quyết đấu với Bộ Thông tin - Truyền thông,https://www.khoi8406.com/post/quanlambao/nguoi-cao-tuoi-quyet-au-voi-bo-thong-df7aa997ca2.html,1
Lời tâm tình cuối năm của Quan Làm Báo,https://www.khoi8406.com/post/quanlambao/loi-tam-tinh-cuoi-nam-cua-quan-lam-bao-a430e904ea6.html,1
Nguyễn Ngọc Già - Giờ này anh ở đâu?,https://www.khoi8406.com/post/quanlambao/nguyen-ngoc-gia-gio-nay-anh-o-au-a34eed56bb9.html,1
Nỗi buồn miên man!,https://www.khoi8406.com/post/quanlambao/noi-buon-mien-man-cae9c0ec593.html,1
"Tâm sự của một người trẻ gửi các bác, anh chị qua việc Khối 8406 kêu gọi xóa bỏ Điều 4 Hiến pháp",https://www.khoi8406.com/post/quanlambao/tam-su-cua-mot-nguoi-tre-gui-cac-bac-f32e528bd67.html,1
Obama: Trung cộng chớ có bắt nạt Việt Nam,https://www.khoi8406.com/post/quanlambao/obama-trung-cong-cho-co-bat-nat-viet-nam-9e1e3bf4b72.html,1
AI BAO CHE VÀ ỦNG HỘ HOÀNG TRUNG HẢI ?,https://www.khoi8406.com/post/quanlambao/ai-bao-che-va-ung-ho-hoang-trung-hai-7669ce7f089.html,1
85 năm đời ta có đảng!,https://www.khoi8406.com/post/quanlambao/85-nam-oi-ta-co-ang_2-1f35b9af055.html,1
Những kẻ chiến bại,https://www.khoi8406.com/post/quanlambao/nhung-ke-chien-bai-c20c8a0cc93.html,1
QLB gởi lời cảm ơn Bộ trưởng Bô 4T Nguyễn Bắc Son đã quảng cáo cho Quan Làm Báo,https://www.khoi8406.com/post/quanlambao/qlb-goi-loi-cam-on-bo-truong-bo-4t-ca0af1ffc1e.html,1
Tâm sự của Trẫm thay lời phúng điếu,https://www.khoi8406.com/post/quanlambao/tam-su-cua-tram-thay-loi-phung-ieu-3f102848e44.html,1
Viện trưởng VKSND Tối cao Nguyễn Hòa Bình và vụ chạy án rúng động trong nội bộ cấp cao ngành Kiểm sát,https://www.khoi8406.com/post/quanlambao/vien-truong-vksnd-toi-cao-nguyen-hoa-ad0145809a3.html,1
,https://www.khoi8406.com/post/quanlambao/vi-to-quoc-viet-nam-at-nuoc-la-tren-het-3467c4c4fe5.html,1
Nỗi kinh hoàng cho lớp người cùng khổ!,https://www.khoi8406.com/post/quanlambao/noi-kinh-hoang-cho-lop-nguoi-cung-kho-51dec599838.html,1
Hãy chọn lựa cái ít tệ nhất,https://www.khoi8406.com/post/quanlambao/hay-chon-lua-cai-it-te-nhat-f66ae06e107.html,1
"Những dự án nghìn tỷ của Nguyễn Tuấn Anh, con ruột ông Nguyễn Hòa Bình tại quê nhà Quảng Ngãi",https://www.khoi8406.com/post/quanlambao/nhung-du-nghin-ty-cua-nguyen-tuan-anh-f5b4f7856bd.html,1
Những con hổ dữ!,https://www.khoi8406.com/post/quanlambao/nhung-con-ho-du-92b97b1f9a5.html,1
"Phùng Quang Thanh: sẽ là Tổng bí thư CSVN ""ưng ý "" nhất của Bắc Kinh",https://www.khoi8406.com/post/quanlambao/phung-quang-thanh-se-la-tong-bi-thu-5861942ace3.html,1
Tâm tư của xã hội và hướng đi cho tương lai VN,https://www.khoi8406.com/post/quanlambao/tam-tu-cua-xa-hoi-va-huong-i-cho-tuong-e67cf96268c.html,1
Tổng Bí thư Nguyễn Phú Trọng chỉ đạo Viện KSND Tối cao: Tay đã nhúng chàm thì không thể chống tham nhũng!,https://www.khoi8406.com/post/quanlambao/tong-bi-thu-nguyen-phu-trong-chi-ao-498b1650006.html,1
"Trận Hoàng Sa, biểu tượng hội tụ lòng yêu nước",https://www.khoi8406.com/post/quanlambao/tran-hoang-sa-bieu-tuong-hoi-tu-long-fd5dfd94fc4.html,1
Hoàng Sa ơi! Hoàng Sa ơi!,https://www.khoi8406.com/post/quanlambao/hoang-sa-oi-hoang-sa-oi-161521f6b38.html,1
Những Tên Quan Đại Nhục,https://www.khoi8406.com/post/quanlambao/nhung-ten-quan-ai-nhuc-dc4ceb0c8c1.html,1
Đôi lời gởi Thủ tướng Nguyễn Tấn Dũng,https://www.khoi8406.com/post/quanlambao/oi-loi-goi-thu-tuong-nguyen-tan-dung-081455c78d1.html,1
"Liên minh đen tối hút máu Quân đội và Nhân dân: Tổng Giám đốc Cityland Bùi Mạnh Hưng, Bộ trưởng Quốc phòng Phùng Quang Thanh và Đại tá Phùng Quang Hải",https://www.khoi8406.com/post/quanlambao/lien-minh-en-toi-hut-mau-quan-oi-va-832f5247c72.html,1
"Thư ngỏ ý về ""Chân Dung Quyền Lực""",https://www.khoi8406.com/post/quanlambao/thu-ngo-y-ve-chan-dung-quyen-luc-b073326030a.html,1
"Đại tướng Phùng Quang Thanh, Đại tá Phùng Quang Hải đã dùng Tổng công ty 319 để lũng đoạn kinh tế quân đội, vơ vét tài sản Nhân dân như thế nào?",https://www.khoi8406.com/post/quanlambao/ai-tuong-phung-quang-thanh-ai-ta-phung-a83f48633d5.html,1
"Thà một phút huy hoàng rồi ""sáng mãi""",https://www.khoi8406.com/post/quanlambao/tha-mot-phut-huy-hoang-roi-sang-mai-922cc8786e0.html,1
Khoảng im lặng sấm sét của Nguyễn Xuân Phúc,https://www.khoi8406.com/post/quanlambao/khoang-im-lang-sam-set-cua-nguyen-xuan-75f45b74b61.html,1
Sĩ phu Việt Nam đấu trí với khối quyền lực Trung Nam Hải,https://www.khoi8406.com/post/quanlambao/si-phu-viet-nam-au-tri-voi-khoi-quyen-426009854f4.html,1
Chó Bắc Kinh,https://www.khoi8406.com/post/quanlambao/cho-bac-kinh_9-8362ce1ec0a.html,1
"Ông Phùng Quang Thanh: ông có thể cho biết những điểm nào trong khối tài sản khổng lồ sau đây là xuyên tạc, bịa đặt?",https://www.khoi8406.com/post/quanlambao/ong-phung-quang-thanh-ong-co-cho-biet-1297e9b7e1e.html,1
Chuyên cơ đưa ông Nguyễn Bá Thanh đã rời Alaska đến Osaka và sẽ hạ cánh xuống Đà Nẵng vào đúng 08:35 tối nay 9/1/2015,https://www.khoi8406.com/post/quanlambao/chuyen-co-ua-ong-nguyen-ba-thanh-roi-15491bfe8b5.html,1
Vì chúng là...,https://www.khoi8406.com/post/quanlambao/vi-chung-la-08536145d81.html,1
Vì nó là thái thú!,https://www.khoi8406.com/post/quanlambao/vi-no-la-thai-thu-35706b96455.html,1
Lời ngỏ đầu năm của một công dân Việt Nam,https://www.khoi8406.com/post/quanlambao/loi-ngo-au-nam-cua-mot-cong-dan-viet-nam-f1b578c5a19.html,1
"Đề nghị TW thanh tra khối tài sản hàng nghìn tỷ của Vũ Chí Hùng, con rể Phó thủ tướng Nguyễn Xuân Phúc",https://www.khoi8406.com/post/quanlambao/e-nghi-tw-thanh-tra-khoi-tai-san-hang-5034581eab5.html,1
Bao nhiêu ông Trần Văn Truyền mới bằng một Phó Thủ tướng Nguyễn Xuân Phúc?,https://www.khoi8406.com/post/quanlambao/bao-nhieu-ong-tran-van-truyen-moi-bang-0ddf574ef26.html,1
"Bổ nhiệm cấp tập hàng loạt cán bộ cấp Vụ, Chủ nhiệm VPCP Nguyễn Xuân Phúc đã vơ vét được bao nhiêu? Chức Vụ trưởng giá $ nửa triệu đô Mỹ!",https://www.khoi8406.com/post/quanlambao/bo-nhiem-cap-tap-hang-loat-can-bo-cap-f0cf745370d.html,1
Những cánh hoa xuân tuyệt vời,https://www.khoi8406.com/post/quanlambao/nhung-canh-hoa-xuan-tuyet-voi-d28f4acd412.html,1
"Hội nghị trung ương 10 khai mạc, sẽ 'lấy phiếu tín nhiệm' các ủy viên bộ chính trị",https://www.khoi8406.com/post/quanlambao/hoi-nghi-trung-uong-10-khai-mac-se-lay-fd5e648d099.html,1
Không chệch hướng đấu tranh,https://www.khoi8406.com/post/quanlambao/khong-chech-huong-au-tranh-167454ab068.html,1
"Tin cập nhật: Ông Nguyễn Bá Thanh sẽ được đưa về Đà Nẵng vào lúc 08:35 tối thứ ba, ngày 6/1/2015!",https://www.khoi8406.com/post/quanlambao/tin-cap-nhat-ong-nguyen-ba-thanh-se-uoc-e5d4539f000.html,1
"Sự thật kinh hoàng: Không qua khỏi cú đầu độc hèn hạ của Nguyễn Xuân Phúc, ông Nguyễn Bá Thanh sẽ được đưa về Đà Nẵng chiều ngày 2/1/2015",https://www.khoi8406.com/post/quanlambao/su-that-kinh-hoang-khong-qua-khoi-cu-au-70e67e94424.html,1
Ai đã đầu độc phóng xạ ông Nguyễn Bá Thanh?,https://www.khoi8406.com/post/quanlambao/ai-au-oc-phong-xa-ong-nguyen-ba-thanh-c83c45f2ce5.html,1
Thơ Xuân Năm Mới,https://www.khoi8406.com/post/quanlambao/tho-xuan-nam-moi-ef92e5a2962.html,1
"Thông điệp 2015 của Trần Đại Quang: Trấn áp dân oan khiếu kiện, công nhân đình công và những ai nói xấu lãnh đạo thuần phục Bắc Kinh",https://www.khoi8406.com/post/quanlambao/thong-iep-2015-cua-tran-ai-quang-tran-76e3bd10646.html,1
Tôi tiễn anh lên đường,https://www.khoi8406.com/post/quanlambao/toi-tien-anh-len-uong-7811ff170cf.html,1
Liệu lịch sử có lặp lại?,https://www.khoi8406.com/post/quanlambao/lieu-lich-su-co-lap-lai-e4a24f13f2a.html,1
2015 vùng lên cứu nước,https://www.khoi8406.com/post/quanlambao/2015-vung-len-cuu-nuoc-5bc2ae4f852.html,1
Nỗi buồn cuối năm!,https://www.khoi8406.com/post/quanlambao/noi-buon-cuoi-nam-ea7439518ad.html,1
,https://www.khoi8406.com/post/quanlambao/tam-tinh-cuoi-nam-581187edc7c.html,1
Nguyễn Tấn Dũng - Tên cà chớn chống xâm lăng!,https://www.khoi8406.com/post/quanlambao/nguyen-tan-dung-ten-ca-chon-chong-xam-b58d57597d9.html,1
Câu chuyện Nô-En (*),https://www.khoi8406.com/post/quanlambao/cau-chuyen-no-en-cd7d0feae59.html,1
Noel buồn!,https://www.khoi8406.com/post/quanlambao/noel-buon-18f1c820d53.html,1
CHÚC MỪNG GIÁNG SINH và NĂM MỚI 2015,https://www.khoi8406.com/post/quanlambao/chuc-mung-giang-sinh-va-nam-moi-2015-00af91b74c5.html,1
Hương Xuân Trên Những Lớp Áo Tù,https://www.khoi8406.com/post/quanlambao/huong-xuan-tren-nhung-lop-ao-tu-738d1fd31c0.html,1
"ĐM vẫn chưa chết - ĐM chưa khai, chưa được chết",https://www.khoi8406.com/post/quanlambao/m-van-chua-chet-m-chua-khai-chua-uoc-9f43e17c728.html,1
TBT Nguyễn Phú Trọng ngồi lên đầu Chủ tịch nước Trương Tấn Sang!?,https://www.khoi8406.com/post/quanlambao/tbt-nguyen-phu-trong-ngoi-len-au-chu-bc25e6e523c.html,1
Đã Dân-chủ thì Không Cộng-sản,https://www.khoi8406.com/post/quanlambao/a-dan-chu-thi-khong-cong-san-35aed66400a.html,1
Trăm năm trồng người,https://www.khoi8406.com/post/quanlambao/tram-nam-trong-nguoi-579743464be.html,1
Thu Điếu Thời Sản,https://www.khoi8406.com/post/quanlambao/thu-ieu-thoi-san-6929878bc03.html,1
Lửa cháy nhà lòi ra mặt chuột,https://www.khoi8406.com/post/quanlambao/lua-chay-nha-loi-ra-mat-chuot-2e3f03e255c.html,1
Giải tán đảng cộng sản để cứu nước mệnh lệnh của Dân Tộc Việt Nam,https://www.khoi8406.com/post/quanlambao/giai-tan-ang-cong-san-e-cuu-nuoc-menh-e2fdea63be1.html,1
Mấy lời dạy bảo côn an,https://www.khoi8406.com/post/quanlambao/may-loi-day-bao-con-an_14-f329206aca8.html,1
Sài Gòn ơi - Việt Nam ơi,https://www.khoi8406.com/post/quanlambao/sai-gon-oi-viet-nam-oi-c461d33ef91.html,1
Ai Về?,https://www.khoi8406.com/post/quanlambao/ai-ve-0d60991078f.html,1
Những Tên Hề!,https://www.khoi8406.com/post/quanlambao/nhung-ten-he-ee0df50482f.html,1
Lạm bàn về hai chữ Hèn Nhát,https://www.khoi8406.com/post/quanlambao/lam-ban-ve-hai-chu-hen-nhat-80da50da78f.html,1
Thương một vầng trăng - Minh Hằng và dáng đứng,https://www.khoi8406.com/post/quanlambao/thuong-mot-vang-trang-minh-hang-va-dang-fa3c983dc37.html,1
Hãy lấy Nam Bắc Hàn để nêu lên hình ảnh Việt Nam,https://www.khoi8406.com/post/quanlambao/hay-lay-nam-bac-han-e-neu-len-hinh-anh-52eef472e15.html,1
Thư cuối năm gởi tất cả các lãnh đạo CSVN,https://www.khoi8406.com/post/quanlambao/thu-cuoi-nam-goi-tat-ca-cac-lanh-ao-csvn-c2532b7d15d.html,1
Sợi dây thòng lọng 258 của lũ con hoang,https://www.khoi8406.com/post/quanlambao/soi-day-thong-long-258-cua-lu-con-hoang-d5a1bb2b6dc.html,1
Ai là những con người trơ trẽn và lì lợm?,https://www.khoi8406.com/post/quanlambao/ai-la-nhung-con-nguoi-tro-tren-va-li-lom-bde8af6513a.html,1
Tiến trình đàm phán bí mật Thành Đô 1990 (Kỳ 9),https://www.khoi8406.com/post/quanlambao/tien-trinh-am-phan-bi-mat-thanh-o-1990-1f8e3a73a53.html,1
16 đống vàng khè!,https://www.khoi8406.com/post/quanlambao/16-ong-vang-khe-27a289e4b44.html,1
"""Thằng láng giềng""",https://www.khoi8406.com/post/quanlambao/thang-lang-gieng-515b56e6645.html,1
Đặng Chí Hùng: BẢN CÁO TRẠNG TỘI ÁC CỦA ĐẢNG CSVN VÀ HỒ CHÍ MINH (phần 6),https://www.khoi8406.com/post/quanlambao/ang-chi-hung-ban-cao-trang-toi-ac-cua-315642afbf1.html,1
Hơn 20 điều nên biết về Nguyễn Ái Quốc và Hồ Chí Minh,https://www.khoi8406.com/post/quanlambao/hon-20-ieu-nen-biet-ve-nguyen-ai-quoc-fc43adb6af7.html,1
,https://www.khoi8406.com/post/quanlambao/toi-iu-gi-lo-oi-ta-len-huong-46ee15f56d4.html,1
BẮC KINH QUYẾT CẮT YẾT HẦU VIỆT NAM,https://www.khoi8406.com/post/quanlambao/bac-kinh-quyet-cat-yet-hau-viet-nam-fc137bd6c1e.html,1
Nói KHÔNG Với Cộng Sản! (Đặng Chí Hùng),https://www.khoi8406.com/post/quanlambao/noi-khong-voi-cong-san-ang-chi-hung-77370facf57.html,1
Hải Chiến Gạc Ma 1988,https://www.khoi8406.com/post/quanlambao/hai-chien-gac-ma-1988-f154d8ac02f.html,1
,https://www.khoi8406.com/post/quanlambao/en-bao-gio-moi-het-au-lan-nhau-c33324e1087.html,1
Những nhà đấu tranh cho Dân Chủ là những tấm gương cao cả,https://www.khoi8406.com/post/quanlambao/nhung-nha-au-tranh-cho-dan-chu-la-nhung-6cfd11453a2.html,1
Hồ Chí Minh: Kẻ trộm thơ,https://www.khoi8406.com/post/quanlambao/ho-chi-minh-ke-trom-tho-730c14c0455.html,1
Kinh tế Việt Nam sẽ sụp đổ trong những năm sắp tới?!,https://www.khoi8406.com/post/quanlambao/kinh-te-viet-nam-se-sup-o-trong-nhung-0867ccf9129.html,1
Đảng CSVN là kẻ thù của dân tộc,https://www.khoi8406.com/post/quanlambao/ang-csvn-la-ke-thu-cua-dan-toc-9ea25dd01d6.html,1
"Thảo luận chính trị giữa Mặc Lâm, Blogger Điếu Cày và TS Cù Huy Hà Vũ",https://www.khoi8406.com/post/quanlambao/thao-luan-chinh-tri-giua-mac-lam-b39eadd8f80.html,1
Mục tiêu khác của Dự án Long Thành: Đất ở sân bay Tân Sơn Nhất,https://www.khoi8406.com/post/quanlambao/muc-tieu-khac-cua-du-long-thanh-at-o-f33210962f9.html,1
Đôi Dép Điếu Cày,https://www.khoi8406.com/post/quanlambao/oi-dep-ieu-cay-b0582d74f47.html,1
"""VỪA HỢP TÁC, VỪA ĐẤU TRANH"" VỚI KẺ THÙ XÂM LƯỢC ... ĐƯỢC SAO ?",https://www.khoi8406.com/post/quanlambao/vua-hop-tac-vua-au-tranh-voi-ke-thu-xam-12b6e67df00.html,1
Tạ Phong Tần người phụ nữ phi thường,https://www.khoi8406.com/post/quanlambao/ta-phong-tan-nguoi-phu-nu-phi-thuong-14b400168a1.html,1
Thư ngỏ gửi “người khuất mặt khuất mày”,https://www.khoi8406.com/post/quanlambao/thu-ngo-gui-nguoi-khuat-mat-khuat-may-dc607680b2f.html,1
Người tố cáo lãnh đạo nhà nước bị suy kiệt sức khoẻ trong tù - Lê Thị Phương Anh,https://www.khoi8406.com/post/quanlambao/nguoi-to-cao-lanh-ao-nha-nuoc-bi-suy-0ab68dd0911.html,1
MỘT BÍ ẨN LỊCH SỬ: HỒ CHÍ MINH VÀ NGUYỄN TẤT THÀNH LÀ MỘT HAY HAI NGƯỜI KHÁC NHAU ?,https://www.khoi8406.com/post/quanlambao/mot-bi-lich-su-ho-chi-minh-va-nguyen-c459c0e3f47.html,1
"Họa vô đơn chí, phúc bất trùng lai!",https://www.khoi8406.com/post/quanlambao/hoa-vo-on-chi-phuc-bat-trung-lai-91f2cf998e1.html,1
Ảnh trong tuần,https://www.khoi8406.com/post/quanlambao/anh-trong-tuan-2edea30c638.html,1
Phe Nguyễn Tấn Dũng thua đậm trong cuộc đấu đá lấy phiếu tín nhiệm 2014,https://www.khoi8406.com/post/quanlambao/phe-nguyen-tan-dung-thua-am-trong-cuoc-c23a4021013.html,1
Tiến trình đàm phán bí mật Thành Đô 1990 - Kỳ 3,https://www.khoi8406.com/post/quanlambao/tien-trinh-am-phan-bi-mat-thanh-o-1990-1447e3c40bb.html,1
Ganh nhau vì tiếng gáy!,https://www.khoi8406.com/post/quanlambao/ganh-nhau-vi-tieng-gay-607b1bef643.html,1
Đừng nói và làm lợi cho CSVN,https://www.khoi8406.com/post/quanlambao/ung-noi-va-lam-loi-cho-csvn-b8c14138bd9.html,1
"Nắm trọn sự ngu si và quyền hành trong tay, CSVN đã phá nát nước ta!",https://www.khoi8406.com/post/quanlambao/nam-tron-su-ngu-si-va-quyen-hanh-trong-08a5332b591.html,1
Chân dung những kẻ sẽ tống tuổi trẻ Việt Nam ra chiến trường,https://www.khoi8406.com/post/quanlambao/chan-dung-nhung-ke-se-tong-tuoi-tre-d79aa8c1210.html,1
Dũng Lò Vôi tố cáo Chủ tịch tỉnh Bình Dương Lê Thanh Cung,https://www.khoi8406.com/post/quanlambao/dung-lo-voi-to-cao-chu-tich-tinh-binh-5be9564fc9a.html,1
TRUNG QUỐC NỔI DẬY KHẮP NƠI !,https://www.khoi8406.com/post/quanlambao/trung-quoc-noi-day-khap-noi-5b4bf3f9357.html,1
TRẦN ĐĨNH VÀ ĐÈN CÙ : ĐÃ NÓI HẾT CHƯA ?,https://www.khoi8406.com/post/quanlambao/tran-inh-va-en-cu-noi-het-chua-89d2f102197.html,1
Hội nghị Thành Đô đời đời bền vững,https://www.khoi8406.com/post/quanlambao/hoi-nghi-thanh-o-oi-oi-ben-vung-45cc0d224c7.html,1
Quê Hương!,https://www.khoi8406.com/post/quanlambao/que-huong-b8bb16fe14a.html,1
Từ bỏ đảng Cộng sản là yêu nước,https://www.khoi8406.com/post/quanlambao/tu-bo-ang-cong-san-la-yeu-nuoc-2517ac3b681.html,1
Khu kinh tế do Trung Quốc đầu tư lớn ở Hà Tĩnh bất ngờ đòi tự trị(SBTN),https://www.khoi8406.com/post/quanlambao/khu-kinh-te-do-trung-quoc-au-tu-lon-o-29113a63b67.html,1
Không thể nào nhìn một đất nước thê thảm như thế này,https://www.khoi8406.com/post/quanlambao/khong-nao-nhin-mot-at-nuoc-tham-nhu-nay-b1ce96ca11f.html,1
"Đ M chưa khai, chưa được chết",https://www.khoi8406.com/post/quanlambao/m-chua-khai-chua-uoc-chet-d5a6ca492f8.html,1
LS Lê Công Định: Công lao Tổng thống Ngô Đình Diệm cần được tôn vinh,https://www.khoi8406.com/post/quanlambao/ls-le-cong-inh-cong-lao-tong-thong-ngo-2b44ffcfa2a.html,1
Video: Hội luận cùng blogger Điếu Cày,https://www.khoi8406.com/post/quanlambao/video-hoi-luan-cung-blogger-ieu-cay-958b5bce561.html,1
PHẠM NHẬT VƯỢNG SẼ BỊ BẮT SAU HÀ VĂN THẮM ?,https://www.khoi8406.com/post/quanlambao/pham-nhat-vuong-se-bi-bat-sau-ha-van-08a5787f96c.html,1
Những con thú hoang!,https://www.khoi8406.com/post/quanlambao/nhung-con-thu-hoang-96f8557aa56.html,1
'Khẩu chiến' giữa thủ tướng và chủ tịch nước về nợ nần,https://www.khoi8406.com/post/quanlambao/khau-chien-giua-thu-tuong-va-chu-tich-2ae3ea763e1.html,1
Những con chó hoang!,https://www.khoi8406.com/post/quanlambao/nhung-con-cho-hoang-776cbe4c57c.html,1
Hãy góp sức đấu tranh bằng những hành động cụ thể,https://www.khoi8406.com/post/quanlambao/hay-gop-suc-au-tranh-bang-nhung-hanh-0b1ea1e627f.html,1
Nhìn Điếu Cày nhớ Tạ Phong Tần,https://www.khoi8406.com/post/quanlambao/nhin-ieu-cay-nho-ta-phong-tan-79b084d2571.html,1
Vì sao Việt Nam còn nghèo!?,https://www.khoi8406.com/post/quanlambao/vi-sao-viet-nam-con-ngheo-7d91ba5fc80.html,1
Việt Nam đã mất chủ quyền biển vào tay Trung cộng,https://www.khoi8406.com/post/quanlambao/viet-nam-mat-chu-quyen-bien-vao-tay-b898708d9a9.html,1
Tiến trình đàm phán bí mật Thành Đô 1990 (Kỳ 1),https://www.khoi8406.com/post/quanlambao/tien-trinh-am-phan-bi-mat-thanh-o-1990-dfbc4bc2357.html,1
"Chế độ buôn dân, bán nước",https://www.khoi8406.com/post/quanlambao/che-o-buon-dan-ban-nuoc-829cbd3fa9b.html,1
Cho một người vừa xa lìa đất Mẹ,https://www.khoi8406.com/post/quanlambao/cho-mot-nguoi-vua-xa-lia-at-me-ef6856b2393.html,1
Cộng sản Việt Nam làm “đứa con hoang” giặc Tàu thật sao?!,https://www.khoi8406.com/post/quanlambao/cong-san-viet-nam-lam-ua-con-hoang-giac-fc179f18af0.html,1
Đôi dép Điếu Cày,https://www.khoi8406.com/post/quanlambao/oi-dep-ieu-cay-7ed50e95b41.html,1
Thủ tướng phá ‘sân sau’ của chủ tịch quốc hội Nguyễn Sinh Hùng,https://www.khoi8406.com/post/quanlambao/thu-tuong-pha-san-sau-cua-chu-tich-quoc-a4cc2b92e1a.html,1
Thông điệp Điếu Cày nhắn gửi sau khi đến bờ Tự Do,https://www.khoi8406.com/post/quanlambao/thong-iep-ieu-cay-nhan-gui-sau-khi-en-9c899a4b26d.html,1
Hội Nghị Thành Đô: đâu là sự thật?,https://www.khoi8406.com/post/quanlambao/hoi-nghi-thanh-o-au-la-su-that-dac8735a599.html,1
Dương Khiết Trì lại sang Việt Nam,https://www.khoi8406.com/post/quanlambao/duong-khiet-tri-lai-sang-viet-nam-69353136259.html,1
Tự Do - Tự Do,https://www.khoi8406.com/post/quanlambao/tu-do-tu-do-d709e84390d.html,1
Ho Chi Minh as Commander Hu Guang in China,https://www.khoi8406.com/post/quanlambao/ho-chi-minh-as-commander-hu-guang-in-5b79e0a0a23.html,1
"Phùng Quang Thanh: kẻ thù của Tổ Quốc phải là bạn của ""đảng ta""",https://www.khoi8406.com/post/quanlambao/phung-quang-thanh-ke-thu-cua-to-quoc-b5a801c5861.html,1
,https://www.khoi8406.com/post/quanlambao/trung-quoc-cai-nguoi-cua-ho-vao-cac-bo_20-d34dec2656a.html,1
Những sự thật cần phải biết (Phần 34): Tư “Sâu” tham nhũng và bán nước,https://www.khoi8406.com/post/quanlambao/nhung-su-that-can-phai-biet-phan-34-tu-13458363bfe.html,1
Vai trò bán nước của Đồng Tàu ở Lầu Xanh Thành Đô,https://www.khoi8406.com/post/quanlambao/vai-tro-ban-nuoc-cua-ong-tau-o-lau-xanh-6ec3a91ae45.html,1
Lý Bằng tiết lộ hội nghị Thành Đô 1990,https://www.khoi8406.com/post/quanlambao/ly-bang-tiet-lo-hoi-nghi-thanh-o-1990-088f53d7a47.html,1
Biển hận!,https://www.khoi8406.com/post/quanlambao/bien-han-f06f08ebd1f.html,1
Con gái ruột của ông Nông Đức Mạnh viết đơn tố cáo bà Đỗ Thị Huyền Tâm (Vợ mới cưới của ông Nông Đức Mạnh),https://www.khoi8406.com/post/quanlambao/con-gai-ruot-cua-ong-nong-uc-manh-viet-80310c07304.html,1
,https://www.khoi8406.com/post/quanlambao/ngay-tan-cua-cong-san-en-7844f11a307.html,1
Hành quyền hưởng lợi được ngày nào hay ngày đó!!!,https://www.khoi8406.com/post/quanlambao/hanh-quyen-huong-loi-uoc-ngay-nao-hay-fd29085cfc0.html,1
Nhà văn Nguyễn Xuân Nghĩa: Mật ước Thành Đô phải được bạch hóa,https://www.khoi8406.com/post/quanlambao/nha-van-nguyen-xuan-nghia-mat-uoc-thanh-5579a8fa06e.html,1
Anh Thư Nước Việt,https://www.khoi8406.com/post/quanlambao/anh-thu-nuoc-viet-d2576fa2d74.html,1
Phạm Thanh Nghiên: Hãy đến vì chúng tôi cần các bạn!,https://www.khoi8406.com/post/quanlambao/pham-thanh-nghien-hay-en-vi-chung-toi-d564cb8dd43.html,1
Hong Kong: Hàng chục ngàn người tiếp tục biểu tình đòi dân chủ,https://www.khoi8406.com/post/quanlambao/hong-kong-hang-chuc-ngan-nguoi-tiep-tuc-49366ee2588.html,1
"Hồ Chí Minh, một gián điệp hoàn hảo (Kỳ 12)",https://www.khoi8406.com/post/quanlambao/ho-chi-minh-mot-gian-iep-hoan-hao-ky-12-5108f9fb3fb.html,1
Đứa nào bán nước!?,https://www.khoi8406.com/post/quanlambao/ua-nao-ban-nuoc-d535965dc6a.html,1
"Lời kêu gọi thực thi Quyền Được Biết của người dân: ""Yêu cầu Quốc hội bạch hóa Hội nghị Thành Đô""",https://www.khoi8406.com/post/quanlambao/loi-keu-goi-thuc-thi-quyen-uoc-biet-cua-f245adc463a.html,1
"Ban Tuyên giáo TW tung tài liệu Hội nghị Thành Đô, cuống cuồng đối phó chiến dịch Chúng Tôi Muốn Biết",https://www.khoi8406.com/post/quanlambao/ban-tuyen-giao-tw-tung-tai-lieu-hoi-4fb3e1f875e.html,1
Trung Quốc phản đối Mỹ bán vũ khí cho Việt Nam,https://www.khoi8406.com/post/quanlambao/trung-quoc-phan-oi-my-ban-vu-khi-cho-c1ef8de8209.html,1
Mai tôi đưa em,https://www.khoi8406.com/post/quanlambao/mai-toi-ua-em_11-702e2546a1d.html,1
Chuột nào?,https://www.khoi8406.com/post/quanlambao/chuot-nao-bc61131a306.html,1
Về Hội Nghị Thành Đô,https://www.khoi8406.com/post/quanlambao/ve-hoi-nghi-thanh-o-a08a1551a28.html,1
Nguyễn Phú Trọng tạo phản?,https://www.khoi8406.com/post/quanlambao/nguyen-phu-trong-tao-phan-40f941418be.html,1
Một tỉ người Tàu,https://www.khoi8406.com/post/quanlambao/mot-ti-nguoi-tau-e73f7c8f141.html,1
Tiên sư lũ mặt dầy!,https://www.khoi8406.com/post/quanlambao/tien-su-lu-mat-day-ece2bbd88f9.html,1
Gởi ai nước mắt Quê Hương,https://www.khoi8406.com/post/quanlambao/goi-ai-nuoc-mat-que-huong-c09b5a41f1c.html,1
Bắc Kinh vừa gửi một thông điệp lạnh xương đến cuộc cách mạng dù tại Hồng Kông,https://www.khoi8406.com/post/quanlambao/bac-kinh-vua-gui-mot-thong-iep-lanh-a74e8d4d410.html,1
SINH VIÊN SẼ TIẾP TỤC BIỂU TÌNH VÀO NGÀY THỨ HAI - BẤT CHẤP LỜI ĐE DỌA CỦA CẢNH SÁT HỒNG KÔNG!,https://www.khoi8406.com/post/quanlambao/sinh-vien-se-tiep-tuc-bieu-tinh-vao-83d4ce839a5.html,1
Mai tôi đưa em...,https://www.khoi8406.com/post/quanlambao/mai-toi-ua-em-9a955178f9b.html,1
Lời Mẹ Dạy,https://www.khoi8406.com/post/quanlambao/loi-me-day-0d965a7e624.html,1
Những sự thật chúng tôi đã biết! và tất cả người dân cần phải được biết!,https://www.khoi8406.com/post/quanlambao/nhung-su-that-chung-toi-biet-va-tat-ca-b58bd257cce.html,1
Thủ phạm tiếp tay TQ đánh chiếm Gạc Ma là ‘lãnh đạo cấp cao’,https://www.khoi8406.com/post/quanlambao/thu-pham-tiep-tay-tq-anh-chiem-gac-ma-fa452f27047.html,1
Sự đứng dậy của Hồng Kông sẽ đi đến đâu?,https://www.khoi8406.com/post/quanlambao/su-ung-day-cua-hong-kong-se-i-en-au-3f2359af137.html,1
Democracy for Hong Kong,https://www.khoi8406.com/post/quanlambao/democracy-for-hong-kong-5f4c43fc8ad.html,1
"Biểu tình Hong Kong: Dân Việt quan tâm, Ba Đình rung chấn",https://www.khoi8406.com/post/quanlambao/bieu-tinh-hong-kong-dan-viet-quan-tam-c50fdf5b47b.html,1
Có một người tù như thế,https://www.khoi8406.com/post/quanlambao/co-mot-nguoi-tu-nhu-the-8cfb9720e2b.html,1
Nỗi lòng,https://www.khoi8406.com/post/quanlambao/noi-long-963dc440484.html,1
Nước lạc nguồn xa mãi!,https://www.khoi8406.com/post/quanlambao/nuoc-lac-nguon-xa-mai-01e2fbb9ddd.html,1
CSVN một guồng máy xấu xa tệ hại nhất lịch sử,https://www.khoi8406.com/post/quanlambao/csvn-mot-guong-may-xau-xa-te-hai-nhat-b6564fcc15a.html,1
Những sự thật cần phải biết (phần 19) - Sự thật về Võ Nguyên Giáp,https://www.khoi8406.com/post/quanlambao/nhung-su-that-can-phai-biet-phan-19-su-90cebb5a58a.html,1
Đơn kiến nghị của bà Nguyễn Thị Vân (vợ thứ hai của ông Lê Duẩn) về Đại tướng Võ Nguyên Giáp,https://www.khoi8406.com/post/quanlambao/on-kien-nghi-cua-ba-nguyen-thi-van-vo-9063db0774d.html,1
Xin đừng quên! Nửa Thế kỷ trước...,https://www.khoi8406.com/post/quanlambao/xin-ung-quen-nua-ky-truoc-3a2e8f2a1e8.html,1
Những sự thật cần phải biết (Phần 33): Nô tài cho giặc - Phùng Quang Thanh,https://www.khoi8406.com/post/quanlambao/nhung-su-that-can-phai-biet-phan-33-no-73d22663581.html,1
HỒ CHÍ MINH CÓ MẤY VỢ và BAO NHIÊU NGƯỜI TÌNH LẺ ?,https://www.khoi8406.com/post/quanlambao/ho-chi-minh-co-may-vo-va-bao-nhieu-599217b7637.html,1
Nổi lửa lên em,https://www.khoi8406.com/post/quanlambao/noi-lua-len-em-d64860315cc.html,1
Khen bác khen đảng qua CCRĐ!,https://www.khoi8406.com/post/quanlambao/khen-bac-khen-ang-qua-ccr-a2f0cb00b83.html,1
Tướng CSVN xin tỵ nạn chính trị tại HK và tiết lộ âm mưu bán nước cho Tàu Cộng,https://www.khoi8406.com/post/quanlambao/tuong-csvn-xin-ty-nan-chinh-tri-tai-hk-a09960d1875.html,1
“Gorbachev” Tàu Tập Cận Bình đang xé nát Đảng Cộng Sản Trung Quốc !,https://www.khoi8406.com/post/quanlambao/gorbachev-tau-tap-can-binh-ang-xe-nat-a4ccc054045.html,1
Quê hương tôi!,https://www.khoi8406.com/post/quanlambao/que-huong-toi-25717ae35f2.html,1
Hiện nguyên hình!,https://www.khoi8406.com/post/quanlambao/hien-nguyen-hinh-2d9d98a95f9.html,1
Bàn chơi - kiếm tiền thiệt,https://www.khoi8406.com/post/quanlambao/ban-choi-kiem-tien-thiet-719bd8dcd20.html,1
,https://www.khoi8406.com/post/quanlambao/su-that-cua-ban-mot-su-that-ang-ghet-7728ab920f3.html,1
Dập mật!,https://www.khoi8406.com/post/quanlambao/dap-mat-dbfe6f2cec8.html,1
Các anh có biết?,https://www.khoi8406.com/post/quanlambao/cac-anh-co-biet-1e2ed9af7dd.html,1
Ảnh trong tuần,https://www.khoi8406.com/post/quanlambao/anh-trong-tuan-01c090dba6c.html,1
Dân oan vây hãm khiến triển lãm ‘cải cách ruộng đất’ phải đóng cửa đột ngột,https://www.khoi8406.com/post/quanlambao/dan-oan-vay-ham-khien-trien-lam-cai-ac16b0836ac.html,1
Hai bức thư Hồ Chí Minh gửi cho Stalin,https://www.khoi8406.com/post/quanlambao/hai-buc-thu-ho-chi-minh-gui-cho-stalin-09477b7088d.html,1
Chuyện ngày 'Cải Cách Ruộng Đất',https://www.khoi8406.com/post/quanlambao/chuyen-ngay-cai-cach-ruong-at-de70e8a3320.html,1
Câu chuyện của đội trưởng CCRĐ,https://www.khoi8406.com/post/quanlambao/cau-chuyen-cua-oi-truong-ccr-647fb140956.html,1
Triển lãm CCRĐ: Khoét thêm vết thương để bao che tội ác? - Phần I,https://www.khoi8406.com/post/quanlambao/trien-lam-ccr-khoet-them-vet-thuong-e-6ff9b629208.html,1
Tại sao Việt Nam không dám kiện Trung Cộng ra tòa?,https://www.khoi8406.com/post/quanlambao/tai-sao-viet-nam-khong-dam-kien-trung-c0cb23d83f3.html,1
Hồ Chí Minh và Cải cách ruộng đất,https://www.khoi8406.com/post/quanlambao/ho-chi-minh-va-cai-cach-ruong-at-9ad0b55ad06.html,1
Triển lãm CCRĐ: Khoét thêm vết thương để bao che tội ác? Phần II,https://www.khoi8406.com/post/quanlambao/trien-lam-ccr-khoet-them-vet-thuong-e_11-39dd550b229.html,1
Đặng Chí Hùng đến bến Tự Do,https://www.khoi8406.com/post/quanlambao/ang-chi-hung-en-ben-tu-do-d4095958f15.html,1
Bài thơ cho Đặng Chí Hùng và tuổi trẻ VN,https://www.khoi8406.com/post/quanlambao/bai-tho-cho-ang-chi-hung-va-tuoi-tre-vn-070faf1f54e.html,1
Nhà văn Nguyễn Xuân Nghĩa - người tù bất khuất trở về trong chiến thắng,https://www.khoi8406.com/post/quanlambao/nha-van-nguyen-xuan-nghia-nguoi-tu-bat-b9504fc01f9.html,1
ĐỌC LẠI HỒ SƠ BÁN NƯỚC: HỘI NGHỊ THÀNH ĐÔ 1990,https://www.khoi8406.com/post/quanlambao/oc-lai-ho-so-ban-nuoc-hoi-nghi-thanh-o-b0312fc1f77.html,1
Những sự thật không thể chối bỏ (phần 6) - Dù đau đớn nhưng vẫn là sự thật!,https://www.khoi8406.com/post/quanlambao/nhung-su-that-khong-choi-bo-phan-6-du-c71c483540b.html,1
Những sự thật không thể chối bỏ (phần 5) - Nỗi đau Cải Cách,https://www.khoi8406.com/post/quanlambao/nhung-su-that-khong-choi-bo-phan-5-noi-3dfd7525452.html,1
Trần Đĩnh và tác phẩm Đèn Cù,https://www.khoi8406.com/post/quanlambao/tran-inh-va-tac-pham-en-cu-fbcaeaec8e3.html,1
Ảnh cuối tuần,https://www.khoi8406.com/post/quanlambao/anh-cuoi-tuan-81c5665fdf1.html,1
Trung Thu - Biển Nhớ,https://www.khoi8406.com/post/quanlambao/trung-thu-bien-nho-4a04e9edf71.html,1
Đứa con hoang xin được trở về,https://www.khoi8406.com/post/quanlambao/ua-con-hoang-xin-uoc-tro-ve-1a2c3866bb8.html,1
Văn phòng Nhân quyền Liên Hiệp Quốc quan ngại về việc ba nhà hoạt động nhân quyền bị kết án tại Việt Nam,https://www.khoi8406.com/post/quanlambao/van-phong-nhan-quyen-lien-hiep-quoc-2350e9709bb.html,1
Công văn của Ban Tuyên giáo Trung ương về di chúc của Chủ tịch Hồ Chí Minh,https://www.khoi8406.com/post/quanlambao/cong-van-cua-ban-tuyen-giao-trung-uong-ae5a73b57b2.html,1
Tôi muốn biết,https://www.khoi8406.com/post/quanlambao/toi-muon-biet-d72aa667848.html,1
Quyền lực phát ra từ nòng súng!,https://www.khoi8406.com/post/quanlambao/quyen-luc-phat-ra-tu-nong-sung-cf5ca358320.html,1
Chúng Tôi Muốn Biết,https://www.khoi8406.com/post/quanlambao/chung-toi-muon-biet-b8ea873e588.html,1
Tập Cận Bình chuẩn bị hạ bệ Giang Trạch Dân,https://www.khoi8406.com/post/quanlambao/tap-can-binh-chuan-bi-ha-be-giang-trach-33447792e59.html,1
Bước Đường Cùng cho Giang Trạch Dân ở Thượng Hải,https://www.khoi8406.com/post/quanlambao/buoc-uong-cung-cho-giang-trach-dan-o_31-c68675d5165.html,1
Hàng tấn vàng ròng bị đào bán ra nước ngoài,https://www.khoi8406.com/post/quanlambao/hang-tan-vang-rong-bi-ao-ban-ra-nuoc-8c68ebc9db9.html,1
Quốc Khánh phải là ngày: Đánh dấu chấm dứt chế độ “độc tài”,https://www.khoi8406.com/post/quanlambao/quoc-khanh-phai-la-ngay-anh-dau-cham-39444192616.html,1
,https://www.khoi8406.com/post/quanlambao/vang-trang-khuat-mai-8b4e9622d6f.html,1
Thu,https://www.khoi8406.com/post/quanlambao/thu-0b0281934fc.html,1
TẶNG NHỮNG BẠN KHÔNG QUAN TÂM ĐẾN CHÍNH TRỊ - Ảnh cuối tuần,https://www.khoi8406.com/post/quanlambao/tang-nhung-ban-khong-quan-tam-en-chinh-d7bec7008de.html,1
Dáng quì của bầy thú!,https://www.khoi8406.com/post/quanlambao/dang-qui-cua-bay-thu-d296bbce30e.html,1
Nếu Việt Nam rơi vào kịch bản nhiều ngân hàng cùng lúc sụp đổ?,https://www.khoi8406.com/post/quanlambao/neu-viet-nam-roi-vao-kich-ban-nhieu-e13d29d9243.html,1
ÔNG CHỦ TẬP CẬN BÌNH VÀ CON NỢ VIỆT NAM,https://www.khoi8406.com/post/quanlambao/ong-chu-tap-can-binh-va-con-no-viet-nam-37af1de3db8.html,1
Người dân Việt Nam sẽ ra sao khi nhà nước …vỡ nợ?,https://www.khoi8406.com/post/quanlambao/nguoi-dan-viet-nam-se-ra-sao-khi-nha-183cbb632be.html,1
Minh Hằng và dáng đứng,https://www.khoi8406.com/post/quanlambao/minh-hang-va-dang-ung-2a46cfb7272.html,1
Những con chó trung thành của chủ Bắc Kinh,https://www.khoi8406.com/post/quanlambao/nhung-con-cho-trung-thanh-cua-chu-bac-a7f091a80ae.html,1
Đặc phái viên TBT Nguyễn Phú Trọng sang TQ mật họp đúng vào ngày xử Bùi Hằng,https://www.khoi8406.com/post/quanlambao/ac-phai-vien-tbt-nguyen-phu-trong-sang-3ec2b6d910a.html,1
"Ngư dân hy sinh bám biển, bộ đội kiên quyết bám bờ, Đảng (ta) quyết tâm bám Tàu (cộng)",https://www.khoi8406.com/post/quanlambao/ngu-dan-hy-sinh-bam-bien-bo-oi-kien-fb5f8deb254.html,1
Phản ứng của một số Blogger Việt Nam sau phiên xử người yêu nước ngày 26/8/2014,https://www.khoi8406.com/post/quanlambao/phan-ung-cua-mot-so-blogger-viet-nam-84bacea2491.html,1
Ai xử ai?,https://www.khoi8406.com/post/quanlambao/ai-xu-ai-d2ef4161f7d.html,1
Google cung cấp internet miễn phí cho toàn cầu .,https://www.khoi8406.com/post/quanlambao/google-cung-cap-internet-mien-phi-cho-72b9c1f60df.html,1
Phiếm Một Chút Về “Chính Danh”,https://www.khoi8406.com/post/quanlambao/phiem-mot-chut-ve-chinh-danh-dd79b8e0c62.html,1
Bắt lộ diện để hiện nguyên hình !!!,https://www.khoi8406.com/post/quanlambao/bat-lo-dien-e-hien-nguyen-hinh-be9068ce303.html,1
Giải pháp đầu hàng cho biển Đông!!!,https://www.khoi8406.com/post/quanlambao/giai-phap-au-hang-cho-bien-ong-4ff1cdfec9d.html,1
Đời đen như mõm chó!,https://www.khoi8406.com/post/quanlambao/oi-en-nhu-mom-cho-9ef5dc8ab03.html,1
Trong tăm tối hãy vùng lên,https://www.khoi8406.com/post/quanlambao/trong-tam-toi-hay-vung-len-ab8db4cb957.html,1
Ảnh trong tuần và những câu chuyện,https://www.khoi8406.com/post/quanlambao/anh-trong-tuan-va-nhung-cau-chuyen-70dc9465ea1.html,1
"Những nụ hôn vượt ""biên giới"" của ""Bác""",https://www.khoi8406.com/post/quanlambao/nhung-nu-hon-vuot-bien-gioi-cua-bac-b3461072e6d.html,1
"Ba tháng mất một tỉ đôla, bao giờ Việt Nam vỡ nợ?",https://www.khoi8406.com/post/quanlambao/ba-thang-mat-mot-ti-ola-bao-gio-viet-3c4cd89444d.html,1
BẮC TRIỀU ĐƯA NHIỀU ĐƠN VỊ THIỆN CHIẾN VÀ CHIẾN XA TỚI GẦN BIÊN GIỚI TRUNG QUỐC!,https://www.khoi8406.com/post/quanlambao/bac-trieu-ua-nhieu-on-vi-thien-chien-va-864482d41a5.html,1
Hồ Chí Minh! Tính sao đây?,https://www.khoi8406.com/post/quanlambao/ho-chi-minh-tinh-sao-ay-3a54529b7b6.html,1
BAO GIỜ NGƯỜI NÔNG DÂN NỔI DẬY?,https://www.khoi8406.com/post/quanlambao/bao-gio-nguoi-nong-dan-noi-day-e6b81bbd0ba.html,1
Tài đóng kịch của Hồ Chí Minh dưới mắt học giả Tây phương,https://www.khoi8406.com/post/quanlambao/tai-ong-kich-cua-ho-chi-minh-duoi-mat-d67abd67970.html,1
Hồ Chí Minh - một gián điệp hoàn hảo (Kỳ 6),https://www.khoi8406.com/post/quanlambao/ho-chi-minh-mot-gian-iep-hoan-hao-ky-6-9c77d2c631f.html,1
“Legal terrorism” và những thủ đoạn chụp mũ!,https://www.khoi8406.com/post/quanlambao/legal-terrorism-va-nhung-thu-oan-chup-mu-df2c250442c.html,1
Thủ tướng lại giở thói côn đồ,https://www.khoi8406.com/post/quanlambao/thu-tuong-lai-gio-thoi-con-o-e9dd4fbbf51.html,1
Một thứ “giấy mời” ngang ngược của Công an Đồng Nai,https://www.khoi8406.com/post/quanlambao/mot-thu-giay-moi-ngang-nguoc-cua-cong-3d8b7b0f62c.html,1
Các Anh là Quê Hương,https://www.khoi8406.com/post/quanlambao/cac-anh-la-que-huong-cc2eb4c6100.html,1
“Gorbachev” Tàu đang xé nát Đảng Cộng sản,https://www.khoi8406.com/post/quanlambao/gorbachev-tau-ang-xe-nat-ang-cong-san-de119b0ee1e.html,1
Mai anh về,https://www.khoi8406.com/post/quanlambao/mai-anh-ve-ee596c4f855.html,1
"Ai thắng, ai bại? Ngày mai sẽ tỏ",https://www.khoi8406.com/post/quanlambao/ai-thang-ai-bai-ngay-mai-se-to-70e4b7f6b48.html,1
Con đường phản động?,https://www.khoi8406.com/post/quanlambao/con-uong-phan-ong-97919ebe2d0.html,1
Nếu Việt Nam vỡ nợ công,https://www.khoi8406.com/post/quanlambao/neu-viet-nam-vo-no-cong-178a70be3ce.html,1
CHUYỆN DÀI “NỘI TÌNH TRUNG QUỐC” (TT) (2),https://www.khoi8406.com/post/quanlambao/chuyen-dai-noi-tinh-trung-quoc-tt-2-091b9f5c872.html,1
5 “hổ lớn” nối gót Chu Vĩnh Khang là ai?,https://www.khoi8406.com/post/quanlambao/5-ho-lon-noi-got-chu-vinh-khang-la-ai-eb66eff83c7.html,1
Đại tướng Mỹ Martin Dempsey thăm VN,https://www.khoi8406.com/post/quanlambao/ai-tuong-my-martin-dempsey-tham-vn-4166604d307.html,1
Vụ thảm sát ‘thế giới chưa từng biết đến’,https://www.khoi8406.com/post/quanlambao/vu-tham-sat-gioi-chua-tung-biet-en-f38d4415c49.html,1
Đồng trụ chiết - Giao Chỉ diệt?,https://www.khoi8406.com/post/quanlambao/ong-tru-chiet-giao-chi-diet-7efdd5ed54d.html,1
Con Tắc Kè CSVN sẽ đổi màu?,https://www.khoi8406.com/post/quanlambao/con-tac-ke-csvn-se-oi-mau-fc9d4787eb9.html,1
"Tổng Bí thư khẳng định, Ðảng và Nhà nước Việt Nam coi Hoa Kỳ là một đối tác quan trọng hàng đầu của Việt Nam",https://www.khoi8406.com/post/quanlambao/tong-bi-thu-khang-inh-ang-va-nha-nuoc-815f399b299.html,1
TRUNG CỘNG KHÓ THOÁT KHỎI THIÊN LA ĐỊA VÕNG CỦA HOA KỲ -,https://www.khoi8406.com/post/quanlambao/trung-cong-kho-thoat-khoi-thien-la-ia-7c2793e47a9.html,1
"VC Cuồng sát Dân Làng Tân Lập, Xuân Lộc, Long Khánh 21-4-1975",https://www.khoi8406.com/post/quanlambao/vc-cuong-sat-dan-lang-tan-lap-xuan-loc-d77ea1f328d.html,1
"Có phi lý không khi Công an và Quân đội ""nhân dân"" thề trung thành với ""đảng""?",https://www.khoi8406.com/post/quanlambao/co-phi-ly-khong-khi-cong-va-quan-oi-09c8dd8a88c.html,1
MÓN ĂN CỦA QUỈ TÀU: CANH THAI NHI!,https://www.khoi8406.com/post/quanlambao/mon-cua-qui-tau-canh-thai-nhi-f8166de326e.html,1
THỊT CHÓ ĐÓNG HỘP,https://www.khoi8406.com/post/quanlambao/thit-cho-ong-hop-fb9da792fc0.html,1
Lỗ thông hơi,https://www.khoi8406.com/post/quanlambao/lo-thong-hoi-d33478d6c6b.html,1
"Bí ẩn kho vàng, ngọc trong lăng mộ vua Nam Việt",https://www.khoi8406.com/post/quanlambao/bi-kho-vang-ngoc-trong-lang-mo-vua-nam_10-abd3a198ad5.html,1
Nửa người nửa ngợm nửa đười ươi,https://www.khoi8406.com/post/quanlambao/nua-nguoi-nua-ngom-nua-uoi-uoi-f7ca80c16f4.html,1
"Hồ Chí Minh, một gián điệp hoàn hảo - Kỳ 5",https://www.khoi8406.com/post/quanlambao/ho-chi-minh-mot-gian-iep-hoan-hao-ky-5-451e56d2dab.html,1
Mời đóng án phí để... đặc xá?!,https://www.khoi8406.com/post/quanlambao/moi-ong-phi-e-ac-xa-a1a5fb3bede.html,1
Việt Nam quê hương tôi,https://www.khoi8406.com/post/quanlambao/viet-nam-que-huong-toi-371ebab753b.html,1
"""Bác Hồ"" và những truyện bên lề",https://www.khoi8406.com/post/quanlambao/bac-ho-va-nhung-truyen-ben-le-d32fc745e51.html,1
Hồ Chí Minh và đứa con rơi Nguyễn Tất Trung,https://www.khoi8406.com/post/quanlambao/ho-chi-minh-va-ua-con-roi-nguyen-tat-9a8d66821a8.html,1
Trung Quốc công bố Hồ Chí Minh là Thiếu tá Hồ Quang Thuộc quân đội nhân dân Trung Quốc,https://www.khoi8406.com/post/quanlambao/trung-quoc-cong-bo-ho-chi-minh-la-thieu-cf44ed46aad.html,1
Hồ Thị Cộng Sản,https://www.khoi8406.com/post/quanlambao/ho-thi-cong-san-05443c0517c.html,1
Đã đến lúc giải mật Hội Nghị Thành Đô?,https://www.khoi8406.com/post/quanlambao/a-en-luc-giai-mat-hoi-nghi-thanh-o-d3d3c99a7d6.html,1
“MỘT THỜI KỲ BẮC THUỘC RẤT NGUY HIỂM ĐÃ BẮT ĐẦU”,https://www.khoi8406.com/post/quanlambao/mot-thoi-ky-bac-thuoc-rat-nguy-hiem-bat-b1556b0d602.html,1
Thực trạng Việt Nam: Vấn đề và Giải pháp,https://www.khoi8406.com/post/quanlambao/thuc-trang-viet-nam-van-e-va-giai-phap-bdde767b781.html,1
HỘI NGHỊ BÍ MẬT THÀNH ĐÔ 1990,https://www.khoi8406.com/post/quanlambao/hoi-nghi-bi-mat-thanh-o-1990-8390b270ab8.html,1
Giặc Hán đốt phá nhà Nam - Kỳ 13: Trung Cộng trực tiếp điều khiển chiến tranh Giải Phóng Miền Nam VN,https://www.khoi8406.com/post/quanlambao/giac-han-ot-pha-nha-nam-ky-13-trung-2b7f3ca995e.html,1
Những Chỉ Dấu Không Bình Thường!,https://www.khoi8406.com/post/quanlambao/nhung-chi-dau-khong-binh-thuong-421edd6f5d4.html,1
Chủ tịch Trương Tấn Sang bị Wikileaks tố cáo ăn hối lộ bạc triêu đô la.,https://www.khoi8406.com/post/quanlambao/chu-tich-truong-tan-sang-bi-wikileaks-8e62b7c739a.html,1
PHẢI CÔNG BỐ CÁC THỎA THUẬN Ở THÀNH ĐÔ CHO NHÂN DÂN BIẾT,https://www.khoi8406.com/post/quanlambao/phai-cong-bo-cac-thoa-thuan-o-thanh-o-4c5d7eaf7b2.html,1
Lại thêm tài liệu viết Chủ tịch Hồ Chí Minh là người Trung Quốc,https://www.khoi8406.com/post/quanlambao/lai-them-tai-lieu-viet-chu-tich-ho-chi-f04190ef56b.html,1
Phương trình: 3 X + T = ML?,https://www.khoi8406.com/post/quanlambao/phuong-trinh-3-x-t-ml-4d4d62e54e3.html,1
Nỗi Lòng,https://www.khoi8406.com/post/quanlambao/noi-long-f31d457940f.html,1
CÓ PHẢI EM LÀ...,https://www.khoi8406.com/post/quanlambao/co-phai-em-la-51c172fb169.html,1
Cao Nhân Dự Đoán Thời Điểm Sụp Đổ của Chính Quyền Trung Quốc,https://www.khoi8406.com/post/quanlambao/cao-nhan-du-oan-thoi-iem-sup-o-cua-0d5f0ed9d37.html,1
Cô bé Việt Nam nhớ rõ chuyện từ…ba kiếp trước,https://www.khoi8406.com/post/quanlambao/co-be-viet-nam-nho-ro-chuyen-tuba-kiep-c1017ca4d29.html,1
LỜI THÚ TỘI KINH HOÀNG CỦA ĐẢNG CỘNG SẢN VIỆT NAM,https://www.khoi8406.com/post/quanlambao/loi-thu-toi-kinh-hoang-cua-ang-cong-san-484334153f4.html,1
Có hay không một thỏa hiệp bán nước?,https://www.khoi8406.com/post/quanlambao/co-hay-khong-mot-thoa-hiep-ban-nuoc-5d5e044a6e2.html,1
VỤ ÁN POLYMER: BỐN CON SÂU NÁI !,https://www.khoi8406.com/post/quanlambao/vu-polymer-bon-con-sau-nai-dba67c1a9fa.html,1
"Bác bị Thủ tướng Nehru ""nhổ râu"" ! Thơ phiếm.",https://www.khoi8406.com/post/quanlambao/bac-bi-thu-tuong-nehru-nho-rau-tho-phiem-76cb92e1f97.html,1
"WikiLeaks: Tên của Trương Tấn Sang, Nguyễn Tấn Dũng, Lê Đức Thúy và Nông Đức Mạnh xuất hiện trong vụ hối lộ tiền polymer",https://www.khoi8406.com/post/quanlambao/wikileaks-ten-cua-truong-tan-sang-b6dcfbce3df.html,1
Ba Đình nhật ký,https://www.khoi8406.com/post/quanlambao/ba-inh-nhat-ky-81d2e3c75cc.html,1
TÀI LIỆU TRUNG QUỐC: HỒ CHÍ MINH CHẾT VÌ BỆNH LAO TRONG TÙ VÀO CUỐI NĂM 1932,https://www.khoi8406.com/post/quanlambao/tai-lieu-trung-quoc-ho-chi-minh-chet-vi-2b7b12e7aa7.html,1
Trung cộng: không cần phải đánh Việt Nam chúng nó!!!???,https://www.khoi8406.com/post/quanlambao/trung-cong-khong-can-phai-anh-viet-nam-2afc3767f9d.html,1
Đêm Giữa Ban Ngày - HỒI KÝ Vũ Thư Hiên,https://www.khoi8406.com/post/quanlambao/em-giua-ban-ngay-hoi-ky-vu-thu-hien-5d5c49c8919.html,1
"Ảnh trong tuần - Bác bị Thủ tướng Nehru ""nhổ râu"" !",https://www.khoi8406.com/post/quanlambao/anh-trong-tuan-bac-bi-thu-tuong-nehru-d05196c296e.html,1
Những sự thật không thể chối bỏ (phần 1) – Bác đi tìm đường cứu nước hay cứu bác?,https://www.khoi8406.com/post/quanlambao/nhung-su-that-khong-choi-bo-phan-1-bac-28da854038d.html,1
Phát sốt với Clip tài xế yêu cầu CSGT xin lỗi,https://www.khoi8406.com/post/quanlambao/phat-sot-voi-clip-tai-xe-yeu-cau-csgt-a2306e32d04.html,1
"Huyền thoại Hồ Chí Minh ngày càng bị vạch trần, trong đó có cả sự tiếp tay của Trung Cộng nhằm bỉ mặt Đảng CSVN",https://www.khoi8406.com/post/quanlambao/huyen-thoai-ho-chi-minh-ngay-cang-bi-8814a389bfa.html,1
Đôi điều về một cơ chế toàn trị,https://www.khoi8406.com/post/quanlambao/oi-ieu-ve-mot-co-che-toan-tri-b1c82f0aa0e.html,1
Đôi mắt,https://www.khoi8406.com/post/quanlambao/oi-mat-b1c01360fc7.html,1
"VIỄN TƯỢNG: VIỆT NAM, MỘT TÂN CƯƠNG MỚI ?",https://www.khoi8406.com/post/quanlambao/vien-tuong-viet-nam-mot-tan-cuong-moi-68344382a21.html,1
“Từ cột đồng Mã Viện năm xưa... đến “cột đồng” ý thức hệ hôm nay”,https://www.khoi8406.com/post/quanlambao/tu-cot-ong-ma-vien-nam-xua-en-cot-ong-y-69b5262fd8a.html,1
Bán Trăng - Bán Nước?,https://www.khoi8406.com/post/quanlambao/ban-trang-ban-nuoc-694f4ba6118.html,1
Thiếu tá Hồ Chí Minh,https://www.khoi8406.com/post/quanlambao/thieu-ta-ho-chi-minh-16153c033fb.html,1
"Trộm vào nhà, quan chức lộ ra vàng khối, tiền tỷ !",https://www.khoi8406.com/post/quanlambao/trom-vao-nha-quan-chuc-lo-ra-vang-khoi-878bb840609.html,1
Thách Tàu Cộng,https://www.khoi8406.com/post/quanlambao/thach-tau-cong-dde7847a10b.html,1
Sài Gòn: Bất ngờ biểu tình đòi quyền sống tại phố Tây,https://www.khoi8406.com/post/quanlambao/sai-gon-bat-ngo-bieu-tinh-oi-quyen-song-ca3ef4ec3cd.html,1
Tìm đâu hy vọng?,https://www.khoi8406.com/post/quanlambao/tim-au-hy-vong-fbbac0a484c.html,1
Trọng - Trả lời sao?,https://www.khoi8406.com/post/quanlambao/trong-tra-loi-sao-5aa8966302a.html,1
AI THỐNG TRỊ VIỆT NAM NGÀY NAY ?,https://www.khoi8406.com/post/quanlambao/ai-thong-tri-viet-nam-ngay-nay-bbbf6a50b2d.html,1
Thư cho con: Thái thú cưỡi Lừa,https://www.khoi8406.com/post/quanlambao/thu-cho-con-thai-thu-cuoi-lua-c3e39ddb267.html,1
"Hãy giữ lấy một chút lòng tự trọng, thưa ông Thủ tướng",https://www.khoi8406.com/post/quanlambao/hay-giu-lay-mot-chut-long-tu-trong-thua-fcd87ab4552.html,1
Không bán nước,https://www.khoi8406.com/post/quanlambao/khong-ban-nuoc-9a8908069cb.html,1
Đôi Dép Râu,https://www.khoi8406.com/post/quanlambao/oi-dep-rau-d1ec4c5037b.html,1
Đảng Cộng Sản Tàu chi bộ Việt Nam,https://www.khoi8406.com/post/quanlambao/ang-cong-san-tau-chi-bo-viet-nam-ce1f6e56e73.html,1
Hồ Chí Minh - một gián điệp hoàn hảo (Kỳ 4),https://www.khoi8406.com/post/quanlambao/ho-chi-minh-mot-gian-iep-hoan-hao-ky-4-ce6fe4b932c.html,1
Biển Đông Của China?,https://www.khoi8406.com/post/quanlambao/bien-ong-cua-china-bc94d7375e6.html,1
Thư ngỏ gửi Quốc hội Hoa Kỳ và Chính phủ Việt Nam,https://www.khoi8406.com/post/quanlambao/thu-ngo-gui-quoc-hoi-hoa-ky-va-chinh-c262c8fc22b.html,1
TRUNG CỘNG ĐANG TỰ ĐÀO HỐ CHÔN LẤY MÌNH,https://www.khoi8406.com/post/quanlambao/trung-cong-ang-tu-ao-ho-chon-lay-minh-9fe7b38488f.html,1
TUYÊN BỐ VỀ HIỆN TƯỢNG ĐÁNH PHÁ TÀI KHOẢN FACEBOOK CỦA CÁC NHÀ HOẠT ĐỘNG XÃ HỘI,https://www.khoi8406.com/post/quanlambao/tuyen-bo-ve-hien-tuong-anh-pha-tai-ef14b71ff96.html,1
Tranh trong tuần,https://www.khoi8406.com/post/quanlambao/tranh-trong-tuan-4393b7347ed.html,1
Theo dấu chân bò!,https://www.khoi8406.com/post/quanlambao/theo-dau-chan-bo-2ff5e93f991.html,1
Tin nóng: Trung Quốc đang đưa giàn khoan HD 981 tiến sâu vào bờ biển Việt Nam,https://www.khoi8406.com/post/quanlambao/tin-nong-trung-quoc-ang-ua-gian-khoan-311a40a69b7.html,1
Mỹ sẽ không bao giờ lập liên minh quân sự với chính quyền Cộng sản Việt Nam,https://www.khoi8406.com/post/quanlambao/my-se-khong-bao-gio-lap-lien-minh-quan-a6b2bb719e9.html,1
10 tội ác lớn nhất của Hồ Chí Minh và đảng CSVN,https://www.khoi8406.com/post/quanlambao/10-toi-ac-lon-nhat-cua-ho-chi-minh-va-ecb9177275e.html,1
"Muốn Dân Chủ, Chống Ngoại Xâm Phải Chôn Xác Chết CS",https://www.khoi8406.com/post/quanlambao/muon-dan-chu-chong-ngoai-xam-phai-chon-1a1b5eac343.html,1
"Ngư dân bị côn an, dân phòng cướp tôm mang về...Nhậu!",https://www.khoi8406.com/post/quanlambao/ngu-dan-bi-con-dan-phong-cuop-tom-mang-fdd0a9dce0d.html,1
Muốn diệt cộng - Phải hành động,https://www.khoi8406.com/post/quanlambao/muon-diet-cong-phai-hanh-ong-97319673b74.html,1
Những sự thật cần phải biết (phần 10) - Cộng sản Việt Nam: Trẻ em là một con bài trong chiến tranh,https://www.khoi8406.com/post/quanlambao/nhung-su-that-can-phai-biet-phan-10-c0bea5f5f47.html,1
Những sự thật cần phải biết (Phần 9) - Tinh thần dân tộc tiếp nối qua lá cờ,https://www.khoi8406.com/post/quanlambao/nhung-su-that-can-phai-biet-phan-9-tinh-ffc0336c36c.html,1
Cộng sản và sự thật!,https://www.khoi8406.com/post/quanlambao/cong-san-va-su-that-4b75dce97ca.html,1
Những sự thật cần phải biết (Phần 8) - Lịch sử lá cờ của dân tộc,https://www.khoi8406.com/post/quanlambao/nhung-su-that-can-phai-biet-phan-8-lich-9ac3a284994.html,1
Những sự thật cần phải biết (phần 7): Lê Duẩn và sự tàn ác với quân dân cán chính Việt Nam Cộng Hòa.,https://www.khoi8406.com/post/quanlambao/nhung-su-that-can-phai-biet-phan-7-le-6231eddce69.html,1
Hồ Chí Minh - một gián điệp hoàn hảo (Kỳ 3),https://www.khoi8406.com/post/quanlambao/ho-chi-minh-mot-gian-iep-hoan-hao-ky-3-c63913305f4.html,1
Hồ Chí Minh - Một gián điệp hoàn hảo (Kỳ 2),https://www.khoi8406.com/post/quanlambao/ho-chi-minh-mot-gian-iep-hoan-hao-ky-2-b461f6f5259.html,1
Chiến thuật bám biển?!,https://www.khoi8406.com/post/quanlambao/chien-thuat-bam-bien-af98220400c.html,1
Những sự thật cần phải biết (phần 6) - Lê Duẩn: Kẻ đồng mưu với Hồ Chí Minh tàn sát nhân dân Mậu Thân 1968,https://www.khoi8406.com/post/quanlambao/nhung-su-that-can-phai-biet-phan-6-le-6a60e0af3f0.html,1
Những sự thật cần phải biết (Phần 5) - Mất!,https://www.khoi8406.com/post/quanlambao/nhung-su-that-can-phai-biet-phan-5-mat-1c262cf71fb.html,1
CHỌN AI: THỜI GIAN QUYẾT ĐỊNH KHÔNG CÒN DÀI NỮA,https://www.khoi8406.com/post/quanlambao/chon-ai-thoi-gian-quyet-inh-khong-con-3d27bbb242b.html,1
Dòng hận tủi!,https://www.khoi8406.com/post/quanlambao/dong-han-tui-4c5cd2fdb7b.html,1
"Những sự thật cần phải biết: ""THỐNG NHẤT"" - Xin đừng xảo ngôn!",https://www.khoi8406.com/post/quanlambao/nhung-su-that-can-phai-biet-thong-nhat-795299e1cb9.html,1
Những sự thật cần phải biết - Nổi dậy hay khủng bố?,https://www.khoi8406.com/post/quanlambao/nhung-su-that-can-phai-biet-noi-day-hay-fc56d5858da.html,1
Những sự thật cần phải biết (2) - Việt Nam Cộng Hòa - Nạn nhân của chính sách “Ngậm máu phun người”,https://www.khoi8406.com/post/quanlambao/nhung-su-that-can-phai-biet-2-viet-nam-315cbefe888.html,1
"Những sự thật cần phải biết - Sự thật về ""đại thắng mùa xuân 1975""",https://www.khoi8406.com/post/quanlambao/nhung-su-that-can-phai-biet-su-that-ve-5ff2979ffd1.html,1
"Bài 4: TẬP ĐOÀN BÁ QUYỀN, BÀNH TRƯỚNG TRUNG QUỐC NGÀY CÀNG CAN THIỆP SÂU, PHÂN HOÁ NỘI BỘ VIỆT NAM",https://www.khoi8406.com/post/quanlambao/bai-4-tap-oan-ba-quyen-banh-truong-5a0dc5ef976.html,1
"Bài 3: QUỶ KẾ BÀNH TRƯỚNG, BÁ QUYỀN CỦA TRUNG QUỐC ĐỐI VỚI VIỆT NAM VÀ SỰ LỆ THUỘC, QUỲ PHỤC CỦA LÊ ĐỨC ANH",https://www.khoi8406.com/post/quanlambao/bai-3-quy-ke-banh-truong-ba-quyen-cua-48380daf6f2.html,1
Bài 2 VAI TRÒ VÀ TRÁCH NHIỆM CỦA NGUYỄN VĂN LINH - LÊ ĐỨC ANH TRONG QUAN HỆ VIỆT NAM - TRUNG QUỐC,https://www.khoi8406.com/post/quanlambao/bai-2-vai-tro-va-trach-nhiem-cua-nguyen_6-23c1f54a6e1.html,1
ĐỌC LẠI HỒ SƠ BÁN NƯỚC: HỘI NGHỊ THÀNH ĐÔ 1990: Bài 2: VAI TRÒ VÀ TRÁCH NHIỆM CỦA NGUYỄN VĂN LINH - LÊ ĐỨC ANH TRONG QUAN HỆ VIỆT NAM - TRUNG QUỐC,https://www.khoi8406.com/post/quanlambao/oc-lai-ho-so-ban-nuoc-hoi-nghi-thanh-o-31662e3039a.html,1
Nỗi nhục khi làm công dân một nước cộng sản!,https://www.khoi8406.com/post/quanlambao/noi-nhuc-khi-lam-cong-dan-mot-nuoc-cong-116b75067d3.html,1
Tại sao lãnh đạo ĐCSVN không dám kiện Trung Quốc? (Phần 1),https://www.khoi8406.com/post/quanlambao/tai-sao-lanh-ao-csvn-khong-dam-kien-3c3698f7048.html,1
“World Cup Báo chí”: CHXHCNVN lọt vào “Chung Kết”,https://www.khoi8406.com/post/quanlambao/world-cup-bao-chi-chxhcnvn-lot-vao-5bd10159531.html,1
VĨNH BIỆT TÙ NHÂN LƯƠNG TÂM HUỲNH ANH TRÍ: XIN HÃY GHI THÊM MỘT TỘI ÁC NỮA CỦA GIẶC HỒ VÀ CỘNG ĐẢNG,https://www.khoi8406.com/post/quanlambao/vinh-biet-tu-nhan-luong-tam-huynh-anh-53451f18c72.html,1
Lên Voi - Xuống Chó,https://www.khoi8406.com/post/quanlambao/len-voi-xuong-cho-edc8d6fc99d.html,1
Trung Quốc đẩy mạnh cuộc chiến Biển Đông,https://www.khoi8406.com/post/quanlambao/trung-quoc-ay-manh-cuoc-chien-bien-ong-6c17c0f6a49.html,1
Vừa đánh vừa run không giữ được Biển Đông,https://www.khoi8406.com/post/quanlambao/vua-anh-vua-run-khong-giu-uoc-bien-ong-f90019ffaf6.html,1
TUYÊN BỐ THÀNH LẬP HỘI NHÀ BÁO ĐỘC LẬP VIỆT NAM,https://www.khoi8406.com/post/quanlambao/tuyen-bo-thanh-lap-hoi-nha-bao-oc-lap-97fcdcd75aa.html,1
Mất còn…Hỡi quê hương…,https://www.khoi8406.com/post/quanlambao/mat-conhoi-que-huong-e4f74900513.html,1
Đề nghị làm sáng tỏ vụ việc: Chủ tịch Hồ Chí Minh là người Việt Nam hay Đài Loan,https://www.khoi8406.com/post/quanlambao/e-nghi-lam-sang-to-vu-viec-chu-tich-ho-ae712ae97b4.html,1
Lại thêm tài liệu viết Chủ tịch Hồ Chí Minh là người Trung Quốc,https://www.khoi8406.com/post/quanlambao/lai-them-tai-lieu-viet-chu-tich-ho-chi-a08acb1aed1.html,1
Việt Nam-Trung Quốc: Ai vay nợ và ai phải trả,https://www.khoi8406.com/post/quanlambao/viet-nam-trung-quoc-ai-vay-no-va-ai-9ff3ee1df19.html,1
"""Hữu nghị viển vông"" hay cúc cung phục vụ tỉnh Quảng Đông?",https://www.khoi8406.com/post/quanlambao/huu-nghi-vien-vong-hay-cuc-cung-phuc-vu-b90819069bf.html,1
Ai?,https://www.khoi8406.com/post/quanlambao/ai-9dc358a2676.html,1
Lạc loài!,https://www.khoi8406.com/post/quanlambao/lac-loai-ba1f0ec9092.html,1
Chiện của bác - Chiện của tôi,https://www.khoi8406.com/post/quanlambao/chien-cua-bac-chien-cua-toi-5e2def0acb3.html,1
Một Quốc Gia đang tự sát?!,https://www.khoi8406.com/post/quanlambao/mot-quoc-gia-ang-tu-sat-ddd5bbec0c4.html,1
Giấc mơ của Hạnh,https://www.khoi8406.com/post/quanlambao/giac-mo-cua-hanh-2009ad4b87a.html,1
Phải ủng hộ và tích cực bênh vực tuổi trẻ yêu nước,https://www.khoi8406.com/post/quanlambao/phai-ung-ho-va-tich-cuc-benh-vuc-tuoi-3288c0b28a2.html,1
HÁN TẶC HOÀNG TRUNG HẢI : VAI TRÒ THEN CHỐT KHUYNH LOÁT BIỂN ĐÔNG,https://www.khoi8406.com/post/quanlambao/han-tac-hoang-trung-hai-vai-tro-then-bb5a4f75008.html,1
Người XHCNVN Là Giòi Bọ Tại Nhật,https://www.khoi8406.com/post/quanlambao/nguoi-xhcnvn-la-gioi-bo-tai-nhat-c0e0a2e4159.html,1
Sinh viên Hà Nội với Phong trào “Không Bán Nước”,https://www.khoi8406.com/post/quanlambao/sinh-vien-ha-noi-voi-phong-trao-khong-8f288d796bb.html,1
Nạn Hồ Di Họa,https://www.khoi8406.com/post/quanlambao/nan-ho-di-hoa-245efc5a184.html,1
HAI LÝ DO KHIẾN ĐẢNG CS KHÔNG DÁM KIỆN TÀU CỘNG!,https://www.khoi8406.com/post/quanlambao/hai-ly-do-khien-ang-cs-khong-dam-kien-615b2999c0f.html,1
Giải tán đảng cộng sản để thoát Trung cộng (Phần II) - Cái giá phải trả cho sự mờ ám và dối trá của Hồ Chí Minh,https://www.khoi8406.com/post/quanlambao/giai-tan-ang-cong-san-e-thoat-trung-dba4e673697.html,1
Việt Nam giao dịch với cướp biển 981,https://www.khoi8406.com/post/quanlambao/viet-nam-giao-dich-voi-cuop-bien-981-2a079326de9.html,1
"Những cú “đâm, va, móc…” chí mạng",https://www.khoi8406.com/post/quanlambao/nhung-cu-am-va-moc-chi-mang-c42f683f1d5.html,1
LẬT THUYỀN BA ĐÌNH VÀ LẬT GIÀN HẢI DƯƠNG !!!,https://www.khoi8406.com/post/quanlambao/lat-thuyen-ba-inh-va-lat-gian-hai-duong-a3eec540b11.html,1
"HÁN GIAN HOÀNG TRUNG HẢI THỰC HIỆN ÂM MƯU HÁN HÓA VÙNG CẢNG SƠN DƯƠNG, HÀ TĨNH QUA DỰ ÁN FORMOSA",https://www.khoi8406.com/post/quanlambao/han-gian-hoang-trung-hai-thuc-hien-am-1f49733e3d3.html,1
Sài Gòn: Người đàn ông 'Không bán nước' bị CA bắt cóc,https://www.khoi8406.com/post/quanlambao/sai-gon-nguoi-ong-khong-ban-nuoc-bi-ca-147d4215857.html,1
,https://www.khoi8406.com/post/quanlambao/the-quyet-chung-long-anh-uoi-quan-xam_20-96a02a02b7c.html,1
MÀN KỊCH ĐỘC ÁC VÀ TÀN NHẪN!,https://www.khoi8406.com/post/quanlambao/man-kich-oc-ac-va-tan-nhan-f37cc71aa54.html,1
Hoàng-Trường Sa: Hòa đàm hay Hòa đờm?,https://www.khoi8406.com/post/quanlambao/hoang-truong-sa-hoa-am-hay-hoa-om-acce491796f.html,1
Trung Quốc sẽ đưa thêm ba giàn khoan đến Biển Đông,https://www.khoi8406.com/post/quanlambao/trung-quoc-se-ua-them-ba-gian-khoan-en-3a9405e9362.html,1
Công việc cần thiết hiện nay,https://www.khoi8406.com/post/quanlambao/cong-viec-can-thiet-hien-nay-22975d58c4e.html,1
"Truyền thông Trung cộng: Tại Việt Nam, Dương Khiết Trì gọi 'đứa con hoang đàng' trở về nhà",https://www.khoi8406.com/post/quanlambao/truyen-thong-trung-cong-tai-viet-nam-31f44fb8208.html,1
Những vòng hoa nhục trên mộ kẻ thù,https://www.khoi8406.com/post/quanlambao/nhung-vong-hoa-nhuc-tren-mo-ke-thu_3938-4d7ebf98059.html,1
Sơn hà nguy biến!,https://www.khoi8406.com/post/quanlambao/son-ha-nguy-bien-9dc1cd3537a.html,1
Muốn thắng phải có cái lý của kẻ mạnh,https://www.khoi8406.com/post/quanlambao/muon-thang-phai-co-cai-ly-cua-ke-manh-97a9c783f90.html,1
"Đại biểu quốc hội 'chiếm diễn đàn', kêu gọi ra nghị quyết về Biển Đông",https://www.khoi8406.com/post/quanlambao/ai-bieu-quoc-hoi-chiem-dien-keu-goi-ra-a75ff88274a.html,1
"Hà Nội: CA đàn áp, bắt giam nhiều người người biểu tình chống Trung Quốc",https://www.khoi8406.com/post/quanlambao/ha-noi-ca-ap-bat-giam-nhieu-nguoi-nguoi-3e7341ca2be.html,1
LẬT LẠI HỒ SƠ HÁN GIAN HOÀNG TRUNG HẢI *,https://www.khoi8406.com/post/quanlambao/lat-lai-ho-so-han-gian-hoang-trung-hai-13a2eeb135b.html,1
19-6 Kỷ niệm ngày Quân lực VNCH,https://www.khoi8406.com/post/quanlambao/19-6-ky-niem-ngay-quan-luc-vnch-238c0f0c933.html,1
Nếu chiến tranh Việt-Trung xảy ra…,https://www.khoi8406.com/post/quanlambao/neu-chien-tranh-viet-trung-xay-ra-1f1cfb13e3b.html,1
Nguyễn Chí Thiện (1939-2012) và Hoa địa ngục,https://www.khoi8406.com/post/quanlambao/nguyen-chi-thien-1939-2012-va-hoa-ia_16-4dac698f30c.html,1
Hồ Chí Minh - Một gián điệp hoàn hảo (Kỳ 2),https://www.khoi8406.com/post/quanlambao/ho-chi-minh-mot-gian-iep-hoan-hao-ky-2-bec7c5e72d0.html,1
"TS Hà Vũ: ‘TQ chiếm nốt Trường Sa, chính thể VN thay đổi mới có liên minh quân sự Việt-Mỹ’",https://www.khoi8406.com/post/quanlambao/ts-ha-vu-tq-chiem-not-truong-sa-chinh-bfdf6faac11.html,1
Người giữ nước - kẻ bán nước,https://www.khoi8406.com/post/quanlambao/nguoi-giu-nuoc-ke-ban-nuoc-26a606d62bf.html,1
Ủng hộ Nguyễn Tấn Dũng có Lợi hay có Hại?,https://www.khoi8406.com/post/quanlambao/ung-ho-nguyen-tan-dung-co-loi-hay-co-hai-053ca51ba2b.html,1
ỦNG HỘ NGUYỄN TẤN DŨNG ? CẦN CẢNH GIÁC *,https://www.khoi8406.com/post/quanlambao/ung-ho-nguyen-tan-dung-can-canh-giac-ac2ed5e9292.html,1
Nếu phải đánh nhau?,https://www.khoi8406.com/post/quanlambao/neu-phai-anh-nhau-4ec624bae5f.html,1
Bộ ngoại giao TQ công bố 5 bằng chứng bán nước của ĐCSVN,https://www.khoi8406.com/post/quanlambao/bo-ngoai-giao-tq-cong-bo-5-bang-chung-c9847f2c7ae.html,1
"Hồ Chí Minh, một gián điệp hoàn hảo (Kỳ 1)",https://www.khoi8406.com/post/quanlambao/ho-chi-minh-mot-gian-iep-hoan-hao-ky-1-8e869fd306a.html,1
Chúng tớ xin thề: Người Trung Quốc không có gien xâm lược!,https://www.khoi8406.com/post/quanlambao/chung-to-xin-nguoi-trung-quoc-khong-co-85314c5b3f1.html,1
Lính hay bộ đội,https://www.khoi8406.com/post/quanlambao/linh-hay-bo-oi-f5685edf447.html,1
Độc tài là mầm mống đưa dân tộc đến chỗ hủy diệt,https://www.khoi8406.com/post/quanlambao/oc-tai-la-mam-mong-ua-dan-toc-en-cho-dc565b10d7b.html,1
Chờ đến bao giờ!,https://www.khoi8406.com/post/quanlambao/cho-en-bao-gio-5177037ce5c.html,1
Thân phận kẻ chư hầu,https://www.khoi8406.com/post/quanlambao/than-phan-ke-chu-hau-800ffc3a33a.html,1
Tôi biết ơn Việt Nam Cộng Hòa,https://www.khoi8406.com/post/quanlambao/toi-biet-on-viet-nam-cong-hoa-20acac9d2e2.html,1
Dân oan miền Nam biểu tình tại Sài Gòn ngày 10-06-2014,https://www.khoi8406.com/post/quanlambao/dan-oan-mien-nam-bieu-tinh-tai-sai-gon-b6dfa15652a.html,1
KHÔNG TẨY NÃO TRẠNG DÂN TA SẼ CÒN MUÔN ĐỜI KHỔ!,https://www.khoi8406.com/post/quanlambao/khong-tay-nao-trang-dan-ta-se-con-muon-06983ede06f.html,1
Hà Nội niềm tin,https://www.khoi8406.com/post/quanlambao/ha-noi-niem-tin-9e4a368748e.html,1
Trung Cộng gieo gió ắt gặt bão!,https://www.khoi8406.com/post/quanlambao/trung-cong-gieo-gio-at-gat-bao-429b234879d.html,1
BỘ NGOẠI GIAO TRUNG QUỐC TUYÊN BỐ LẬP TRƯỜNG 981 VÀ 'KHIÊU KHÍCH' CỦA VIỆT NAM,https://www.khoi8406.com/post/quanlambao/bo-ngoai-giao-trung-quoc-tuyen-bo-lap-f3921ed6f8b.html,1
“Cách mạng Nhung” VN đang đến?,https://www.khoi8406.com/post/quanlambao/cach-mang-nhung-vn-ang-en_9-0702efbad33.html,1
Giải tán đảng cộng sản để thoát Trung cộng,https://www.khoi8406.com/post/quanlambao/giai-tan-ang-cong-san-e-thoat-trung-cong-6969df0ab73.html,1
Trung-Việt -Tình son đậm đà!,https://www.khoi8406.com/post/quanlambao/trung-viet-tinh-son-am-a-66b021e1bdc.html,1
Nước chưa mất... mà nhuệ khí đã chẳng còn!,https://www.khoi8406.com/post/quanlambao/nuoc-chua-mat-ma-nhue-khi-chang-con-679c68d4346.html,1
Thỏa thuận Thành Đô – Bước lùi lịch sử thảm họa,https://www.khoi8406.com/post/quanlambao/thoa-thuan-thanh-o-buoc-lui-lich-su-085142dcc6d.html,1
ĐẢNG CSVN TỪ CHỨC THÌ VIỆT NAM HẾT NỢ,https://www.khoi8406.com/post/quanlambao/ang-csvn-tu-chuc-thi-viet-nam-het-no-29eeaab3c18.html,1
Kẻ thù của người Trung Quốc,https://www.khoi8406.com/post/quanlambao/ke-thu-cua-nguoi-trung-quoc-b1920301877.html,1
HỒ CHÍ MINH: CON NGƯỜI TRĂM MẶT,https://www.khoi8406.com/post/quanlambao/ho-chi-minh-con-nguoi-tram-mat-0021b4d4b90.html,1
Quỹ Đấu Tranh cho Công Lý,https://www.khoi8406.com/post/quanlambao/quy-au-tranh-cho-cong-ly-80f61095488.html,1
Cầu Nhật Tân - Liệu có thành quy luật: Mỗi đại án nướng một vài tướng Công an?,https://www.khoi8406.com/post/quanlambao/cau-nhat-tan-lieu-co-thanh-quy-luat-moi-60c3ddaf8b2.html,1
"Lộ dần phi trường, cảng biển Trung Quốc ở bãi đá ngầm Gạc Ma",https://www.khoi8406.com/post/quanlambao/lo-dan-phi-truong-cang-bien-trung-quoc_7-249536fc705.html,1
Hào Khí Đông A,https://www.khoi8406.com/post/quanlambao/hao-khi-ong-a-23fea81fe4a.html,1
"Lã Việt Dũng - Tuyên truyền, sự thật và lòng can đảm",https://www.khoi8406.com/post/quanlambao/la-viet-dung-tuyen-truyen-su-that-va-d9350059f4c.html,1
Vần thơ đưa tiễn,https://www.khoi8406.com/post/quanlambao/van-tho-ua-tien_7-a7aad50d49a.html,1
"TS Cù Huy Hà Vũ, từ khởi kiện Thủ tướng đến yêu cầu xóa bỏ điều 4 Hiến pháp",https://www.khoi8406.com/post/quanlambao/ts-cu-huy-ha-vu-tu-khoi-kien-thu-tuong-cfc4e470b07.html,1
Hò khoan HD 981,https://www.khoi8406.com/post/quanlambao/ho-khoan-hd-981-75bb7dac6c6.html,1
Cảnh báo - Báo động,https://www.khoi8406.com/post/quanlambao/canh-bao-bao-ong-0d99bf8e76f.html,1
Ông Hai Say và chuyện uống trà,https://www.khoi8406.com/post/quanlambao/ong-hai-say-va-chuyen-uong-tra-70842d8e4c0.html,1
ĐCSVN chỉ vì quyền CAI TRỊ chứ không vì Tổ Quốc!,https://www.khoi8406.com/post/quanlambao/csvn-chi-vi-quyen-cai-tri-chu-khong-vi-1fa10dd4be8.html,1
THOÁT CỘNG ĐƯỢC LỢI NHỮNG GÌ ? DỄ HAY KHÓ ?,https://www.khoi8406.com/post/quanlambao/thoat-cong-uoc-loi-nhung-gi-de-hay-kho_2-22a1b8d455a.html,1
TIẾT LỘ TỪ WIKILEAKS: HỘI NGHỊ SÁP NHẬP VIỆT NAM VÀO CHINA,https://www.khoi8406.com/post/quanlambao/tiet-lo-tu-wikileaks-hoi-nghi-sap-nhap-52c2cbbd81d.html,1
"Đại tướng Phùng Quang Thanh ""Trung Quốc và Việt Nam có tình hữu nghị rất tốt""",https://www.khoi8406.com/post/quanlambao/ai-tuong-phung-quang-thanh-trung-quoc-b3a6b9b9edc.html,1
Tuyên bố về vụ Giàn khoan khổng lồ HD 981 của Trung Quốc hạ đặt trên vị trí của thềm lục địa và vùng đặc quyền kinh tế của Việt Nam,https://www.khoi8406.com/post/quanlambao/tuyen-bo-ve-vu-gian-khoan-khong-lo-hd-4148c034fdf.html,1
Một Thời Kỳ Bắc Thuộc Rất Nguy Hiểm Đã Bắt Đầu,https://www.khoi8406.com/post/quanlambao/mot-thoi-ky-bac-thuoc-rat-nguy-hiem-bat-ae1d274f7a5.html,1
"Thành lập ""Quỹ ủng hộ những người bị áp bức""",https://www.khoi8406.com/post/quanlambao/thanh-lap-quy-ung-ho-nhung-nguoi-bi-ap-2f3f802aa49.html,1
Việt Nam kiện Trung Cộng?,https://www.khoi8406.com/post/quanlambao/viet-nam-kien-trung-cong-a281ec75935.html,1
Tởm thay ! Một lũ giòi,https://www.khoi8406.com/post/quanlambao/tom-thay-mot-lu-gioi-51fcdc14e36.html,1
Ảnh trong tuần,https://www.khoi8406.com/post/quanlambao/anh-trong-tuan-6ee35c51124.html,1
Dạ Nguyệt Hề!,https://www.khoi8406.com/post/quanlambao/da-nguyet-he-007ea3ed35f.html,1
Chùm thơ Quê Hương,https://www.khoi8406.com/post/quanlambao/chum-tho-que-huong-fd4b4ffa125.html,1
Ông Hai Say Mất Gà - Truyện kịch - Nguyên Thạch,https://www.khoi8406.com/post/quanlambao/ong-hai-say-mat-ga-truyen-kich-nguyen-3e440fb3ca0.html,1
Vì sao VN vẫn trì hoãn kiện TQ?,https://www.khoi8406.com/post/quanlambao/vi-sao-vn-van-tri-hoan-kien-tq-edb56866539.html,1
Chỉ còn lời cầu nguyện!,https://www.khoi8406.com/post/quanlambao/chi-con-loi-cau-nguyen-a2ad68e1643.html,1
Hãy hành động ngay nếu không chuyện mất nước là cầm chắc,https://www.khoi8406.com/post/quanlambao/hay-hanh-ong-ngay-neu-khong-chuyen-mat-38771ef743e.html,1
Mãng cầu xiêm diệt tế bào ung thư,https://www.khoi8406.com/post/quanlambao/mang-cau-xiem-diet-te-bao-ung-thu-26a93e17160.html,1
"Trung Quốc đề nghị 'đi đêm', Mỹ cắt ngắn cuộc họp",https://www.khoi8406.com/post/quanlambao/trung-quoc-e-nghi-i-em-my-cat-ngan-cuoc-c29ad1de5f4.html,1
"Việt Nam Cộng Hòa, lối thoát của Hoàng Sa và dân tộc",https://www.khoi8406.com/post/quanlambao/viet-nam-cong-hoa-loi-thoat-cua-hoang-5c8aed2e3c9.html,1
BẮC KINH SỢ ĐIỀU GÌ NHẤT? BỊ CÔ LẬP & CHIẾN TRANH,https://www.khoi8406.com/post/quanlambao/bac-kinh-so-ieu-gi-nhat-bi-co-lap-chien-d5e332ed514.html,1
Thôi rồi… Con sáo sang sông!?,https://www.khoi8406.com/post/quanlambao/thoi-roi-con-sao-sang-song-82455dc97fa.html,1
Vì Quê Hương Hãy Mau Lên Đường,https://www.khoi8406.com/post/quanlambao/vi-que-huong-hay-mau-len-uong-4841bda4bce.html,1
Cuối tuần dạy con,https://www.khoi8406.com/post/quanlambao/cuoi-tuan-day-con-6168aa15b91.html,1
Ôi Quê Hương! Buồn lắm...,https://www.khoi8406.com/post/quanlambao/oi-que-huong-buon-lam-321bc477f77.html,1
Ảnh trong tuần,https://www.khoi8406.com/post/quanlambao/anh-trong-tuan-02906cc651d.html,1
"Khi lính của đảng ""ta"" nhận quân xâm lược là thầy...",https://www.khoi8406.com/post/quanlambao/khi-linh-cua-ang-ta-nhan-quan-xam-luoc-3b1ce520f3d.html,1
"Trong tình hình căng thẳng ở Biển Đông, Việt Nam cố tìm cách thắt chặt mối liên hệ với Hoa Kỳ",https://www.khoi8406.com/post/quanlambao/trong-tinh-hinh-cang-thang-o-bien-ong-04c51593821.html,1
Vợ TBT Lê Duẩn nói công hàm Phạm Văn Đồng 'giao TQ quản lý Hoàng Sa',https://www.khoi8406.com/post/quanlambao/vo-tbt-le-duan-noi-cong-ham-pham-van-5e0fc08b233.html,1
VN cần 'bà con xa' hay 'láng giềng gần'?,https://www.khoi8406.com/post/quanlambao/vn-can-ba-con-xa-hay-lang-gieng-gan-f28ab0c587d.html,1
Gởi ai nước mắt Quê Hương,https://www.khoi8406.com/post/quanlambao/goi-ai-nuoc-mat-que-huong-5962d597ff0.html,1
Trung Quốc muốn gì từ giàn khoan HD 981 và đường băng ở đảo Gạc ma?,https://www.khoi8406.com/post/quanlambao/trung-quoc-muon-gi-tu-gian-khoan-hd-981-82a54034884.html,1
Chọn thái độ nào khi Trung Quốc gây chiến tranh?,https://www.khoi8406.com/post/quanlambao/chon-thai-o-nao-khi-trung-quoc-gay-dc601ed080a.html,1
Trước con cù China manh động và…nhiều hơn thế nữa,https://www.khoi8406.com/post/quanlambao/truoc-con-cu-china-manh-ong-vanhieu-hon-a0be5e827d6.html,1
Đường dây nóng Việt-Trung 'không hoạt động'?,https://www.khoi8406.com/post/quanlambao/uong-day-nong-viet-trung-khong-hoat-ong-9287f2e2454.html,1
Hồ Chí Minh và hậu duệ - Cá mè một lứa!,https://www.khoi8406.com/post/quanlambao/ho-chi-minh-va-hau-due-ca-me-mot-lua-5700a710256.html,1
Nguyễn Tấn Dũng: Hoạt đầu chính trị,https://www.khoi8406.com/post/quanlambao/nguyen-tan-dung-hoat-au-chinh-tri-58e2682c555.html,1
Phía sau ông Thủ Tướng có ai?,https://www.khoi8406.com/post/quanlambao/phia-sau-ong-thu-tuong-co-ai-36938bb9aff.html,1
"Trần Nhật Quang - Trêu ong, chọc rắn",https://www.khoi8406.com/post/quanlambao/tran-nhat-quang-treu-ong-choc-ran-8ff9e551b8e.html,1
'Việt Nam không đơn độc nếu đổi mới’,https://www.khoi8406.com/post/quanlambao/viet-nam-khong-on-oc-neu-oi-moi-f9d4b129ae2.html,1
Giống nhau thôi!,https://www.khoi8406.com/post/quanlambao/giong-nhau-thoi-116112f8bc9.html,1
Tàu quân sự của Trung cộng liên tục tấn công tàu Việt Nam trên biển Đông,https://www.khoi8406.com/post/quanlambao/tau-quan-su-cua-trung-cong-lien-tuc-tan-9200d2d2b6f.html,1
Ảnh trong trong tuần,https://www.khoi8406.com/post/quanlambao/anh-trong-trong-tuan-e7b1d3e1cfe.html,1
Tiếng Mẹ Hát,https://www.khoi8406.com/post/quanlambao/tieng-me-hat-81966902969.html,1
"VỚI ĐÔNG ĐÔ ĐẠI PHỐ, HD 981 SẼ DỜI VỀ BIỂN VŨNG TÀU!",https://www.khoi8406.com/post/quanlambao/voi-ong-o-ai-pho-hd-981-se-doi-ve-bien-3360d8c8c4f.html,1
"Chị Trần Thị Nga bị côn an giả dạng côn đồ truy sát, đánh vỡ xương tay và chân",https://www.khoi8406.com/post/quanlambao/chi-tran-thi-nga-bi-con-gia-dang-con-o-5ecc9c10f35.html,1
Bí mật không thể bị mất,https://www.khoi8406.com/post/quanlambao/bi-mat-khong-bi-mat-3f50b96508c.html,1
Mau vùng lên phá tung xiềng xích,https://www.khoi8406.com/post/quanlambao/mau-vung-len-pha-tung-xieng-xich-b9b4c60ba6b.html,1
"MUỐN CỨU NƯỚC CHỈ CÓ CON ĐƯỜNG DUY NHẤT LÀ DẸP BỎ ĐẢNG CSVN, XÓA BỎ CHẾ ĐỘ CỘNG SẢN.",https://www.khoi8406.com/post/quanlambao/muon-cuu-nuoc-chi-co-con-uong-duy-nhat-5177d268c3e.html,1
,https://www.khoi8406.com/post/quanlambao/cau-chien-that-ngan-cuoi-tuan_23-a1c92b25ccf.html,1
"Phật tử GHPGVNTN tự thiêu để bảo vệ Đạo pháp, chống Trung Quốc xâm lược",https://www.khoi8406.com/post/quanlambao/phat-tu-ghpgvntn-tu-thieu-e-bao-ve-ao-57bd20166ec.html,1
"Nhật ký mở lần thứ 94: “HỮU NGHỊ VIỂN VÔNG, LỆ THUỘC”…, QUẢ BỒ HÒN ĐÃ THỰC SỰ NHÈ RA CHƯA ?",https://www.khoi8406.com/post/quanlambao/nhat-ky-mo-lan-thu-94-huu-nghi-vien-c8aee522d96.html,1
Vụ giàn khoan: Mỹ ủng hộ Việt Nam kiện Trung Quốc,https://www.khoi8406.com/post/quanlambao/vu-gian-khoan-my-ung-ho-viet-nam-kien-209b3811420.html,1
Tàu ô ơi - Có ngon thì cứ đánh,https://www.khoi8406.com/post/quanlambao/tau-o-oi-co-ngon-thi-cu-anh-40c7b9c4223.html,1
Thư ngỏ gửi Bộ trưởng công an Trần Đại Quang và ĐBQH Dương Trung Quốc,https://www.khoi8406.com/post/quanlambao/thu-ngo-gui-bo-truong-cong-tran-ai-7fa40c38c16.html,1
Trò bẩn thỉu của công an Đồng Nai,https://www.khoi8406.com/post/quanlambao/tro-ban-thiu-cua-cong-ong-nai-1de02cd3e75.html,1
"Kết hợp “thế” và “lực”, để cứu nước và cứu mình! - Gửi tới những người CS và người “theo” CS",https://www.khoi8406.com/post/quanlambao/ket-hop-va-luc-e-cuu-nuoc-va-cuu-minh-7e6e72c6bfb.html,1
Thủ tướng: 'Không đánh đổi chủ quyền lấy hữu nghị viển vông',https://www.khoi8406.com/post/quanlambao/thu-tuong-khong-anh-oi-chu-quyen-lay-85258c6e724.html,1
Hãy đứng dậy,https://www.khoi8406.com/post/quanlambao/hay-ung-day-73988209a35.html,1
Thế nước biến: Đảng cộng sản phải ra đi,https://www.khoi8406.com/post/quanlambao/the-nuoc-bien-ang-cong-san-phai-ra-i-d37c5f6152c.html,1
Việt Nam sẽ đơn độc nếu bị tấn công?,https://www.khoi8406.com/post/quanlambao/viet-nam-se-on-oc-neu-bi-tan-cong-1cf3a88a085.html,1
Mỗi người Việt Nam gánh hơn 900 đô la nợ công,https://www.khoi8406.com/post/quanlambao/moi-nguoi-viet-nam-ganh-hon-900-o-la-no-8e6a5c4e18b.html,1
Bộ trưởng Quốc phòng Trung Quốc Thường Vạn Toàn gặp Bộ trưởng Quốc phòng Việt Nam Phùng Quang Thanh,https://www.khoi8406.com/post/quanlambao/bo-truong-quoc-phong-trung-quoc-thuong-5bc03568e2c.html,1
Bài thơ gởi Phùng Đại tướng,https://www.khoi8406.com/post/quanlambao/bai-tho-goi-phung-ai-tuong-d6d4f183982.html,1
Nhận diện kẻ thù dân tộc,https://www.khoi8406.com/post/quanlambao/nhan-dien-ke-thu-dan-toc-81c38cf5e2b.html,1
TRUNG QUỐC LẠI NHẮC CÔNG HÀM PHẠM VĂN ĐỒNG,https://www.khoi8406.com/post/quanlambao/trung-quoc-lai-nhac-cong-ham-pham-van-6e2b1e501ba.html,1
Nguyện cầu,https://www.khoi8406.com/post/quanlambao/nguyen-cau-f272fa54b75.html,1
Cảnh báo! Việc không thừa,https://www.khoi8406.com/post/quanlambao/canh-bao-viec-khong-thua-19dbd103a1f.html,1
Dân chúng lo lắng Trung Quốc chuyển quân nhưng Hà Nội im lặng bưng bít,https://www.khoi8406.com/post/quanlambao/dan-chung-lo-lang-trung-quoc-chuyen-bfd5c435c8a.html,1
Liệu Trung Cộng có tấn công Việt Nam? Will China immenently attack Vietnam?,https://www.khoi8406.com/post/quanlambao/lieu-trung-cong-co-tan-cong-viet-nam-56c6e535fff.html,1
Mấu chốt để giải quyết vấn nạn VN là giải thể ngay CƠ CHẾ,https://www.khoi8406.com/post/quanlambao/mau-chot-e-giai-quyet-van-nan-vn-la_20-f794898a005.html,1
CSVN BẬT ĐÈN XANH CHO TRUNG CỘNG DỰNG DÀN KHOAN H.D 981,https://www.khoi8406.com/post/quanlambao/csvn-bat-en-xanh-cho-trung-cong-dung-f1e7f18afc6.html,1
Đi chết đi ĐCSVN*,https://www.khoi8406.com/post/quanlambao/i-chet-i-csvn-aa776b3068e.html,1
"“Khôn nhà, dại chợ” và lối rẽ lịch sử",https://www.khoi8406.com/post/quanlambao/khon-nha-dai-cho-va-loi-re-lich-su-a989fe3967f.html,1
Tường thuật Biểu Tình Yêu Nước 18.5.2014 - Cả nước xuống đường,https://www.khoi8406.com/post/quanlambao/tuong-thuat-bieu-tinh-yeu-nuoc-1852014-70dfbe83c87.html,1
Những Chủ Nhật buồn,https://www.khoi8406.com/post/quanlambao/nhung-chu-nhat-buon-1240e640c48.html,1
Vĩnh biệt miền đất hứa?!,https://www.khoi8406.com/post/quanlambao/vinh-biet-mien-at-hua-0d170cb3995.html,1
Trả lời Nguyễn Thế Thảo cùng đám Việt gian,https://www.khoi8406.com/post/quanlambao/tra-loi-nguyen-thao-cung-am-viet-gian-10aa00ac846.html,1
Ts. Cù Huy Hà Vũ: Xóa bỏ độc tài mới giữ được nước!,https://www.khoi8406.com/post/quanlambao/ts-cu-huy-ha-vu-xoa-bo-oc-tai-moi-giu-d65d3e17b96.html,1
Hẹn Nhau Chủ Nhật,https://www.khoi8406.com/post/quanlambao/hen-nhau-chu-nhat_17-6d3400d44f3.html,1
Thông báo của 20 tổ chức xã hội dân sự độc lập về việc biểu tình ôn hòa ngày Chủ Nhật 18/5/2014,https://www.khoi8406.com/post/quanlambao/thong-bao-cua-20-to-chuc-xa-hoi-dan-su-676accad9a5.html,1
Cho Tuổi Trẻ Việt Nam và Em Bé Quăng cờ !,https://www.khoi8406.com/post/quanlambao/cho-tuoi-tre-viet-nam-va-em-be-quang-co-153426c63fe.html,1
Giàn khoan HD 981 : Trung Quốc cử gần 130 tàu đến bảo vệ,https://www.khoi8406.com/post/quanlambao/gian-khoan-hd-981-trung-quoc-cu-gan-130-25686ba081b.html,1
Tin tổng hợp: Đình công chống Trung Quốc lan rộng trên quy mô cả nước,https://www.khoi8406.com/post/quanlambao/tin-tong-hop-inh-cong-chong-trung-quoc-005ab413bcf.html,1
Đảng CSVN không còn đủ tư cách đại diện cho dân tộc Việt Nam,https://www.khoi8406.com/post/quanlambao/ang-csvn-khong-con-u-tu-cach-ai-dien-7a84415f1b3.html,1
Niềm ước ao... vụt tắt!,https://www.khoi8406.com/post/quanlambao/niem-uoc-ao-vut-tat-79b6f5f792e.html,1
Quan Làm Báo: Lời Kêu Gọi Cả Nước Xuống Đường Chống Trung Cộng Xâm Lược,https://www.khoi8406.com/post/quanlambao/quan-lam-bao-loi-keu-goi-ca-nuoc-xuong-b629fba7cdb.html,1
Thời khắc lịch sử! Chỉ một con đường lựa chọn,https://www.khoi8406.com/post/quanlambao/thoi-khac-lich-su-chi-mot-con-uong-lua-4e66035eb24.html,1
"Hàng vạn công nhân Bình Dương đình công, xuống đường chống Trung Quốc",https://www.khoi8406.com/post/quanlambao/hang-van-cong-nhan-binh-duong-inh-cong-45c586c9f6e.html,1
Còn CSVN-Còn thất vọng!,https://www.khoi8406.com/post/quanlambao/con-csvn-con-that-vong-fe74b456f89.html,1
MÃ ĐỀ DƯƠNG CƯỚC ANH HÙNG TẬN,https://www.khoi8406.com/post/quanlambao/ma-e-duong-cuoc-anh-hung-tan-b88789a292f.html,1
“Tương Lai” mù mịt – Sĩ Phu bạc màu,https://www.khoi8406.com/post/quanlambao/tuong-lai-mu-mit-si-phu-bac-mau-def359d90a2.html,1
Nhân dân Việt Nam đang “Lưỡng đầu thọ địch”,https://www.khoi8406.com/post/quanlambao/nhan-dan-viet-nam-ang-luong-au-tho-ich-a59d7a11eba.html,1
Một Thánh lễ vô cùng đặc biệt,https://www.khoi8406.com/post/quanlambao/mot-thanh-le-vo-cung-ac-biet-dc07395a3bf.html,1
Ai sẽ lãnh đạo bảo vệ Tổ Quốc?,https://www.khoi8406.com/post/quanlambao/ai-se-lanh-ao-bao-ve-to-quoc-b2b55634f3e.html,1
Tường trình Biểu Tình Yêu Nước 11.5.2014,https://www.khoi8406.com/post/quanlambao/tuong-trinh-bieu-tinh-yeu-nuoc-1152014-24bd8f7e670.html,1
"Tâm sự của loài ""Chim láu cá""",https://www.khoi8406.com/post/quanlambao/tam-su-cua-loai-chim-lau-ca-75c4a3be82a.html,1
Hận Vong Nô,https://www.khoi8406.com/post/quanlambao/han-vong-no-99ee189dc41.html,1
Thanh niên Nghệ An bất ngờ biểu tình chống TQ trước giờ G,https://www.khoi8406.com/post/quanlambao/thanh-nien-nghe-bat-ngo-bieu-tinh-chong-0e254bf25cd.html,1
Nên hay không nên đi biểu tình vào Chủ Nhật 11-5-14?,https://www.khoi8406.com/post/quanlambao/nen-hay-khong-nen-i-bieu-tinh-vao-chu-23c02e66140.html,1
Biển Đông cao nỗi hận,https://www.khoi8406.com/post/quanlambao/bien-ong-cao-noi-han-25b9f5c4b2f.html,1
Chưa đánh nhân dân đã thắng,https://www.khoi8406.com/post/quanlambao/chua-anh-nhan-dan-thang-1c2ba1cf0d8.html,1
BCT-Trung ương đảng tứ bề thọ địch,https://www.khoi8406.com/post/quanlambao/bct-trung-uong-ang-tu-be-tho-ich-40f4fa58257.html,1
Tin Nhanh 03: VN đã bật đèn xanh biểu tình trong chiến thuật cài răng lược,https://www.khoi8406.com/post/quanlambao/tin-nhanh-03-vn-bat-en-xanh-bieu-tinh-710ee0417b6.html,1
TRUNG QUỐC ĐƯA TÀU CHIẾN VÀO VÙNG BIỂN CỦA VIỆT NAM,https://www.khoi8406.com/post/quanlambao/trung-quoc-ua-tau-chien-vao-vung-bien-0bcdccf5e4e.html,1
Xung quanh chuyện biểu tình: Nội bộ chính quyền không đồng nhất,https://www.khoi8406.com/post/quanlambao/xung-quanh-chuyen-bieu-tinh-noi-bo-aa78bc06b54.html,1
Đêm biển Đông nghe Mẹ khóc,https://www.khoi8406.com/post/quanlambao/em-bien-ong-nghe-me-khoc-126007187c8.html,1
Có phải tàu chiến Việt Nam đang đụng độ với Trung Quốc tại khu vực giàn khoan HD-981?,https://www.khoi8406.com/post/quanlambao/co-phai-tau-chien-viet-nam-ang-ung-o-3330bfda7cf.html,1
Bs Nguyễn Thùy Trang-Tin tổng hợp về giàn khoan Trung Cộng,https://www.khoi8406.com/post/quanlambao/bs-nguyen-thuy-trang-tin-tong-hop-ve-a9390efcc51.html,1
Hãy thử nghiệm để dân chúng tự do biểu tình chống Tàu cộng,https://www.khoi8406.com/post/quanlambao/hay-thu-nghiem-e-dan-chung-tu-do-bieu-c81cd6a5855.html,1
Lời Kêu Gọi Biểu tình Yêu Nước của 20 Tổ Chức Dân Sự Việt Nam,https://www.khoi8406.com/post/quanlambao/loi-keu-goi-bieu-tinh-yeu-nuoc-cua-20-8ff6d9e4551.html,1
Dậy lên đi tiếng hát,https://www.khoi8406.com/post/quanlambao/day-len-i-tieng-hat-7356dedda4e.html,1
Tổ Quốc lại thêm một nỗi đau,https://www.khoi8406.com/post/quanlambao/to-quoc-lai-them-mot-noi-au-4eaa373870c.html,1
Tàu chiến Việt Nam đụng độ Trung Quốc tại khu vực giàn khoan 981,https://www.khoi8406.com/post/quanlambao/tau-chien-viet-nam-ung-o-trung-quoc-tai-2043dcca021.html,1
Tin nóng: Chuẩn đô đốc Ngô Sỹ Quyết ra lệnh CSB và kiểm ngư VN bất cứ giá náo phải bảo vệ Tổ Quốc,https://www.khoi8406.com/post/quanlambao/tin-nong-chuan-o-oc-ngo-sy-quyet-ra-87b0c712fff.html,1
GIÀN KHOAN 981 CỦA TRUNG QUỐC ĐÃ CHÍNH THỨC NEO CHÂN XUỐNG THỀM LỤC ĐỊA VIỆT NAM.,https://www.khoi8406.com/post/quanlambao/gian-khoan-981-cua-trung-quoc-chinh-4b47ae977a3.html,1
Trung cộng lại “dạy cho Việt Nam một bài học”,https://www.khoi8406.com/post/quanlambao/trung-cong-lai-day-cho-viet-nam-mot-bai-03ad2b362e9.html,1
Dự đoán Luật chế tài nhân quyền Việt Nam HR.4254,https://www.khoi8406.com/post/quanlambao/du-oan-luat-che-tai-nhan-quyen-viet-nam-2594b79bc0d.html,1
Bắt Anh Ba Sàm. Lạy Anh Ba Tàu,https://www.khoi8406.com/post/quanlambao/bat-anh-ba-sam-lay-anh-ba-tau-1709a50cf81.html,1
Trung Quốc mang giàn khoan 'khủng' chiếm biển Việt Nam,https://www.khoi8406.com/post/quanlambao/trung-quoc-mang-gian-khoan-khung-chiem-4ed8ef9a344.html,1
Bản lên tiếng của MLBVN về việc blogger Anh Ba Sàm - Nguyễn Hữu Vinh và bà Nguyễn Thị Minh Thuý bị bắt khẩn cấp,https://www.khoi8406.com/post/quanlambao/ban-len-tieng-cua-mlbvn-ve-viec-blogger-9e0258e9086.html,1
Ai đang làm khánh kiệt đất nước?,https://www.khoi8406.com/post/quanlambao/ai-ang-lam-khanh-kiet-at-nuoc-6a70097b79b.html,1
Được mùa lựu...,https://www.khoi8406.com/post/quanlambao/uoc-mua-luu_4-c9febb60c6e.html,1
Thư giãn cuối tuần,https://www.khoi8406.com/post/quanlambao/thu-gian-cuoi-tuan-f1f340905ef.html,1
Chiến thuật «Luộc Ếch» của cộng sản,https://www.khoi8406.com/post/quanlambao/chien-thuat-luoc-ech-cua-cong-san-0d4056b12d1.html,1
Quê Hương ơi,https://www.khoi8406.com/post/quanlambao/que-huong-oi-d1c5deee0c3.html,1
Khúc hát gọi tình,https://www.khoi8406.com/post/quanlambao/khuc-hat-goi-tinh-c252a6d9223.html,1
Chùm thơ - Hương yêu,https://www.khoi8406.com/post/quanlambao/chum-tho-huong-yeu-cf7239276f9.html,1
10 tội ác lớn nhất của bộ ba “lãnh tụ con” Đồng-Chinh-Giáp,https://www.khoi8406.com/post/quanlambao/10-toi-ac-lon-nhat-cua-bo-ba-lanh-tu-74148d926e6.html,1
"Thư bà Bộ Trưởng Y Tế Việt Nam, gởi Thủ Tướng Hàn Quốc",https://www.khoi8406.com/post/quanlambao/thu-ba-bo-truong-y-te-viet-nam-goi-thu-5f4d72618b8.html,1
Dân oan Hồ Giang Mỹ Lệ kể lại buổi làm việc với CA Q.4 - The ordeal of the poor innocent unjustly treated woman being interogated by the Vietnamese police agents,https://www.khoi8406.com/post/quanlambao/dan-oan-ho-giang-my-le-ke-lai-buoi-lam-7b39eac73a6.html,1
"Nhu cầu tài chánh và lời kể của chiếc áo ""Stop Police Killing Civilians""",https://www.khoi8406.com/post/quanlambao/nhu-cau-tai-chanh-va-loi-ke-cua-chiec-924ad50ae7d.html,1
Hổ nhớ rừng thời @,https://www.khoi8406.com/post/quanlambao/ho-nho-rung-thoi-b564ddcf473.html,1
Đại Vệ Chí Dị - Hoà giải,https://www.khoi8406.com/post/quanlambao/ai-ve-chi-di-hoa-giai-24bdbeef9bf.html,1
Hòa hợp bằng dãi,https://www.khoi8406.com/post/quanlambao/hoa-hop-bang-dai-3b9424cc55a.html,1
"Video kinh hoàng vụ côn an cướp đất, đánh người tàn bạo tại Dương Nội",https://www.khoi8406.com/post/quanlambao/video-kinh-hoang-vu-con-cuop-at-anh-d7ee1dcb35c.html,1
Tưởng niệm tướng Nguyễn Khoa Nam,https://www.khoi8406.com/post/quanlambao/tuong-niem-tuong-nguyen-khoa-nam-4a14a8260bc.html,1
Nỗi niềm của mẹ,https://www.khoi8406.com/post/quanlambao/noi-niem-cua-me-13406cdef2e.html,1
Cần xây mộ phần đàng hoàng và lập đền thờ cho bà Nông Thị Xuân,https://www.khoi8406.com/post/quanlambao/can-xay-mo-phan-ang-hoang-va-lap-en-tho-2576e69346a.html,1
"Sài Gòn: Dân oan biểu tình, tưởng niệm ngày Quốc Hận 30/4 bị CA đàn áp dã man",https://www.khoi8406.com/post/quanlambao/sai-gon-dan-oan-bieu-tinh-tuong-niem-ec0eecaf55d.html,1
Chiến thắng dang dở,https://www.khoi8406.com/post/quanlambao/chien-thang-dang-do-d58abea0cad.html,1
Một vài suy nghĩ về Cách mạng Dân chủ Việt Nam,https://www.khoi8406.com/post/quanlambao/mot-vai-suy-nghi-ve-cach-mang-dan-chu-83ff39c92e5.html,1
“Ông trời con” Hoàng Kông Tư vs. BBC Việt ngữ,https://www.khoi8406.com/post/quanlambao/ong-troi-con-hoang-kong-tu-vs-bbc-viet-9d65385b19d.html,1
Vinalines và Tờ-iếp Tiếp nặng Tiệc,https://www.khoi8406.com/post/quanlambao/vinalines-va-to-iep-tiep-nang-tiec-3ba3e82f0fe.html,1
Chuyện Hoa Xương Rồng,https://www.khoi8406.com/post/quanlambao/chuyen-hoa-xuong-rong-6af16bb6c5a.html,1
Cảnh đời tan tác sau 30/4/1975!,https://www.khoi8406.com/post/quanlambao/canh-oi-tan-tac-sau-3041975-76f31bf7c82.html,1
"Dân oan biểu tình, tưởng niệm Quốc Hận 30-4 (cập nhật)",https://www.khoi8406.com/post/quanlambao/dan-oan-bieu-tinh-tuong-niem-quoc-han-b250aefe835.html,1
Hậu 'vụ Hoàng Mai': Các tiệm vàng tư nhân trước nguy cơ bị niêm phong tài sản,https://www.khoi8406.com/post/quanlambao/hau-vu-hoang-mai-cac-tiem-vang-tu-nhan-d13dd266a0a.html,1
Hiện nguyên hình!,https://www.khoi8406.com/post/quanlambao/hien-nguyen-hinh-858d2e60421.html,1
Ru người... ru ta!,https://www.khoi8406.com/post/quanlambao/ru-nguoi-ru-ta-2a14bfd0674.html,1
Tháng 4/2014: Sài Gòn tưởng niệm Tướng Nguyễn Khoa Nam,https://www.khoi8406.com/post/quanlambao/thang-42014-sai-gon-tuong-niem-tuong-bdc324d6b32.html,1
"Súng đạn chúng ta đã thua, lý tưởng chúng ta đã thắng",https://www.khoi8406.com/post/quanlambao/sung-chung-ta-thua-ly-tuong-chung-ta-745bf00dfe7.html,1
Tin nhanh về: Buổi họp mặt tri ân phế binh QLVNCH tại nhà thờ Kỳ Đồng - Sài Gòn,https://www.khoi8406.com/post/quanlambao/tin-nhanh-ve-buoi-hop-mat-tri-phe-binh-690d1557118.html,1
Sự tương phản giữa hai nền văn hóa,https://www.khoi8406.com/post/quanlambao/su-tuong-phan-giua-hai-nen-van-hoa-eee60b78479.html,1
Kỷ niệm 39 năm ngày “giải phóng miền Bắc”,https://www.khoi8406.com/post/quanlambao/ky-niem-39-nam-ngay-giai-phong-mien-bac-6fe15b09226.html,1
Đề nghị Trung tướng Hoàng Kông Tư khởi tố một vụ án đặc biệt nghiêm trọng khác về tội vu khống,https://www.khoi8406.com/post/quanlambao/e-nghi-trung-tuong-hoang-kong-tu-khoi-840280a4a11.html,1
Quên lãng!,https://www.khoi8406.com/post/quanlambao/quen-lang-c219efabada.html,1
30 Tháng 04 - Đập cổ kính ra tìm lấy bóng...,https://www.khoi8406.com/post/quanlambao/30-thang-04-ap-co-kinh-ra-tim-lay-bong-edc50ad32fa.html,1
"Bộ Công an VN khởi tố tội danh 'vu khống', đòi dẫn độ phóng viên BBC",https://www.khoi8406.com/post/quanlambao/bo-cong-vn-khoi-to-toi-danh-vu-khong-oi-e1075665296.html,1
Tò te...Tò te,https://www.khoi8406.com/post/quanlambao/to-teto-te-42fd90b9419.html,1
Vụ CA đột kích tiệm vàng Hoàng Mai: Dấu hiệu mở màn chiến dịch 'đánh tư sản' kiểu mới,https://www.khoi8406.com/post/quanlambao/vu-ca-ot-kich-tiem-vang-hoang-mai-dau-50a2dc81950.html,1
"Kiện phóng viên BBC Nguyễn Hùng: Hu hu hu, anh Kông chơi anh Ku!",https://www.khoi8406.com/post/quanlambao/kien-phong-vien-bbc-nguyen-hung-hu-hu-c3f11dc86ac.html,1
Chết cha sếp Quang rồi!,https://www.khoi8406.com/post/quanlambao/chet-cha-sep-quang-roi-4c6af6b6d48.html,1
MAI ANH VỀ,https://www.khoi8406.com/post/quanlambao/mai-anh-ve-79eeb33589c.html,1
Dương Chí Dũng mừng ra mặt sau khi rời phòng xử án,https://www.khoi8406.com/post/quanlambao/duong-chi-dung-mung-ra-mat-sau-khi-roi-f0937ccbf66.html,1
Anh ba Đua đã hết đua!,https://www.khoi8406.com/post/quanlambao/anh-ba-ua-het-ua-fe92a4e0140.html,1
Quỹ đấu tranh Dân Chủ?,https://www.khoi8406.com/post/quanlambao/quy-au-tranh-dan-chu-2495b79f239.html,1
Ts. Cù Huy Hà Vũ: Tương phản trước và sau,https://www.khoi8406.com/post/quanlambao/ts-cu-huy-ha-vu-tuong-phan-truoc-va-sau-62af9524c3d.html,1
Chân lý tháng Tư,https://www.khoi8406.com/post/quanlambao/chan-ly-thang-tu_25-b51108f5344.html,1
Hội thảo tự do Báo chí cho Việt Nam tại Hoa Kỳ,https://www.khoi8406.com/post/quanlambao/hoi-thao-tu-do-bao-chi-cho-viet-nam-tai-db0a83d02a7.html,1
Hỗn và loạn trong văn hóa,https://www.khoi8406.com/post/quanlambao/hon-va-loan-trong-van-hoa-66764c765b1.html,1
Trước thềm phiên tòa xét xử Dương Chí Dũng,https://www.khoi8406.com/post/quanlambao/truoc-them-phien-toa-xet-xu-duong-chi-3c97d6c352a.html,1
Giấc mộng con TPP của VN tắt ngủm!?,https://www.khoi8406.com/post/quanlambao/giac-mong-con-tpp-cua-vn-tat-ngum-7e7bced9fe6.html,1
"Việt gian chỉ đạo cướp đất, đánh đập dân oan Dương Nội",https://www.khoi8406.com/post/quanlambao/viet-gian-chi-ao-cuop-at-anh-ap-dan-oan-11ee7e48765.html,1
"CA Hà Nội càn quét, đàn áp khốc liệt nông dân Dương Nội",https://www.khoi8406.com/post/quanlambao/ca-ha-noi-can-quet-ap-khoc-liet-nong-7874eba7300.html,1
"Còn có luật pháp, mình không làm gì sai thì mình cứ khiếu nại.",https://www.khoi8406.com/post/quanlambao/con-co-luat-phap-minh-khong-lam-gi-sai-3ad21265b3d.html,1
Này chị này anh hãy vùng lên,https://www.khoi8406.com/post/quanlambao/nay-chi-nay-anh-hay-vung-len-1dad2caf619.html,1
Nghệ sỹ Kim Chi - Thư từ nước Mỹ gửi bạn bè,https://www.khoi8406.com/post/quanlambao/nghe-sy-kim-chi-thu-tu-nuoc-my-gui-ban-d225334b7a7.html,1
Nghĩ gì về việc Khánh Ly về Việt Nam hát?,https://www.khoi8406.com/post/quanlambao/nghi-gi-ve-viec-khanh-ly-ve-viet-nam-hat-3ac4d8b6f8d.html,1
Khóc Tố Hữu - Khóc Đảng!,https://www.khoi8406.com/post/quanlambao/khoc-to-huu-khoc-ang-b99d844a5a4.html,1
Lời kêu gọi bất tín nhiệm chính quyền!: Kết quả của 39 năm CS “giải phóng và xây dựng đất nước”!,https://www.khoi8406.com/post/quanlambao/loi-keu-goi-bat-tin-nhiem-chinh-quyen-a1d6e1507a1.html,1
Tập tài liệu về tình trạng công dân Việt Nam bị chết trong đồn công an,https://www.khoi8406.com/post/quanlambao/tap-tai-lieu-ve-tinh-trang-cong-dan-8a806f92b6b.html,1
Chân lý tháng Tư,https://www.khoi8406.com/post/quanlambao/chan-ly-thang-tu-e91987e269a.html,1
Trong tăm tối hãy vùng lên,https://www.khoi8406.com/post/quanlambao/trong-tam-toi-hay-vung-len-c18dac82fd5.html,1
Tiết lộ vụ thảm sát người Duy Ngô Nhĩ ở Quảng Ninh: Hà Nội đã mắc mưu Bắc Kinh?,https://www.khoi8406.com/post/quanlambao/tiet-lo-vu-tham-sat-nguoi-duy-ngo-nhi-o-7c30576b492.html,1
Chúc mừng Bác sĩ Nguyễn Đan Quế được đề cử giải NOBEL hòa bình 2014 và giải Gwangju 2014,https://www.khoi8406.com/post/quanlambao/chuc-mung-bac-si-nguyen-que-uoc-e-cu-a66534fbf0f.html,1
Đôi dép râu và nỗi buồn vô vọng,https://www.khoi8406.com/post/quanlambao/oi-dep-rau-va-noi-buon-vo-vong-328593961b6.html,1
Chuyện đã cũ nhưng lòng vẫn chưa nguôi!,https://www.khoi8406.com/post/quanlambao/chuyen-cu-nhung-long-van-chua-nguoi-6222ac53c17.html,1
"Nghèo mà chơi sang, vì sao?",https://www.khoi8406.com/post/quanlambao/ngheo-ma-choi-sang-vi-sao-b11e284c9cc.html,1
Vì đâu nên nỗi?,https://www.khoi8406.com/post/quanlambao/vi-au-nen-noi-485c31b191c.html,1
Bác và đảng không còn trong tôi nữa!,https://www.khoi8406.com/post/quanlambao/bac-va-ang-khong-con-trong-toi-nua-58063330e9e.html,1
Vụ Bắc Sơn: Chế độ lung lay từ nền tảng,https://www.khoi8406.com/post/quanlambao/vu-bac-son-che-o-lung-lay-tu-nen-tang-c257a76a08f.html,1
Đi tìm nguyên nhân... Tại sao sự dối trá vẫn còn tồn tại? Cách giải quyết,https://www.khoi8406.com/post/quanlambao/i-tim-nguyen-nhan-tai-sao-su-doi-tra-88a1fb423e4.html,1
"Viện Nhi thành ổ dịch, phóng viên bị cấm tác nghiệp",https://www.khoi8406.com/post/quanlambao/vien-nhi-thanh-o-dich-phong-vien-bi-cam-3b04ddec23d.html,1
Thơ tôi...,https://www.khoi8406.com/post/quanlambao/tho-toi-9193176c3a9.html,1
Đánh Mỹ quá đà mới ra nông nỗi,https://www.khoi8406.com/post/quanlambao/anh-my-qua-moi-ra-nong-noi-b817a4069a0.html,1
Đơn đề nghị xem xét lại tư cách của chủ tịch Quốc hội Nguyễn Sinh Hùng,https://www.khoi8406.com/post/quanlambao/on-e-nghi-xem-xet-lai-tu-cach-cua-chu_17-d63b63cbb50.html,1
Không thể đồng hành với tội ác,https://www.khoi8406.com/post/quanlambao/khong-ong-hanh-voi-toi-ac-6c67e7e0c11.html,1
Chùm thơ cho tháng Tư Đen (Black April),https://www.khoi8406.com/post/quanlambao/chum-tho-cho-thang-tu-en-black-april-6465f5d02f5.html,1
Tòa tuyên hoãn xử vụ bầu Kiên,https://www.khoi8406.com/post/quanlambao/toa-tuyen-hoan-xu-vu-bau-kien-98a7a1a9e3a.html,1
BÀ VIỆN TRƯỞNG CHẶN 50% KINH PHÍ CÁC ĐỀ TÀI ĐỂ BÔI TRƠN NHỮNG AI?,https://www.khoi8406.com/post/quanlambao/ba-vien-truong-chan-50-kinh-phi-cac-e-d60549057d9.html,1
Chính quyền Việt Nam trả tự do cho các nhà hoạt động Nguyễn Tiến Trung và Vi Đức Hồi,https://www.khoi8406.com/post/quanlambao/chinh-quyen-viet-nam-tra-tu-do-cho-cac-c04f9939434.html,1
Chào đón Luật sư Cù Huy Hà Vũ,https://www.khoi8406.com/post/quanlambao/chao-on-luat-su-cu-huy-ha-vu-08a2f5aefaa.html,1
"Đảng viên ""ăn"" trước!...",https://www.khoi8406.com/post/quanlambao/ang-vien-truoc-f54de2afb77.html,1
Dù việc đánh tráo có hay không…,https://www.khoi8406.com/post/quanlambao/du-viec-anh-trao-co-hay-khong-13233e443a7.html,1
"“Bầu Kiên” thao túng quyền lực, trục lợi ở ngân hàng ACB như thế nào?",https://www.khoi8406.com/post/quanlambao/bau-kien-thao-tung-quyen-luc-truc-loi-o-fcda81a5e40.html,1
“Cấp dưới” khai gì về việc “Bầu Kiên” thao túng quyền lực ở Ngân hàng,https://www.khoi8406.com/post/quanlambao/cap-duoi-khai-gi-ve-viec-bau-kien-thao-0722bb38ba4.html,1
Ông Trần Xuân Giá khai gì về bầu Kiên?,https://www.khoi8406.com/post/quanlambao/ong-tran-xuan-gia-khai-gi-ve-bau-kien-4c0745ca326.html,1
Một sinh viên tranh đấu bị đuổi học,https://www.khoi8406.com/post/quanlambao/mot-sinh-vien-tranh-au-bi-uoi-hoc-6c6ac2b86b2.html,1
Phạm Chí Dũng: Phản kháng xã hội bắt đầu lan rộng!,https://www.khoi8406.com/post/quanlambao/pham-chi-dung-phan-khang-xa-hoi-bat-au-235340ebfa0.html,1
Xử Bầu Kiên khó vì Phạm Huy Hùng?,https://www.khoi8406.com/post/quanlambao/xu-bau-kien-kho-vi-pham-huy-hung-bf6ee90a6db.html,1
Thầy Đinh Đăng Định đã ra đi ...,https://www.khoi8406.com/post/quanlambao/thay-inh-ang-inh-ra-i-62d8e8270ae.html,1
Người hùng Putin cưỡi hổ,https://www.khoi8406.com/post/quanlambao/nguoi-hung-putin-cuoi-ho-39a8eedce9e.html,1
Toà Đại Sứ Hoa Kỳ Hỏi Han Hai Chức Sắc Tôn Giáo Đã Điều Trần Trước Quốc Hội,https://www.khoi8406.com/post/quanlambao/toa-ai-su-hoa-ky-hoi-han-hai-chuc-sac-1803e854a35.html,1
GIÁO DỤC VIỆT NAM: CỐ SỬA HAY TRỞ VỀ GỐC?,https://www.khoi8406.com/post/quanlambao/giao-duc-viet-nam-co-sua-hay-tro-ve-goc-936d832bb93.html,1
NHỮNG CON NGƯỜI KHÔNG CÓ TRÁI TIM,https://www.khoi8406.com/post/quanlambao/nhung-con-nguoi-khong-co-trai-tim-1a467f9912c.html,1
Giả - Thật chuyện tỷ đô la của giới cầm quyền Hà Nội?,https://www.khoi8406.com/post/quanlambao/gia-that-chuyen-ty-o-la-cua-gioi-cam-5539b7a3e85.html,1
Cuộc đánh tráo không thể có,https://www.khoi8406.com/post/quanlambao/cuoc-anh-trao-khong-co-6d7f2f67d41.html,1
Con gái gởi ba Trần Huỳnh Duy Thức,https://www.khoi8406.com/post/quanlambao/con-gai-goi-ba-tran-huynh-duy-thuc-23abfbaa5e8.html,1
Bài đăng về Tổng giám đốc mua lại bằng chứng 1 tỷ - Tiếng nói từ người trong cuộc,https://www.khoi8406.com/post/quanlambao/bai-ang-ve-tong-giam-oc-mua-lai-bang-14d0cb5860b.html,1
Lê Thăng Long - Ăn cơm 'Chúa' múa tối ngày!,https://www.khoi8406.com/post/quanlambao/le-thang-long-com-chua-mua-toi-ngay-cd8d71cdab8.html,1
Nguyễn Chánh Tín và Trầm Bê,https://www.khoi8406.com/post/quanlambao/nguyen-chanh-tin-va-tram-be-ebb573b830d.html,1
Cri - mê vác đá ghè chân mình?,https://www.khoi8406.com/post/quanlambao/cri-me-vac-ghe-chan-minh-c5cda12b030.html,1
Con Sãi ở Chùa...!,https://www.khoi8406.com/post/quanlambao/con-sai-o-chua-ae63d20bf55.html,1
Giã Từ Di Sản Nga Hoàng!,https://www.khoi8406.com/post/quanlambao/gia-tu-di-san-nga-hoang-6be3d446d24.html,1
TỰ TÌNH,https://www.khoi8406.com/post/quanlambao/tu-tinh-0289b0c7d43.html,1
Khai thác khoáng sản hay bán nước cho Tàu?,https://www.khoi8406.com/post/quanlambao/khai-thac-khoang-san-hay-ban-nuoc-cho-8f9761c7012.html,1
Ù lỳ đáng sợ,https://www.khoi8406.com/post/quanlambao/u-ly-ang-so-c0caef972aa.html,1
"Bàn ngang tán dọc về một chữ ""TẶC!""",https://www.khoi8406.com/post/quanlambao/ban-ngang-tan-doc-ve-mot-chu-tac-460d165a433.html,1
‘Kleptocracy’ đã đến Việt Nam rồi chăng?,https://www.khoi8406.com/post/quanlambao/kleptocracy-en-viet-nam-roi-chang-c5684edb1f6.html,1
Tin nóng Công An Cộng Sản Đàn áp PHẬT GIÁO HOÀ HẢO,https://www.khoi8406.com/post/quanlambao/tin-nong-cong-cong-san-ap-phat-giao-hoa-6366e8c6603.html,1
Kinh Tế Thị trường định hướng XHCN - Đại hoạ cua Việt Nam,https://www.khoi8406.com/post/quanlambao/kinh-te-thi-truong-inh-huong-xhcn-ai-cb8053a28cc.html,1
Ăn tiền của Nước ngoài không bằng ăn của Trong nước!!,https://www.khoi8406.com/post/quanlambao/an-tien-cua-nuoc-ngoai-khong-bang-cua-ee44c4fdb4f.html,1
Thủ tướng Malaysia: MH370 đã rơi ở nam Ấn Độ Dương,https://www.khoi8406.com/post/quanlambao/thu-tuong-malaysia-mh370-roi-o-nam-o-fde7cc80320.html,1
Nghi vấn sau cái chết của ông Phạm Quý Ngọ,https://www.khoi8406.com/post/quanlambao/nghi-van-sau-cai-chet-cua-ong-pham-quy-e49d23dd71a.html,1
Tra tấn bằng điện và ớt,https://www.khoi8406.com/post/quanlambao/tra-tan-bang-ien-va-ot-e3440ec28f9.html,1
QUYỀN CON NGƯỜI?,https://www.khoi8406.com/post/quanlambao/quyen-con-nguoi-abc7eb6c4b8.html,1
Một ngày ở tù cũng là quá nhiều,https://www.khoi8406.com/post/quanlambao/mot-ngay-o-tu-cung-la-qua-nhieu-289fdffce7e.html,1
"Đảng lãng quên, dân chẳng bao giờ!",https://www.khoi8406.com/post/quanlambao/ang-lang-quen-dan-chang-bao-gio-c7fa04fd82c.html,1
KỊCH BẢN UKRAINA CHO VIỆT NAM,https://www.khoi8406.com/post/quanlambao/kich-ban-ukraina-cho-viet-nam-26a30cbab66.html,1
Sáp nhập Sacombank - Kêt thúc chu kỳ ăn cướp của Thống đốc Bình,https://www.khoi8406.com/post/quanlambao/sap-nhap-sacombank-ket-thuc-chu-ky-cuop-0de55d09e52.html,1
Lâu đài nào 'hoành tráng' hơn?,https://www.khoi8406.com/post/quanlambao/lau-ai-nao-hoanh-trang-hon-d93e1077370.html,1
Việt kiều sắp được mua nhà ở Việt Nam!,https://www.khoi8406.com/post/quanlambao/viet-kieu-sap-uoc-mua-nha-o-viet-nam-149d846a8f8.html,1
Ba quả lừa đầu năm của Đồng chí X,https://www.khoi8406.com/post/quanlambao/ba-qua-lua-au-nam-cua-ong-chi-x-b307b8569f0.html,1
TÂM THẦN HAY KẺ CẮP?,https://www.khoi8406.com/post/quanlambao/tam-than-hay-ke-cap-3d6c03dd113.html,1
Võ sỹ có triển vọng là tổng thống,https://www.khoi8406.com/post/quanlambao/vo-sy-co-trien-vong-la-tong-thong-fa4d93c7a43.html,1
Tuyên bố về Điều 258 nhân phiên tòa xét xử nhà báo Trương Duy Nhất,https://www.khoi8406.com/post/quanlambao/tuyen-bo-ve-ieu-258-nhan-phien-toa-xet-64e5a55055a.html,1
THÊM BẰNG CHỨNG VÔ LIÊM SỶ VÀ NGU ĐỘN CỦA ĐỘI NGŨ CHUYÊN CHÍNH VÔ SẢN CHỐNG DÂN CHỦ HÓA,https://www.khoi8406.com/post/quanlambao/them-bang-chung-vo-liem-sy-va-ngu-on-adbdc609a22.html,1
Từ tổng thống thành tội phạm bị truy lùng,https://www.khoi8406.com/post/quanlambao/tu-tong-thong-thanh-toi-pham-bi-truy-509eddc866d.html,1
Nguyễn Bắc Truyển: nhà dân chủ hay chim mồi?,https://www.khoi8406.com/post/quanlambao/nguyen-bac-truyen-nha-dan-chu-hay-chim-d0d523eb89d.html,1
Thấy gì từ hai cú lừa đầu năm,https://www.khoi8406.com/post/quanlambao/thay-gi-tu-hai-cu-lua-au-nam-7ea211641e6.html,1
Năm 2014: Khát vọng tỷ phú đô la của doanh nhân Việt,https://www.khoi8406.com/post/quanlambao/nam-2014-khat-vong-ty-phu-o-la-cua-70a0d1354c1.html,1
Nguyễn Bắc Truyển và Lê Thăng Long: Ai diễn giỏi hơn?,https://www.khoi8406.com/post/quanlambao/nguyen-bac-truyen-va-le-thang-long-ai-dcc7558b6fd.html,1
Nét son Ukraina: Xã hội Dân sự,https://www.khoi8406.com/post/quanlambao/net-son-ukraina-xa-hoi-dan-su-ad35bb6c3ac.html,1
"XUÂN ĐANG VỀ TRÊN UKRAINE, YULIA ƠI!",https://www.khoi8406.com/post/quanlambao/xuan-ang-ve-tren-ukraine-yulia-oi-d0e67f08bad.html,1
Lãnh đạo nào của báo Tuổi Trẻ chỉ đạo đăng clip Dương Chí Dũng khai trước tòa?,https://www.khoi8406.com/post/quanlambao/lanh-ao-nao-cua-bao-tuoi-tre-chi-ao-ang-c4f769b681c.html,1
"Cầu xin Đảng không được, đành cầu xin Trời Phật...",https://www.khoi8406.com/post/quanlambao/cau-xin-ang-khong-uoc-anh-cau-xin-troi-f2b6e96c887.html,1
Cái chết của Tướng Phạm Quý Ngọ là một kết cục 'Trời có mắt'!,https://www.khoi8406.com/post/quanlambao/cai-chet-cua-tuong-pham-quy-ngo-la-mot-71cbb72c4de.html,1
Lời nói dối ngọt ngào cộng sản,https://www.khoi8406.com/post/quanlambao/loi-noi-doi-ngot-ngao-cong-san-b037b651b76.html,1
Cực tham và cực thâm,https://www.khoi8406.com/post/quanlambao/cuc-tham-va-cuc-tham-1bb7097c2b1.html,1
"Đầu năm Ngựa, ai làm thịt Ngọ?",https://www.khoi8406.com/post/quanlambao/au-nam-ngua-ai-lam-thit-ngo-1fbe7224a56.html,1
"""Xin cho em được chết 'Cấp cao"" - Tướng Ngọ thoả thuận",https://www.khoi8406.com/post/quanlambao/xin-cho-em-uoc-chet-cap-cao-tuong-ngo-34eb9d5978f.html,1
Đảng độc trị,https://www.khoi8406.com/post/quanlambao/ang-oc-tri-5be37190f17.html,1
Tường thuật trực tiếp phiên tòa xét xử Ls. Lê Quốc Quân,https://www.khoi8406.com/post/quanlambao/tuong-thuat-truc-tiep-phien-toa-xet-xu-37cad120c90.html,1
Thượng Tướng Phạm Quý Ngọ đã từ trần?,https://www.khoi8406.com/post/quanlambao/thuong-tuong-pham-quy-ngo-tu-tran-7de082f76f0.html,1
17/2: Ngày kỷ niệm lần thứ 35 chiến tranh biên giới Việt-Trung,https://www.khoi8406.com/post/quanlambao/172-ngay-ky-niem-lan-thu-35-chien-tranh-c5bbe075623.html,1
ĐƠN TỐ CÁO NHÀ CẦM QUYỀN CỘNG SẢN VIỆT NAM BẮT GIAM TÙY TIỆN VÀ VI PHẠM CÔNG ƯỚC LIÊN HIỆP QUỐC CHỐNG TRA TẤN,https://www.khoi8406.com/post/quanlambao/on-to-cao-nha-cam-quyen-cong-san-viet-b1c42b5cae9.html,1
Sao Thủ tướng lại nhu nhơ và dễ dãi đáng ngờ với EVN như vậy?,https://www.khoi8406.com/post/quanlambao/sao-thu-tuong-lai-nhu-nho-va-de-dai-ang-0e5848ba25f.html,1
PT CĐVN: Tuyên bố về việc CA hành hung công dân Nguyễn Văn Thạnh,https://www.khoi8406.com/post/quanlambao/pt-cvn-tuyen-bo-ve-viec-ca-hanh-hung-56263414203.html,1
"KHÔNG CÓ AI HẠI DÂN, HẠI NƯỚC NHƯ ...EVN",https://www.khoi8406.com/post/quanlambao/khong-co-ai-hai-dan-hai-nuoc-nhu-evn-65a42031f40.html,1
Bật mí những sự thật thú vị về Thánh Valentine,https://www.khoi8406.com/post/quanlambao/bat-mi-nhung-su-that-thu-vi-ve-thanh-669331e0d84.html,1
Sex với 23 người đàn ông để mừng sinh nhật,https://www.khoi8406.com/post/quanlambao/sex-voi-23-nguoi-ong-e-mung-sinh-nhat-7afb7c8ffcf.html,1
Nghi vấn xung quanh cái chết của em gái Julia Roberts,https://www.khoi8406.com/post/quanlambao/nghi-van-xung-quanh-cai-chet-cua-em-gai-fb9cde4daf8.html,1
Người Việt sắm hơn 8000 xế hộp chơi Tết,https://www.khoi8406.com/post/quanlambao/nguoi-viet-sam-hon-8000-xe-hop-choi-tet-c5a28ec5661.html,1
Xem tàu ngầm Kilo Hồ Chí Minh vượt băng về nước,https://www.khoi8406.com/post/quanlambao/xem-tau-ngam-kilo-ho-chi-minh-vuot-bang-4a73f042e61.html,1
Tham mưu trưởng HQ Mỹ: Sẽ giúp Philippines nếu Trung Quốc chiếm đảo,https://www.khoi8406.com/post/quanlambao/tham-muu-truong-hq-my-se-giup-18c5c313082.html,1
Điềm lành đầu Xuân,https://www.khoi8406.com/post/quanlambao/iem-lanh-au-xuan-181e7952dcc.html,1
Giám đốc Tình báo QG Mỹ: Kim Jong-un củng cố quyền lực thành công,https://www.khoi8406.com/post/quanlambao/giam-oc-tinh-bao-qg-my-kim-jong-un-cung-3d0cd73a286.html,1
Buổi Điều Trần Về Tù Nhân Lương Tâm Vào Hồ Sơ Quốc Hội,https://www.khoi8406.com/post/quanlambao/buoi-ieu-tran-ve-tu-nhan-luong-tam-vao-dbc38716edb.html,1
NHÂN QUYỀN HỘI,https://www.khoi8406.com/post/quanlambao/nhan-quyen-hoi-00adcb47bac.html,1
"NỬA NGƯỜI NỬA NGỢM, NỬA ĐƯỜI ƯƠI",https://www.khoi8406.com/post/quanlambao/nua-nguoi-nua-ngom-nua-uoi-uoi-49266e6d406.html,1
Thêm 2 Tù Nhân Lương Tâm Được DB Hoa Kỳ Đỡ Đầu,https://www.khoi8406.com/post/quanlambao/them-2-tu-nhan-luong-tam-uoc-db-hoa-ky-8b5f50f2068.html,1
Màn tuồng vụng ở Genève,https://www.khoi8406.com/post/quanlambao/man-tuong-vung-o-geneve-bdfbc509a43.html,1
ĐÔI ĐIỀU VỚI TIẾN SỸ NGUYỄN NHÃ VỀ HÒANG SA.,https://www.khoi8406.com/post/quanlambao/oi-ieu-voi-tien-sy-nguyen-nha-ve-hoang-9fd72a4256d.html,1
"Ngày Xuân thư thái, đọc thơ tình Nguyễn Thanh Giang",https://www.khoi8406.com/post/quanlambao/ngay-xuan-thu-thai-oc-tho-tinh-nguyen-2df106f36de.html,1
Từ Đảng Cộng sản ban đầu đến Đảng Cộng sản hiện nay,https://www.khoi8406.com/post/quanlambao/tu-ang-cong-san-ban-au-en-ang-cong-san-cb83f77e0a2.html,1
Lộ diện “ông lớn” rót tiền cho VietjetAir mua 100 máy bay,https://www.khoi8406.com/post/quanlambao/lo-dien-ong-lon-rot-tien-cho-vietjetair-224c066bb43.html,1
Mỹ sẽ điều thêm tàu ngầm hạt nhân tới Guam đối phó Trung Quốc,https://www.khoi8406.com/post/quanlambao/my-se-ieu-them-tau-ngam-hat-nhan-toi-c5dbbef72dd.html,1
TQ có thể dùng tàu ngầm hạt nhân trong xung đột quân sự ở châu Á?,https://www.khoi8406.com/post/quanlambao/tq-co-dung-tau-ngam-hat-nhan-trong-xung-4c76a19d54f.html,1
5 game thú vị ngoài Flappy Bird của Nguyễn Hà Đông,https://www.khoi8406.com/post/quanlambao/5-game-thu-vi-ngoai-flappy-bird-cua-75712107273.html,1
10 tên tội phạm khiến Interpol ‘nóng mặt’,https://www.khoi8406.com/post/quanlambao/10-ten-toi-pham-khien-interpol-nong-mat-989e96a6634.html,1
Hàng hay chiến?,https://www.khoi8406.com/post/quanlambao/hang-hay-chien-3d8b255b78c.html,1
Đảng CSVN hãy tự cứu lấy mình bằng Đa Nguyên Đa Đảng,https://www.khoi8406.com/post/quanlambao/ang-csvn-hay-tu-cuu-lay-minh-bang-62b46c994cd.html,1
"Trọn bộ 5 biệt thự, căn hộ cao cấp của nhà Dương Chí Dũng",https://www.khoi8406.com/post/quanlambao/tron-bo-5-biet-thu-can-ho-cao-cap-cua-8dae674bfd5.html,1
Hỏi đá có buồn?,https://www.khoi8406.com/post/quanlambao/hoi-co-buon-a685424d0a9.html,1
Táo Quân Sớ,https://www.khoi8406.com/post/quanlambao/tao-quan-so-1ad8b8e22f9.html,1
Trần Văn Giang: Bá Ngọ Tướng Công An,https://www.khoi8406.com/post/quanlambao/tran-van-giang-ba-ngo-tuong-cong-an-01e5f1feb88.html,1
"Dương Chí Dũng ""chết"" vì Dũng “Bắc Cạn“?",https://www.khoi8406.com/post/quanlambao/duong-chi-dung-chet-vi-dung-bac-can-5b7f3208868.html,1
Chùm thơ: Xuân xa vắng,https://www.khoi8406.com/post/quanlambao/chum-tho-xuan-xa-vang-0d8ab4d2eff.html,1
Lời phàn nàn của Đá,https://www.khoi8406.com/post/quanlambao/loi-phan-nan-cua-a-311f358b738.html,1
Góp xuân vài câu đối,https://www.khoi8406.com/post/quanlambao/gop-xuan-vai-cau-oi-e031ff7e026.html,1
Giáp Ngọ xưa - Giáp Ngọ nay,https://www.khoi8406.com/post/quanlambao/giap-ngo-xua-giap-ngo-nay-11d2140daf8.html,1
Sự mù quáng vô tận,https://www.khoi8406.com/post/quanlambao/su-mu-quang-vo-tan-d4461a4057b.html,1
Dư Luận Viên chửi nhau,https://www.khoi8406.com/post/quanlambao/du-luan-vien-chui-nhau-fa4a1b751e7.html,1
Lá cờ đen trước tòa,https://www.khoi8406.com/post/quanlambao/la-co-en-truoc-toa-bb9594c1bdd.html,1
Thay thiệp chúc Xuân,https://www.khoi8406.com/post/quanlambao/thay-thiep-chuc-xuan-e2fc1074cea.html,1
"Đôi lời với tác giả bài viết ""Hồi kết cho Phạm Quý Ngọ ở đâu?""",https://www.khoi8406.com/post/quanlambao/oi-loi-voi-tac-gia-bai-viet-hoi-ket-cho-9ddc2171b56.html,1
Hình ảnh buổi lễ Tưởng niệm 40 năm Hải chiến Hoàng Sa tại Hà Nội,https://www.khoi8406.com/post/quanlambao/hinh-anh-buoi-le-tuong-niem-40-nam-hai-6d6f41e60b0.html,1
Thêm một chữ “Hèn” thật vĩ đại của “Đảng ta”,https://www.khoi8406.com/post/quanlambao/them-mot-chu-hen-that-vi-ai-cua-ang-ta-11475637097.html,1
Biển Đông cao nỗi hận,https://www.khoi8406.com/post/quanlambao/bien-ong-cao-noi-han-d70db6bcba9.html,1
Sài Gòn tưởng nhớ Hoàng Sa,https://www.khoi8406.com/post/quanlambao/sai-gon-tuong-nho-hoang-sa-8540d7d361c.html,1
Video và hình ảnh - Tưởng niệm 40 năm ngày Trung Quốc xâm chiếm Hoàng Sa tại Hà Nội 19/1/2014,https://www.khoi8406.com/post/quanlambao/video-va-hinh-anh-tuong-niem-40-nam-9a4c91a3d7b.html,1
Những con thú hai chân đi ngược!,https://www.khoi8406.com/post/quanlambao/nhung-con-thu-hai-chan-i-nguoc-a8817136e6c.html,1
Hồi kết cho Phạm Quý Ngọ ở đâu?,https://www.khoi8406.com/post/quanlambao/hoi-ket-cho-pham-quy-ngo-o-au-8282b9d8f19.html,1
"""Đừng nghe cộng sản nói, hãy nhìn cộng sản làm""",https://www.khoi8406.com/post/quanlambao/ung-nghe-cong-san-noi-hay-nhin-cong-san-58d002fa402.html,1
Tương Lai Đảng Và Chế Độ Đã Đặt Trên Bàn Cân,https://www.khoi8406.com/post/quanlambao/tuong-lai-ang-va-che-o-at-tren-ban-can-bf977b40dc2.html,1
Chửi Mỹ và thẻ xanh đi Mỹ,https://www.khoi8406.com/post/quanlambao/chui-my-va-xanh-i-my-2bb09511b3d.html,1
Phỏng vấn Nghệ sỹ ưu tú Kim Chi về Hải chiến Hoàng Sa và các chiến sỹ Hải quân Việt Nam Cộng Hòa,https://www.khoi8406.com/post/quanlambao/phong-van-nghe-sy-uu-tu-kim-chi-ve-hai-ce3ea439509.html,1
Bản điều trần trước Ủy hội Nhân quyền Tom Lantos tại Quốc hội Hoa Kỳ,https://www.khoi8406.com/post/quanlambao/ban-ieu-tran-truoc-uy-hoi-nhan-quyen-9532382863b.html,1
Thân nhân các Tù nhân Lương tâm Việt Nam lên tiếng trước Quốc hội Hoa Kỳ,https://www.khoi8406.com/post/quanlambao/than-nhan-cac-tu-nhan-luong-tam-viet-c1c1807b756.html,1
"Philippines khuyên ngư dân ra biển đánh cá, bất chấp các quy định của Trung Quốc",https://www.khoi8406.com/post/quanlambao/philippines-khuyen-ngu-dan-ra-bien-anh-e5d7d314d3d.html,1
Ngựa ơi!,https://www.khoi8406.com/post/quanlambao/ngua-oi-684970e1aa5.html,1
Vì sao Dương Tự Trọng được khen ngợi,https://www.khoi8406.com/post/quanlambao/vi-sao-duong-tu-trong-uoc-khen-ngoi-3f8b686ab2b.html,1
“Đảng ta” thắng “Ngụy” nhưng sợ Việt Nam Cộng Hòa,https://www.khoi8406.com/post/quanlambao/ang-ta-thang-nguy-nhung-so-viet-nam-489f2c0ee2e.html,1
Hoa Xuân nghẹn nở,https://www.khoi8406.com/post/quanlambao/hoa-xuan-nghen-no-9436cc1b4c0.html,1
Quá khó để che cho tướng công an Phạm Quý Ngọ,https://www.khoi8406.com/post/quanlambao/qua-kho-e-che-cho-tuong-cong-pham-quy-34b4c25a2d4.html,1
Thông báo của No-U Hà Nội về Lễ Tưởng Niệm 40 Năm Ngày Trung Quốc Xâm Chiếm Hoàng Sa,https://www.khoi8406.com/post/quanlambao/thong-bao-cua-no-u-ha-noi-ve-le-tuong-ea796c9123e.html,1
"Ai là Ngụy quyền, tay sai bán nước cầu vinh?",https://www.khoi8406.com/post/quanlambao/ai-la-nguy-quyen-tay-sai-ban-nuoc-cau-1a72c75cb26.html,1
Tiếng Gọi Thanh Niên,https://www.khoi8406.com/post/quanlambao/tieng-goi-thanh-nien-f156cd11793.html,1
"Ý nghĩa của Hoàng Sa, Trường Sa và Biển Đông",https://www.khoi8406.com/post/quanlambao/y-nghia-cua-hoang-sa-truong-sa-va-bien-aa2ec6b9867.html,1
UNG THƯ CHỮA ĐƯỢC,https://www.khoi8406.com/post/quanlambao/ung-thu-chua-uoc-7d9a0cddcc6.html,1
Áp lực xã hội buộc điều tra kẻ mật báo cho Dương Chí Dũng,https://www.khoi8406.com/post/quanlambao/ap-luc-xa-hoi-buoc-ieu-tra-ke-mat-bao-994eda9a52b.html,1
Gởi ai nước mắt Quê Hương,https://www.khoi8406.com/post/quanlambao/goi-ai-nuoc-mat-que-huong-7672db0bf9d.html,1
Dương Chí Dũng gọi Tướng Ngọ bằng 'sim tứ quý',https://www.khoi8406.com/post/quanlambao/duong-chi-dung-goi-tuong-ngo-bang-sim-0981a19e2f5.html,1
Đâu dáng người xưa,https://www.khoi8406.com/post/quanlambao/au-dang-nguoi-xua-7646550b517.html,1
Đại Vệ chí dị - Đại chiến hoàng thành,https://www.khoi8406.com/post/quanlambao/ai-ve-chi-di-ai-chien-hoang-thanh-62a769b5767.html,1
Tố giác tướng Ngọ: chỉ mới mở cửa rào,https://www.khoi8406.com/post/quanlambao/to-giac-tuong-ngo-chi-moi-mo-cua-rao-052a65c316e.html,1
Những điều mà CSVN phải làm để giữ thể diện cho dân tộc và cho chính mình,https://www.khoi8406.com/post/quanlambao/nhung-ieu-ma-csvn-phai-lam-e-giu-dien-6f6d387e07a.html,1
Chuyển lậu tinh trùng từ nhà tù cho vợ sinh con,https://www.khoi8406.com/post/quanlambao/chuyen-lau-tinh-trung-tu-nha-tu-cho-vo-82927eb55b4.html,1
Hàng chục nạn nhân bị Vietinbank và Huyền Như lừa trên 5000 tỷ tiền gốc đang phải nín nặng không dám mở miệng sợ bị bắt giam như ACB!,https://www.khoi8406.com/post/quanlambao/hang-chuc-nan-nhan-bi-vietinbank-va-5b7f928615d.html,1
Phạm Huy Hùng chi 700 tỷ đồng để Huyền Như sẽ được 'tạm miễn thi hành án'!,https://www.khoi8406.com/post/quanlambao/pham-huy-hung-chi-700-ty-ong-e-huyen-b42e2f0db82.html,1
"Học giả Mỹ: TQ dùng luật trong nước, ép các nước Biển Đông tuân theo",https://www.khoi8406.com/post/quanlambao/hoc-gia-my-tq-dung-luat-trong-nuoc-ep-bdd9241c60c.html,1
Samsung 'ỷ thế' được bảo kê coi công nhân Việt Nam như cỏ rác!,https://www.khoi8406.com/post/quanlambao/samsung-y-uoc-bao-ke-coi-cong-nhan-viet-31a5a0bd10a.html,1
Mời theo dõi Buổi điều trần tại Quốc Hội Hoa Kỳ Về Tù Nhân Lương Tâm Đỗ Thị Minh Hạnh,https://www.khoi8406.com/post/quanlambao/moi-theo-doi-buoi-ieu-tran-tai-quoc-hoi-aa7f2803f21.html,1
"Công dân Quận 9, Sài Gòn tố cáo các quan tham Lê Thanh Hải, Nguyễn Văn Đua và Lê Hoàng Quân",https://www.khoi8406.com/post/quanlambao/cong-dan-quan-9-sai-gon-to-cao-cac-quan-104dd1aee54.html,1
Nhà báo tự do Đặng Chí Hùng được công nhận quy chế tị nạn,https://www.khoi8406.com/post/quanlambao/nha-bao-tu-do-ang-chi-hung-uoc-cong-1b10b36561f.html,1
1 Triệu đô la Phạm Quý Ngọ nhận của Dương Chí Dũng để mang 'đập vào mặt' Trưởng ban Kiểm tra TƯ cứu 'CHÚA X'!,https://www.khoi8406.com/post/quanlambao/1-trieu-o-la-pham-quy-ngo-nhan-cua-8a0089659ba.html,1
Mùa Xuân Có Bầy Quạ Ðỏ,https://www.khoi8406.com/post/quanlambao/mua-xuan-co-bay-qua-o-bd8b04e38ba.html,1
Chủ nghĩa Mác – Lê – Mao,https://www.khoi8406.com/post/quanlambao/chu-nghia-mac-le-mao-b50b701248f.html,1
Đại gia Trương Mỹ Lan-người được nhắc đến trong vụ Dương Chí Dũng,https://www.khoi8406.com/post/quanlambao/ai-gia-truong-my-lan-nguoi-uoc-nhac-en-e688c39e813.html,1
Vụ siêu lừa Huyền Như: Kì lạ kiểu trả lời của đại diện Vietinbank,https://www.khoi8406.com/post/quanlambao/vu-sieu-lua-huyen-nhu-ki-la-kieu-tra-24b117f35c1.html,1
Liệu Phạm Quí Ngọ chìm xuồng ! TITANIC Việt Nam chăng???,https://www.khoi8406.com/post/quanlambao/lieu-pham-qui-ngo-chim-xuong-titanic-dceb2f65e1c.html,1
"Một con người, hai hình ảnh",https://www.khoi8406.com/post/quanlambao/mot-con-nguoi-hai-hinh-anh_4788-597bf37f412.html,1
Một ách hai tròng!,https://www.khoi8406.com/post/quanlambao/mot-ach-hai-trong-c8c73d1b731.html,1
"Khởi tố Thứ trưởng Công an, hành trình không dễ dàng",https://www.khoi8406.com/post/quanlambao/khoi-to-thu-truong-cong-hanh-trinh-c5e95bc0a0a.html,1
,https://www.khoi8406.com/post/quanlambao/the-thoi-phai-the-f913979b266.html,1
"Vụ hối lộ $1 triệu: 'cốc mò, cò xơi,' Vạn Thịnh Phát và Vincom",https://www.khoi8406.com/post/quanlambao/vu-hoi-lo-1-trieu-coc-mo-co-xoi-van-969e484a3d1.html,1
Phóng lao thì phải theo lao,https://www.khoi8406.com/post/quanlambao/phong-lao-thi-phai-theo-lao-ed898fd01b7.html,1
"""Nhóm lợi ích"" sẽ bị ảnh hưởng ra sao từ lời khai Dương Chí Dũng ?",https://www.khoi8406.com/post/quanlambao/nhom-loi-ich-se-bi-anh-huong-ra-sao-tu-79fc7aee30a.html,1
Nỗi lòng xin gởi Hoàng Sa,https://www.khoi8406.com/post/quanlambao/noi-long-xin-goi-hoang-sa-f545cd8fef6.html,1
"Kẻ mật báo cho Dương Chí Dũng, nhận 500.000 USD có thể bị tử hình",https://www.khoi8406.com/post/quanlambao/ke-mat-bao-cho-duong-chi-dung-nhan-abccf445ba0.html,1
Ai sẽ điều tra Phạm Quý Ngọ?,https://www.khoi8406.com/post/quanlambao/ai-se-ieu-tra-pham-quy-ngo-55da1c9f7c7.html,1
"Đâu rồi khí phách báo Công An, Quân Đội Nhân Dân và Petrotimes?",https://www.khoi8406.com/post/quanlambao/au-roi-khi-phach-bao-cong-quan-oi-nhan-0bf0adbe0c2.html,1
"Ông Dương Chí Dũng xác nhận hối lộ 1,5 triệu đô cho tướng CA Phạm Quý Ngọ",https://www.khoi8406.com/post/quanlambao/ong-duong-chi-dung-xac-nhan-hoi-lo-15-e306b80d993.html,1
Tiết lộ chấn động: Tướng CA Phạm Quý Ngọ đã mật báo để Dương Chí Dũng trốn thoát,https://www.khoi8406.com/post/quanlambao/tiet-lo-chan-ong-tuong-ca-pham-quy-ngo-56e9783720f.html,1
Bánh vẽ!,https://www.khoi8406.com/post/quanlambao/banh-ve-7c17f4c9d29.html,1
Chiếc bánh vẽ ăn hoài không ngán!,https://www.khoi8406.com/post/quanlambao/chiec-banh-ve-hoai-khong-ngan-f9fef52c730.html,1
Giải pháp tối ưu cho ung thư gan giai đoạn cuối: LÁ ĐU ĐỦ VÀ SẢ,https://www.khoi8406.com/post/quanlambao/giai-phap-toi-uu-cho-ung-thu-gan-giai-ebeac1961e1.html,1
Loạt Ảnh Sử Liệu tường thuật trận Hải Chiến Hoàng Sa của Hải Quân Việt Nam Cộng Hòa ngày 19-1-1974,https://www.khoi8406.com/post/quanlambao/loat-anh-su-lieu-tuong-thuat-tran-hai-e89eabb54b1.html,1
Hoàng Sa niềm kiêu hãnh,https://www.khoi8406.com/post/quanlambao/hoang-sa-niem-kieu-hanh-91990ec2ab6.html,1
Chị Trần Ngọc Anh bị côn an đánh nhập viện vì biểu tình tố cáo tội ác cộng sản,https://www.khoi8406.com/post/quanlambao/chi-tran-ngoc-anh-bi-con-anh-nhap-vien-bb4ba503117.html,1
Một người đứng lên - Triệu người đứng lên,https://www.khoi8406.com/post/quanlambao/mot-nguoi-ung-len-trieu-nguoi-ung-len-028e531f2af.html,1
Hoàng Sa – Trường Sa có còn của Việt Nam?,https://www.khoi8406.com/post/quanlambao/hoang-sa-truong-sa-co-con-cua-viet-nam-dddc1e4095a.html,1
2014: Mời các hiệp sĩ Dân chủ và Nhân quyền lên ngựa,https://www.khoi8406.com/post/quanlambao/2014-moi-cac-hiep-si-dan-chu-va-nhan-a48bc7a862f.html,1
Sài Gòn: Biểu tình lớn trong ngày đầu năm mới 2014,https://www.khoi8406.com/post/quanlambao/sai-gon-bieu-tinh-lon-trong-ngay-au-nam-fb83643dcd1.html,1
Lời chúc đầu năm đến đảng CSVN,https://www.khoi8406.com/post/quanlambao/loi-chuc-au-nam-en-ang-csvn-543bcd52a6d.html,1
Dân 'vây' nhà máy xi măng của bầu Thụy,https://www.khoi8406.com/post/quanlambao/dan-vay-nha-may-xi-mang-cua-bau-thuy-14b44ee1c8d.html,1
Chiêm ngưỡng nhan sắc mỹ nhân Ấn Độ đẹp nhất thời đại,https://www.khoi8406.com/post/quanlambao/chiem-nguong-nhan-sac-my-nhan-o-ep-nhat-55a09eb34b2.html,1
Tỷ phú đô la Phạm Nhật Vượng vẫn giàu nhất TTCK 2013,https://www.khoi8406.com/post/quanlambao/ty-phu-o-la-pham-nhat-vuong-van-giau-b52cd1f0bbc.html,1
Nhưng chim đã gãy cánh,https://www.khoi8406.com/post/quanlambao/nhung-chim-gay-canh-f9f11eafa25.html,1
Dường dây chạy án cho bố già Nguyễn Đức Kiên ngay trong Viện Kiểm sát Tối cao!,https://www.khoi8406.com/post/quanlambao/duong-day-chay-cho-bo-gia-nguyen-uc-f33e7af6101.html,1
Thủ tướng mà tưởng là thú,https://www.khoi8406.com/post/quanlambao/thu-tuong-ma-tuong-la-thu-2a51d95461c.html,1
"1954 - 2014: 60 NĂM SAU NGÀY THOÁT ÁCH ĐÔ HỘ THỰC DÂN PHÁP VIỆT NAM ĐƯỢC, MẤT NHỮNG GÌ?",https://www.khoi8406.com/post/quanlambao/1954-2014-60-nam-sau-ngay-thoat-ach-o-357f818def6.html,1
10 sự kiện nổi bật năm 2013 theo RFI,https://www.khoi8406.com/post/quanlambao/10-su-kien-noi-bat-nam-2013-theo-rfi-d08650ce8dd.html,1
Thống đốc đã biến “Phố Wall” thành “Chùa Bà Đanh” như thế nào?,https://www.khoi8406.com/post/quanlambao/thong-oc-bien-pho-wall-thanh-chua-ba-d9f73033301.html,1
Thông báo thành lập Ban Vận Động Hiệp Hội Dân Oan Việt Nam,https://www.khoi8406.com/post/quanlambao/thong-bao-thanh-lap-ban-van-ong-hiep-ad8c5891d7f.html,1
Phong trào đấu tranh nhân quyền bắt đầu lan rộng,https://www.khoi8406.com/post/quanlambao/phong-trao-au-tranh-nhan-quyen-bat-au-33b5ddf5891.html,1
Dương Chí Dũng thoát án tử nếu bồi thường 5 tỉ đồng?,https://www.khoi8406.com/post/quanlambao/duong-chi-dung-thoat-tu-neu-boi-thuong-653449dd9cc.html,1
Nhân dân và Đảng - Hai bên bờ ảo vọng,https://www.khoi8406.com/post/quanlambao/nhan-dan-va-ang-hai-ben-bo-ao-vong-4a0f6db99d9.html,1
Chuyện từ những học trò.,https://www.khoi8406.com/post/quanlambao/chuyen-tu-nhung-hoc-tro-085dbc15083.html,1
10 điểm đón giao thừa tuyệt nhất trên thế giới,https://www.khoi8406.com/post/quanlambao/10-iem-on-giao-thua-tuyet-nhat-tren-gioi-32069ffc948.html,1
Thư gởi con Trần Huỳnh Duy Thức,https://www.khoi8406.com/post/quanlambao/thu-goi-con-tran-huynh-duy-thuc-c164d8263ab.html,1
7 trợ lí thân tín đã bị tử hình cùng ngày với Jang Song-thaek,https://www.khoi8406.com/post/quanlambao/7-tro-li-than-tin-bi-tu-hinh-cung-ngay-30d79f81814.html,1
Bộ Chính trị bổ nhiệm Phó Trưởng Ban Kinh tế Trung ương,https://www.khoi8406.com/post/quanlambao/bo-chinh-tri-bo-nhiem-pho-truong-ban-02411398811.html,1
Những tiểu thư nhà đại gia Việt nổi nhất 2013,https://www.khoi8406.com/post/quanlambao/nhung-tieu-thu-nha-ai-gia-viet-noi-nhat-a5635114356.html,1
Quan' ngân hàng mang cả chục tỷ đồng 'biếu' xã hội đen,https://www.khoi8406.com/post/quanlambao/quan-ngan-hang-mang-ca-chuc-ty-ong-bieu-3f675b77730.html,1
Bác sĩ tiết lộ bí mật về ca sinh đôi từ tinh trùng tử thi,https://www.khoi8406.com/post/quanlambao/bac-si-tiet-lo-bi-mat-ve-ca-sinh-oi-tu-68ba1907948.html,1
Bị phạt 35 triệu đồng vì tàng trữ... Tuyên Ngôn Nhân Quyền Liên Hiệp Quốc và Hiến Pháp 1992,https://www.khoi8406.com/post/quanlambao/bi-phat-35-trieu-ong-vi-tang-tru-tuyen-2bf7f3fd9a5.html,1
"Đại án Huyền Như Khách hàng từ nay phải tự lo tiền gởi, Lãnh đạo Vietinbank KHÔNG chịu trách nhiệm",https://www.khoi8406.com/post/quanlambao/ai-huyen-nhu-khach-hang-tu-nay-phai-tu-e8e0f5a1f4a.html,1
"Những bức ảnh ""tự sướng"" ấn tượng nhất năm 2013",https://www.khoi8406.com/post/quanlambao/nhung-buc-anh-tu-suong-tuong-nhat-nam-f22110cd71d.html,1
Trung Quốc : Bãi nhiệm đồng loạt 56 dân biểu Hồ Nam vì tham nhũng,https://www.khoi8406.com/post/quanlambao/trung-quoc-bai-nhiem-ong-loat-56-dan-ae8f128e717.html,1
Đối lập Cam Bốt xuống đường rầm rộ tại Phnom Penh,https://www.khoi8406.com/post/quanlambao/oi-lap-cam-bot-xuong-uong-ram-ro-tai-54ae7a23d55.html,1
10 đại gia giàu nhất sàn chứng khoán năm 2013,https://www.khoi8406.com/post/quanlambao/10-ai-gia-giau-nhat-san-chung-khoan-nam-49adcaeb239.html,1
Đấu thầu kiểu ...EVN,https://www.khoi8406.com/post/quanlambao/au-thau-kieu-evn-17d85b41dc9.html,1
Lê Thăng Long - Hiện nguyên hình một tên gián điệp bẩn thỉu của Nguyễn Văn Hưởng!,https://www.khoi8406.com/post/quanlambao/le-thang-long-hien-nguyen-hinh-mot-ten-45123668bc8.html,1
Chân dung 5 người giàu nhất thế giới 2013,https://www.khoi8406.com/post/quanlambao/chan-dung-5-nguoi-giau-nhat-gioi-2013-5dc11f30d2d.html,1
Chúc mừng Năm Mới 2014 - Giáp Ngọ,https://www.khoi8406.com/post/quanlambao/chuc-mung-nam-moi-2014-giap-ngo-b107ba05959.html,1
12 'Ấn tượng' của Việt Nam 2013 trước mắt Thế giới,https://www.khoi8406.com/post/quanlambao/12-tuong-cua-viet-nam-2013-truoc-mat-a1d19a13819.html,1
Thơ tặng bạn Thời ấu thơ,https://www.khoi8406.com/post/quanlambao/tho-tang-ban-thoi-au-tho-203d92a4279.html,1
Danh sách cái đại gia ngân hàng Việt Nam là bộ mặt của hệ thống lũng đoạn Bố già Đỏ - Đen!,https://www.khoi8406.com/post/quanlambao/danh-sach-cai-ai-gia-ngan-hang-viet-nam-62326c31a56.html,1
Thông cáo báo chí về việc ông Lê Thăng Long tuyên bố xin ra khỏi phong trào Con Đường Việt Nam,https://www.khoi8406.com/post/quanlambao/thong-cao-bao-chi-ve-viec-ong-le-thang-ad785d96f30.html,1
Ý nghĩa vụ thanh trừng ở Bắc Hàn với TQ,https://www.khoi8406.com/post/quanlambao/y-nghia-vu-thanh-trung-o-bac-han-voi-tq-176ebe88ca1.html,1
Thanh Toàn - Lê Thăng Long ông có khùng không?!...,https://www.khoi8406.com/post/quanlambao/thanh-toan-le-thang-long-ong-co-khung-5bb450788ff.html,1
Người khổng lồ Nelson Mandela,https://www.khoi8406.com/post/quanlambao/nguoi-khong-lo-nelson-mandela-8cd4a4244ef.html,1
Chúc mừng Giáng Sinh và Năm mới 2014,https://www.khoi8406.com/post/quanlambao/chuc-mung-giang-sinh-va-nam-moi-2014-4eef65286e9.html,1
Vàng đâu hỡi các quần chúng nhân dân.! hay câu truyện Vàng và Máu.,https://www.khoi8406.com/post/quanlambao/vang-au-hoi-cac-quan-chung-nhan-dan-hay-2981f99345d.html,1
Lên Đồng!,https://www.khoi8406.com/post/quanlambao/len-ong-54602ac8f20.html,1
Thư cho Ba trong tù,https://www.khoi8406.com/post/quanlambao/thu-cho-ba-trong-tu-59c0b310956.html,1
Quê Hương là gì?,https://www.khoi8406.com/post/quanlambao/que-huong-la-gi-d443b0b531f.html,1
Giới nhà giàu Ả Rập và thú vui 'bao trọn' đường dây gái gọi,https://www.khoi8406.com/post/quanlambao/gioi-nha-giau-rap-va-thu-vui-bao-tron-9244079e132.html,1
Đại gia Mường Thanh 'ẩn mình' thâu tóm Vàng Agribank?,https://www.khoi8406.com/post/quanlambao/ai-gia-muong-thanh-minh-thau-tom-vang-bc681c1a0b5.html,1
Đại gia Việt nào sướng khoe mẽ nhất?,https://www.khoi8406.com/post/quanlambao/ai-gia-viet-nao-suong-khoe-me-nhat-660094c0f20.html,1
"2013, năm 'đại bại' của vàng",https://www.khoi8406.com/post/quanlambao/2013-nam-ai-bai-cua-vang-f962e35824a.html,1
Phát hiện cờ Trung Quốc treo trước nhà trưởng ấp trong ngày 22/12,https://www.khoi8406.com/post/quanlambao/phat-hien-co-trung-quoc-treo-truoc-nha-a4748b9f5e8.html,1
« Khai trừ » Tiến sĩ Phạm Chí Dũng – người đã từ bỏ Đảng,https://www.khoi8406.com/post/quanlambao/khai-tru-tien-si-pham-chi-dung-nguoi-tu-11b44e00188.html,1
Xuân về hay chưa?,https://www.khoi8406.com/post/quanlambao/xuan-ve-hay-chua-729027a13a2.html,1
Hương Xuân trên những lớp áo tù,https://www.khoi8406.com/post/quanlambao/huong-xuan-tren-nhung-lop-ao-tu-24b0b0813e4.html,1
Không nghiêm trọng (?!),https://www.khoi8406.com/post/quanlambao/khong-nghiem-trong-a4632938d2a.html,1
Thông tư 02: Tín hiệu mới đổ vỡ ngân hàng,https://www.khoi8406.com/post/quanlambao/thong-tu-02-tin-hieu-moi-o-vo-ngan-hang-c545f00a01d.html,1
Tết về nhớ mộ Chiến sĩ VNCH!,https://www.khoi8406.com/post/quanlambao/tet-ve-nho-mo-chien-si-vnch-a8f5ba1fc1d.html,1
Họ sợ những gì?,https://www.khoi8406.com/post/quanlambao/ho-so-nhung-gi-3f7cd744aba.html,1
"PHẢN HỒI ""HUẤN THỊ"" CỦA THỦ TƯỚNG CỘNG SẢN NGUYỄN TẤN DŨNG",https://www.khoi8406.com/post/quanlambao/phan-hoi-huan-thi-cua-thu-tuong-cong-7579e2e8f1e.html,1
Những vụ 'nuốt chửng' người của lốc xoáy Hồ Tây,https://www.khoi8406.com/post/quanlambao/nhung-vu-nuot-chung-nguoi-cua-loc-xoay-38ebf45911d.html,1
Cẩm nang đánh dân của công an,https://www.khoi8406.com/post/quanlambao/cam-nang-anh-dan-cua-cong-an-b1051fe8d28.html,1
"""Bầu"" Kiên có gánh tội thay ai?",https://www.khoi8406.com/post/quanlambao/bau-kien-co-ganh-toi-thay-ai-adb5bf15779.html,1
Bàn tay ma đằng sau Kim Jong Un,https://www.khoi8406.com/post/quanlambao/ban-tay-ma-ang-sau-kim-jong-un-a0b145a06e1.html,1
Đảng Cộng sản VN đang dần phải thừa nhận xã hội dân sự,https://www.khoi8406.com/post/quanlambao/ang-cong-san-vn-ang-dan-phai-thua-nhan-709d64999ae.html,1
"Xin các "" nhà lý luận"" đừng nói về cái "" chủ nghĩa nửa dơi nửa chuột"" mãi nữa",https://www.khoi8406.com/post/quanlambao/nguyen-mong-hoai-xin-cac-nha-ly-luan-68186cc2d95.html,1
"TS Nguyễn Quang A: Không thể trừ được tham nhũng một khi còn độc tài, độc đảng",https://www.khoi8406.com/post/quanlambao/ts-nguyen-quang-khong-tru-uoc-tham-4f3155c6974.html,1
Trung Quốc được cai trị thế nào,https://www.khoi8406.com/post/quanlambao/trung-quoc-uoc-cai-tri-nao-3e7615b6d32.html,1
Vọng phu,https://www.khoi8406.com/post/quanlambao/vong-phu-8b206c74ac8.html,1
Vinashin - 'Thành Quả' của Chính Phủ - Bia miệng ngàn đời không rửa hết nhục!,https://www.khoi8406.com/post/quanlambao/vinashin-thanh-qua-cua-chinh-phu-bia-05e4c9d9ced.html,1
"Vinashin, Vinalines 'quên' hàng ngàn tấn hàng cấm tại Cảng Hải phòng!",https://www.khoi8406.com/post/quanlambao/vinashin-vinalines-quen-hang-ngan-tan-a513f8017c2.html,1
Lã Thị Kim Oanh - Một bài học về cúc cung phạm tội phục vụ các 'Quan phụ Mẫu' Ba Đình!,https://www.khoi8406.com/post/quanlambao/la-thi-kim-oanh-mot-bai-hoc-ve-cuc-cung-11198110762.html,1
Mùa Giáng sinh đã về!,https://www.khoi8406.com/post/quanlambao/mua-giang-sinh-ve-8656506bcec.html,1
JOHN KERRY VÀ HỘI CỰU CHIẾN BINH PHẢN CHIẾN: NHỮNG CON RỐI TRONG TAY HÀ NỘI?,https://www.khoi8406.com/post/quanlambao/john-kerry-va-hoi-cuu-chien-binh-phan-26925ee57d8.html,1
Bằng Phong: Viết cho chú ba Dũng (Tiếp theo),https://www.khoi8406.com/post/quanlambao/bang-phong-viet-cho-chu-ba-dung-tiep-0cd50fc03fa.html,1
Chiêm nương ơi...Chiêm nương ơi,https://www.khoi8406.com/post/quanlambao/chiem-nuong-oichiem-nuong-oi-28944a38a4f.html,1
Rừng sẽ đơm bông,https://www.khoi8406.com/post/quanlambao/rung-se-om-bong-4514e14321b.html,1
Nhạc sĩ Việt Dzũng bất ngờ ra đi,https://www.khoi8406.com/post/quanlambao/nhac-si-viet-dzung-bat-ngo-ra-i-b1daff68419.html,1
"Viết cho chú ba Nguyễn Tấn Dũng, thủ tướng nước cộng hòa XHCN Việt Nam",https://www.khoi8406.com/post/quanlambao/viet-cho-chu-ba-nguyen-tan-dung-thu-a8d642ce629.html,1
Những phi vụ kinh doanh trái phép và lừa đảo của bầu Kiên,https://www.khoi8406.com/post/quanlambao/nhung-phi-vu-kinh-doanh-trai-phep-va-712f4847759.html,1
"Bầu Kiên và thuật thao túng, nắn gân",https://www.khoi8406.com/post/quanlambao/bau-kien-va-thuat-thao-tung-nan-gan-7e844bdde8d.html,1
Tiền tiêu 5 đời không hết!,https://www.khoi8406.com/post/quanlambao/tien-tieu-5-oi-khong-het-ada04819136.html,1
Mưu sinh ở đất nước bí ẩn nhất thế giới,https://www.khoi8406.com/post/quanlambao/muu-sinh-o-at-nuoc-bi-nhat-gioi-77747385387.html,1
EVN rút êm khỏi ngân hàng An Bình,https://www.khoi8406.com/post/quanlambao/evn-rut-em-khoi-ngan-hang-binh-f7ab344d3b2.html,1
'Đốt' tiền để đưa Dương Chí Dũng bỏ trốn,https://www.khoi8406.com/post/quanlambao/ot-tien-e-ua-duong-chi-dung-bo-tron-87b744f2c7d.html,1
"Vinashin, Vinalines và bài toán đại cục!",https://www.khoi8406.com/post/quanlambao/vinashin-vinalines-va-bai-toan-ai-cuc-15af08401f1.html,1
Phó Thị trưởng Thượng Hải bị bắt vì tham nhũng,https://www.khoi8406.com/post/quanlambao/pho-thi-truong-thuong-hai-bi-bat-vi-e798a66f736.html,1
"Công an đánh chết dân, nỗi đau người ở lại",https://www.khoi8406.com/post/quanlambao/cong-anh-chet-dan-noi-au-nguoi-o-lai-19f1f01941c.html,1
Nhìn lại lịch sử: Ts Trần Công Trục: 3 lần Trung Quốc thừa cơ thôn tính Hoàng Sa,https://www.khoi8406.com/post/quanlambao/nhin-lai-lich-su-ts-tran-cong-truc-3-33c188e26ae.html,1
"Nhìn lại lịch sử: Phát hiện TQ chiếm Hoàng Sa, VNCH chuẩn bị chiến đấu đòi lại chủ quyền",https://www.khoi8406.com/post/quanlambao/nhin-lai-lich-su-phat-hien-tq-chiem-0c58e93c6d3.html,1
Quy trình tiêm thuốc độc vào tử tù ở Việt Nam,https://www.khoi8406.com/post/quanlambao/quy-trinh-tiem-thuoc-oc-vao-tu-tu-o-cc305ff41a7.html,1
Cô ruột nhà lãnh đạo Kim Jong Un lâm bệnh nặng,https://www.khoi8406.com/post/quanlambao/co-ruot-nha-lanh-ao-kim-jong-un-lam-f8f6e3b8564.html,1
Lê Thăng Long và Chương trinh tái cấu trúc nền kinh tế,https://www.khoi8406.com/post/quanlambao/le-thang-long-va-chuong-trinh-tai-cau-27fee52f950.html,1
10 tỉ USD có lớn không? - 10 tỉ gởi về VN mỗi năm! Thiệt không vậy?,https://www.khoi8406.com/post/quanlambao/10-ti-usd-co-lon-khong-10-ti-goi-ve-vn-2728de7543e.html,1
Bố già Kiên bị Củ tịch Vietinbank Phạm Huy Hùng và Huyền Như hợp sức lừa 718tỷ đồng!,https://www.khoi8406.com/post/quanlambao/bo-gia-kien-bi-cu-tich-vietinbank-pham-7ffa17b33f5.html,1
"Chính Phủ X hơp pháp hoá giết người diệt khẩu bằng nghị định cho phép bắn người ""chống đối'!",https://www.khoi8406.com/post/quanlambao/chinh-phu-x-hop-phap-hoa-giet-nguoi-8cd71725289.html,1
Thứ trưởng Bộ Ngoại giao: Cả nước đều biết Hoa hậu dốt lịch sử,https://www.khoi8406.com/post/quanlambao/thu-truong-bo-ngoai-giao-ca-nuoc-eu-3b2e892c976.html,1
"Tố cáo hành vi côn đồ - vu khống, bắt người trái pháp luật của Công an Việt Nam tại Tp Đà Nẵng",https://www.khoi8406.com/post/quanlambao/to-cao-hanh-vi-con-o-vu-khong-bat-nguoi-45271667233.html,1
Bảo mẫu tàn độc thường xuyên đăng ảnh âu yếm trẻ nhỏ,https://www.khoi8406.com/post/quanlambao/bao-mau-tan-oc-thuong-xuyen-ang-anh-au-951eb1ff04d.html,1
Tiết lộ “mật” của báo Tuổi trẻ về clip bảo mẫu hành hạ trẻ em,https://www.khoi8406.com/post/quanlambao/tiet-lo-mat-cua-bao-tuoi-tre-ve-clip-8d1bc7b7ea6.html,1
'Nợ ân tình' giữa thân tín mới của Kim Jong Un và Jang Song Thaek,https://www.khoi8406.com/post/quanlambao/no-tinh-giua-than-tin-moi-cua-kim-jong-0454113484a.html,1
"Putin: ""Tôi ghen tị với Obama""",https://www.khoi8406.com/post/quanlambao/putin-toi-ghen-ti-voi-obama-0539498bda3.html,1
Điều bí ẩn kỳ lạ trên ve áo đệ nhất phu nhân Triều Tiên,https://www.khoi8406.com/post/quanlambao/ieu-bi-ky-la-tren-ve-ao-e-nhat-phu-nhan-002047017fa.html,1
Mấy lời gởi chú ba Dũng từ Bằng Phong,https://www.khoi8406.com/post/quanlambao/may-loi-goi-chu-ba-dung-tu-bang-phong-d57345339b5.html,1
Trương Duy Nhất 'khó hưởng án nhẹ',https://www.khoi8406.com/post/quanlambao/truong-duy-nhat-kho-huong-nhe-9a32005efdd.html,1
Rộ tin đồn Kim Jong-un bị các tướng lĩnh khống chế,https://www.khoi8406.com/post/quanlambao/ro-tin-on-kim-jong-un-bi-cac-tuong-linh-aedb05836cd.html,1
Blogger Trương Duy Nhất “không nhận tội”,https://www.khoi8406.com/post/quanlambao/blogger-truong-duy-nhat-khong-nhan-toi-159e3831657.html,1
Hãy học tập đất nước dân chủ... Tổng Thống đúng là 'đầy tớ' của nhân dân thực thụ!,https://www.khoi8406.com/post/quanlambao/hay-hoc-tap-at-nuoc-dan-chu-tong-thong-68933445607.html,1
Tốt hay Tệ hơn?,https://www.khoi8406.com/post/quanlambao/tot-hay-te-hon-a06a90f0c1d.html,1
"Thời Mạt Pháp, Qui Y Phật Qui Y Pháp Coi Chừng Tăng",https://www.khoi8406.com/post/quanlambao/thoi-mat-phap-qui-y-phat-qui-y-phap-coi-2248d56d227.html,1
Chỉ có vài lời cùng DŨNG!,https://www.khoi8406.com/post/quanlambao/chi-co-vai-loi-cung-dung-d938e164caf.html,1
Thay đổi nhân sự cấp cao Bắc Hàn,https://www.khoi8406.com/post/quanlambao/thay-oi-nhan-su-cap-cao-bac-han-00367394b03.html,1
"2013: Năm đàn áp khốc liệt đối với ký giả, blogger tại Việt Nam",https://www.khoi8406.com/post/quanlambao/2013-nam-ap-khoc-liet-oi-voi-ky-gia-b340544800b.html,1
"Điều gì khiến ""đồng chí X"" bất khả xâm phạm như vậy?b",https://www.khoi8406.com/post/quanlambao/ieu-gi-khien-ong-chi-x-bat-kha-xam-pham-06fb01b36ed.html,1
Việt Nam nằm trong danh sách 5 chế độ cầm tù nhà báo nhiều nhất trên thế giới,https://www.khoi8406.com/post/quanlambao/viet-nam-nam-trong-danh-sach-5-che-o-fbc65ce7ce2.html,1
"Hành trình đào tẩu và ""mật danh"" của Dương Chí Dũng",https://www.khoi8406.com/post/quanlambao/hanh-trinh-ao-tau-va-mat-danh-cua-duong-fe0febfde91.html,1
Dương Tự Trọng đe dọa trả thù điều tra viên sau khi ra tù,https://www.khoi8406.com/post/quanlambao/duong-tu-trong-e-doa-tra-thu-ieu-tra-70ffb495a45.html,1
TS Phạm Chí Dũng : Đảng làm sao có thể “hạ cánh mềm”?,https://www.khoi8406.com/post/quanlambao/ts-pham-chi-dung-ang-lam-sao-co-ha-canh-e556c9d176b.html,1
Sự đào tẩu của « hoàng gia » Bắc Triều Tiên,https://www.khoi8406.com/post/quanlambao/su-ao-tau-cua-hoang-gia-bac-trieu-tien-39cff83f11a.html,1
Gọi loài ký sinh cộng sản là “chúng nó” có chính xác?,https://www.khoi8406.com/post/quanlambao/goi-loai-ky-sinh-cong-san-la-chung-no-d605e822e23.html,1
Ông Lê Hiếu Đằng và những nỗi đau cuối đời,https://www.khoi8406.com/post/quanlambao/ong-le-hieu-ang-va-nhung-noi-au-cuoi-oi-b13593288b8.html,1
Lộ nhân vật quyền lực số 2 sau vụ lật đổ Jang Song-thaek?,https://www.khoi8406.com/post/quanlambao/lo-nhan-vat-quyen-luc-so-2-sau-vu-lat-o-60b96adeced.html,1
"Quy trình của Đảng, Quy trình của dân",https://www.khoi8406.com/post/quanlambao/quy-trinh-cua-ang-quy-trinh-cua-dan-58527798ecc.html,1
"""Đại án"" tham nhũng gần 5000 tỉ đồng, thủ phạm Huyền NHư và Phạm Huy Hùng vẫn nhởn nhơ mang tiền đi hối lộ!",https://www.khoi8406.com/post/quanlambao/ai-tham-nhung-gan-5000-ti-ong-thu-pham-ee4bed7d0b3.html,1
Đào Tuấn - Một cái “lỗ đen” cho những kẻ bị lộ,https://www.khoi8406.com/post/quanlambao/ao-tuan-mot-cai-lo-en-cho-nhung-ke-bi-lo-40d3debfc82.html,1
Dương Chí Dũng và con bài chưa lật,https://www.khoi8406.com/post/quanlambao/duong-chi-dung-va-con-bai-chua-lat-2aa4ddc7c35.html,1
Ai gọi điện cho Dương Chí Dũng?,https://www.khoi8406.com/post/quanlambao/ai-goi-ien-cho-duong-chi-dung-bfed35b9ec5.html,1
Vinalines và án tử hình,https://www.khoi8406.com/post/quanlambao/vinalines-va-tu-hinh-1086171191e.html,1
Vụ án phá hoại khiến mất điện toàn Miền Nam đã chìm xuồng!,https://www.khoi8406.com/post/quanlambao/vu-pha-hoai-khien-mat-ien-toan-mien-nam-96e73d85ca4.html,1
Cố tình đẩy Blogger Nguyễn Văn Thạnh vào đường cùng,https://www.khoi8406.com/post/quanlambao/co-tinh-ay-blogger-nguyen-van-thanh-vao-dbd2cab9c71.html,1
Top 10 sự kiện gây chấn động dư luận năm 2013!,https://www.khoi8406.com/post/quanlambao/top-10-su-kien-gay-chan-ong-du-luan-nam-7b7643504ad.html,1
Đôi dòng chia sẻ đến Đặng Chí Hùng và các bạn,https://www.khoi8406.com/post/quanlambao/oi-dong-chia-se-en-ang-chi-hung-va-cac-0e9acc07d1d.html,1
Vụ án Trương Duy Nhất: Kết luận điều tra và Lương tâm người làm báo,https://www.khoi8406.com/post/quanlambao/vu-truong-duy-nhat-ket-luan-ieu-tra-va-10a7b09f62e.html,1
"Bỏ đảng, một triển vọng cho quê hương",https://www.khoi8406.com/post/quanlambao/bo-ang-mot-trien-vong-cho-que-huong-5d675d556af.html,1
Top phát ngôn gây sốc của quan chức Việt năm 2013,https://www.khoi8406.com/post/quanlambao/top-phat-ngon-gay-soc-cua-quan-chuc-46271db6b86.html,1
"Bầu Kiên, Dương Chí Dũng và Thị Beo là gương để mau gia nhập Đảng X!",https://www.khoi8406.com/post/quanlambao/bau-kien-duong-chi-dung-va-thi-beo-la-4a29fa32d23.html,1
Dòng sông rửa tội,https://www.khoi8406.com/post/quanlambao/dong-song-rua-toi-d0e3fb8132a.html,1
"Dương Chí Dũng xứng đáng với án tử hình, Mai Văn Phúc - Kẻ 'đổ vỏ' chịu tội thay",https://www.khoi8406.com/post/quanlambao/duong-chi-dung-xung-ang-voi-tu-hinh-mai-2b0c076b10e.html,1
Thê thảm và vô thường,https://www.khoi8406.com/post/quanlambao/the-tham-va-vo-thuong-44989fbba76.html,1
Tiến sĩ đảng,https://www.khoi8406.com/post/quanlambao/tien-si-ang-e4faa1d8fcd.html,1
Nhìn lại hai năm qua và dự đoán tình hình năm tới,https://www.khoi8406.com/post/quanlambao/nhin-lai-hai-nam-qua-va-du-oan-tinh-b11a6133e58.html,1
Đã đến lúc cần phải nghiêm khắc đối với Việt Nam về vấn đề Nhân Quyền,https://www.khoi8406.com/post/quanlambao/a-en-luc-can-phai-nghiem-khac-oi-voi-145b149139c.html,1
Tuổi trẻ Việt Nam hãy đứng lên,https://www.khoi8406.com/post/quanlambao/tuoi-tre-viet-nam-hay-ung-len-2f5a86412a5.html,1
Ông Lê Hiếu Đằng 'trong cơn nguy kịch',https://www.khoi8406.com/post/quanlambao/ong-le-hieu-ang-trong-con-nguy-kich-9deb27d2e82.html,1
"Trương Duy Nhất , Phạm Viết Đào - Miếng xương hóc cổ họng Hà nội",https://www.khoi8406.com/post/quanlambao/truong-duy-nhat-pham-viet-ao-mieng-390dd0c01b2.html,1
Những tiểu thư nhà đại gia được quan tâm nhất năm 2013,https://www.khoi8406.com/post/quanlambao/nhung-tieu-thu-nha-ai-gia-uoc-quan-tam-1356109386d.html,1
Liệu Tổng Thống trẻ Triều Tiên có tiếp tục vì dân tộc mình hay sẽ ngã ngựa bởi Trung Nam Hải nằm trong lòng đất nước Triều Tiên?,https://www.khoi8406.com/post/quanlambao/lieu-tong-thong-tre-trieu-tien-co-tiep-b8e4eebe07b.html,1
Carl Thayer: Gấu Nga đã trở lại Việt Nam,https://www.khoi8406.com/post/quanlambao/carl-thayer-gau-nga-tro-lai-viet-nam-9cde37f9e9e.html,1
Báo Mỹ quan tâm đến chế định vai trò DNNN trong Hiến pháp Việt Nam sửa đổi,https://www.khoi8406.com/post/quanlambao/bao-my-quan-tam-en-che-inh-vai-tro-dnnn-33a8468ac60.html,1
"Những đảng viên đã “sáng mắt, sáng lòng” đang tiến hành một cuộc cách mạng thầm lặng ở Việt Nam",https://www.khoi8406.com/post/quanlambao/nhung-ang-vien-sang-mat-sang-long-ang-8de36405de2.html,1
Thoái Đảng - Một triển vọng cho Quê hương,https://www.khoi8406.com/post/quanlambao/thoai-ang-mot-trien-vong-cho-que-huong_15-2b3c0a7b09f.html,1
Thay lời Tù nhân lương tâm Minh Hạnh gởi về....,https://www.khoi8406.com/post/quanlambao/thay-loi-tu-nhan-luong-tam-minh-hanh-21267d02cc1.html,1
Đặng Chí Hùng - Gương đấu tranh cao cả,https://www.khoi8406.com/post/quanlambao/ang-chi-hung-guong-au-tranh-cao-ca-933c029e141.html,1
"Từ ""Nhân văn giai phẩm"" đến Trương Duy Nhất:"" Không ai tắm hai lần trên một dòng sông.",https://www.khoi8406.com/post/quanlambao/tu-nhan-van-giai-pham-en-truong-duy-545637fb6e5.html,1
Dù muốn ông Tổng Trọng cũng không chống được tham nhũng!,https://www.khoi8406.com/post/quanlambao/du-muon-ong-tong-trong-cung-khong-chong-81054ff55a2.html,1
'Dưới cờ Đảng nguyện cùng đưa' - Dương Chí Dũng cùng Đảng X 'cướp ngày' của nhân dân hàng tỷ đô la mà vẫn kêu bị oan!,https://www.khoi8406.com/post/quanlambao/duoi-co-ang-nguyen-cung-ua-duong-chi-c816a82d377.html,1
Dương Chí Dũng 'khai bí mật' với Nguyễn Bá Thanh?,https://www.khoi8406.com/post/quanlambao/duong-chi-dung-khai-bi-mat-voi-nguyen-e7b59b652b6.html,1
Cảnh sát Thái bắt giữ ba người Việt tại Bangkok,https://www.khoi8406.com/post/quanlambao/canh-sat-thai-bat-giu-ba-nguoi-viet-tai-856f7c1336f.html,1
Vụ Đặng Chí Hùng bị bắt và tình hình thực tế trong tù IDC của Thái Lan,https://www.khoi8406.com/post/quanlambao/vu-ang-chi-hung-bi-bat-va-tinh-hinh-f2ec6c6746e.html,1
Chính quyền sử dụng côn đồ đàn áp các hoạt động chào mừng ngày Quốc Tế Nhân Quyền,https://www.khoi8406.com/post/quanlambao/chinh-quyen-su-dung-con-o-ap-cac-hoat-bfe11d76b59.html,1
Có một Hệ lý luận Chủ nghĩa Cộng đồng của Lê Thăng Long?,https://www.khoi8406.com/post/quanlambao/co-mot-he-ly-luan-chu-nghia-cong-ong-b01b4581546.html,1
Xung quanh phiên xét xử vụ án Dương Chí Dũng và đồng bọn: Sao tòa sợ báo chí đến thế...?,https://www.khoi8406.com/post/quanlambao/xung-quanh-phien-xet-xu-vu-duong-chi-2e4d496c2f3.html,1
Lưỡi VẸM!,https://www.khoi8406.com/post/quanlambao/luoi-vem-577d63e4684.html,1
Thành lập Hội Bầu Bí Tương Thân,https://www.khoi8406.com/post/quanlambao/thanh-lap-hoi-bau-bi-tuong-than-3504b0b3710.html,1
Côn an giựt dọc!,https://www.khoi8406.com/post/quanlambao/con-giut-doc-c9ce57aa533.html,1
"Chú của nhà lãnh đạo Triều Tiên Kim Jong-Un đã bị xử tử""",https://www.khoi8406.com/post/quanlambao/chu-cua-nha-lanh-ao-trieu-tien-kim-jong_11-fb0e7adbc15.html,1
Câu hỏi chưa lời giải: Ai đã báo cho Dương Chí Dũng bỏ trốn?,https://www.khoi8406.com/post/quanlambao/cau-hoi-chua-loi-giai-ai-bao-cho-duong-cbf3f277527.html,1
"Những chiêu xảo trá để đút túi 1,6 triệu USD của Dương Chí Dũng",https://www.khoi8406.com/post/quanlambao/nhung-chieu-xao-tra-e-ut-tui-16-trieu-e50ed9c655d.html,1
Mẹ Nấm gấu: Đôi lời cùng thị Beo,https://www.khoi8406.com/post/quanlambao/me-nam-gau-oi-loi-cung-thi-beo-b4248583b47.html,1
Giáo hoàng 'có ảnh hưởng lớn nhất thế giới trong năm',https://www.khoi8406.com/post/quanlambao/giao-hoang-co-anh-huong-lon-nhat-gioi-00338966d09.html,1
"Khốn khổ vì nhặt được cục vàng 2,1kg",https://www.khoi8406.com/post/quanlambao/khon-kho-vi-nhat-uoc-cuc-vang-21kg-1a9e8d6aba9.html,1
Tổng thống Mỹ gây tranh cãi với tấm ảnh ở Nam Phi,https://www.khoi8406.com/post/quanlambao/tong-thong-my-gay-tranh-cai-voi-tam-anh-3f998f9ed20.html,1
Dư luận tức giận phiên dịch viên trong lễ tưởng niệm Mandela,https://www.khoi8406.com/post/quanlambao/du-luan-tuc-gian-phien-dich-vien-trong-015c5af1eec.html,1
Tổng Trọng 'đầu tôm' và Quốc nạn tham nhũng!,https://www.khoi8406.com/post/quanlambao/tong-trong-au-tom-va-quoc-nan-tham-nhung-a0b66a50b5e.html,1
"Hôm nay, Dương Chí Dũng có thể đối mặt án tử hình",https://www.khoi8406.com/post/quanlambao/hom-nay-duong-chi-dung-co-oi-mat-tu-hinh-f2ab464ebfa.html,1
"Kim Jong Un làm Bắc Kinh nhức đầu, dân Bắc Hàn hỷ hả!",https://www.khoi8406.com/post/quanlambao/kim-jong-un-lam-bac-kinh-nhuc-au-dan-b7057a122c4.html,1
Nuôi chế độ CSVN đến bao giờ?,https://www.khoi8406.com/post/quanlambao/nuoi-che-o-csvn-en-bao-gio-73a33881f58.html,1
"Theo dõi số liệu kinh tế mệt quá,cần phải là thám tử!",https://www.khoi8406.com/post/quanlambao/theo-doi-so-lieu-kinh-te-met-quacan-81a4c4eac91.html,1
Bảo mẫu đánh chết bé trai từng nhấn con đẻ xuống nước,https://www.khoi8406.com/post/quanlambao/bao-mau-anh-chet-be-trai-tung-nhan-con-6a8b05094ec.html,1
Kỳ lạ Phật bà ‘hiển linh’ và ngôi chùa nổi ở Thừa Thiên Huế,https://www.khoi8406.com/post/quanlambao/ky-la-phat-ba-hien-linh-va-ngoi-chua-61b205bfd0d.html,1
Những con cưng thành người thừa kế nổi tiếng,https://www.khoi8406.com/post/quanlambao/nhung-con-cung-thanh-nguoi-thua-ke-noi-04aae53aa71.html,1
Lịch xét xử Dương Chí Dũng và vụ tham nhũng Vinalines,https://www.khoi8406.com/post/quanlambao/lich-xet-xu-duong-chi-dung-va-vu-tham-c5f2f4dee5c.html,1
Nhà thơ Nguyễn Xuân Nghĩa được vinh danh với Giải Lưu Hiểu Ba Can Đảm Viết năm 2013,https://www.khoi8406.com/post/quanlambao/nha-tho-nguyen-xuan-nghia-uoc-vinh-danh-21c77467712.html,1
Giật mình với nhập siêu từ Trung Quốc,https://www.khoi8406.com/post/quanlambao/giat-minh-voi-nhap-sieu-tu-trung-quoc-3faba68cfcb.html,1
Mỹ không chú ý Hiến pháp VN,https://www.khoi8406.com/post/quanlambao/my-khong-chu-y-hien-phap-vn-ca7d8276331.html,1
Công dân VN lại bị từ chối nhập cảnh,https://www.khoi8406.com/post/quanlambao/cong-dan-vn-lai-bi-tu-choi-nhap-canh-4d165969472.html,1
Chủ tịch Sang nhắc Thanh tra Chính phủ,https://www.khoi8406.com/post/quanlambao/chu-tich-sang-nhac-thanh-tra-chinh-phu-05fd8bc1c7f.html,1
Kết luận điều tra bổ sung liên quan đến vụ án Nguyễn Đức Kiên và đồng bọn phạm tội,https://www.khoi8406.com/post/quanlambao/ket-luan-ieu-tra-bo-sung-lien-quan-en-94a63111a23.html,1
Đại sứ Đức và Đại sứ Anh tại Việt Nam kêu gọi Hà Nội trả tự do cho tù nhân lương tâm,https://www.khoi8406.com/post/quanlambao/ai-su-uc-va-ai-su-anh-tai-viet-nam-keu-661e45d4f5c.html,1
Nhà thơ tù chung thân Nguyễn Hữu Cầu vẫn là mối quan tâm hàng đầu của Văn Bút Quốc Tế,https://www.khoi8406.com/post/quanlambao/nha-tho-tu-chung-than-nguyen-huu-cau-12618dfffda.html,1
"Phỏng vấn Huỳnh Nhật Hải, Huỳnh Nhật Tấn –Làm cách mạng không phải để dựng nên một nhà nước độc tài",https://www.khoi8406.com/post/quanlambao/phong-van-huynh-nhat-hai-huynh-nhat-tan-730089e1bfd.html,1
Phát biểu của Jonathan D. London trong dịp ra mắt MLBVN tại Hà Nội,https://www.khoi8406.com/post/quanlambao/phat-bieu-cua-jonathan-d-london-trong-3729c19de6f.html,1
Trong vũng lầy - Những đóa sen vẫn nở,https://www.khoi8406.com/post/quanlambao/trong-vung-lay-nhung-oa-sen-van-no-42a7ba248c7.html,1
Đại hội nhà văn Quốc Tế tại Reykyavik lên án Hà Nội,https://www.khoi8406.com/post/quanlambao/ai-hoi-nha-van-quoc-te-tai-reykyavik-3be48a87444.html,1
Nguyễn Phương Uyên tuyên bố ra khỏi Đoàn TNCS,https://www.khoi8406.com/post/quanlambao/nguyen-phuong-uyen-tuyen-bo-ra-khoi-oan-035f0d9f41f.html,1
"BIỂN ƠI, BIỂN ÐÃ PHỤ NGƯỜI?",https://www.khoi8406.com/post/quanlambao/bien-oi-bien-phu-nguoi-82458d32153.html,1
10 'ĐẠI LỢI' khi là đảng viên Đảng CSVN,https://www.khoi8406.com/post/quanlambao/10-ai-loi-khi-la-ang-vien-ang-csvn-d61fe8a89aa.html,1
Nguyễn Phương Uyên - Ký: Cuộc truy đuổi ở Hà Nội,https://www.khoi8406.com/post/quanlambao/nguyen-phuong-uyen-ky-cuoc-truy-uoi-o-26d2bdc2df2.html,1
Quay đầu là bờ!,https://www.khoi8406.com/post/quanlambao/quay-au-la-bo-4f20cec009a.html,1
Phong trào Con Đường Việt Nam: phát động cuộc thi sáng tác video clip “Quyền Con Người và Tôi 2013”,https://www.khoi8406.com/post/quanlambao/phong-trao-con-uong-viet-nam-phat-ong-fb7f74444d3.html,1
HÃY VƯỢT QUA SỰ SỢ HÃI CỦA MỖI CHÚNG TA!,https://www.khoi8406.com/post/quanlambao/hay-vuot-qua-su-so-hai-cua-moi-chung-ta-309c776f023.html,1
Mõ làng đôi điều với đảng viên cộng sản lầm lạc....,https://www.khoi8406.com/post/quanlambao/mo-lang-oi-ieu-voi-ang-vien-cong-san-ccfec3c8d0a.html,1
"Lại 'con kiến mà kiện củ khoai': Ông Lê Hoàng Quân, Ủy viên TW Đảng, Chủ tịch UBNDTPHCM",https://www.khoi8406.com/post/quanlambao/lai-con-kien-ma-kien-cu-khoai-ong-le-31df29870f7.html,1
'Thành tích' chào mừng ngày quốc tế nhân quyền 10.12 của Việt Nam,https://www.khoi8406.com/post/quanlambao/thanh-tich-chao-mung-ngay-quoc-te-nhan-52fb457f8e9.html,1
"Sẽ có luật về biểu tình, lập hội",https://www.khoi8406.com/post/quanlambao/se-co-luat-ve-bieu-tinh-lap-hoi-f3024debfec.html,1
Ông Lê Hiếu Ðằng kêu gọi đảng viên phải bày tỏ thái độ,https://www.khoi8406.com/post/quanlambao/ong-le-hieu-ang-keu-goi-ang-vien-phai-c3b2063dcdf.html,1
Chú của Kim Jong-un bị bắt ngay giữa phiên họp,https://www.khoi8406.com/post/quanlambao/chu-cua-kim-jong-un-bi-bat-ngay-giua-1c4479a17ac.html,1
"Kiev lật đổ tượng đài Lê - Nin, Việt Nam còn để ông ta 'la cà' đến khi nào đây?",https://www.khoi8406.com/post/quanlambao/kiev-lat-o-tuong-ai-le-nin-viet-nam-con-6b39df7edcd.html,1
Vợ cũ Dũng 'lò vôi' tặng vườn cao su 170 tỷ cho bộ đội Trường Sa!,https://www.khoi8406.com/post/quanlambao/vo-cu-dung-lo-voi-tang-vuon-cao-su-170-5708fc278a4.html,1
Tiếng hí sa trường,https://www.khoi8406.com/post/quanlambao/tieng-hi-sa-truong-27a3f918e84.html,1
Những mảnh đời!,https://www.khoi8406.com/post/quanlambao/nhung-manh-oi-2a21879c754.html,1
Ngày trở về,https://www.khoi8406.com/post/quanlambao/ngay-tro-ve-9900830de42.html,1
Cuối tuần nhậu thơ tái giấm,https://www.khoi8406.com/post/quanlambao/cuoi-tuan-nhau-tho-tai-giam-37d4600a66b.html,1
Thơ tái giấm - Nguyên Thạch,https://www.khoi8406.com/post/quanlambao/tho-tai-giam-nguyen-thach-cf2e94483b4.html,1
Liệu Việt Nam sẽ xuất hiện Huyền thoại Hồ Chí MInh thứ 2?,https://www.khoi8406.com/post/quanlambao/lieu-viet-nam-se-xuat-hien-huyen-thoai-51e751d2ad6.html,1
Mỹ bí mật phát triển UAV tàng hình mới tại “Vùng 51”,https://www.khoi8406.com/post/quanlambao/my-bi-mat-phat-trien-uav-tang-hinh-moi-fd6a7dddc82.html,1
Thông báo công khai từ bỏ đảng,https://www.khoi8406.com/post/quanlambao/thong-bao-cong-khai-tu-bo-ang-d8fd5fc4a42.html,1
Rượu nếp 29 Hà Nội có chất cực độc gây chết người,https://www.khoi8406.com/post/quanlambao/ruou-nep-29-ha-noi-co-chat-cuc-oc-gay-7e4e0973445.html,1
Mạng lưới blogger Việt Nam hoạt động nhân ngày Quốc tế Nhân quyền,https://www.khoi8406.com/post/quanlambao/mang-luoi-blogger-viet-nam-hoat-ong-326fc8741b7.html,1
Thế nào là phản bội? Ai phản bội?,https://www.khoi8406.com/post/quanlambao/the-nao-la-phan-boi-ai-phan-boi-181f3acb9c1.html,1
Nhân 85 nămTuyên ngôn Nhân quyền Quốc tế Nhân Quyền: Khát Vọng Ngàn Đời!,https://www.khoi8406.com/post/quanlambao/nhan-85-namtuyen-ngon-nhan-quyen-quoc-dfc8bab7c42.html,1
Đảng Cộng Sản Việt Nam - Đã chuyển hoá thành thúi rữa!,https://www.khoi8406.com/post/quanlambao/ang-cong-san-viet-nam-chuyen-hoa-thanh-c42e618976c.html,1
"Nguyễn Đắc Diên, Bác sĩ Nha khoa từ bỏ đảng",https://www.khoi8406.com/post/quanlambao/nguyen-ac-dien-bac-si-nha-khoa-tu-bo-ang-2c0004fa11c.html,1
Thơ tái giấm - Câu truyện đêm trăng,https://www.khoi8406.com/post/quanlambao/tho-tai-giam-cau-truyen-em-trang-5851d1b15c0.html,1
Trò mèo hiến pháp!,https://www.khoi8406.com/post/quanlambao/tro-meo-hien-phap_7-1538b2eff9a.html,1
Biển đông tự bao đời luôn của Việt Nam!,https://www.khoi8406.com/post/quanlambao/bien-ong-tu-bao-oi-luon-cua-viet-nam-b2bf7822007.html,1
Đinh Nguyên Kha được đình chỉ điều tra tội danh khủng bố,https://www.khoi8406.com/post/quanlambao/inh-nguyen-kha-uoc-inh-chi-ieu-tra-toi-ea4c62f15a3.html,1
Nhà báo Phạm Chí Dũng: 'Đảng chỉ còn mang bóng hình của các nhóm lợi ích',https://www.khoi8406.com/post/quanlambao/nha-bao-pham-chi-dung-ang-chi-con-mang-fac820e314b.html,1
"Cấm người dân cho, tặng ngoại tệ?",https://www.khoi8406.com/post/quanlambao/cam-nguoi-dan-cho-tang-ngoai-te-1a3d700ed00.html,1
"“Ma trận” chuyển nhượng vốn nhìn từ “Phở 24”, Masan",https://www.khoi8406.com/post/quanlambao/ma-tran-chuyen-nhuong-von-nhin-tu-pho-594c99c37f8.html,1
"""Tự nhiên ghét tên Phố""!",https://www.khoi8406.com/post/quanlambao/tu-nhien-ghet-ten-pho-4479fac07c2.html,1
Những bí mật ít ai biết về ‘thiên đường mại dâm’ lớn nhất TQ,https://www.khoi8406.com/post/quanlambao/nhung-bi-mat-it-ai-biet-ve-thien-uong-4ee69f4764a.html,1
Nhà cầm quyền Hà Nội xóa dấu vết Tu viện DCCT Thái Hà,https://www.khoi8406.com/post/quanlambao/nha-cam-quyen-ha-noi-xoa-dau-vet-tu-004d17545ad.html,1
Thủ đô mại dâm ở Châu Âu,https://www.khoi8406.com/post/quanlambao/thu-o-mai-dam-o-chau-au-ebfb6121e6c.html,1
"""Đảo rác” khổng lồ Nhật Bản sắp trôi đến Mỹ",https://www.khoi8406.com/post/quanlambao/ao-rac-khong-lo-nhat-ban-sap-troi-en-my-0e02cb33e61.html,1
Điều ít biết về những 'mãnh thú' tàu sân bay,https://www.khoi8406.com/post/quanlambao/ieu-it-biet-ve-nhung-manh-thu-tau-san-7110db7163d.html,1
Thế đứng Nhân quyền vững chãi,https://www.khoi8406.com/post/quanlambao/the-ung-nhan-quyen-vung-chai-55da6a8311d.html,1
Luật cư trú và chuyện công an gõ cửa nhà dân vào lúc đêm khuya.,https://www.khoi8406.com/post/quanlambao/luat-cu-tru-va-chuyen-cong-go-cua-nha-f43232b1706.html,1
Ông Lê Hiếu Đằng: CNXH chỉ là ảo tưởng!,https://www.khoi8406.com/post/quanlambao/ong-le-hieu-ang-cnxh-chi-la-ao-tuong-27d59901557.html,1
Một cánh tay nung chí - Triệu cánh tay dũng khí,https://www.khoi8406.com/post/quanlambao/mot-canh-tay-nung-chi-trieu-canh-tay-157ce8c6a6c.html,1
Nước Việt buồn,https://www.khoi8406.com/post/quanlambao/nuoc-viet-buon-eb245aa8869.html,1
Thông Cáo Báo Chí về chuyến viếng thăm Hoa Kỳ của ông Trần Văn Huỳnh,https://www.khoi8406.com/post/quanlambao/thong-cao-bao-chi-ve-chuyen-vieng-tham-f14bb84d39e.html,1
Tâm thư từ bỏ đảng của nhà báo Phạm Chí Dũng,https://www.khoi8406.com/post/quanlambao/tam-thu-tu-bo-ang-cua-nha-bao-pham-chi-cacac7df468.html,1
Lời tri ân đối với Nhà báo Phạm Chí Dũng...,https://www.khoi8406.com/post/quanlambao/loi-tri-oi-voi-nha-bao-pham-chi-dung-b964782a52d.html,1
Nước đục!,https://www.khoi8406.com/post/quanlambao/nuoc-uc-1b6ca00b2e8.html,1
Chuyện lạ: A83 viếng cụ Nguyễn Kiến Giang,https://www.khoi8406.com/post/quanlambao/chuyen-la-a83-vieng-cu-nguyen-kien-giang-36ccf5093fd.html,1
Viết cho Phụ Nữ Nhân Quyền,https://www.khoi8406.com/post/quanlambao/viet-cho-phu-nu-nhan-quyen-390fe9f2d4b.html,1
Không mau bắt ngay tên 'Việt Kiều RỎM' cho bà con Hải ngoại đỡ mang tiếng!,https://www.khoi8406.com/post/quanlambao/khong-mau-bat-ngay-ten-viet-kieu-rom-51ec26531dc.html,1
Viết cho Ngày Quốc Tế Nhân Quyền để Việt Nam sẽ đến ngày Không bị cưỡng bức làm nô lệ,https://www.khoi8406.com/post/quanlambao/viet-cho-ngay-quoc-te-nhan-quyen-e-viet-190fc399fb6.html,1
Trung Quốc cấm các công ty tài chính thực hiện giao dịch Bitcoin,https://www.khoi8406.com/post/quanlambao/trung-quoc-cam-cac-cong-ty-tai-chinh-b5fd6a13b83.html,1
"Những ẩn số cuộc đời của ""bà trùm"" mafia nuôi 16 người tình trẻ",https://www.khoi8406.com/post/quanlambao/nhung-so-cuoc-oi-cua-ba-trum-mafia-nuoi-1ff48cbedd1.html,1
Trùm ma túy giết người hàng loạt bằng tà thuật,https://www.khoi8406.com/post/quanlambao/trum-ma-tuy-giet-nguoi-hang-loat-bang-3203ba90dc4.html,1
"Trùm mafia Hàn Quốc bị ""sa lưới"" tại Philippines",https://www.khoi8406.com/post/quanlambao/trum-mafia-han-quoc-bi-sa-luoi-tai-7932d4fd53f.html,1
Trùm mafia khét tiếng của Ý bị bắt sau 20 năm chạy trốn,https://www.khoi8406.com/post/quanlambao/trum-mafia-khet-tieng-cua-y-bi-bat-sau-8ab92de40b5.html,1
Nữ cảnh sát tự tử vì nhắn tin tình nhân gửi nhầm cho chồng,https://www.khoi8406.com/post/quanlambao/nu-canh-sat-tu-tu-vi-nhan-tin-tinh-nhan-ed137f63cac.html,1
Những tội ác ghê rợn của 10 tổ chức mafia lớn nhất thế giới,https://www.khoi8406.com/post/quanlambao/nhung-toi-ac-ghe-ron-cua-10-to-chuc-fe113f90e3b.html,1
Một tòa án LHQ kêu gọi trả tự do cho LS Lê Quốc Quân,https://www.khoi8406.com/post/quanlambao/mot-toa-lhq-keu-goi-tra-tu-do-cho-ls-le-d39f7b9a231.html,1
Chú của nhà lãnh đạo Triều Tiên Kim Jong-un vẫn an toàn,https://www.khoi8406.com/post/quanlambao/chu-cua-nha-lanh-ao-trieu-tien-kim-jong-15cedf4fd8a.html,1
Hiến pháp 2013 Vẫn chỉ là rượu cũ!,https://www.khoi8406.com/post/quanlambao/hien-phap-2013-van-chi-la-ruou-cu-b9917045602.html,1
Bao giờ hoa Tự Do đơm nụ?,https://www.khoi8406.com/post/quanlambao/bao-gio-hoa-tu-do-om-nu-qlb-toi-viet-1734fc7afe3.html,1
Lực lượng nào khiến đảng cộng sản khiếp sợ?,https://www.khoi8406.com/post/quanlambao/luc-luong-nao-khien-ang-cong-san-khiep_4-a66020e2bb3.html,1
Đại gia bí ẩn góp ngàn tỷ làm chủ ngân hàng,https://www.khoi8406.com/post/quanlambao/ai-gia-bi-gop-ngan-ty-lam-chu-ngan-hang-fa5c1769dbb.html,1
Ủng hộ học giả Nguyễn Thanh Giang với Tập thơ 'Cố đấm ăn xôi'!,https://www.khoi8406.com/post/quanlambao/ung-ho-hoc-gia-nguyen-thanh-giang-voi-8875cf05f9a.html,1
Từ bỏ Đảng Cộng sản Việt Nam của ông LÊ HIẾU ĐẰNG,https://www.khoi8406.com/post/quanlambao/tu-bo-ang-cong-san-viet-nam-cua-ong-le-afc6987d2d6.html,1
Chủ tịch nước giải thích lý do luân chuyển ông Nguyễn Thiện Nhân,https://www.khoi8406.com/post/quanlambao/chu-tich-nuoc-giai-thich-ly-do-luan-d283ad4a949.html,1
Thêm hai đại án tham nhũng sắp được xét xử,https://www.khoi8406.com/post/quanlambao/them-hai-ai-tham-nhung-sap-uoc-xet-xu-dc2d11ef038.html,1
Thương nhớ Nguyễn Kiến Giang,https://www.khoi8406.com/post/quanlambao/thuong-nho-nguyen-kien-giang-870832177ff.html,1
Âm binh,https://www.khoi8406.com/post/quanlambao/am-binh-8a16e75c58f.html,1
"Công an quận 8, TP. Hồ Chí Minh liên tục vi phạm nhân quyền",https://www.khoi8406.com/post/quanlambao/cong-quan-8-tp-ho-chi-minh-lien-tuc-vi-b1b57465ddb.html,1
Tiếng gọi thanh niên,https://www.khoi8406.com/post/quanlambao/tieng-goi-thanh-nien-c7c8b357cdd.html,1
CÁI SẨY HỒNG KÔNG & GIẤC MỘNG SIÊU CƯỜNG (S.T.T.D Tưởng Năng Tiến),https://www.khoi8406.com/post/nhanquyenchovn/cai-say-hong-kong-giac-mong-sieu-cuong-414250e683f.html,1
QUAN HỆ ĐỐI TÁC CHIẾN LƯỢC VIỆT - MỸ TRÊN THỰC TẾ SẼ CÓ NGHĨA LÀ GÌ? (Prashanth Parameswaran - The Diplomat),https://www.khoi8406.com/post/nhanquyenchovn/quan-he-oi-tac-chien-luoc-viet-my-tren-7641853de07.html,1
"'NẾU ĐỂ TRUNG QUỐC PHÁ LUẬT Ở BIỂN ĐÔNG, LUẬT LỆ SẼ SỤP ĐỔ Ở NƠI KHÁC' (Vy Xuân - Zing)",https://www.khoi8406.com/post/nhanquyenchovn/neu-e-trung-quoc-pha-luat-o-bien-ong-a2bf1efab9d.html,1
NỢ NHÀ KHÁC NỢ NƯỚC (Ngô Nhân Dụng),https://www.khoi8406.com/post/nhanquyenchovn/no-nha-khac-no-nuoc-ngo-nhan-dung-e3256c9fb02.html,1
NHỮNG THỬ THÁCH TRƯỚC MẶT (Cổ-Lũy),https://www.khoi8406.com/post/nhanquyenchovn/nhung-thu-thach-truoc-mat-co-luy-9088eed4ae8.html,1
'HỘ ĐẢNG' KHÓ HƠN . . . HỘ ĐÊ! (Thiên Hạ Luận),https://www.khoi8406.com/post/nhanquyenchovn/ho-ang-kho-hon-ho-e-thien-ha-luan-86cb5cbaa56.html,1
KIỀU CHINH : NỮ DIỄN VIÊN 'HUYỀN THOẠI' CỦA VIỆT NAM (Hà Vũ),https://www.khoi8406.com/post/nhanquyenchovn/kieu-chinh-nu-dien-vien-huyen-thoai-cua-03d8b324c02.html,1
BIỂU TÌNH TRƯỚC TÒA LÃNH SỰ TRUNG CỘNG TẠI LOS ANGELES (Thanh Phong - Viễn Đông Daily) ),https://www.khoi8406.com/post/nhanquyenchovn/bieu-tinh-truoc-toa-lanh-su-trung-cong-13fd1f6794d.html,1
LUẬT MỚI CALIFORNIA ẢNH HƯỞNG ĐẾN 'NGHỀ NAIL' CỦA NGƯỜI VIỆT (Nguyễn Đạt Thịnh),https://www.khoi8406.com/post/nhanquyenchovn/luat-moi-california-anh-huong-en-nghe-ef1b6d181a6.html,1
VIỆT NAM KHÔNG CHỐN NƯƠNG THÂN (Bùi Chí Vinh),https://www.khoi8406.com/post/nhanquyenchovn/viet-nam-khong-chon-nuong-than-bui-chi-0ac48b2005f.html,1
MỘT HIỆP ĐỊNH MỞ ĐƯỜNG CHO TỘI PHẠM (Chu Vĩnh Hải),https://www.khoi8406.com/post/nhanquyenchovn/mot-hiep-inh-mo-uong-cho-toi-pham-chu-af038895fda.html,1
CHÍNH QUYỀN HOA LỤC ĐÀN ÁP NGƯỜI UIGHUR Ở TÂN CƯƠNG (Lindsay Maizland),https://www.khoi8406.com/post/nhanquyenchovn/chinh-quyen-hoa-luc-ap-nguoi-uighur-o-358c77a26d9.html,1
NẾU MỸ - TRUNG ĐỤNG ĐỘ TRÊN BIỂN - CUỘC KHỦNG HOẢNG TRUNG QUỐC THÁNG 10/2020 (The Economist),https://www.khoi8406.com/post/nhanquyenchovn/neu-my-trung-ung-o-tren-bien-cuoc-khung-69c98fdbb1b.html,1
ÔNG THỦ TƯỚNG (S.T.T.D Tưởng Năng Tiến),https://www.khoi8406.com/post/nhanquyenchovn/ong-thu-tuong-sttd-tuong-nang-tien-8ff420beec8.html,1
VIỆT NAM CÓ PHÁT TRIỂN HAY KHÔNG? (VietTuSaiGon),https://www.khoi8406.com/post/nhanquyenchovn/viet-nam-co-phat-trien-hay-khong-96686e8559b.html,1
RÁNG GIÚP CHO NGƯỜI THIẾU ĂN ĐƯỢC ẤM LÒNG (Nguyễn Công Bằng - VDF),https://www.khoi8406.com/post/nhanquyenchovn/rang-giup-cho-nguoi-thieu-uoc-am-long-7cc2cad685c.html,1
BẢN CHẤT CỦA MỘT QUYẾT ĐỊNH (Đỗ Văn Ngà),https://www.khoi8406.com/post/nhanquyenchovn/ban-chat-cua-mot-quyet-inh-o-van-nga-3cb8b7fb95a.html,1
BUÔN BÁN PHỤ NỮ: LIÊN HIỆP HỘI PHỤ NỮ VIỆT NAM ĐÃ LÀM GÌ? (Nguyễn Ngọc Chu),https://www.khoi8406.com/post/nhanquyenchovn/buon-ban-phu-nu-lien-hiep-hoi-phu-nu-9f529406d6e.html,1
"THƯƠNG VỤ ""BÁN LÚA GIỐNG"" NHÀ NƯỚC Ở CẢNG QUY NHƠN (BTV Tiếng Dân)",https://www.khoi8406.com/post/nhanquyenchovn/thuong-vu-ban-lua-giong-nha-nuoc-o-cang-a5532b424e5.html,1
BẢN TIN NGÀY 09/07/2019 (Báo Tiếng Dân),https://www.khoi8406.com/post/nhanquyenchovn/ban-tin-ngay-09072019-bao-tieng-dan-e7070f816d1.html,1
ĐIỂM TIN NGÀY 09/07/2019 (Tin Tức Hàng Ngày),https://www.khoi8406.com/post/nhanquyenchovn/iem-tin-ngay-09072019-tin-tuc-hang-ngay-2b60aeaafbc.html,1
BẢN TIN NGÀY 06/07/2019 (Báo Tiếng Dân),https://www.khoi8406.com/post/nhanquyenchovn/ban-tin-ngay-06072019-bao-tieng-dan-565f0d41b9f.html,1
ĐIỂM TIN NGÀY 06/07/2019 (Tin Tức Hàng Ngày),https://www.khoi8406.com/post/nhanquyenchovn/iem-tin-ngay-06072019-tin-tuc-hang-ngay-9f90af18267.html,1
TRỐN THUẾ - CÔNG CỤ ĐÀN ÁP THẾ HỆ MỚI ? (Võ Văn Quản - Luật Khoa),https://www.khoi8406.com/post/nhanquyenchovn/tron-tue-cong-cu-ap-he-moi-vo-van-quan-4e2f4161487.html,1
VÒNG XOÁY CĂNG THẲNG MỚI Ở BIỂN ĐÔNG (Nguyễn Thành Trung),https://www.khoi8406.com/post/nhanquyenchovn/vong-xoay-cang-thang-moi-o-bien-ong-75f8311207b.html,1
ĐẾN LÚC MỸ CHIA TAY BẮC KINH (Gordon G. Chang - The National Interest),https://www.khoi8406.com/post/nhanquyenchovn/en-luc-my-chia-tay-bac-bac-kinh-gordon-93f92bf6216.html,1
CHÍNH SÁCH CỦA MỸ ĐỐI VỚI TRUNG QUỐC : CẦN ÁP LỰC & ĐA PHƯƠNG (Gemma Stewart),https://www.khoi8406.com/post/nhanquyenchovn/chinh-sach-cua-my-oi-voi-trung-quoc-can-9f426ec78c8.html,1
"CHÍNH SÁCH 'MỘT QUỐC GIA, HAI CHẾ ĐỘ' LÀ GÌ ? (The Economist)",https://www.khoi8406.com/post/nhanquyenchovn/chinh-sach-mot-quoc-gia-hai-che-o-la-gi-2764a898e41.html,1
"QUYỀN LỰC & SỰ PHỤ THUỘC LẪN NHAU TRONG KỶ NGUYÊN TRUMP (Joseph S. Nye, Jr. - Project Syndicate)",https://www.khoi8406.com/post/nhanquyenchovn/quyen-luc-su-phu-thuoc-lan-nhau-trong-dfa15ccf59d.html,1
THỬ TÌM HIỂU VỀ SỰ DỐI TRÁ CỦA DONALD TRUMP (Hoàng Thủy Ngữ),https://www.khoi8406.com/post/nhanquyenchovn/thu-tim-hieu-ve-su-doi-tra-cua-donald-f62b21de9d9.html,1
"TRÊN THẾ GIỚI, CÒN AI CHƯA HIỂU về NHỮNG LỜI ĐAO TO BÚA LỚN của DONALD TRUMP? (Phạm Thanh Giao)",https://www.khoi8406.com/post/nhanquyenchovn/tren-gioi-con-ai-chua-hieu-ve-nhung-loi-893be5c5365.html,1
VẪN TINH KHÔI MỘT NGHIỆP DĨ TRÓT MANG ! (Nguyễn Ngọc Già),https://www.khoi8406.com/post/nhanquyenchovn/van-tinh-khoi-mot-nghiep-di-trot-mang-b664aa14905.html,1
CON ĐƯỜNG ĐỂ VIỆT NAM VƯƠN LÊN (Phạm Phú Khải),https://www.khoi8406.com/post/nhanquyenchovn/con-uong-e-viet-nam-vuon-len-pham-phu-69f8848017a.html,1
NHÂN THIÊN HẠ BÀN CHUYỆN ANH TRỖI (Lê Công Định),https://www.khoi8406.com/post/nhanquyenchovn/nhan-thien-ha-ban-chuyen-anh-troi-le-b070b1bd504.html,1
MẤY LỜI GỬI TỚI TRƯỞNG BAN TUYÊN GIÁO VÕ VĂN THƯỞNG (Nguyễn Văn Chiến),https://www.khoi8406.com/post/nhanquyenchovn/may-loi-gui-toi-truong-ban-tuyen-giao-e52ff4b9fcd.html,1
"""SEA OF BLACK"" - SÁNG TÁC MỚI CỦA NHẠC SĨ TRÚC HỒ",https://www.khoi8406.com/post/nhanquyenchovn/sea-of-black-sang-tac-moi-cua-nhac-si-2e349365b5a.html,1
THẢM HỌA ĐỜI SỐNG NGƯỜI DÂN ĐỒNG BẰNG SÔNG CỬU LONG & MÔI TRƯỜNG VIỆT NAM (BTV Tiếng Dân),https://www.khoi8406.com/post/nhanquyenchovn/tham-hoa-oi-song-nguoi-dan-ong-bang-89f14b55957.html,1
BẢN TIN NGÀY 05/07/2019 (Báo Tiếng Dân),https://www.khoi8406.com/post/nhanquyenchovn/ban-tin-ngay-05072019-bao-tieng-dan-506628a1c72.html,1
ĐIỂM TIN NGÀY 05/07/2019 (Tin Tức Hàng Ngày),https://www.khoi8406.com/post/nhanquyenchovn/iem-tin-ngay-05072019-tin-tuc-hang-ngay-bcd4cb5ce31.html,1
CẬP NHẬT TÌNH HÌNH SAI PHẠM Ở THỦ THIÊM (BTV Tiếng Dân),https://www.khoi8406.com/post/nhanquyenchovn/cap-nhat-tinh-hinh-sai-pham-o-thu-thiem-58601360f29.html,1
CUỘC THI NÓI DỐI (Phạm Đình Trọng),https://www.khoi8406.com/post/nhanquyenchovn/cuoc-thi-noi-doi-pham-inh-trong-a355e66cbc2.html,1
TIỀN VÀNG VÀ ĐÀN BÀ NƯỚC VIỆT (S.T.T.D Tưởng Năng Tiến),https://www.khoi8406.com/post/nhanquyenchovn/tien-vang-va-ba-nuoc-viet-sttd-tuong-ad9e10944fb.html,1
HÃY KHÓC CHO TIẾNG VIỆT! (Mạnh Kim),https://www.khoi8406.com/post/nhanquyenchovn/hay-khoc-cho-tieng-viet-manh-kim-fa790855ade.html,1
NGƯỜI THẮNG KẺ THUA TRONG THÔNG BÁO LỚN CỦA TRUMP VỀ THƯƠNG MẠI VỚI TRUNG QUỐC (Heather Long - The Washington Post),https://www.khoi8406.com/post/nhanquyenchovn/nguoi-thang-ke-thua-trong-thong-bao-lon-5f1e61c13fc.html,1
THỜI KỲ HẬU G-20 OSAKA (Trần Khải),https://www.khoi8406.com/post/nhanquyenchovn/thoi-ky-hau-g-20-osaka-tran-khai-99416184919.html,1
BINH PHÁP TÔN TỬ & CUỘC ĐỌ SỨC MỸ - TRUNG (RFI),https://www.khoi8406.com/post/nhanquyenchovn/binh-phap-ton-tu-cuoc-o-suc-my-trung-rfi-f8d18b0dc09.html,1
HOA KỲ HUY ĐỘNG TỔNG LỰC QUÂN SỰ & KINH TẾ CHỐNG TRUNG QUỐC (Thu Hằng - RFI),https://www.khoi8406.com/post/nhanquyenchovn/hoa-ky-huy-ong-tong-luc-quan-su-kinh-te-5b95dc37eee.html,1
ĐI VÀO TRANH CỬ 2020 (Cổ-Lũy),https://www.khoi8406.com/post/nhanquyenchovn/i-vao-tranh-cu-2020-co-luy-c57dbc5225c.html,1
TRUMP LÀM ABE LÊN RUỘT ! (Ngô Nhân Dụng),https://www.khoi8406.com/post/nhanquyenchovn/trump-lam-abe-len-ruot-ngo-nhan-dung-8b20e61bdca.html,1
HƯỚNG TỚI BẦU CỬ 2021 : PHẢI TỰ DO & CÔNG BẰNG (Đoan Trang - Luật Khoa),https://www.khoi8406.com/post/nhanquyenchovn/huong-toi-bau-cu-2021-phai-tu-do-cong-0f310a1eaac.html,1
"NẾU BẠN MUỐN ỨNG CỬ NĂM 2021, HÃY CHUẨN BỊ NGAY TỪ HÔM NAY (Trịnh Hũu Long - Luật Khoa)",https://www.khoi8406.com/post/nhanquyenchovn/neu-ban-muon-ung-cu-nam-2021-hay-chuan-d109ae10122.html,1
HỘI NHÀ BÁO ĐỘC LẬP VIỆT NAM & KHÁT VỌNG TỰ DO BÁO CHÍ (An Viên - VNTB),https://www.khoi8406.com/post/nhanquyenchovn/hoi-nha-bao-oc-lap-viet-nam-khat-vong-08a3190dcb4.html,1
VIỆT NAM ĐANG GIAM GIỮ 231 TÙ NHÂN LƯƠNG TÂM (Người Bảo Vệ Nhân Quyền),https://www.khoi8406.com/post/nhanquyenchovn/viet-nam-ang-giam-giu-231-tu-nhan-luong-12b0e95dbcf.html,1
HÀ NỘI MUỐN GÌ KHI KHỞI TỐ LUẬT SƯ NHÂN QUYỀN TRẦN VŨ HẢI (tổng hợp),https://www.khoi8406.com/post/nhanquyenchovn/ha-noi-muon-gi-khi-khoi-to-luat-su-nhan-75d5fe3f35d.html,1
"HỖ TRỢ TINH THẦN CHO TÙ CHÍNH TRỊ TUYỆT THỰC VÌ BỊ NGƯỢC ĐÃI (Thanh Trúc, RFA)",https://www.khoi8406.com/post/nhanquyenchovn/ho-tro-tinh-than-cho-tu-chinh-tri-tuyet-871bab783a8.html,1
HẠ NGUỒN MEKONG TRONG CƠN KHÁT VÔ TẬN CỦA BẮC KINH (Bảo Uyên - VnExpress),https://www.khoi8406.com/post/nhanquyenchovn/ha-nguon-mekong-trong-con-khat-vo-tan-88b4c05fc64.html,1
TRẬN CHIẾN SAU CÙNG TRƯỚC KHI BỨC TƯỜNG DÂN CHỦ SỤP ĐỔ (Phạm Thanh Giao),https://www.khoi8406.com/post/nhanquyenchovn/tran-chien-sau-cung-truoc-khi-buc-tuong-5880dcf7929.html,1
"TỔNG THỐNG TRUMP ĐANG ""LÀM CHO NƯỚC MỸ VĨ ĐẠI""?! (Châu Minh Dũng)",https://www.khoi8406.com/post/nhanquyenchovn/tong-thong-trump-ang-lam-cho-nuoc-my-vi-5998c832907.html,1
TIẾNG DÂN LÀ TIẾNG NÓI CỦA NGƯỜI DÂN (Hồ Phú Bông),https://www.khoi8406.com/post/nhanquyenchovn/tieng-dan-la-tieng-noi-cua-nguoi-dan-ho-32ccad8a42a.html,1
G-20 OSAKA SUMMIT & BÀN CỜ MỸ - TRUNG (Nguyễn Quang Dy),https://www.khoi8406.com/post/nhanquyenchovn/g-20-osaka-summit-ban-co-my-trung-c989fcae24f.html,1
ĐỊA NGỤC GIỮA TRẦN GIAN (Song Chi),https://www.khoi8406.com/post/nhanquyenchovn/ia-nguc-giua-tran-gian-song-chi-0a3e02860be.html,1
TRUMP - KIM : ĐẢNG DÂN CHỦ LÊN ÁN SỰ KHINH SUẤT CỦA TỔNG THỐNG MỸ (Minh Anh - RFI),https://www.khoi8406.com/post/nhanquyenchovn/trump-kim-ang-dan-chu-len-su-khinh-suat-cdea1ad29a7.html,1
"HỒNG KÔNG : CẢNH SÁT BẮN LỰU ĐẠN CAY, ĐẨY NGƯỜI BIỂU TÌNH RA KHỎI NGHỊ VIỆN (tổng hợp)",https://www.khoi8406.com/post/nhanquyenchovn/hong-kong-canh-sat-ban-luu-cay-ay-nguoi-872d1176b94.html,1
LÀM SAO ĐỂ CÓ LỚP TRẺ NHƯ Ở HONG KONG? (Nguyễn Hùng),https://www.khoi8406.com/post/nhanquyenchovn/lam-sao-e-co-lop-tre-nhu-o-hong-kong-7bff166c412.html,1
MỤC SƯ MỸ - VIỆT VẬN ĐỘNG NHÂN QUYỀN CHO NGƯỜI THIỂU SỐ VIỆT NAM (VOA Tiếng Việt),https://www.khoi8406.com/post/nhanquyenchovn/muc-su-my-viet-van-ong-nhan-quyen-cho-a8846d2f485.html,1
HÀN QUỐC & SỰ TRƯỞNG THÀNH CỦA XÃ HỘI DÂN SỰ (Nguyễn Trang Nhung),https://www.khoi8406.com/post/nhanquyenchovn/han-quoc-su-truong-thanh-cua-xa-hoi-dan-41d77c583d3.html,1
"""TÌNH BẠN"" TRUMP - KIM : SHOW DIỄN CHÍNH TRỊ RẺ TIỀN! (BTV Tiếng Dân)",https://www.khoi8406.com/post/nhanquyenchovn/tinh-ban-trump-kim-show-dien-chinh-tri-4567e3764c7.html,1
TÍNH TOÁN CỦA TRUMP KHI SANG LÃNH THỔ TRIỀU TIÊN GẶP KIM JONG-UN (theo Foreign Policy),https://www.khoi8406.com/post/nhanquyenchovn/tinh-toan-cua-trump-khi-sang-lanh-tho-aff0100db3f.html,1
THẢM HOẠ QUỐC GIA? (Mai Quốc Ấn),https://www.khoi8406.com/post/nhanquyenchovn/tham-hoa-quoc-gia-mai-quoc-an-f4748823cd9.html,1
CHÁY RỪNG Ở HÀ TĨNH & QUẢNG BÌNH (BTV Tiếng Dân),https://www.khoi8406.com/post/nhanquyenchovn/chay-rung-o-ha-tinh-quang-binh-btv-968b666329d.html,1
CHƯA BAO GIỜ ĐẤT NƯỚC NHỤC NHƯ NGÀY NAY (Trung Nguyễn),https://www.khoi8406.com/post/nhanquyenchovn/chua-bao-gio-at-nuoc-nhuc-nhu-ngay-nay-5be3cc0d2af.html,1
BẢN TIN NGÀY 1-7-2019 (Báo Tiếng Dân),https://www.khoi8406.com/post/nhanquyenchovn/ban-tin-ngay-1-7-2019-bao-tieng-dan-a02db7a98ed.html,1
ĐIỂM TIN THỨ HAI 1/7/2019 (Tin Tức Hàng Ngày),https://www.khoi8406.com/post/nhanquyenchovn/iem-tin-thu-hai-172019-tin-tuc-hang-ngay-3a8aad42de1.html,1
TIN & BÀI TỪ NGÀY 24 ĐẾN NGÀY 30/6/2019,https://www.khoi8406.com/post/nhanquyenchovn/tin-bai-tu-ngay-24-en-ngay-3062019-3f9d13f0d86.html,1
TRUMP CÚI ĐẦU TRƯỚC NHỮNG YÊU SÁCH VỀ HUAWEI CỦA TẬP CẬN BÌNH Ở G20 (Gordon G. Chang - Daily Beast),https://www.khoi8406.com/post/nhanquyenchovn/trump-cui-au-truoc-nhung-yeu-sach-ve-dcfce8b3aac.html,1
TRUMP & XI CÓ THỂ ĐỒNG Ý Ở OSAKA HAY KHÔNG? (Wendy Cutler - Nikkei Asian Review),https://www.khoi8406.com/post/nhanquyenchovn/trump-xi-co-ong-y-o-osaka-hay-khong-0c5fa643002.html,1
THƯƠNG CHIẾN MỸ - TRUNG BÊN LỀ HỘI NGHỊ G20 & LIÊN HỆ ĐẾN VIỆT NAM (Phạm Đỗ Chí),https://www.khoi8406.com/post/nhanquyenchovn/thuong-chien-my-trung-ben-le-hoi-nghi-c9350261f16.html,1
HOA KỲ - TRUNG QUỐC : TRẬN ĐẤU THẾ KỶ (Mai Vân - RFI / ĐIỂM BÁO),https://www.khoi8406.com/post/nhanquyenchovn/hoa-ky-trung-quoc-tran-au-ky-mai-van-a2496a0a5a8.html,1
TỔNG THỐNG TRUMP 'XÔNG VÀO NGOẠI GIAO QUỐC TẾ' (Lê Phan),https://www.khoi8406.com/post/nhanquyenchovn/tong-thong-trump-xong-vao-ngoai-giao-d26119ea4b4.html,1
MỸ - BẮC TRIỀU TIÊN : VÌ SAO TRUMP BẤT NGỜ MUỐN GẶP KIM JONG UN Ở BÀN MÔN ĐIẾM? (Trọng Thành - RFI),https://www.khoi8406.com/post/nhanquyenchovn/my-bac-trieu-tien-vi-sao-trump-bat-ngo-fe441bcb497.html,1
VÌ SAO ĐÀN ÁP NHÂN QUYỀN GIA TĂNG TẠI VIỆT NAM? (David Hutt - The Diplomat),https://www.khoi8406.com/post/nhanquyenchovn/vi-sao-ap-nhan-quyen-gia-tang-tai-viet-0b1b9c2b0b1.html,1
KHI TRÍ THỨC CAN ĐẢM LÊN TIẾNG & ĐÓNG VAI TRÒ 'KHAI SÁNG' (Quốc Phương - BBC),https://www.khoi8406.com/post/nhanquyenchovn/khi-tri-thuc-can-am-len-tieng-ong-vai-889852eb03c.html,1
THƯ CON GÁI GỬI BỐ TỬ TÙ ĐẶNG VĂN HIẾN (FB Quyền Được Sống),https://www.khoi8406.com/post/nhanquyenchovn/thu-con-gai-gui-bo-tu-tu-ang-van-hien-9642997ff31.html,1
ĐIỂM TIN CHỦ NHẬT 30/6/2019 (Tin Tức Hàng Ngày),https://www.khoi8406.com/post/nhanquyenchovn/iem-tin-chu-nhat-3062019-tin-tuc-hang-e5a1809f44f.html,1
TRUNG QUỐC THỰC RA NHÌN CHIẾN TRANH THƯƠNG MẠI NHƯ THẾ NÀO (Andrew J. Nathan - Foreign Affairs),https://www.khoi8406.com/post/nhanquyenchovn/trung-quoc-thuc-ra-nhin-chien-tranh-456d4b4eda2.html,1
CỨU NỀN DÂN CHỦ MỸ KHỎI NẠN 'GERRYMANDER'! (Ngô Nhân Dụng),https://www.khoi8406.com/post/nhanquyenchovn/cuu-nen-dan-chu-my-khoi-nan-gerymander-fd79fa4068c.html,1
MỘT TẤM ẢNH NÓI LÊN NGÀN LỜI (Thạch Đạt Lang),https://www.khoi8406.com/post/nhanquyenchovn/mot-tam-anh-noi-len-ngan-loi-thach-at-2c3e34a15e8.html,1
NHỮNG TÊN CAI NGỤC Ở KHÁNH HÒA - PHẦN 2 (Mẹ Nấm - Danlambao),https://www.khoi8406.com/post/nhanquyenchovn/nhung-ten-cai-nguc-o-khanh-hoa-phan-2-9592075e3a5.html,1
"BÁO ĐỘNG TÌNH TRẠNG CÁC TNLT TRẠI 6 NGHỆ AN BỊ ""THIÊU ĐỐT"" GIỮA CÁI NÓNG LỊCH SỬ (RFA)",https://www.khoi8406.com/post/nhanquyenchovn/bao-ong-tinh-trang-cac-tnlt-trai-6-nghe-0d3c5d6b4b5.html,1
ÚC CHÂU - VẪN BAO LA TÌNH NGƯỜI (Nam Lộc),https://www.khoi8406.com/post/nhanquyenchovn/uc-chau-van-bao-la-tinh-nguoi-nam-loc-8b3ab02b7ac.html,1
NGƯỜI VIỆT & QUỐC KHÁNH MỸ (Giao Chỉ San Jose),https://www.khoi8406.com/post/nhanquyenchovn/nguoi-viet-quoc-khanh-my-giao-chi-san-d9a8506b788.html,1
TẢN MẠN VỀ 5 NĂM SINH HOẠT HỘI NHÀ BÁO ĐỘC LẬP VIỆT NAM (Phùng Hoài Ngọc - VNTB),https://www.khoi8406.com/post/nhanquyenchovn/tan-man-ve-5-nam-sinh-hoat-hoi-nha-bao-f9b4249a24c.html,1
KHÓA HUY HIỆU RỪNG CỦA BSA DÀNH CHO HƯỚNG ĐẠO HOA KỲ GỐC VIỆT (Nguyễn Tấn Đệ),https://www.khoi8406.com/post/nhanquyenchovn/khoa-huy-hieu-rung-cua-bsa-danh-cho-9484d09cf52.html,1
"ĐỪNG THÊM, ĐỪNG CẮT (Bùi Bích Hà)",https://www.khoi8406.com/post/nhanquyenchovn/ung-them-ung-cat-bui-bich-ha-7218868f1f7.html,1
KIÊU NGẠO VÀ BỈ ỔI (Nguyễn Ngọc Chu),https://www.khoi8406.com/post/nhanquyenchovn/kieu-ngao-va-bi-oi-nguyen-ngoc-chu-f117768c473.html,1
NƯỚC MẮT CỦA AI? (Đoàn Bảo Châu),https://www.khoi8406.com/post/nhanquyenchovn/nuoc-mat-cua-ai-oan-bao-chau-f3fd8fed8c4.html,1
BẢN TIN NGÀY 29-6-2019 (Báo Tiếng Dân),https://www.khoi8406.com/post/nhanquyenchovn/ban-tin-ngay-29-6-2019-bao-tieng-dan-726420b7b99.html,1
ĐIỂM TIN THỨ BẢY 29/6/2019 (Tin Tức Hàng Ngày),https://www.khoi8406.com/post/nhanquyenchovn/iem-tin-thu-bay-2962019-tin-tuc-hang-97a133df723.html,1
BỐN VẤN ĐỀ NÓNG TẠI THƯỢNG ĐỈNH G20 (RFI),https://www.khoi8406.com/post/nhanquyenchovn/bon-van-e-nong-tai-thuong-inh-g20-rfi-55d8f20004b.html,1
LỄ TANG NHÀ GIÁO PHẠM TOÀN ĐÚNG PHONG CÁCH PHẠM TOÀN (Bauxite VN),https://www.khoi8406.com/post/nhanquyenchovn/le-tang-nha-giao-pham-toan-ung-phong-09202c59c9a.html,1
TUYÊN BỐ PHẢN ĐỐI NGƯỢC ĐÃI TÙ NHÂN,https://www.khoi8406.com/post/nhanquyenchovn/tuyen-bo-phan-oi-nguoc-ai-tu-nhan-cfca8e6fc41.html,1
NHÂN QUYỀN – DƯỚI CON MẮT DONALD TRUMP (Phạm Thanh Giao),https://www.khoi8406.com/post/nhanquyenchovn/nhan-quyen-duoi-con-mat-donald-trump-2aed9c10b12.html,1
VIỆT NAM MUỐN THỬ PHẢN ỨNG CỦA MỸ BẰNG CÁC BẢN ÁN TÙ NẶNG NỀ CHO CÔNG DÂN MỸ (RFA),https://www.khoi8406.com/post/nhanquyenchovn/viet-nam-muon-thu-phan-ung-cua-my-bang-7805a718dec.html,1
PHẠM TOÀN - NGƯỜI HẠNH PHÚC (Mạc Văn Trang),https://www.khoi8406.com/post/nhanquyenchovn/pham-toan-nguoi-hanh-phuc-mac-van-trang-7a07afed3a7.html,1
MÔI TRƯỜNG XÃ HỘI TẠO RA CÁCH HÀNH SỬ CỦA CON NGƯỜI (Phạm Thanh Giao),https://www.khoi8406.com/post/nhanquyenchovn/moi-truong-xa-hoi-tao-ra-cach-hanh-su-59987c138e4.html,1
BẢN TIN NGÀY 28-6-2019 (Báo Tiếng Dân),https://www.khoi8406.com/post/nhanquyenchovn/ban-tin-ngay-28-6-2019-bao-tieng-dan-b1071c3d12a.html,1
ĐIỂM TIN THỨ SÁU 28/6/2019 (Tin Tức Hàng Ngày),https://www.khoi8406.com/post/nhanquyenchovn/iem-tin-thu-sau-2862019-tin-tuc-hang-f71edcc4828.html,1
1949/1984/2019 (Việt Nguyên),https://www.khoi8406.com/post/nhanquyenchovn/194919842019-viet-nguyen-8b9466c938c.html,1
BÍ MẬT NHÀ NƯỚC (Nguyễn Thị Cỏ May),https://www.khoi8406.com/post/nhanquyenchovn/bi-mat-nha-nuoc-nguyen-thi-co-may-554d0ef80f2.html,1
40 NĂM XA NƯỚC VÀ CÁI GIÁ CỦA TỰ DO (Nguyễn Thị Cỏ May),https://www.khoi8406.com/post/nhanquyenchovn/40-nam-xa-nuoc-va-cai-gia-cua-tu-do-d01f9c23b70.html,1
ĐỌC NGUYỄN VĂN SÂM : ĐI TÌM MỘT THỜI ĐÃ MẤT (Trần Mộng Lâm),https://www.khoi8406.com/post/nhanquyenchovn/oc-nguyen-van-sam-i-tim-mot-thoi-mat-6a0fe04ab21.html,1
BUỔI TRIỂN LÃM VÀO CUỐI ĐỜI CỦA HỌA SĨ TRỊNH CUNG (Trịnh Thanh Thủy tường thuật),https://www.khoi8406.com/post/nhanquyenchovn/buoi-trien-lam-vao-cuoi-oi-cua-hoa-si-4613e284c27.html,1
MẤY LỜI CÙNG BÀ NGÂN (Nguyễn Lân Thắng),https://www.khoi8406.com/post/nhanquyenchovn/may-loi-cung-ba-ngan-nguyen-lan-thang-2005d637003.html,1
ỒN ÀO NHƯ ONG VỠ TỔ (Phạm Trần),https://www.khoi8406.com/post/nhanquyenchovn/on-ao-nhu-ong-vo-to-pham-tran-1e64a4e7cb8.html,1
"SỐNG NGHÈO, CHẾT KHỔ (Nguyễn Thùy Dương - Báo Tiếng Dân)",https://www.khoi8406.com/post/nhanquyenchovn/song-ngheo-chet-kho-nguyen-thuy-duong-e21e9c65ccc.html,1
BẢN TIN NGÀY 27-6-2019 (Báo Tiếng Dân),https://www.khoi8406.com/post/nhanquyenchovn/ban-tin-ngay-27-6-2019-bao-tieng-dan-8d21cc84b0f.html,1
ĐIỂM TIN THỨ NĂM 27/6/2019 (Tin Tức Hàng Ngày),https://www.khoi8406.com/post/nhanquyenchovn/iem-tin-thu-nam-2762019-tin-tuc-hang-caced0b148b.html,1
"STÉPHANIE COURTOIS : ""HỒ CHÍ MINH ĐÃ LẬP RA MỘT CHẾ ĐỘ TOÀN TRỊ"" (Thụy My - RFI)",https://www.khoi8406.com/post/nhanquyenchovn/stephanie-courtois-ho-chi-minh-lap-ra-faf23034452.html,1
PHẢI CHĂNG CẢ THẾ GIỚI ĐANG MẮC BỆNH TÂM THẦN? (Lê Mạnh Hùng),https://www.khoi8406.com/post/nhanquyenchovn/phai-chang-ca-gioi-ang-mac-benh-tam-8b566a970b5.html,1
QUÁN QUÂN DỐI TRÁ (Hoàng Thủy Ngữ),https://www.khoi8406.com/post/nhanquyenchovn/quan-quan-doi-tra-hoang-thuy-ngu-67e8dc8e882.html,1
HAI TIN VUI BUỒN CHO ÔNG TẬP CẬN BÌNH (Ngô Nhân Dụng),https://www.khoi8406.com/post/nhanquyenchovn/hai-tin-vui-buon-cho-ong-tap-can-binh-3b3b8233c71.html,1
TRUMP ĐẢ KÍCH VIỆT NAM LÀ 'KẺ LẠM DỤNG' THƯƠNG MẠI (VOA Tiếng Việt),https://www.khoi8406.com/post/nhanquyenchovn/trump-kich-viet-nam-la-ke-lam-dung-1153c64d51f.html,1
NGÀY XƯA . . . (Huy Phương),https://www.khoi8406.com/post/nhanquyenchovn/ngay-xua-huy-phuong-40aceb2e5af.html,1
EVFTA: MỚI NỬA CHẶNG ĐƯỜNG (Nguyễn Anh Tuấn),https://www.khoi8406.com/post/nhanquyenchovn/evfta-moi-nua-chang-uong-nguyen-anh-tuan-6157141b222.html,1
NHỮNG TÊN CAI NGỤC Ở KHÁNH HÒA - PHẦN 1 (Mẹ Nấm - Danlambao),https://www.khoi8406.com/post/nhanquyenchovn/nhung-ten-cai-nguc-o-khanh-hoa-phan-1-549df6bba62.html,1
TẢN MẠN VỀ CHUYỆN VIẾT BÁO & LÀM BÁO (Tương Lai),https://www.khoi8406.com/post/nhanquyenchovn/tan-man-ve-chuyen-viet-bao-lam-bao-2d1631c9956.html,1
NẠN XÂM HẠI TÌNH DỤC TRẺ EM Ở VIỆT NAM (Võ Thu Phương),https://www.khoi8406.com/post/nhanquyenchovn/nan-xam-hai-tinh-duc-tre-em-o-viet-nam-b003fb0665a.html,1
NHÀ GIÁO PHẠM TOÀN QUA ĐỜI (tổng hợp),https://www.khoi8406.com/post/nhanquyenchovn/nha-giao-pham-toan-qua-oi-tong-hop-a7281413bdc.html,1
BẢN TIN NGÀY 26-6-2019 (Báo Tiếng Dân),https://www.khoi8406.com/post/nhanquyenchovn/ban-tin-ngay-26-6-2019-bao-tieng-dan-b8e054d1922.html,1
ĐIỂM TIN THỨ TƯ 26/6/2019 (Tin Tức Hàng Ngày),https://www.khoi8406.com/post/nhanquyenchovn/iem-tin-thu-tu-2662019-tin-tuc-hang-ngay-e437953a367.html,1
MUELLER REPORT: DẤU HIỆU SUY THOÁI CỦA NỀN DÂN CHỦ VÀ HỆ THỐNG PHÁP LUẬT MỸ VÌ SỰ TỰ DO THAO TÚNG LUẬT PHÁP CỦA CHÍNH PHỦ TRUMP (Trần Nhật Bảo),https://www.khoi8406.com/post/nhanquyenchovn/mueller-report-dau-hieu-suy-thoai-cua-10fcdeda3e6.html,1
'LIÊN MINH TỘI LỖI'? CHÍNH QUYỀN ĐÔNG NAM Á BỊ BUỘC TỘI BUÔN BÁN CÁC NHÀ HOẠT ĐỘNG LƯU VONG (Reuters),https://www.khoi8406.com/post/nhanquyenchovn/lien-minh-toi-loi-chinh-quyen-ong-nam-1e436c80e90.html,1
CÔNG NGHỆ CAO : THẾ GIỚI KẸT GIỮA MỸ & TRUNG QUỐC (Thanh Hà - RFI),https://www.khoi8406.com/post/nhanquyenchovn/cong-nghe-cao-gioi-ket-giua-my-trung-af2f553a7b9.html,1
"MỸ - TRUNG : NGƯỜI ỒN ÀO, KẺ LẶNG LẼ (Minh Anh - RFI)",https://www.khoi8406.com/post/nhanquyenchovn/my-trung-nguoi-on-ao-ke-lang-le-minh-58a5f4a2cb1.html,1
"TRONG CHIẾN LƯỢC AN NINH MỚI, MỸ ĐÁNH GIÁ TRUNG QUỐC THẾ NÀO? (Ngọc Lễ - VOA)",https://www.khoi8406.com/post/nhanquyenchovn/trong-chien-luoc-ninh-moi-my-anh-gia-7aeb00fb0c3.html,1
NGHỀ NÓI THÁCH (Nguyễn Đạt Thịnh),https://www.khoi8406.com/post/nhanquyenchovn/nghe-noi-thach-nguyen-at-thinh-c70301ac4d9.html,1
VIỆT NAM ĐI THEO MÔ HÌNH ĐỘC TÀI KỸ THUẬT SỐ CỦA TRUNG QUỐC? (Trien Vinh Le - The Diplomat),https://www.khoi8406.com/post/nhanquyenchovn/viet-nam-i-theo-mo-hinh-oc-tai-ky-thuat-e09d048cb04.html,1
DOWNLOAD : VIỆT NAM THỜI TÂY SƠN : LỊCH SỬ NỘI CHIẾN 1771-1802 (Tạ Chí Đại Trường),https://www.khoi8406.com/post/nhanquyenchovn/download-viet-nam-thoi-tay-son-lich-su-1bd85dd3449.html,1
"VẤN NẠN SÁCH GIẢ, SÁCH LẬU Ở VIỆT NAM (tổng hợp)",https://www.khoi8406.com/post/nhanquyenchovn/van-nan-sach-gia-sach-lau-o-viet-nam-84f46357bc9.html,1
GIÁM ĐỐC NÔNG NGHIỆP - CON MA KINH TẾ (VietTuSaiGon),https://www.khoi8406.com/post/nhanquyenchovn/giam-oc-nong-nghiep-con-ma-kinh-te-ed4211e09b1.html,1
CÁI ÁC HỢP PHÁP (Tuấn Khanh),https://www.khoi8406.com/post/nhanquyenchovn/cai-ac-hop-phap-tuan-khanh-6f674d55eeb.html,1
"KÊU CỨU CHO NHỮNG TÙ CHÍNH TRỊ ĐANG TUYỆT THỰC CHỐNG BẠC ĐÃI TẠI TRẠI 6 THANH CHƯƠNG, NGHỆ AN (RFA)",https://www.khoi8406.com/post/nhanquyenchovn/keu-cuu-cho-nhung-tu-chinh-tri-ang-2f048f307b8.html,1
TIN & BÀI TỪ NGÀY 16 ĐẾN NGÀY 23/6/2019,https://www.khoi8406.com/post/nhanquyenchovn/tin-bai-tu-ngay-16-en-ngay-2362019-d3c73981ef2.html,1
BẢN TIN NGÀY 25-6-2019 (Báo Tiếng Dân),https://www.khoi8406.com/post/nhanquyenchovn/ban-tin-ngay-25-6-2019-bao-tieng-dan-f8b82772567.html,1
ĐIỂM TIN THỨ BA 25/6/2019 (Tin Tức Hàng Ngày),https://www.khoi8406.com/post/nhanquyenchovn/iem-tin-thu-ba-2562019-tin-tuc-hang-ngay-b7d1dab2eb2.html,1
"TÒA ÁN VÀNH ĐAI - CON ĐƯỜNG : CHỈ DÙNG NGƯỜI TRUNG, TIẾNG TRUNG (Phùng Anh Khương - Luật Khoa)",https://www.khoi8406.com/post/nhanquyenchovn/toa-vanh-ai-con-uong-chi-dung-nguoi-0ca735aafef.html,1
CÓ PHẢI TRUNG CỘNG ĐANG TRONG THỜI ĐIỂM TAN RÃ? (Nguyễn Quang Duy),https://www.khoi8406.com/post/nhanquyenchovn/co-phai-trung-cong-ang-trong-thoi-iem-c11f63a9be8.html,1
BA CHỦ ĐỀ CHÍNH CỦA G20 TẠI OSAKA (Shinzo Abe - Project Syndicate),https://www.khoi8406.com/post/nhanquyenchovn/ba-chu-e-chinh-cua-g20-tai-osaka-shinzo-30796605b7e.html,1
CHỦ NGHĨA BẢN THỔ HONG KONG : NGỌN CỜ MỚI CỦA PHONG TRÀO DÂN CHỦ XỨ CẢNG (Phùng Anh Khương - Luật Khoa),https://www.khoi8406.com/post/nhanquyenchovn/chu-nghia-ban-tho-hong-kong-ngon-co-moi-931634f4412.html,1
VÌ SAO SINH VIÊN VIỆT NAM KHÔNG THỂ BIỂU TÌNH NHƯ SINH VIÊN HONG KONG? (Văn Bảo - Luật Khoa),https://www.khoi8406.com/post/nhanquyenchovn/vi-sao-sinh-vien-viet-nam-khong-bieu-b8add528489.html,1
VIỆT NAM VÀ “VẤN ĐỀ” TRUNG QUỐC (Trương Nhân Tuấn),https://www.khoi8406.com/post/nhanquyenchovn/viet-nam-va-van-e-trung-quoc-truong-89ba51201c1.html,1
NHÀ TÙ KHÔNG PHẢI LÀ NƠI ĐỂ HỦY DIỆT NHÂN TÍNH (Tuấn Khanh),https://www.khoi8406.com/post/nhanquyenchovn/nha-tu-khong-phai-la-noi-e-huy-diet-401a2b98a9d.html,1
"BẢN CÁO TRẠNG ""LẠ"" & 31 NĂM TÙ (LS Nguyễn Văn Miếng)",https://www.khoi8406.com/post/nhanquyenchovn/ban-cao-trang-la-31-nam-tu-ls-nguyen-778b7559c5a.html,1
BẢN TIN NGÀY 24-6-2019 (Báo Tiếng Dân),https://www.khoi8406.com/post/nhanquyenchovn/ban-tin-ngay-24-6-2019-bao-tieng-dan-52d88290470.html,1
ĐIỂM TIN THỨ HAI 24/6/2019 (Tin Tức Hàng Ngày),https://www.khoi8406.com/post/nhanquyenchovn/iem-tin-thu-hai-2462019-tin-tuc-hang-26a27bd3b6d.html,1
"PHIM ""NAILED IT"" & TẠI SAO NGHỀ NAIL GẮN LIỀN VỚI NGƯỜI MỸ GỐC VIỆT ? (Titi Mary Trần - Người Việt)",https://www.khoi8406.com/post/nhanquyenchovn/phim-nailed-it-tai-sao-nghe-nail-gan-a424ee9b4b3.html,1
TẠI SAO THẾ GIỚI NÊN QUAN TÂM VỀ GIÁ CARBON (Crystal Kim - The Barron’s),https://www.khoi8406.com/post/nhanquyenchovn/tai-sao-gioi-nen-quan-tam-ve-gia-carbon-3cac0c57173.html,1
CÁCH MẠNG LẦN THỨ BA & TƯƠNG LAI TRUNG QUỐC (Nguyễn Quang Dy),https://www.khoi8406.com/post/nhanquyenchovn/cach-mang-lan-thu-ba-tuong-lai-trung-82c84a14bb4.html,1
HÀNG TRUNG QUỐC ĐỘI LỐT HÀNG VIỆT : SAU KHAISILK ĐẾN ASANZO (BTV Tiếng Dân),https://www.khoi8406.com/post/nhanquyenchovn/hang-trung-quoc-oi-lot-hang-viet-sau-4026f71e504.html,1
CÁI ÔM CUỐI CÙNG (Phạm Đoan Trang),https://www.khoi8406.com/post/nhanquyenchovn/cai-om-cuoi-cung-pham-oan-trang-87e682faeea.html,1
VIỆC ƯỚP XÁC HỒ CHÍ MINH (Trần Gia Phụng),https://www.khoi8406.com/post/nhanquyenchovn/viec-uop-xac-ho-chi-minh-tran-gia-phung-204453a0610.html,1
ĐƯỜNG CAO TỐC BẮC NAM - SINH LỘ CỦA DÂN TỘC (Trịnh Định / Phan Văn Thắng),https://www.khoi8406.com/post/nhanquyenchovn/uong-cao-toc-bac-nam-sinh-lo-cua-dan-ce01ce41a57.html,1
TÀU HONGKONG (Nguyễn Xuân Thọ),https://www.khoi8406.com/post/nhanquyenchovn/tau-hongkong-nguyen-xuan-tho-e15b4a295ef.html,1
AI QUYẾT ĐỊNH TƯƠNG LAI CỦA TA? (Nguyễn Xuân Thọ),https://www.khoi8406.com/post/nhanquyenchovn/ai-quyet-inh-tuong-lai-cua-ta-nguyen-ff1fb8e78a3.html,1
BÁO CHÍ ĐÁNH DOANH NGHIỆP (Dương Quốc Chính),https://www.khoi8406.com/post/nhanquyenchovn/bao-chi-anh-doanh-nghiep-duong-quoc-6c61be02eba.html,1
HAI TẦNG CƯỚP (Đỗ Văn Ngà),https://www.khoi8406.com/post/nhanquyenchovn/hai-tang-cuop-o-van-nga-d5495376968.html,1
BÁO CÁO ÚC : VĂN MINH NHÂN LOẠI LỤI TÀN NĂM 2050 (Trọng Thành - RFI / ĐIỂM BÁO),https://www.khoi8406.com/post/nhanquyenchovn/bao-cao-uc-van-minh-nhan-loai-lui-tan-243b8f613f9.html,1
MH17 BỊ BẮN RƠI Ở UKRAINA : 4 NGHI PHẠM SẼ BỊ XÉT XỬ LÀ AI? (Mai Vân - RFI),https://www.khoi8406.com/post/nhanquyenchovn/mh17-bi-ban-roi-o-ukraina-4-nghi-pham-0cd9f3bbe67.html,1
ĐIỂM TIN CHỦ NHẬT 23/6/2019 (Tin Tức Hàng Ngày),https://www.khoi8406.com/post/nhanquyenchovn/iem-tin-chu-nhat-2362019-tin-tuc-hang-96a3db7ff0d.html,1
VI YÊN : TỪ TRI THỨC ĐẾN HÀNH ĐỘNG (Phạm Phú Khải),https://www.khoi8406.com/post/nhanquyenchovn/vi-yen-tu-tri-thuc-en-hanh-ong-pham-phu-79f4ae49aea.html,1
HÃY NHÌN LẠI CHÍNH MÌNH (Mặc Lâm),https://www.khoi8406.com/post/nhanquyenchovn/hay-nhin-lai-chinh-minh-mac-lam-95b5db6a7de.html,1
CÂU CHUYỆN HONG KONG (Song Chi),https://www.khoi8406.com/post/nhanquyenchovn/cau-chuyen-hong-kong-song-chi-d87dc9eec02.html,1
14 TRANG TIN ĐỘC LẬP ĐANG THAY ĐỔI BÁO CHÍ CUBA (Phạm Minh Trung - Luật Khoa),https://www.khoi8406.com/post/nhanquyenchovn/14-trang-tin-oc-lap-ang-thay-oi-bao-chi-006b7b5af93.html,1
TỪ CUỘC CHIẾN CHỐNG MA TÚY CỦA DUTERTE TỚI BỘ PHIM TRAFFIC : NHỮNG BÀI HỌC KHÔNG ĐƯỢC HỌC (Phùng Anh Khương - Luật Khoa),https://www.khoi8406.com/post/nhanquyenchovn/tu-cuoc-chien-chong-ma-tuy-cua-duterte-848bc261fb0.html,1
ANGELA MERKEL : NƯỚC ĐỨC TRÊN HẾT (Đoàn Hưng Quốc),https://www.khoi8406.com/post/nhanquyenchovn/angela-merkel-nuoc-uc-tren-het-oan-hung-b1901797851.html,1
"""GIÀ DÁI NON HỘT"" (Thạch Đạt Lang)",https://www.khoi8406.com/post/nhanquyenchovn/gia-dai-non-hot-thach-at-lang-1ac4f22a699.html,1
"ĐÂY LÀ THỜI ĐẠI CỦA DỐI TRÁ KHÔNG BIẾT XẤU HỖ Ở MOSCOW, RIYADH & WASHINGTON (Simon Tisdall - The Guardian)",https://www.khoi8406.com/post/nhanquyenchovn/ay-la-thoi-ai-cua-doi-tra-khong-biet-bd936bf946d.html,1
"TRUMP, KHAMENEI & KIM JONG UN (Ngô Nhân Dụng)",https://www.khoi8406.com/post/nhanquyenchovn/trump-khamenei-kim-jong-un-ngo-nhan-dung-a7942c44598.html,1
CHIẾN THUẬT 'BÃI NHIỆM' MỚI ? (Cổ-Lũy),https://www.khoi8406.com/post/nhanquyenchovn/chien-thuat-bai-nhiem-moi-co-luy-c9f60f4e288.html,1
VIỆT NAM TIẾP TỤC ĐÀN ÁP CÁC NHÓM TÔN GIÁO CHỐNG ĐỐI (VOA Tiếng Việt),https://www.khoi8406.com/post/nhanquyenchovn/viet-nam-tiep-tuc-ap-cac-nhom-ton-giao-d643a385cd5.html,1
VIỆT NAM BỊ ĐƯA VÀO LẠI NHÓM NƯỚC PHẢI THEO DÕI VỀ NẠN BUÔN NGƯỜI (tổng hợp),https://www.khoi8406.com/post/nhanquyenchovn/viet-nam-bi-ua-vao-lai-nhom-nuoc-phai-f1ce277f53d.html,1
"HẠN KHỐC LIỆT, SÔNG ĐÀ CẠN TRƠ ĐÁY, DÂN RỒNG RẮN CHẬT VẬT ĐI QUA HỒ (PV Tây Bắc)",https://www.khoi8406.com/post/nhanquyenchovn/han-khoc-liet-song-can-tro-ay-dan-rong-8d3f9284445.html,1
"BỜ BIỂN KIÊN GIANG SẠT LỞ NGHIÊM TRỌNG, DÂN SỐNG TRONG LO SỢ (Người Việt Online)",https://www.khoi8406.com/post/nhanquyenchovn/bo-bien-kien-giang-sat-lo-nghiem-trong-66f976f38af.html,1
"""DÒNG CHẢY THÔNG TIN"" (*) LÀ DÒNG CHẢY LỊCH SỬ (Kông Kông)",https://www.khoi8406.com/post/nhanquyenchovn/dong-chay-thong-tin-la-dong-chay-lich-c434354a391.html,1
BẢN TIN NGÀY 22-6-2019 (Báo Tiếng Dân),https://www.khoi8406.com/post/nhanquyenchovn/ban-tin-ngay-22-6-2019-bao-tieng-dan-3d585e20c24.html,1
ĐIỂM TIN THỨ BẢY 22/6/2019 (Tin Tức Hàng Ngày),https://www.khoi8406.com/post/nhanquyenchovn/iem-tin-thu-bay-2262019-tin-tuc-hang-2540b9a7441.html,1
5 ĐIỀU KHÔNG CHÍNH XÁC CỦA TRUMP (Nguyễn Đạt Thịnh),https://www.khoi8406.com/post/nhanquyenchovn/5-ieu-khong-chinh-xac-cua-trump-nguyen-00f37fc8fd3.html,1
GIỚI CHỨC MỸ NÓI & LÀM BẤT NHẤT VỀ VẤN ĐỀ TRUNG ĐÔNG? (Thùy Dương / Báo Tin Tức),https://www.khoi8406.com/post/nhanquyenchovn/gioi-chuc-my-noi-lam-bat-nhat-ve-van-e-f20045eb1c3.html,1
HÀNH PHÁP HOA KỲ CHUẨN BỊ TẤN CÔNG IRAN? (Nguyễn Đạt Thịnh),https://www.khoi8406.com/post/nhanquyenchovn/hanh-phap-hoa-ky-chuan-bi-tan-cong-iran-e7e6b197bed.html,1
"CHÍNH SÁCH ĐỐI NGOẠI DƯỚI THỜI TRUMP : TRỐNG ĐÁNH XUÔI, KÈN THỔI NGƯỢC? (Brett McGurk - Foreign Afairs)",https://www.khoi8406.com/post/nhanquyenchovn/chinh-sach-oi-ngoai-duoi-thoi-trump-f59eeb70a55.html,1
WASHINGTON POST : MỸ KHỞI ĐỘNG CHIẾN DỊCH TRỤC XUẤT DI DÂN (VOA Tiếng Việt),https://www.khoi8406.com/post/nhanquyenchovn/washington-post-my-khoi-ong-chien-dich-da435eef48f.html,1
"CÁC CHÍNH QUYỀN ĐÔNG-NAM-Á, GỒM VIỆT NAM, HỢP TÁC BẮT CÁC NHÀ HOẠT ĐỘNG LƯU VONG (Reuters)",https://www.khoi8406.com/post/nhanquyenchovn/cac-chinh-quyen-ong-nam-gom-viet-nam-b4bf766cfc7.html,1
NGÂN SÁCH VẬN HÀNH LĂNG HỒ CHÍ MINH TƯƠNG ĐƯƠNG ÍT NHẤT MỘT BỘ (Duyên Hải - Luật Khoa),https://www.khoi8406.com/post/nhanquyenchovn/ngan-sach-van-hanh-lang-ho-chi-minh-1309653c1bf.html,1
XIN MỘT TIẾNG NÓI ĐỂ NGĂN MỘT TỘI ÁC (Đỗ Văn Ngà),https://www.khoi8406.com/post/nhanquyenchovn/xin-mot-tieng-noi-e-ngan-mot-toi-ac-o-cbd1b1d409c.html,1
94 NĂM NGÀY BÁO CHÍ CÁCH MẠNG (BTV Tiếng Dân),https://www.khoi8406.com/post/nhanquyenchovn/94-nam-ngay-bao-chi-cach-mang-btv-tieng-59137ae4b64.html,1
BẢN TIN NGÀY 21-6-2019 (Báo Tiếng Dân),https://www.khoi8406.com/post/nhanquyenchovn/ban-tin-ngay-21-6-2019-bao-tieng-dan-9ed4fc21a2d.html,1
ĐIỂM TIN THỨ SÁU 21/6/2019 (Tin Tức Hàng Ngày),https://www.khoi8406.com/post/nhanquyenchovn/iem-tin-thu-sau-2162019-tin-tuc-hang-0dc19ffa9bf.html,1
TRE GIÀ THÌ MĂNG MỌC (Nam Lộc),https://www.khoi8406.com/post/nhanquyenchovn/tre-gia-thi-mang-moc-nam-loc-0bbdc9ac001.html,1
NHỮNG THÔNG ĐIỆP TỪ CHUYẾN CÔNG DU CỦA TẬP CẬN BÌNH TỚI BÌNH NHƯỠNG (Anh Vũ - RFI / ĐIỂM BÁO),https://www.khoi8406.com/post/nhanquyenchovn/nhung-thong-iep-tu-chuyen-cong-du-cua-a4c4767e7ae.html,1
IRAN BẮN HẠ DRONE CỦA MỸ (Thanh Hà - RFI),https://www.khoi8406.com/post/nhanquyenchovn/iran-ban-ha-drone-cua-my-thanh-ha-rfi-ccf45c35cd2.html,1
TẠI SAO CỨ TIẾP TỤC GIƯƠNG CAO NGỌN CỜ XÃ HỘI CHỦ NGHĨA? (Nguyễn Văn Đài),https://www.khoi8406.com/post/nhanquyenchovn/tai-sao-cu-tiep-tuc-giuong-cao-ngon-co-38a93a0cb66.html,1
NGUYỄN PHÚ TRỌNG ĐANG BẬN CÔNG TÁC GÌ? (BTV Tiếng Dân),https://www.khoi8406.com/post/nhanquyenchovn/nguyen-phu-trong-ang-ban-cong-tac-gi-0a780ec1a1a.html,1
TÙ NHÂN LƯƠNG TÂM TRƯƠNG MINH ĐỨC TUYỆT THỰC TRONG TRẠI GIAM (Nguyễn Kim Thanh),https://www.khoi8406.com/post/nhanquyenchovn/tu-nhan-luong-tam-truong-minh-uc-tuyet-45035c7b150.html,1
BẢN TIN NGÀY 20-6-2019 (Báo Tiếng Dân),https://www.khoi8406.com/post/nhanquyenchovn/ban-tin-ngay-20-6-2019-bao-tieng-dan-e8e7b07cdab.html,1
ĐIỂM TIN THỨ NĂM 20/6/2019 (Tin Tức Hàng Ngày),https://www.khoi8406.com/post/nhanquyenchovn/iem-tin-thu-nam-2062019-tin-tuc-hang-89483c89663.html,1
TỐI CAO PHÁP VIỆN MỸ THEO ĐẢNG NÀO? (Ngô Nhân Dụng),https://www.khoi8406.com/post/nhanquyenchovn/toi-cao-phap-vien-my-theo-ang-nao-ngo-13711e84eb0.html,1
NGÀY 19 THÁNG 6 : VÌ SAO 'ĐỒNG CHÍ NGUYỄN PHÚ TRỌNG BẬN CÔNG TÁC' ? (Thường Sơn - VNTB),https://www.khoi8406.com/post/nhanquyenchovn/ngay-19-thang-6-vi-sao-ong-chi-nguyen-4f478362478.html,1
"TRÍCH HỒI KÝ ""ĐẾN GIÀ MỚI CHỢT TỈNH"" (TỐNG VĂN CÔNG, NGUYÊN TBT BÁO LĐ) (FB Hoàng Hưng)",https://www.khoi8406.com/post/nhanquyenchovn/trich-hoi-ky-en-gia-moi-chot-tinh-tong-162271a94d9.html,1
CƠM DÂNG TẬN MIỆNG VẪN KHÔNG ĂN ĐƯỢC! (Châu Thị Phan),https://www.khoi8406.com/post/nhanquyenchovn/com-dang-tan-mieng-van-khong-uoc-chau-07e01967991.html,1
RƯỚC HỔ VÀO NHÀ RỒI THUÊ NGƯỜI CANH NÓ ĐỪNG ĂN THỊT MÌNH (Nguyễn Ngọc Chu),https://www.khoi8406.com/post/nhanquyenchovn/ruoc-ho-vao-nha-roi-thue-nguoi-canh-no-84afc3f1593.html,1
BẢN TIN NGÀY 19-6-2019 (Báo Tiếng Dân),https://www.khoi8406.com/post/nhanquyenchovn/ban-tin-ngay-19-6-2019-bao-tieng-dan-6e371cb9b42.html,1
ĐIỂM TIN THỨ TƯ 19/6/2019 (Tin Tức Hàng Ngày),https://www.khoi8406.com/post/nhanquyenchovn/iem-tin-thu-tu-1962019-tin-tuc-hang-ngay-ac83fe22bbc.html,1
ỨNG VIÊN TỔNG THỐNG NĂM 2020 CHÚNG TÔI ỦNG HỘ : KHÔNG PHẢI LÀ DONALD TRUMP (BBT Orlando Sentinel),https://www.khoi8406.com/post/nhanquyenchovn/ung-vien-tong-thong-nam-2020-chung-toi-52ee40437b6.html,1
MỘT BÓNG MA VẪN CÒN ĐANG ÁM ẢNH VIỆT NAM (Chính Luận Trần Trung Đạo),https://www.khoi8406.com/post/nhanquyenchovn/mot-bong-ma-van-con-ang-am-anh-viet-nam-78d71bd557e.html,1
NHỮNG TƯ CÁCH BÁN NƯỚC (Phạm Đình Trọng),https://www.khoi8406.com/post/nhanquyenchovn/nhung-tu-cach-ban-nuoc-pham-inh-trong-9e9941a640f.html,1
LỜI CẢNH BÁO TỪ HỒNG KÔNG (Tương Lai),https://www.khoi8406.com/post/nhanquyenchovn/loi-canh-bao-tu-hong-kong-tuong-lai-48dbe299116.html,1
YÊU SÁCH TÁM ĐIỂM 2019 CỦA NGƯỜI DÂN VIỆT NAM (100 tổ chức & cá nhân khởi xướng),https://www.khoi8406.com/post/nhanquyenchovn/yeu-sach-tam-iem-2019-cua-nguoi-dan-62d154c98c5.html,1
TRUNG QUỐC BỊ TỐ THU HOẠCH NỘI TẠNG THÀNH VIÊN PHÁP LUÂN CÔNG (VOA Tiếng Việt),https://www.khoi8406.com/post/nhanquyenchovn/trung-quoc-bi-to-thu-hoach-noi-tang-ddcbba76578.html,1
KHẢ NĂNG HẠN CHẾ CỦA NƯỚC MỸ TRƯỚC IRAN (Thanh Phương - RFI),https://www.khoi8406.com/post/nhanquyenchovn/kha-nang-han-che-cua-nuoc-my-truoc-iran-9406afcb6f0.html,1
"HỒNG KÔNG : ""TẬP CẬN BÌNH LUI LÀ PHẢI!"" (Minh ANh - RFI)",https://www.khoi8406.com/post/nhanquyenchovn/hong-kong-tap-can-binh-lui-la-phai-minh-6843cfd8187.html,1
"DỰ LUẬT ""EAST CHINA SEA AND SOUTH CHINA SEA SANCTIONS ACT OF 2019"" (Nguyễn Văn Canh)",https://www.khoi8406.com/post/nhanquyenchovn/du-luat-east-china-sea-and-south-china-7435d4b00a8.html,1
"VIỆT NAM : NHIỀU GIÁO VIÊN BỎ BỤC GIẢNG ĐI LÀM THỢ HÀN, XE ÔM, GIÚP VIỆC . . . (Ngọc Minh Tâm - Phụ Nữ Online)",https://www.khoi8406.com/post/nhanquyenchovn/viet-nam-nhieu-giao-vien-bo-buc-giang-i-c7cee0a62bd.html,1
"SÀI GÒN CÓ NƠI LÚN 0,8 MÉT DO KHAI THÁC NƯỚC NGẦM QUÁ MỨC (Sỹ Đông - Zing)",https://www.khoi8406.com/post/nhanquyenchovn/sai-gon-co-noi-lun-08-met-do-khai-thac-3074aef678d.html,1
KIẾN NGHỊ : CẦN SẴN SÀNG 'KỶ LUẬT' CẢ . . . 'BÁC' (Trân Văn),https://www.khoi8406.com/post/nhanquyenchovn/kien-nghi-can-san-sang-ky-luat-ca-bac-3eb22200d56.html,1
CÔNG LÝ CHO NẠN NHÂN FORMOSA (Thiện Ý),https://www.khoi8406.com/post/nhanquyenchovn/cong-ly-cho-nan-nhan-formosa-thien-y-cceb7549b5a.html,1
CON NHÀ NGƯỜI TA & CON CHÁU NƯỚC MÌNH (S.T.T.D Tưởng Năng Tiến),https://www.khoi8406.com/post/nhanquyenchovn/con-nha-nguoi-ta-con-chau-nuoc-minh-461a0175a03.html,1
ĐỪNG SO SÁNH TUỔI TRẺ HỒNG KÔNG VỚI VIỆT NAM (Đỗ Cao Cường),https://www.khoi8406.com/post/nhanquyenchovn/ung-so-sanh-tuoi-tre-hong-kong-voi-viet-9e2c1998daf.html,1
"THẦY TĨNH, ÔNG ĐỒ XỨ NGHỆ (LS Đặng Đình Mạnh)",https://www.khoi8406.com/post/nhanquyenchovn/thay-tinh-ong-o-xu-nghe-ls-ang-inh-manh-fb7e45a3a5a.html,1
BIỂU TÌNH Ở HỒNG KÔNG & BIỂU TÌNH Ở VIỆT NAM (Kông Kông),https://www.khoi8406.com/post/nhanquyenchovn/bieu-tinh-o-hong-kong-bieu-tinh-o-viet-cf1548a8093.html,1
BẢN TIN NGÀY 18-6-2019 (Báo Tiếng Dân),https://www.khoi8406.com/post/nhanquyenchovn/ban-tin-ngay-18-6-2019-bao-tieng-dan-7f677c38840.html,1
ĐIỂM TIN THỨ BA 18/6/2019 (Tin Tức Hàng Ngày),https://www.khoi8406.com/post/nhanquyenchovn/iem-tin-thu-ba-1862019-tin-tuc-hang-ngay-ac3eaaec650.html,1
"EU PHẢN ỨNG CÁC VỤ XỬ BẤT ĐỒNG CHÍNH KIẾN, LIỆU CSVN CÓ 'MỞ MẮT'? (Phạm Chí Dũng - Người Việt)",https://www.khoi8406.com/post/nhanquyenchovn/eu-phan-ung-cac-vu-xu-bat-ong-chinh-9a1636bfcf4.html,1
VÁN BÀI TRUNG QUỐC TRONG DÀI HẠN (Andrew A. Michta - The American Interest),https://www.khoi8406.com/post/nhanquyenchovn/van-bai-trung-quoc-trong-dai-han-andrew-f248a6c62d6.html,1
"TRUNG QUỐC TRỖI DẬY CÓ GÌ HAY, HAY CHỈ LÀ HIỂM HỌA? (Nguyễn Hiền - VNTB)",https://www.khoi8406.com/post/nhanquyenchovn/trung-quoc-troi-day-co-gi-hay-hay-chi-9b5f8c93c1e.html,1
TRUNG QUỐC ĐANG CHUỐC LẤY THẢM HỌA Ở HỒNG KÔNG (Minxin Pei - Project Syndicate),https://www.khoi8406.com/post/nhanquyenchovn/trung-quoc-ang-chuoc-lay-tham-hoa-o-f8b0146ad79.html,1
TẠI SAO NGƯỜI VIỆT THÔNG MINH MÀ NƯỚC VIỆT VẪN NGHÈO? (Trần Văn Giang),https://www.khoi8406.com/post/nhanquyenchovn/tai-sao-nguoi-viet-thong-minh-ma-nuoc-19dc2ebf576.html,1
HAI CUỘC RÚT LUI (Nguyễn Đạt Thịnh),https://www.khoi8406.com/post/nhanquyenchovn/hai-cuoc-rut-lui-nguyen-at-thinh-c2c5c4d5a4c.html,1
HONG KONG : PHÉP THỬ QUYỀN LỰC (Tân Phong - Việt Tân),https://www.khoi8406.com/post/nhanquyenchovn/hong-kong-phep-thu-quyen-luc-tan-phong-65b9bb3ae11.html,1
BIỂU TÌNH HỒNG KÔNG : TẠI SAO THÀNH CÔNG & BAO GIỜ VIỆT NAM? (An Viên - VNTB),https://www.khoi8406.com/post/nhanquyenchovn/bieu-tinh-hong-kong-tai-sao-thanh-cong-af7136ab58b.html,1
BAO GIỜ CHO ĐẾN HONG KONG (Nguyễn Lân Thắng),https://www.khoi8406.com/post/nhanquyenchovn/bao-gio-cho-en-hong-kong-nguyen-lan-03179d69509.html,1
ĐỒNG HÀNH CÙNG CÁC GIA ĐÌNH TÙ NHÂN LƯƠNG TÂM (tổng hợp),https://www.khoi8406.com/post/nhanquyenchovn/ong-hanh-cung-cac-gia-inh-tu-nhan-luong-aa29c43106b.html,1
NHÀ HOẠT ĐỘNG HUỲNH THỤC VY BỊ PHẠT HÀNH CHÍNH VÌ RỜI NƠI CƯ TRÚ KHÔNG XIN PHÉP (RFA),https://www.khoi8406.com/post/nhanquyenchovn/ong-hanh-cung-gia-inh-tu-nhan-luong-tam-ca1ffdb50ae.html,1
ĐÊM HỒNG KÔNG (Luân Lê) & MẮC KẸT Ở HỒNG KÔNG (Quang Hữu Minh),https://www.khoi8406.com/post/nhanquyenchovn/em-hong-kong-luan-le-mac-ket-o-hong-63f797219ce.html,1
NGŨ MINH KHAI SÁNG (Nguyễn Đắc Kiên),https://www.khoi8406.com/post/nhanquyenchovn/ngu-minh-khai-sang-nguyen-ac-kien-e45275f871b.html,1
BẢN TIN NGÀY 17-6-2019 (Báo Tiếng Dân),https://www.khoi8406.com/post/nhanquyenchovn/ban-tin-ngay-17-6-2019-bao-tieng-dan-142c96618cc.html,1
ĐIỂM TIN THỨ HAI 17/6/2019 (Tin Tức Hàng Ngày),https://www.khoi8406.com/post/nhanquyenchovn/iem-tin-thu-hai-1762019-tin-tuc-hang-e7557283fdf.html,1
"TẠI SAO ""GIẢ TƯỞNG"" THẮNG ""SỰ THẬT"" (Lê Phan)",https://www.khoi8406.com/post/nhanquyenchovn/tai-sao-gia-tuong-thang-su-that-le-phan-a65219f94f5.html,1
NHIỀU CHỤC NĂM HIỂU LẦM VỀ TRUNG HOA HẲN ĐÃ DẠY CHO CHÚNG TA MỘT BÀI HỌC (Amy Zegart - The ATlantic),https://www.khoi8406.com/post/nhanquyenchovn/nhieu-chuc-nam-hieu-lam-ve-trung-hoa-a1f5ea8c0cf.html,1
TẠI SAO HOA KỲ THÀNH CƯỜNG QUỐC BÓNG ĐÁ NỮ? (Anh Vũ - RFI),https://www.khoi8406.com/post/nhanquyenchovn/tai-sao-hoa-ky-thanh-cuong-quoc-bong-nu-ae37c34adcc.html,1
NGƯỜI HỒNG KÔNG TIẾP TỤC BIỂU TÌNH ĐÒI HỦY DỰ LUẬT DẪN ĐỘ (tổng hợp),https://www.khoi8406.com/post/nhanquyenchovn/nguoi-hong-kong-tiep-tuc-bieu-tinh-oi-07fa0d76523.html,1
7 BÀI HỌC TỪ CUỘC HỌP BÁO CỦA BÀ CARRIE LAM (Y Chan - Luật Khoa),https://www.khoi8406.com/post/nhanquyenchovn/7-bai-hoc-tu-cuoc-hop-bao-cua-ba-carrie-6ea0b02bd3b.html,1
HIỂU VỀ DỰ LUẬT DẪN ĐỘ TRONG 5 PHÚT (Đoan Trang - Luật Khoa),https://www.khoi8406.com/post/nhanquyenchovn/hieu-ve-du-luat-dan-o-trong-5-phut-oan-dbfc1a4b964.html,1
BIỂU TÌNH : KHÔNG CẤM ĐƯỢC THÌ QUẢN & BA CHIẾN LƯỢC QUẢN LÝ THÔNG DỤNG (Phùng Anh Khương - Luật Khoa),https://www.khoi8406.com/post/nhanquyenchovn/bieu-tinh-khong-cam-uoc-thi-quan-ba-9b0d056cf3d.html,1
HOÀ BÌNH KHÓ NHỌC (Hồi Ký của nhà văn Nguyên Ngọc),https://www.khoi8406.com/post/nhanquyenchovn/hoa-binh-kho-nhoc-hoi-ky-cua-nha-van-a5cd8c766ba.html,1
KHÔNG KỊP NỮA RỒI (Đỗ Cao Cường),https://www.khoi8406.com/post/nhanquyenchovn/khong-kip-nua-roi-o-cao-cuong-e25ded9b568.html,1
TIN CẮN NHAU- CHỌI CHÓ NGÀY 16/6/2019 (Bùi Văn Thuận),https://www.khoi8406.com/post/nhanquyenchovn/tin-can-nhau-choi-cho-ngay-1662019-bui-3a2998cc373.html,1
TIN & BÀI TỪ NGÀY 9 ĐẾN NGÀY 15/6/2019,https://www.khoi8406.com/post/nhanquyenchovn/tin-bai-tu-ngay-9-en-ngay-1562019-463d6533ef6.html,1
ĐIỂM TIN CHỦ NHẬT 16/6/2019 (Tin Tức Hàng Ngày),https://www.khoi8406.com/post/nhanquyenchovn/iem-tin-chu-nhat-1662019-tin-tuc-hang-4ec41ad8faf.html,1
KHÔNG THỂ LÙI (Nguyễn Đạt Thịnh),https://www.khoi8406.com/post/nhanquyenchovn/khong-lui-nguyen-at-thinh-5f86c1f89c0.html,1
ÔNG TRUMP DÙNG KINH TẾ MỸ LÀM VŨ KHÍ TRONG LÚC TRÁNH CHIẾN TRANH THẬT (Lê Mạnh Hùng),https://www.khoi8406.com/post/nhanquyenchovn/ongtrump-dung-kinh-te-my-lam-vu-khi-489fce9c67c.html,1
TRUMP CÓ THỂ DÙNG HỒNG KÔNG ĐỐI ĐẦU TẬP (Ngô Nhân Dụng),https://www.khoi8406.com/post/nhanquyenchovn/trump-co-dung-hong-kong-oi-au-tap-ngo-20d65fdcd4b.html,1
"GIÁO DỤC THỜI COPY, CẮT, DÁN (Nguyễn Nguyên)",https://www.khoi8406.com/post/nhanquyenchovn/giao-duc-thoi-copy-cat-dan-nguyen-nguyen-60dfd4c8172.html,1
MÔI TRƯỞNG LÀM ĂN Ở VIỆT NAM ĐẦY BẤT TRẮC (Thảo Vy - VNTB),https://www.khoi8406.com/post/nhanquyenchovn/moi-truong-lam-o-viet-nam-ay-bat-trac-1e316d6b7dc.html,1
VẤN ĐỀ CAMPUCHIA (Trương Nhân Tuấn),https://www.khoi8406.com/post/nhanquyenchovn/van-e-campuchia-truong-nhan-tuan-514070f1659.html,1
HÃY ĐỌC LỜI AI ĐIẾU CHO CẢ DÂN TỘC (J.B Nguyễn Hữu Vinh),https://www.khoi8406.com/post/nhanquyenchovn/hay-oc-loi-ai-ieu-cho-ca-dan-toc-jb-8c0a30d0380.html,1
NÓI VỚI NGƯỜI VIỆT ĐỊNH CƯ Ở MỸ SAU NĂM 2000 (Lê Công Dân - Ngàn Lau),https://www.khoi8406.com/post/nhanquyenchovn/noi-voi-nguoi-viet-inh-cu-o-my-sau-nam-8b2e083c003.html,1
TRÔNG NGƯỜI MÀ NGẪM ĐẾN TA (Dương Quốc Chính),https://www.khoi8406.com/post/nhanquyenchovn/trong-nguoi-ma-ngam-en-ta-duong-quoc-dfa77f88b37.html,1
NGƯỜI THỦ PHÓ CỦA CHA TÔI (Dương Tự Lập),https://www.khoi8406.com/post/nhanquyenchovn/nguoi-thu-pho-cua-cha-toi-duong-tu-lap-0ddd08d7834.html,1
NỖI NHỤC ĐẢNG VIÊN (Mạc Văn Trang),https://www.khoi8406.com/post/nhanquyenchovn/noi-nhuc-ang-vien-mac-van-trang-2aa016a63a0.html,1
BẢN TIN NGÀY 15-6-2019 (Báo Tiếng Dân),https://www.khoi8406.com/post/nhanquyenchovn/ban-tin-ngay-15-6-2019-bao-tieng-dan-0c7c25d0bb7.html,1
ĐIỂM TIN THỨ BẢY 15/6/2019 (Tin Tức Hàng Ngày),https://www.khoi8406.com/post/nhanquyenchovn/iem-tin-thu-bay-1562019-tin-tuc-hang-1d8cce5065e.html,1
HỒNG KÔNG : CHÍNH SÁCH KHỦNG BỐ TINH THẦN CỦA BẮC KINH BỊ PHÁ SẢN (Tú Anh - RFI),https://www.khoi8406.com/post/nhanquyenchovn/hong-kong-chinh-sach-khung-bo-tinh-than-a649c63f1ba.html,1
"SỢ TIN GIẢ, NHƯNG KHÔNG MUỐN TRẢ TIỀN CHO TIN THẬT (Rory Cellan-Jones - BBC)",https://www.khoi8406.com/post/nhanquyenchovn/so-tin-gia-nhung-khong-muon-tra-tien-9fac5d2edd0.html,1
MỖI TUẦN NGƯỜI TA CÓ THỂ ĐÃ ĂN NHỰA CỠ 1 THẺ TÍN DỤNG (Reuters),https://www.khoi8406.com/post/nhanquyenchovn/moi-tuan-nguoi-ta-co-a-nhua-co-1-tin-7e6dccddd39.html,1
CHỦ NHÂN CHIẾC TÀU BỊ NỔ NÓI NGƯỢC BỘ QUỐC PHÒNG MỸ (Người Việt Online),https://www.khoi8406.com/post/nhanquyenchovn/chu-nhan-chiec-tau-bi-no-noi-nguoc-bo-2f713ffb3ed.html,1
MIỀN TRUNG ĐANG CHẾT CHÁY (Phụ Nữ Online),https://www.khoi8406.com/post/nhanquyenchovn/mien-trung-ang-chet-chay-phu-nu-online-2669e3adddb.html,1
"XEM ""VIỆT NAM, QUÁ KHỨ LÀ MỞ ĐẦU"" CỦA TIFANY CHUNG (Trịnh Cung)",https://www.khoi8406.com/post/nhanquyenchovn/xem-viet-nam-qua-khu-la-mo-au-cua-caef65d7e83.html,1
"ĐÂY LÀ LÝ DO VIỆT NAM PHẢI CỰC KỲ CẢNH GIÁC VỚI ""VÀNH ĐAI & CON ĐƯỜNG"" CỦA TRUNG QUỐC (Hoàng An / CafeF)",https://www.khoi8406.com/post/nhanquyenchovn/ay-la-ly-do-viet-nam-phai-cuc-ky-canh-4ba945badac.html,1
"TÔ THÙY YÊN : MỘT THI SĨ TÀI HOA, MỘT NHÂN CÁCH LỚN VƯỢT TRÊN HẬN THÙ (Quỳnh Thi)",https://www.khoi8406.com/post/nhanquyenchovn/to-thuy-yen-mot-thi-si-tai-hoa-mot-nhan-f4f9f6648f1.html,1
"""NHỮNG NGƯỜI KHỐN KHỔ"" (Đỗ Thành Nhân)",https://www.khoi8406.com/post/nhanquyenchovn/nhung-nguoi-khon-kho-o-thanh-nhan-8449cb6bd52.html,1
CHUYỆN KỂ VỀ MỘT TỘI ÁC CỦA LÃNH ĐẠO TỈNH QUẢNG NGÃI (Lê Liêu Minh - Tam Ân),https://www.khoi8406.com/post/nhanquyenchovn/chuyen-ke-ve-mot-toi-ac-le-lieu-minh-74123be4b64.html,1
BẢN TIN NGÀY 14-6-2019 (Báo Tiếng Dân),https://www.khoi8406.com/post/nhanquyenchovn/ban-tin-ngay-14-6-2019-bao-tieng-dan-3ce068c1acd.html,1
ĐIỂM TIN THỨ SÁU 14/6/2019 (Tin Tức Hàng Ngày),https://www.khoi8406.com/post/nhanquyenchovn/iem-tin-thu-sau-1462019-tin-tuc-hang-4d7e9da17b7.html,1
KỂ LẠI MỘT CUỘC ĐẤU TỐ (Nguyễn Thúy Hạnh),https://www.khoi8406.com/post/nhanquyenchovn/ke-lai-mot-cuoc-au-to-nguyen-thuy-hanh-1bef34e8292.html,1
"DONALD TRUMP, ""KẺ PHÁ BỈNH"" CHUYÊN NGHIỆP (Minh Anh - RFI)",https://www.khoi8406.com/post/nhanquyenchovn/donald-trump-ke-pha-binh-chuyen-nghiep-a2ed1cdcf95.html,1
AI TẤN CÔNG TÀU CHỞ DẦU Ở VÙNG VỊNH ? (The Economist),https://www.khoi8406.com/post/nhanquyenchovn/ai-tan-cong-tau-cho-dau-o-vung-vinh-98306baaacd.html,1
BẢN TIN NGÀY 13-6-2019 (Báo Tiếng Dân),https://www.khoi8406.com/post/nhanquyenchovn/ban-tin-ngay-13-6-2019-bao-tieng-dan-c42e91f3055.html,1
ĐIỂM TIN THỨ NĂM 13/6/2019 (Tin Tức Hàng Ngày),https://www.khoi8406.com/post/nhanquyenchovn/iem-tin-thu-nam-1362019-tin-tuc-hang-dfdb2ebe1b3.html,1
TỪ NHIỄU NHƯƠNG ĐẾN THIÊN HẠ ĐẠI LOẠN (Phạm Cao Dương),https://www.khoi8406.com/post/nhanquyenchovn/tu-nhieu-nhuong-en-thien-ha-ai-loan-ce70630bd37.html,1
TRUMP CẢN TRỞ THAM VỌNG CỦA TẬP CẬN BÌNH (Ngô Nhân Dụng),https://www.khoi8406.com/post/nhanquyenchovn/trump-can-tro-tham-vong-cua-tap-can-4339a377f5e.html,1
MỘT NĂM SAU THƯỢNG ĐỈNH TRUMP - KIM LẦN 1 : HỒ SƠ HẠT NHÂN BẮC TRIỀU TIÊN BẾ TẮC (Trọng Thành - RFI),https://www.khoi8406.com/post/nhanquyenchovn/mot-nam-sau-thuong-inh-trump-kim-lan-1-0c350f80688.html,1
THANOS HONG KONG & VIÊN ĐÁ THẦN THỨ NĂM (Phùng Anh Khương - Luật Khoa),https://www.khoi8406.com/post/nhanquyenchovn/thanos-hong-kong-vien-than-thu-nam-8e0efdae28f.html,1
"KHI ""ĐƯỢC"" FBI THEO DÕI (Ngô Vĩnh Long)",https://www.khoi8406.com/post/nhanquyenchovn/khi-uoc-fbi-theo-doi-ngo-vinh-long-935b5e91d3e.html,1
VN : CÁC NHÓM LỢI ÍCH DÙNG 'AN NINH QUỐC GIA' ĐỂ BỦA VÂY XÃ HỘI DÂN SỰ? (Bùi Thư - BBC),https://www.khoi8406.com/post/nhanquyenchovn/vn-cac-nhom-loi-ich-dung-ninh-quoc-gia-0006dc331b2.html,1
"""TỪ BỤC GIẢNG TÔI BỊ ĐÁ THẲNG XUỐNG . . . CHUỒNG LỢN"" (Vũ Ninh - GDVN)",https://www.khoi8406.com/post/nhanquyenchovn/tu-buc-giang-toi-bi-thang-xuong-chuong-ecb411bd087.html,1
NHÂN VẬT CHÍNH TỐ CÁO NIXON TRỞ LẠI QUỐC HỘI ĐIỀU TRẦN VỀ MỘT TỔNG THỐNG KHÁC (Ron Elving - NPR),https://www.khoi8406.com/post/nhanquyenchovn/nhan-vat-chinh-to-cao-nixon-tro-lao-bea96907368.html,1
THỜI KHẮC QUYẾT ĐỊNH CỦA HỒNG KÔNG (Ben Bland - Bloomberg),https://www.khoi8406.com/post/nhanquyenchovn/thoi-khac-quyet-inh-cua-hong-kong-ben-dd0b095d907.html,1
NHÌN HONG KONG RỒI KHÓC CHO VIỆT NAM (VietTuSaiGon),https://www.khoi8406.com/post/nhanquyenchovn/nhin-hong-kong-roi-khoc-cho-viet-nam-cd26debdcd6.html,1
CHUYỆN MỘT NGƯỜI BẤT ĐỒNG CHÍNH KIẾN (Nguyễn Thúy Hạnh),https://www.khoi8406.com/post/nhanquyenchovn/chuyen-mot-nguoi-bat-ong-chinh-kien-7be103d652f.html,1
TIN VỀ TNLT LÊ ANH HÙNG & CON GÁI TNLT NGUYỄN NAM PHONG (Phạm Thanh Nghiên),https://www.khoi8406.com/post/nhanquyenchovn/tin-ve-tnlt-le-anh-hung-con-gai-tnlt-341600a5382.html,1
LÀM CÁCH NÀO ĐỂ KẺ ĐỘC TÀI KHÁT MÁU KHIẾN TRUMP XIÊU LÒNG? (Mai V. Phạm),https://www.khoi8406.com/post/nhanquyenchovn/lam-cach-nao-e-ke-oc-tai-khat-mau-khien-c5bce97ad36.html,1
ĐÂY LÀ SỰ THẬT! (Nguyễn Văn Phước),https://www.khoi8406.com/post/nhanquyenchovn/ay-la-su-that-nguyen-van-phuoc-391399ae7f9.html,1
HƠN CẢ SỰ TÀN ÁC (Lê Xuân Thọ),https://www.khoi8406.com/post/nhanquyenchovn/hon-ca-su-tan-ac-le-xuan-tho-1e3111a0774.html,1
"HONG KONG HÔM NAY, VIỆT NAM NGÀY MAI (Nguyễn Văn Đài)",https://www.khoi8406.com/post/nhanquyenchovn/hong-kong-hom-nay-viet-nam-ngay-mai-97d34b4788d.html,1
BẢN TIN NGÀY 12-6-2019 (Báo Tiếng Dân),https://www.khoi8406.com/post/nhanquyenchovn/ban-tin-ngay-12-6-2019-bao-tieng-dan-ce4fae8d210.html,1
ĐIỂM TIN THỨ TƯ 12/6/2019 (Tin Tức Hàng Ngày),https://www.khoi8406.com/post/nhanquyenchovn/iem-tin-thu-tu-1262019-tin-tuc-hang-ngay-bc8bf1d8662.html,1
"THẾ NÀO LÀ MỘT ""CƯỜNG QUỐC HÀNG HẢI"" ? (Minh Anh - RFI)",https://www.khoi8406.com/post/nhanquyenchovn/the-nao-la-mot-cuong-quoc-hang-hai-minh-91c1e2a371c.html,1
CÁC TÙ NHÂN VỤ CÔNG ÁN BIA SƠN KÊU CỨU VỚI QUỐC TẾ (RFA),https://www.khoi8406.com/post/nhanquyenchovn/cac-tu-nhan-vu-cong-bia-son-keu-cuu-voi-3aedf7bf9b7.html,1
"MẠNG XÃ HỘI ""MA-DZE-IN-VIỆT NAM"" SẼ THAY THẾ BÊ-TÊ-BỐC? (BTV Tiếng Dân)",https://www.khoi8406.com/post/nhanquyenchovn/mang-xa-hoi-ma-dze-in-viet-nam-se-thay-eb0599baca1.html,1
BẢN TIN NGÀY 11-6-2019 (Báo Tiếng Dân),https://www.khoi8406.com/post/nhanquyenchovn/ban-tin-ngay-11-6-2019-bao-tieng-dan-88884cbf8fd.html,1
ĐIỂM TIN THỨ BA 11/6/2019 (Tin Tức Hàng Ngày),https://www.khoi8406.com/post/nhanquyenchovn/iem-tin-thu-ba-1162019-tin-tuc-hang-ngay-76357efb147.html,1
"TÍNH ĐIỂM CÔNG DÂN : ""ROBOT HÓA"" CON NGƯỜI ? (Phan Dương Hiệu)",https://www.khoi8406.com/post/nhanquyenchovn/tinh-iem-cong-dan-robot-hoa-con-nguoi-16e2b17819d.html,1
'KẾT HÔN GIẢ SẼ BỊ THU HỒI THẺ XANH & BỊ TRỤC XUẤT VỀ VIỆT NAM' (Người Việt Online),https://www.khoi8406.com/post/nhanquyenchovn/ket-hon-gia-se-bi-thu-hoi-xanh-bi-truc-206b63b81d7.html,1
"PHÊ LÝ, NỊNH NGỤY : BỊT MẮT SỜ VOI LÊN ĐỒNG YÊU NƯỚC (Gió Bấc)",https://www.khoi8406.com/post/nhanquyenchovn/phe-ly-ninh-nguy-bit-mat-so-voi-len-ong-336c9746318.html,1
"NHÌN THẾ CUỘC, NGẪM LẠI MÌNH. . . (VietTuSaiGon)",https://www.khoi8406.com/post/nhanquyenchovn/nhin-cuoc-ngam-lai-minh-viettusaigon-ad039e2c615.html,1
NGƯỜI VIỆT NAM CHÚNG TA CÓ LÀM ĐƯỢC THẾ KHÔNG? (Phạm Thanh Nghiên),https://www.khoi8406.com/post/nhanquyenchovn/nguoi-viet-nam-chung-ta-co-lam-uoc-09c38d96107.html,1
THƯƠNG LẮM CHỊ TÔI (Phạm Đoan Trang),https://www.khoi8406.com/post/nhanquyenchovn/thuong-lam-chi-toi-pham-oan-trang-e832cc78140.html,1
OBAMA : 'HÃY ĐI ĐỂ BIẾT MÌNH ĐỨNG Ở ĐÂU TRÊN THẾ GIỚI' (BBC Tiếng Việt),https://www.khoi8406.com/post/nhanquyenchovn/obama-hay-i-e-biet-minh-ung-o-au-tren-3d23c9632d1.html,1
TRANH CÃI VỀ LUẬN TỘI DONALD TRUMP : ĐẢNG DÂN CHỦ SẼ LÀM GÌ? (Anthony Zurcher - BBC),https://www.khoi8406.com/post/nhanquyenchovn/tranh-cai-ve-luan-toi-donald-trump-ang-bf90b7dbbd8.html,1
NGƯỜI HONG KONG XUỐNG ĐƯỜNG VÌ ĐIỀU GÌ? (Lê Nguyễn Duy Hậu),https://www.khoi8406.com/post/nhanquyenchovn/nguoi-hong-kong-xuong-uong-vi-ieu-gi-le-abee6973118.html,1
NGƯỜI TÀU BÀNH TRƯỚNG Ở VIỆT NAM (BTV Tiếng Dân),https://www.khoi8406.com/post/nhanquyenchovn/nguoi-tau-banh-truong-o-viet-nam-btv-5fac2f96f36.html,1
Chủ tịch Quốc hội Nguyễn Sinh Hùng: Thầy chạy,https://www.khoi8406.com/post/chutichquochoi/chu-tich-quoc-hoi-nguyen-sinh-hung-thay-0063df88b97.html,1
Truy tìm tung tích một lá phiếu tín nhiệm bí ẩn tại Quốc hội,https://www.khoi8406.com/post/chutichquochoi/truy-tim-tung-tich-mot-la-phieu-tin-f91f42903c4.html,1
"Khi Cơ quan Quốc hội vi phạm pháp luật, tham nhũng, hối lộ!",https://www.khoi8406.com/post/chutichquochoi/khi-co-quan-quoc-hoi-vi-pham-phap-luat-d3660bffd0f.html,1
Giật mình khối tài sản khổng lồ của các tập đoàn sân sau Chủ tịch Quốc hội Nguyễn Sinh Hùng,https://www.khoi8406.com/post/chutichquochoi/giat-minh-khoi-tai-san-khong-lo-cua-cac-08925f2abee.html,1
Ðằng sau cuộc bỏ phiếu tín nhiệm,https://www.khoi8406.com/post/chutichquochoi/ang-sau-cuoc-bo-phieu-tin-nhiem-d77c86c6b60.html,1
Trò hề của Chủ tịch Quốc hội Nguyễn Sinh Hùng,https://www.khoi8406.com/post/chutichquochoi/tro-he-cua-chu-tich-quoc-hoi-nguyen-421bf7ab16f.html,1
Những tuyên bố 'vô tiền khoáng hậu' của ngài Chủ tịch Quốc hội Nguyễn Sinh Hùng,https://www.khoi8406.com/post/chutichquochoi/nhung-tuyen-bo-vo-tien-khoang-hau-cua-a0a8d09f190.html,1
"Ông Nguyễn Sinh Hùng tấn công Chính phủ và Thủ tướng để leo lên ghế ""Tổng bí thư""",https://www.khoi8406.com/post/chutichquochoi/ong-nguyen-sinh-hung-tan-cong-chinh-phu-d42a3e1f974.html,1
"Chủ tịch quốc hội Nguyễn Sinh Hùng - “Quốc hội tức là dân, dân quyết sai thì dân chịu, chứ kỷ luật ai!”",https://www.khoi8406.com/post/chutichquochoi/chu-tich-quoc-hoi-nguyen-sinh-hung-quoc-4b38d999908.html,1
Chủ tịch Quốc hội Nguyễn Sinh Hùng: “Tao sẽ dùng Thường vụ Quốc hội đuổi thằng Bình Thống đốc ra khỏi Ngân hàng Nhà nước”,https://www.khoi8406.com/post/chutichquochoi/chu-tich-quoc-hoi-nguyen-sinh-hung-tao-c915ab875f7.html,1
Hé lộ thông tin ông Chủ tịch Nguyễn Sinh Hùng chỉ đạo Quốc hội tấn công Chính phủ,https://www.khoi8406.com/post/chutichquochoi/he-lo-thong-tin-nguyen-sinh-hung-tan-cong-chinh-phu-32ddd986b15.html,1
Chủ tịch Quốc hội Nguyễn Sinh Hùng tung tiền tấn xây “nhà thờ họ” để leo lên ghế “Tổng bí thư”,https://www.khoi8406.com/post/chutichquochoi/chu-tich-quoc-hoi-nguyen-sinh-hung-tung-40467a45c6f.html,1
"Lộ chân tướng, bản chất quái đản và khối tài sản khổng lồ của Hà Văn Thắm",https://www.khoi8406.com/post/chutichquochoi/lo-chan-tuong-ban-chat-quai-va-khoi-tai-c144d061a72.html,1
"Khối tài sản khổng lồ của bà Nguyễn Hồng Phương, em gái ruột Chủ tịch Quốc hội Nguyễn Sinh Hùng",https://www.khoi8406.com/post/chutichquochoi/tai-san-khong-lo-cua-nguyen-hong-phuong-c1d984e2205.html,1
Giải mã khối tài sản kếch sù tại các tập đoàn sân sau của Chủ tịch Quốc hội Nguyễn Sinh Hùng,https://www.khoi8406.com/post/chutichquochoi/giai-ma-khoi-tai-san-kech-su-cua-nguyen-6a42e462507.html,1
"Hà Văn Thắm: ""Anh cùng người nhà Chủ tịch Quốc hội Nguyễn Sinh Hùng dùng Vietnamnet đánh Ngân hàng Bảo Việt""",https://www.khoi8406.com/post/chutichquochoi/ha-van-tham-anh-cung-nguoi-nha-chu-tich-66dfdefbdac.html,1
"Lộ diện nhân vật được vị chính trị gia trong Bộ chính trị ""chấm chọn"" để thay ông cướp ngân hàng",https://www.khoi8406.com/post/chutichquochoi/lo-dien-nhan-vat-uoc-vi-chinh-tri-gia-3d1749b9915.html,1
"Lộ diện nhân vật cộm cán trong ""Đế chế gia đình"" của Chủ tịch Quốc hội Nguyễn Sinh Hùng",https://www.khoi8406.com/post/chutichquochoi/lo-dien-nhan-vat-com-can-trong-e-che-687ba416605.html,1
"Chuyện kể về ông Chủ Tập đoàn Đại Dương: Nhân vật chuyên thâu tóm ngân hàng, bất động sản!",https://www.khoi8406.com/post/chutichquochoi/chuyen-ke-ve-ong-chu-tap-oan-ai-duong-87216f3303f.html,1
Chuyện kể về ông Chủ Tập đoàn Đại Dương: Bí ẩn khu đất “vành khăn”,https://www.khoi8406.com/post/chutichquochoi/chuyen-ke-ve-ong-chu-tap-oan-ai-duong_8-2831ae4146c.html,1
"Lộ diện tác giả kiêm đạo diễn vụ cướp ngân hàng cho ""đế chế gia đình"" của Chủ tịch Quốc hội Nguyễn Sinh Hùng",https://www.khoi8406.com/post/chutichquochoi/lo-dien-tac-gia-kiem-ao-dien-vu-cuop-b937bb03f54.html,1
Kịch bản bốn mũi tấn công cướp ngân hàng của nhân vật bí hiểm Hoàng Văn Chánh,https://www.khoi8406.com/post/chutichquochoi/kich-ban-bon-mui-tan-cong-cuop-ngan-771491da253.html,1
"Bí ẩn cuộc gặp ""khẩn"" làm ngân hàng Bảo Việt bị thôn tính về tay Chính trị gia trong triều",https://www.khoi8406.com/post/chutichquochoi/bi-cuoc-gap-khan-lam-ngan-hang-bao-viet-bf85c1085aa.html,1
"Mưu đồ cướp ngân hàng Bảo Việt của ""Nhóm lợi ích"" được Chính trị gia trong triều chống lưng",https://www.khoi8406.com/post/chutichquochoi/muu-o-cuop-ngan-hang-bao-viet-cua-nhom-aa962a83682.html,1
Hà Văn Thắm toan tính biến tay chân thành “Lê Lai cứu chúa”,https://www.khoi8406.com/post/chutichquochoi/ha-van-tham-toan-tinh-bien-tay-chan-0813b13cafc.html,1
"Hà Văn Thắm: ""Một đống các bác đang ủng hộ, sợ chó gì chúng nó""",https://www.khoi8406.com/post/chutichquochoi/ha-van-tham-trach-chu-tich-quoc-hoi-9196a7e8874.html,1
"Nghi ngờ có nội gián, Hà Văn Thắm chỉ đạo sửa chứng từ sổ sách hòng chạy tội",https://www.khoi8406.com/post/chutichquochoi/nghi-ngo-co-noi-gian-ha-van-tham-chay-toi-f0dc5804a38.html,1
Hà Văn Thắm: “Bác Hùng đã chỉ mặt như thế thì bố anh Bình cũng không dám phê duyệt”,https://www.khoi8406.com/post/chutichquochoi/ha-van-tham-bac-hung-chi-mat-nhu-thi-bo-7a3c0fe9995.html,1
"Hà Văn Thắm: “Bác (Sinh) Hùng muốn cướp ngân hàng Bảo Việt cho chị Phương, em gái bác Hùng”",https://www.khoi8406.com/post/chutichquochoi/ha-van-tham-bac-sinh-hung-muon-cuop-1c26d493850.html,1
Hà Văn Thắm: 5 năm có tới 5000 tỷ vẫn chưa dừng lại với 40 công ty!,https://www.khoi8406.com/post/chutichquochoi/ha-van-tham-5-nam-co-toi-5000-ty-van-8bbaaf805b9.html,1
Từ Luật An ninh mạng đến Luật Biểu tình,https://www.khoi8406.com/post/leanhhung/tu-luat-ninh-mang-en-luat-bieu-tinh-14c9be342f5.html,1
Cám ơn Dự luật Đặc khu!,https://www.khoi8406.com/post/leanhhung/cam-on-du-luat-ac-khu-71f0cbbf228.html,1
Thêm một vị trí xung yếu của Việt Nam sắp bị Trung Quốc kiểm soát?,https://www.khoi8406.com/post/leanhhung/them-mot-vi-tri-xung-yeu-cua-viet-nam-3750605be8a.html,1
Ông Trọng đã biến báo trước cử tri như thế nào?,https://www.khoi8406.com/post/leanhhung/ong-trong-bien-bao-truoc-cu-tri-nhu-nao-c5a154845ce.html,1
Mất bò mới lo làm chuồng,https://www.khoi8406.com/post/leanhhung/mat-bo-moi-lo-lam-chuong-5ce16598958.html,1
Cuộc đấu tranh của chúng ta không vô vọng,https://www.khoi8406.com/post/leanhhung/cuoc-au-tranh-cua-chung-ta-khong-vo-vong-737924ba010.html,1
Tôi đã bị bắt cóc và cưỡng chế làm việc như thế nào?,https://www.khoi8406.com/post/leanhhung/toi-bi-bat-coc-va-cuong-che-lam-viec-797424476b4.html,1
"Ba đặc khu, ba đại hiểm hoạ",https://www.khoi8406.com/post/leanhhung/ba-ac-khu-ba-ai-hiem-hoa-d97403d8dfd.html,1
Một nửa sự thật của nhà báo Hoàng Hải Vân,https://www.khoi8406.com/post/leanhhung/mot-nua-su-that-cua-nha-bao-hoang-hai-f7ecfe66a6f.html,1
Điều không muốn nói nhưng buộc phải nói,https://www.khoi8406.com/post/leanhhung/ieu-khong-muon-noi-nhung-buoc-phai-noi-a0160b90bb7.html,1
Đặc khu kinh tế Bắc Vân Phong nguy hiểm thế nào?,https://www.khoi8406.com/post/leanhhung/ac-khu-kinh-te-bac-van-phong-nguy-hiem-0dcdf58a51e.html,1
Việt Nam có thể mất Phú Quốc như thế nào?,https://www.khoi8406.com/post/leanhhung/viet-nam-co-mat-phu-quoc-nhu-nao-4b3f89e953e.html,1
ĐẢ ĐẢO TÊN TRÙM GIÁN ĐIỆP TÀU HOÀNG TRUNG HẢI VÀ TÊN VIỆT GIAN BÁN NƯỚC NGUYỄN PHÚ TRỌNG!!!,https://www.khoi8406.com/post/leanhhung/a-ao-ten-trum-gian-iep-tau-hoang-trung-9fc24afe675.html,1
Làm gì khi bị nhà cầm quyền cộng sản bắt và đưa ra xét xử?,https://www.khoi8406.com/post/leanhhung/lam-gi-khi-bi-nha-cam-quyen-cong-san-47440aa48b9.html,1
Cựu Chủ tịch nước Nguyễn Minh Triết là người thế nào?,https://www.khoi8406.com/post/leanhhung/cuu-chu-tich-nuoc-nguyen-minh-triet-la-a72ca4a7ccd.html,1
TBT Nguyễn Phú Trọng bị Pháp hạ nhục?,https://www.khoi8406.com/post/leanhhung/tbt-nguyen-phu-trong-bi-phap-ha-nhuc-550bc4d24f9.html,1
CHÚNG KHẤN GÌ???,https://www.khoi8406.com/post/leanhhung/chung-khan-gi-440454ea14f.html,1
"Đệ tử Đinh La Thăng lâm nạn, đại ca Hoàng Trung Hải ở đâu?",https://www.khoi8406.com/post/leanhhung/e-tu-inh-la-thang-lam-nan-ai-ca-hoang-6ea548b0ba3.html,1
Vì sao ông Trần Đại Quang ‘đánh trống bỏ dùi’ vụ Formosa Hà Tĩnh?,https://www.khoi8406.com/post/leanhhung/vi-sao-ong-tran-ai-quang-anh-trong-bo-3d96e324f80.html,1
Một vụ cướp đường phân lô biệt thự trắng trợn ở Hà Nội,https://www.khoi8406.com/post/leanhhung/mot-vu-cuop-uong-phan-lo-biet-thu-trang-01609cf302a.html,1
AN NINH CỘNG SẢN: TỘI CHỒNG LÊN TỘI,https://www.khoi8406.com/post/leanhhung/an-ninh-cong-san-toi-chong-len-toi-7e19bb8bd02.html,1
Thư trả lời ông Phạm Phú Thiện Giao - Trưởng ban Việt ngữ VOA,https://www.khoi8406.com/post/leanhhung/thu-tra-loi-ong-pham-phu-thien-giao-cbce447c0b8.html,1
Trưởng ban VOA Việt ngữ hay an ninh cộng sản?,https://www.khoi8406.com/post/leanhhung/truong-ban-voa-viet-ngu-hay-ninh-cong-8c6afab5b14.html,1
Sự nhân đạo của một hệ thống tội ác,https://www.khoi8406.com/post/leanhhung/su-nhan-ao-cua-mot-he-thong-toi-ac-096c00a2012.html,1
Có nên hợp tác với cơ quan an ninh?,https://www.khoi8406.com/post/leanhhung/co-nen-hop-tac-voi-co-quan-ninh-fd3fc6a210d.html,1
Nguy hiểm chết người khi ‘biến đối tượng thành đối tác’,https://www.khoi8406.com/post/leanhhung/nguy-hiem-chet-nguoi-khi-bien-oi-tuong-ab5d4377eb3.html,1
Thành trì BOT giao thông liệu có lung lay?,https://www.khoi8406.com/post/leanhhung/thanh-tri-bot-giao-thong-lieu-co-lung-b1d55fe8354.html,1
Kinh tế Việt Nam năm 2017: bóng ma Trung Quốc ám ảnh,https://www.khoi8406.com/post/leanhhung/kinh-te-viet-nam-nam-2017-bong-ma-trung-39e934f36c3.html,1
Ông Trọng đã nắm được công an chưa?,https://www.khoi8406.com/post/leanhhung/ong-trong-nam-uoc-cong-chua-142864e6001.html,1
Vũ đi liệu Vũ có về?,https://www.khoi8406.com/post/leanhhung/vu-i-lieu-vu-co-ve-7f772678aa2.html,1
Bộ Chính trị có chỉ đạo nguỵ tạo một cuộc họp quan trọng?,https://www.khoi8406.com/post/leanhhung/bo-chinh-tri-co-chi-ao-nguy-tao-mot-62a1d1d5e3c.html,1
Chỉ 12 ngày là kết thúc điều tra Đinh La Thăng?,https://www.khoi8406.com/post/leanhhung/chi-12-ngay-la-ket-thuc-ieu-tra-inh-la-7e0508358cf.html,1
‘Tử huyệt’ của Nguyễn Phú Trọng ở đâu?,https://www.khoi8406.com/post/leanhhung/tu-huyet-cua-nguyen-phu-trong-o-au-6fb8bae37b6.html,1
Nên hiểu ‘Mật ước Thành Đô’ như thế nào?,https://www.khoi8406.com/post/leanhhung/nen-hieu-mat-uoc-thanh-o-nhu-nao-6746f52bb22.html,1
Đằng sau vụ La Thăng,https://www.khoi8406.com/post/leanhhung/ang-sau-vu-la-thang-fe7d42f3f7c.html,1
Cải cách kinh tế và xung đột lợi ích ở Việt Nam,https://www.khoi8406.com/post/leanhhung/cai-cach-kinh-te-va-xung-ot-loi-ich-o-50d2afab910.html,1
Thứ trưởng kiêm đại sứ và thất bại mang tên Campuchia,https://www.khoi8406.com/post/leanhhung/thu-truong-kiem-ai-su-va-that-bai-mang-c755118e703.html,1
Hay tay ông Trọng cũng đã nhúng chàm?,https://www.khoi8406.com/post/leanhhung/hay-tay-ong-trong-cung-nhung-cham-ea91574f2ec.html,1
Đặc khu kinh tế và vấn đề an ninh quốc gia,https://www.khoi8406.com/post/leanhhung/ac-khu-kinh-te-va-van-e-ninh-quoc-gia-676df3d38c6.html,1
‘Dâng’ các tỉnh biên giới cho Trung Quốc?,https://www.khoi8406.com/post/leanhhung/dang-cac-tinh-bien-gioi-cho-trung-quoc-928609de4eb.html,1
"Jack Ma, hãy tránh xa Việt Nam!",https://www.khoi8406.com/post/leanhhung/jack-ma-hay-tranh-xa-viet-nam-5a95b18ad36.html,1
"Việt – Trung: Trong là thủ thế, ngoài là anh em",https://www.khoi8406.com/post/leanhhung/viet-trung-trong-la-thu-ngoai-la-anh-em-d5e11cd5f9f.html,1
Thế lực nào ngăn cản trả nhà ông bà Trịnh Văn Bô?,https://www.khoi8406.com/post/leanhhung/the-luc-nao-ngan-can-tra-nha-ong-ba-3fa9cb9f6c2.html,1
Ai đã chơi khăm ông Phúc?,https://www.khoi8406.com/post/leanhhung/ai-choi-kham-ong-phuc-3bf5dce522a.html,1
"Phình to, nhưng… hợp lý và cần thiết",https://www.khoi8406.com/post/leanhhung/phinh-to-nhung-hop-ly-va-can-thiet-e1817d186b1.html,1
"Bài báo bị gỡ, nhà báo từ chức và quyền lực của ‘nhóm lợi ích Tàu’",https://www.khoi8406.com/post/leanhhung/bai-bao-bi-go-nha-bao-tu-chuc-va-quyen-507f1ea1bd5.html,1
Trung Quốc hậu Đại hội 19: Tương lai nào cho Việt Nam?,https://www.khoi8406.com/post/leanhhung/trung-quoc-hau-ai-hoi-19-tuong-lai-nao-ce2982b7171.html,1
‘Viện đạo đức học’ và tiếp theo là gì?,https://www.khoi8406.com/post/leanhhung/vien-ao-uc-hoc-va-tiep-theo-la-gi-70182646103.html,1
Nghèo mà đâu được bình yên!,https://www.khoi8406.com/post/leanhhung/ngheo-ma-au-uoc-binh-yen-d63d2fd66ca.html,1
Ngân sách khốn quẫn: điều tất yếu phải đến?,https://www.khoi8406.com/post/leanhhung/ngan-sach-khon-quan-ieu-tat-yeu-phai-en-27c3a383679.html,1
Ông Trọng mưu tính gì với chiến dịch ‘Đốt Lò’?,https://www.khoi8406.com/post/leanhhung/ong-trong-muu-tinh-gi-voi-chien-dich-ot-5a3084ff516.html,1
Rừng Việt Nam đang réo tên ai?,https://www.khoi8406.com/post/leanhhung/rung-viet-nam-ang-reo-ten-ai-834d97ea942.html,1
Thủ tướng Nguyễn Xuân Phúc đang bị các nhóm lợi ích thân hữu chi phối?,https://www.khoi8406.com/post/leanhhung/thu-tuong-nguyen-xuan-phuc-ang-bi-cac-6e6849653bf.html,1
Kết thúc hội nghị “Đốt Lò”,https://www.khoi8406.com/post/leanhhung/ket-thuc-hoi-nghi-ot-lo-fdb23a1c004.html,1
Vòng luẩn quẩn hay tầm nhìn của ngài Tổng Bí thư?,https://www.khoi8406.com/post/leanhhung/vong-luan-quan-hay-tam-nhin-cua-ngai-d4a498cd04d.html,1
Grab và Uber: màu xanh không yên tĩnh,https://www.khoi8406.com/post/leanhhung/grab-va-uber-mau-xanh-khong-yen-tinh-efa77d84b7a.html,1
Ai có thể chặn được Nguyễn Phú Trọng?,https://www.khoi8406.com/post/leanhhung/ai-co-chan-uoc-nguyen-phu-trong-ee88f086871.html,1
“Đồng Chí X” có bị tống vào ‘lò’?,https://www.khoi8406.com/post/leanhhung/ong-chi-x-co-bi-tong-vao-lo-1496b7c3ee5.html,1
Vì sao Nguyễn Phú Trọng né đống ‘củi khô’ BOT?,https://www.khoi8406.com/post/leanhhung/vi-sao-nguyen-phu-trong-ne-ong-cui-kho-b66a93d43a0.html,1
Lee & Man Việt Nam: thất bại mang bản chất hệ thống,https://www.khoi8406.com/post/leanhhung/lee-man-viet-nam-that-bai-mang-ban-chat-6853813b5e7.html,1
‘Đối thoại’ kiểu cộng sản: bắt cóc và cưỡng bức ‘đối thoại’,https://www.khoi8406.com/post/leanhhung/oi-thoai-kieu-cong-san-bat-coc-va-cuong-b71e990b77a.html,1
Vì sao Võ Kim Cự lại được trọng dụng?,https://www.khoi8406.com/post/leanhhung/vi-sao-vo-kim-cu-lai-uoc-trong-dung-03f08475d96.html,1
VAT và cơ hội cho chính phủ Nguyễn Xuân Phúc,https://www.khoi8406.com/post/leanhhung/vat-va-co-hoi-cho-chinh-phu-nguyen-xuan-7de711cbd2f.html,1
Ông Trần Đại Quang đang đóng vai gì?,https://www.khoi8406.com/post/leanhhung/ong-tran-ai-quang-ang-ong-vai-gi-f0ab45eb99e.html,1
Vụ 8B Lê Trực: Hoàng Trung Hải phản đòn?,https://www.khoi8406.com/post/leanhhung/vu-8b-le-truc-hoang-trung-hai-phan-on-175566c1ac9.html,1
"BOT Cai Lậy, ‘Hoạ sỹ’ Hoàng Trung Hải và bức tranh giao thông VN",https://www.khoi8406.com/post/leanhhung/bot-cai-lay-hoa-sy-hoang-trung-hai-va-aa6eb6b28c5.html,1
Hồ Chí Minh dưới góc nhìn của một cựu phiên dịch thân cận – Phần II,https://www.khoi8406.com/post/leanhhung/ho-chi-minh-duoi-goc-nhin-cua-mot-cuu-b7bd8bdccea.html,1
Hồ Chí Minh dưới góc nhìn của một cựu phiên dịch thân cận,https://www.khoi8406.com/post/leanhhung/le-anh-hung-voa-15-8dcc05a8db6.html,1
Vụ Trịnh Xuân Thanh: Tương lai nào cho Trần Đại Quang?,https://www.khoi8406.com/post/leanhhung/vu-trinh-xuan-thanh-tuong-lai-nao-cho-177005aa23b.html,1
Chuyện một ‘sư oan’ ở Tiền Giang,https://www.khoi8406.com/post/leanhhung/chuyen-mot-su-oan-o-tien-giang-7db532272aa.html,1
Việt Nam ‘vừa siết vừa nới’ giới hoạt động?,https://www.khoi8406.com/post/leanhhung/viet-nam-vua-siet-vua-noi-gioi-hoat-ong-30c49b31224.html,1
Ai đứng sau ‘kẻ huỷ diệt thiên nhiên’ Sun Group?,https://www.khoi8406.com/post/leanhhung/ai-ung-sau-ke-huy-diet-thien-nhien-sun-e91958c735d.html,1
"Cờ vàng, cờ đỏ và ứng xử của chúng ta",https://www.khoi8406.com/post/leanhhung/co-vang-co-o-va-ung-xu-cua-chung-ta-68713fce8c2.html,1
Hà Tĩnh mất mùa lịch sử: Bộ NN&PTNT tiếp tay lừa đảo?,https://www.khoi8406.com/post/leanhhung/ha-tinh-mat-mua-lich-su-bo-nn-tiep-tay-ec9b6fc7810.html,1
Biển Bình Thuận đang bị đầu độc như thế nào?,https://www.khoi8406.com/post/leanhhung/bien-binh-thuan-ang-bi-au-oc-nhu-nao-06f6283de2f.html,1
Những hiểm hoạ Trung Quốc tại Việt Nam đã được ngăn chặn như thế nào?,https://www.khoi8406.com/post/leanhhung/nhung-hiem-hoa-trung-quoc-tai-viet-nam-194819f1884.html,1
Vì sao Trung Quốc hay doạ đánh Việt Nam?,https://www.khoi8406.com/post/leanhhung/vi-sao-trung-quoc-hay-doa-anh-viet-nam-7a632eff52b.html,1
Nguyễn Xuân Phúc đi vào vết xe Nguyễn Tấn Dũng?,https://www.khoi8406.com/post/leanhhung/nguyen-xuan-phuc-i-vao-vet-xe-nguyen-bb16cb23d70.html,1
Một kiểu tư duy pháp luật đáng quan ngại,https://www.khoi8406.com/post/leanhhung/mot-kieu-tu-duy-phap-luat-ang-quan-ngai-371ce1db62a.html,1
Thông điệp đối thoại và hành động của chúng ta,https://www.khoi8406.com/post/leanhhung/thong-iep-oi-thoai-va-hanh-ong-cua-903e78eebac.html,1
THƯ TỐ CÁO LÃNH ĐẠO ĐẢNG VÀ NHÀ NƯỚC LẦN THỨ 76,https://www.khoi8406.com/post/leanhhung/thu-to-cao-lan-thu-76-23656e018ff.html,1
"Vụ Bạch Hồng Quyền: Âm mưu, hay thật sự truy nã?",https://www.khoi8406.com/post/leanhhung/vu-bach-hong-quyen-am-muu-hay-that-su-079e19f4072.html,1
LỜI KÊU GỌI THÀNH LẬP HỘI CHỐNG HIỂM HOẠ TRUNG QUỐC,https://www.khoi8406.com/post/leanhhung/loi-keu-goi-thanh-lap-hoi-chong-hiem-0389655a8ef.html,1
Vay tiền giặc mở đường rước giặc vào nhà?,https://www.khoi8406.com/post/leanhhung/vay-tien-giac-mo-uong-ruoc-giac-vao-nha-2cd5948268d.html,1
Đấu tranh dân chủ: ôn hoà hay bạo lực?,https://www.khoi8406.com/post/leanhhung/au-tranh-dan-chu-on-hoa-hay-bao-luc-b217943f92a.html,1
Sau Võ Kim Cự sẽ đến ai?,https://www.khoi8406.com/post/leanhhung/sau-vo-kim-cu-se-en-ai-c26d19e53c3.html,1
Những con voi bị xích và tâm thế người Việt thời cộng sản,https://www.khoi8406.com/post/leanhhung/nhung-con-voi-bi-xich-va-tam-nguoi-viet-fb67f850f19.html,1
Tinh Thần Đồng Tâm,https://www.khoi8406.com/post/leanhhung/tinh-than-ong-tam-9e768af0810.html,1
Câu chuyện một nông dân quyết tử giữ đất,https://www.khoi8406.com/post/leanhhung/cau-chuyen-mot-nong-dan-quyet-tu-giu-at-fa88075d6c7.html,1
Tổng biểu tình: vì sao và như thế nào?,https://www.khoi8406.com/post/leanhhung/tong-bieu-tinh-vi-sao-va-nhu-nao-5de3639d035.html,1
Thêm một sự cấu kết của quyền lực bất chính,https://www.khoi8406.com/post/leanhhung/them-mot-su-cau-ket-cua-quyen-luc-bat-54e89b75058.html,1
Vụ Trịnh Văn Chiến - Quỳnh Anh và sự kiểm soát quyền lực dưới chế độ cộng sản,https://www.khoi8406.com/post/leanhhung/vu-trinh-van-chien-quynh-anh-va-su-kiem-df080a6865f.html,1
Sun Group đang làm gì ở Việt Nam?,https://www.khoi8406.com/post/leanhhung/sun-group-ang-lam-gi-o-viet-nam-fc833b82141.html,1
Cách mạng dân chủ ở Việt Nam và sứ mạng lịch sử của Công giáo,https://www.khoi8406.com/post/leanhhung/cach-mang-dan-chu-o-viet-nam-va-su-mang-14a59e94e78.html,1
Khó khăn của phong trào dân chủ Việt Nam hiện nay,https://www.khoi8406.com/post/leanhhung/kho-khan-cua-phong-trao-dan-chu-viet-17a3df71ace.html,1
Donald Trump trong vòng vây ở Washington,https://www.khoi8406.com/post/leanhhung/donald-trump-trong-vong-vay-o-washington-1e97cd774c3.html,1
Xu thế chính trị trong ban lãnh đạo Việt Nam hiện nay,https://www.khoi8406.com/post/leanhhung/xu-chinh-tri-trong-ban-lanh-ao-viet-nam-0a749de1168.html,1
Món quà đầu Xuân ý nghĩa của lão tướng Nguyễn Trọng Vĩnh,https://www.khoi8406.com/post/leanhhung/mon-qua-au-xuan-y-nghia-cua-lao-tuong-0889668bc47.html,1
Phe cấp tiến trong Đảng CSVN từng trỗi dậy ngoạn mục như thế nào?,https://www.khoi8406.com/post/leanhhung/phe-cap-tien-trong-ang-csvn-tung-troi-bd3550e67cd.html,1
‘Quy hoạch băm nát Hà Nội’: Ai là thủ phạm?,https://www.khoi8406.com/post/leanhhung/quy-hoach-bam-nat-ha-noi-ai-la-thu-pham-f2f8b680342.html,1
Hà Nội – những mảng màu giáp Tết,https://www.khoi8406.com/post/leanhhung/ha-noi-nhung-mang-mau-giap-tet-4351c87c6ce.html,1
Ông Nguyễn Phú Trọng quyết tâm ‘Hán hoá’ đội ngũ lãnh đạo Việt Nam?,https://www.khoi8406.com/post/leanhhung/ong-nguyen-phu-trong-quyet-tam-han-hoa-012420d0aa9.html,1
Donald Trump sẽ chiến thắng trong cuộc chiến với giới tình báo,https://www.khoi8406.com/post/leanhhung/donald-trump-se-chien-thang-trong-cuoc-20d8a746cf2.html,1
Kinh tế Việt Nam ‘hậu Nguyễn Tấn Dũng’: le lói hy vọng ‘thoát Trung’,https://www.khoi8406.com/post/leanhhung/kinh-te-viet-nam-hau-nguyen-tan-dung-le-82479ed97c9.html,1
Chính sách “America First” của Trump và nguy cơ xung đột toàn cầu,https://www.khoi8406.com/post/leanhhung/chinh-sach-america-first-cua-trump-va-d7ee801e1e2.html,1
Lũ chồng lũ ở Miền Trung: còn đến bao giờ?,https://www.khoi8406.com/post/leanhhung/lu-chong-lu-o-mien-trung-con-en-bao-gio-71c4bf3bffd.html,1
Vì sao Trần Xuân Bách mới chưa xuất hiện ở Việt Nam?,https://www.khoi8406.com/post/leanhhung/vi-sao-tran-xuan-bach-moi-chua-xuat-c5efa6d327f.html,1
Donald Trump và quả lắc chính sách ngoại giao,https://www.khoi8406.com/post/leanhhung/donald-trump-va-qua-lac-chinh-sach-fcf8239ef69.html,1
Bất cập trong quản lý nhà nước về tài nguyên nước ở Việt Nam,https://www.khoi8406.com/post/leanhhung/bat-cap-trong-quan-ly-nha-nuoc-ve-tai-45f806aed31.html,1
Thủ tướng Nguyễn Xuân Phúc đang “hướng Trung”?,https://www.khoi8406.com/post/leanhhung/thu-tuong-nguyen-xuan-phuc-ang-huong-13a2c7b9fe3.html,1
Võ Kim Cự sắp bị sờ gáy?,https://www.khoi8406.com/post/leanhhung/vo-kim-cu-sap-bi-so-gay-a24bb47b5e8.html,1
"Sau 25 năm, chiến thắng của phương Tây đã trở thành dĩ vãng",https://www.khoi8406.com/post/leanhhung/sau-25-nam-chien-thang-cua-phuong-tay-30d4542217e.html,1
Kinh tế học thể chế: khiếm khuyết lớn trong tủ sách học thuật ở Việt Nam,https://www.khoi8406.com/post/leanhhung/kinh-te-hoc-che-khiem-khuyet-lon-trong-c2685ec95f3.html,1
Donald Trump đem lại lợi ích gì cho Trung Quốc?,https://www.khoi8406.com/post/leanhhung/donald-trump-em-lai-loi-ich-gi-cho-31b9dd0b9d7.html,1
Cuộc đấu Nguyễn Phú Trọng - Đinh La Thăng: chiêu trò mới của Bắc Kinh?,https://www.khoi8406.com/post/leanhhung/cuoc-au-nguyen-phu-trong-inh-la-thang-91f84636e7e.html,1
Cựu Bộ trưởng Vũ Huy Hoàng bị xử lý: kết cục của một kẻ tận trung với Trung Quốc,https://www.khoi8406.com/post/leanhhung/cuu-bo-truong-vu-huy-hoang-bi-xu-ly-ket-22cd607b4f4.html,1
Bắc Kinh đã ngăn cản Võ Nguyên Giáp trở thành Tổng Bí thư như thế nào?,https://www.khoi8406.com/post/leanhhung/bac-kinh-ngan-can-vo-nguyen-giap-tro-8074e64759f.html,1
Cuộc chiến giữ đất ở Từ Sơn - Bắc Ninh: sẵn sàng đổ máu!,https://www.khoi8406.com/post/leanhhung/cuoc-chien-giu-at-o-tu-son-bac-ninh-san-22026fee36f.html,1
Giấc mộng Trung Hoa và tương lai Việt Nam,https://www.khoi8406.com/post/leanhhung/giac-mong-trung-hoa-va-tuong-lai-viet-445e9fa3c01.html,1
Hiểm hoạ Formosa Hà Tĩnh cần được giải quyết bằng cách nào?,https://www.khoi8406.com/post/leanhhung/hiem-hoa-formosa-ha-tinh-can-uoc-giai-b136fd86a6c.html,1
Cách mạng dân chủ ở Việt Nam: từ dưới lên hay từ trên xuống?,https://www.khoi8406.com/post/leanhhung/cach-mang-dan-chu-o-viet-nam-tu-duoi-5f4d1219356.html,1
Nhà máy giấy Lee & Man Việt Nam: một Formosa Hà Tĩnh mới ở đồng bằng sông Cửu Long?,https://www.khoi8406.com/post/leanhhung/nha-may-giay-lee-man-viet-nam-mot-c0f6fb80d90.html,1
VTV ‘đấu tố’ MC Phan Anh: sức mạnh của nghệ thuật tương phản,https://www.khoi8406.com/post/leanhhung/vtv-au-to-mc-phan-anh-suc-manh-cua-nghe-12937ac19d4.html,1
Big C bị người Thái thâu tóm: ‘song kiếm’ Tàu - Thái và nền kinh tế Việt,https://www.khoi8406.com/post/leanhhung/big-c-bi-nguoi-thai-thau-tom-song-kiem-f3b9db06bb3.html,1
Báo động: Người Trung Quốc đã lập căn cứ sát nách Cửa Việt - Quảng Trị,https://www.khoi8406.com/post/leanhhung/bao-ong-nguoi-trung-quoc-lap-can-cu-sat-52204862de2.html,1
Cựu đại sứ Mỹ chỉ trích Obama nhu nhược trước kẻ thù và kêu gọi Hoa Kỳ cảnh giác với Putin,https://www.khoi8406.com/post/leanhhung/cuu-ai-su-my-chi-trich-obama-nhu-nhuoc-3901165d7bb.html,1
Tuần trăng mật của Washington ở Cam Ranh,https://www.khoi8406.com/post/leanhhung/tuan-trang-mat-cua-washington-o-cam-ranh-1885624344f.html,1
THÔNG BÁO: VỀ “GIẤY TRIỆU TẬP” CỦA CÔNG AN HÀ NỘI,https://www.khoi8406.com/post/leanhhung/thong-bao-ve-giay-trieu-tap-cua-cong-ha-30ba45ca70e.html,1
“GIẤY TRIỆU TẬP” PHI PHÁP LẦN THỨ 2 CỦA CÔNG AN HÀ NỘI,https://www.khoi8406.com/post/leanhhung/giay-trieu-tap-phi-phap-lan-thu-2-cua-e048b368948.html,1
Trung Quốc lại sắp lập căn cứ ở Trung tâm Nhiệt điện Sông Hậu?,https://www.khoi8406.com/post/leanhhung/trung-quoc-lai-sap-lap-can-cu-o-trung-e94379fb8b6.html,1
"Hoàng Trung Hải, con bài tủ trong chiến lược Hán hoá Việt Nam",https://www.khoi8406.com/post/leanhhung/hoang-trung-hai-con-bai-tu-trong-chien-5e45051e1b8.html,1
Trung Quốc chấm dứt việc quân đội “nhảy múa kiếm cơm” – Việt Nam thì sao?,https://www.khoi8406.com/post/leanhhung/trung-quoc-cham-dut-viec-quan-oi-nhay-dba9e410963.html,1
Một cuộc vượt thoát công an ngoạn mục,https://www.khoi8406.com/post/leanhhung/mot-cuoc-vuot-thoat-cong-ngoan-muc-fe97756eda1.html,1
Hạ Long: Nén bạc đâm toạc di sản,https://www.khoi8406.com/post/leanhhung/ha-long-nen-bac-am-toac-di-san-d7f3eb73cef.html,1
Thêm một vụ bắt cóc và cưỡng chế làm việc với công an: luật pháp thời đại Hồ Chí Minh,https://www.khoi8406.com/post/leanhhung/them-mot-vu-bat-coc-va-cuong-che-lam-316d29b8f29.html,1
Chuyện chỉ có ở Việt Nam: Dự án nhiệt điện hàng tỷ USD được giao cho một công ty chuyên doanh… mực in,https://www.khoi8406.com/post/leanhhung/chuyen-chi-co-o-viet-nam-du-nhiet-ien-c7dbcd1a03a.html,1
Báo động: Trung tâm Nhiệt điện Duyên Hải sắp trở thành căn cứ của Trung Quốc,https://www.khoi8406.com/post/leanhhung/bao-ong-trung-tam-nhiet-ien-duyen-hai-c7405dbb137.html,1
Thư ngỏ gửi ĐBQH Dương Trung Quốc về vụ tố cáo Bí thư Thành uỷ Hà Nội Hoàng Trung Hải,https://www.khoi8406.com/post/leanhhung/thu-ngo-gui-bqh-duong-trung-quoc-ve-vu_29-a706524c13f.html,1
Nỗi sợ của con người trước ác quỷ,https://www.khoi8406.com/post/leanhhung/noi-so-cua-con-nguoi-truoc-ac-quy-dece01f0583.html,1
Công nghiệp ô tô Việt Nam sẽ bị xoá sổ?,https://www.khoi8406.com/post/leanhhung/cong-nghiep-o-to-viet-nam-se-bi-xoa-so-bf44cf91437.html,1
Kinh tế Việt Nam: nguy cơ chìm nghỉm trong vòng xoáy ‘Hán hoá’,https://www.khoi8406.com/post/leanhhung/kinh-te-viet-nam-nguy-co-chim-nghim-8c1083755e1.html,1
Những cuộc chiến ý thức hệ sắp tới của Trung Quốc,https://www.khoi8406.com/post/leanhhung/nhung-cuoc-chien-y-thuc-he-sap-toi-cua-c7a10304641.html,1
Tổng Thư ký Quốc hội Nguyễn Hạnh Phúc là ai?,https://www.khoi8406.com/post/leanhhung/tong-thu-ky-quoc-hoi-nguyen-hanh-phuc-9518f533edb.html,1
TBT Nguyễn Phú Trọng lú lẫn ngày càng trầm trọng,https://www.khoi8406.com/post/leanhhung/tbt-nguyen-phu-trong-lu-lan-ngay-cang-1a3493c851f.html,1
Khu mộ gia đình Hán tộc của tân Uỷ viên Bộ Chính trị Hoàng Trung Hải,https://www.khoi8406.com/post/leanhhung/khu-mo-gia-inh-tan-uy-vien-bo-chinh-tri-fdcf4b2b133.html,1
TT Nguyễn Tấn Dũng âm mưu chạy tội cho PTT Hoàng Trung Hải trước thềm Đại hội Đảng?,https://www.khoi8406.com/post/leanhhung/tt-nguyen-tan-dung-am-muu-chay-toi-cho-a1c4eeae28e.html,1
Thư hồi đáp TS Vũ Duy Phú – một người ủng hộ Thủ tướng Nguyễn Tấn Dũng nhiệt thành,https://www.khoi8406.com/post/leanhhung/thu-hoi-ap-ts-vu-duy-phu-mot-nguoi-ung-51c5d64e923.html,1
LS Cù Huy Hà Vũ: Thủ tướng Nguyễn Tấn Dũng trong ván bài thôn tính Việt Nam của Trung Quốc,https://www.khoi8406.com/post/leanhhung/ls-cu-huy-ha-vu-thu-tuong-nguyen-tan-5fb67d24adf.html,1
THƯ TỐ CÁO LÃNH ĐẠO ĐẢNG VÀ NHÀ NƯỚC LẦN THỨ 75,https://www.khoi8406.com/post/leanhhung/thu-to-cao-lanh-ao-ang-va-nha-nuoc-lan-f15231c2f3b.html,1
Thủ tướng Nguyễn Tấn Dũng “chống Trung Quốc” quyết liệt như thế nào?,https://www.khoi8406.com/post/leanhhung/thu-tuong-nguyen-tan-dung-chong-trung-9fffe01e9fe.html,1
Thư ngỏ gửi lãnh đạo Bộ Công an và Tp Đà Nẵng,https://www.khoi8406.com/post/leanhhung/thu-ngo-gui-lanh-ao-bo-cong-va-tp-nang-4bfade97b77.html,1
Ngón nghề cộng sản và những trí thức bị xỏ mũi,https://www.khoi8406.com/post/leanhhung/ngon-nghe-cong-san-va-nhung-tri-thuc-bi-6a92ba48d4d.html,1
Ai âm mưu loại bỏ môn lịch sử ra khỏi chương trình giáo dục?,https://www.khoi8406.com/post/leanhhung/ai-am-muu-loai-bo-mon-lich-su-ra-khoi-dcc0385f73c.html,1
Hiểm hoạ Trung Quốc ở Bình Định,https://www.khoi8406.com/post/leanhhung/hiem-hoa-trung-quoc-o-binh-inh-ba8a7806608.html,1
Nguyễn Tấn Dũng – một người cha bất nhân,https://www.khoi8406.com/post/leanhhung/nguyen-tan-dung-mot-nguoi-cha-bat-nhan-59bfb1ba7f0.html,1
Vì sao Uỷ ban Quốc gia Tìm kiếm Cứu nạn lại khoanh tay bất động trước vụ ngư dân VN bị bắn chết ở Trường Sa?,https://www.khoi8406.com/post/leanhhung/vi-sao-uy-ban-quoc-gia-tim-kiem-cuu-nan-8afa8d5e0c3.html,1
Một quyết định sáng suốt của lãnh đạo Đảng và Nhà nước Việt Nam,https://www.khoi8406.com/post/leanhhung/mot-quyet-inh-sang-suot-cua-lanh-ao-ang-9b3e3e3b7d0.html,1
Người Trung Quốc cắm chốt ở Bình Thuận: Ai đã rước giặc vào nhà?,https://www.khoi8406.com/post/leanhhung/nguoi-trung-quoc-cam-chot-o-binh-thuan-89f60aecef1.html,1
Công an nhân dân hay lưu manh mặc quân phục?,https://www.khoi8406.com/post/leanhhung/cong-nhan-dan-hay-luu-manh-mac-quan-phuc-f771c656504.html,1
THƯ TỐ CÁO LÃNH ĐẠO ĐẢNG VÀ NHÀ NƯỚC VIỆT NAM LẦN THỨ 74,https://www.khoi8406.com/post/leanhhung/thu-to-cao-lan-thu-74-6d7a539c751.html,1
Hà Tĩnh trước làn sóng ‘Hán hoá’ mới,https://www.khoi8406.com/post/leanhhung/ha-tinh-truoc-lan-song-han-hoa-moi-117a49820aa.html,1
Washington Post: Hoa Kỳ tuần tra đảo – phép thử cho cam kết của Trung Quốc đối với Biển Đông,https://www.khoi8406.com/post/leanhhung/washington-post-hoa-ky-tuan-tra-ao-phep-4c8c1c6f4ca.html,1
Đền thờ Formosa bị trộm: báo động tình trạng tệ nạn xã hội ở Kỳ Anh - Hà Tĩnh,https://www.khoi8406.com/post/leanhhung/en-tho-formosa-bi-trom-bao-ong-tinh-5b11a8b1333.html,1
Người Trung Quốc lại sắp lập căn cứ ở Lăng Cô – Thừa Thiên Huế?,https://www.khoi8406.com/post/leanhhung/nguoi-trung-quoc-lai-sap-lap-can-cu-o-3cf439f303c.html,1
Cài cắm và mua chuộc – thủ đoạn bẩn thỉu và nham hiểm của an ninh cộng sản,https://www.khoi8406.com/post/leanhhung/cai-cam-va-mua-chuoc-thu-oan-ban-thiu-2a4b0f8aaf3.html,1
Thêm một “chiến công ngoạn mục” của PTT gốc Tàu Hoàng Trung Hải?,https://www.khoi8406.com/post/leanhhung/them-mot-chien-cong-hien-hach-cua-ptt-cdc17314f10.html,1
Bộ Công thương đã dự báo nền kinh tế Việt Nam sẽ sớm lệ thuộc hoàn toàn vào Trung Quốc?,https://www.khoi8406.com/post/leanhhung/bo-cong-thuong-du-bao-nen-kinh-te-viet-88d781027a1.html,1
Vì sao Thủ tướng Nguyễn Tấn Dũng vẫn ‘quyết liệt’ ủng hộ Formosa Hà Tĩnh?,https://www.khoi8406.com/post/leanhhung/vi-sao-thu-tuong-nguyen-tan-dung-van-9b004b2f405.html,1
Washington Post: Không có cú hạ cánh mềm cho Chủ tịch Tập Cận Bình khi đến Mỹ,https://www.khoi8406.com/post/leanhhung/washington-post-khong-co-cu-ha-canh-mem-6a00ab4f8d4.html,1
TIME: Chuyến thăm Hoa Kỳ đầu tiên của Chủ tịch Tập Cận Bình không giải quyết được những bất đồng cơ bản,https://www.khoi8406.com/post/leanhhung/time-chuyen-tham-hoa-ky-au-tien-cua-chu-188151070f2.html,1
Một nhận định khách quan và chính xác về Thủ tướng Nguyễn Tấn Dũng,https://www.khoi8406.com/post/leanhhung/mot-nhan-inh-khach-quan-va-chinh-xac-ve-126f8e762f0.html,1
Trang TruongTanSang.net nhại bài viết của Lê Anh Hùng nhằm ý đồ gì?,https://www.khoi8406.com/post/leanhhung/trang-truongtansangnet-nhai-bai-viet-5d4d8a9a652.html,1
Washington Post: McCain hối thúc giới chức quốc phòng Hoa Kỳ đối mặt với Trung Quốc ở Biển Đông,https://www.khoi8406.com/post/leanhhung/washington-post-mccain-hoi-thuc-gioi-8e365ed3e63.html,1
"Tư thế hèn hạ, nhục nhã của hai cựu lãnh đạo chóp bu CSVN",https://www.khoi8406.com/post/leanhhung/tu-hen-ha-nhuc-nha-cua-hai-cuu-lanh-ao-19b6dac1f89.html,1
Ai đã ‘rước’ một Cty Trung Quốc trá hình vào cắm chốt những vị trí hiểm yếu tại Đà Nẵng?,https://www.khoi8406.com/post/leanhhung/ai-ruoc-mot-cty-trung-quoc-tra-hinh-vao-eed841239db.html,1
"Khủng hoảng người tị nạn: Việt Nam xưa, Syria nay",https://www.khoi8406.com/post/leanhhung/khung-hoang-nguoi-ti-nan-viet-nam-xua-40e908e266b.html,1
TIME: Lý lẽ nực cười của một Phó Đô đốc Trung Quốc về chủ quyền Biển Đông,https://www.khoi8406.com/post/leanhhung/time-ly-le-nuc-cuoi-cua-mot-pho-o-oc-1573135684d.html,1
BÁO ĐỘNG: NGƯỜI TRUNG QUỐC LẠI SẮP LẬP CĂN CỨ Ở QUẢNG TRỊ,https://www.khoi8406.com/post/leanhhung/bao-ong-nguoi-trung-quoc-lai-sap-lap_11-3ec5ae2f926.html,1
Tại sao Hoa Kỳ và Việt Nam cần khẩn trương thắt chặt quan hệ?,https://www.khoi8406.com/post/leanhhung/tai-sao-hoa-ky-va-viet-nam-can-khan-ce4fa4cfa8e.html,1
Cộng sản Việt Nam sợ gì nhất?,https://www.khoi8406.com/post/leanhhung/cong-san-viet-nam-so-gi-nhat-74e51b01349.html,1
Cảnh sát và an ninh,https://www.khoi8406.com/post/leanhhung/canh-sat-va-ninh-09ea6ff1c9b.html,1
Washington Post: Liệu Trung Quốc có sụp đổ?,https://www.khoi8406.com/post/leanhhung/washington-post-lieu-trung-quoc-co-sup-o-2a9a59dbdcf.html,1
Khu nghỉ dưỡng Bãi Chuối – Hải Vân: mưu đồ thâm độc của Trung Quốc?,https://www.khoi8406.com/post/leanhhung/khu-nghi-duong-bai-chuoi-hai-van-muu-o-2f28d46b703.html,1
Thế giới biết gì về Việt Nam?,https://www.khoi8406.com/post/leanhhung/the-gioi-biet-gi-ve-viet-nam-4b500ea417b.html,1
"Washington Post: Trước thềm chuyến công du Hoa Kỳ của Tập Cận Bình, uy thế Trung Quốc suy giảm",https://www.khoi8406.com/post/leanhhung/washington-post-truoc-them-chuyen-cong-8b0cdf7d1ba.html,1
Vén màn lịch sử: Một nguyên thủ đại cường da đen vừa viếng thăm Việt Nam?,https://www.khoi8406.com/post/leanhhung/ven-man-lich-su-mot-nguyen-thu-ai-cuong_13-a70609f7b79.html,1
“HỘI CHỨNG LÊ VĂN LUYỆN” TRONG BỘ MÁY CÔNG QUYỀN Ở VIỆT NAM,https://www.khoi8406.com/post/leanhhung/hoi-chung-le-van-luyen-trong-bo-may_27-08b8555be51.html,1
VÌ SAO ÔNG NGUYỄN PHÚ TRỌNG KHÔNG LÊN TIẾNG VỀ VỤ VIỆC Ở TIÊN LÃNG?,https://www.khoi8406.com/post/leanhhung/vi-sao-ong-nguyen-phu-trong-khong-len_18-147cd417827.html,1
VIỆT NAM ĐANG ĐI VỀ ĐÂU?,https://www.khoi8406.com/post/leanhhung/viet-nam-ang-i-ve-au_12-397596a392c.html,1
Formosa Hà Tĩnh đã trở thành đặc khu của Trung Quốc?,https://www.khoi8406.com/post/leanhhung/formosa-ha-tinh-tro-thanh-ac-khu-cua_9-2053435856d.html,1
Lời kêu gọi dư luận quan tâm theo dõi phiên toà ngày 12.2 ở Đồng Nai,https://www.khoi8406.com/post/leanhhung/loi-keu-goi-du-luan-quan-tam-theo-doi_10-74113cb3757.html,1
Friedrich Hayek: Cuộc đời và Tư tưởng,https://www.khoi8406.com/post/leanhhung/friedrich-hayek-cuoc-oi-va-tu-tuong_90-61f54eb93b4.html,1
Kinh tế học thể chế: Trật tự xã hội và chính sách công,https://www.khoi8406.com/post/leanhhung/kinh-te-hoc-che-trat-tu-xa-hoi-va-chinh_4-26e9deae8c0.html,1
THƯ CỦA MỘT ĐỘC GIẢ,https://www.khoi8406.com/post/leanhhung/thu-cua-mot-oc-gia_15-fa55d33d466.html,1
MỘT CUỐN SÁCH GÂY ẤN TƯỢNG MẠNH,https://www.khoi8406.com/post/leanhhung/mot-cuon-sach-gay-tuong-manh_21-aa05a244b92.html,1
SÁCH DỊCH THỜI… HẬU “THẢM HOẠ”,https://www.khoi8406.com/post/leanhhung/sach-dich-thoi-hau-tham-hoa_23-47ac70a8786.html,1
Số phận lênh đênh của một cuốn sách học thuật ở Việt Nam,https://www.khoi8406.com/post/leanhhung/so-phan-lenh-enh-cua-mot-cuon-sach-hoc_17-23053cab8ef.html,1
NHẬP SIÊU TỪ TRUNG QUỐC: CẤP ĐỘ BÁO ĐỘNG NGÀY CÀNG LỚN VÀ NHỮNG CÁI TAI NGÀY CÀNG ĐIẾC,https://www.khoi8406.com/post/leanhhung/nhap-sieu-tu-trung-quoc-cap-o-bao-ong_3-95e935a5825.html,1
"PTT Tàu Hoàng Trung Hải ""dâng"" phần lớn các mỏ khoáng sản của Việt Nam cho Trung Quốc",https://www.khoi8406.com/post/leanhhung/ptt-tau-hoang-trung-hai-phan-lon-cac-mo_4-a71fd6694c8.html,1
QUAN HỆ MỸ - VIỆT - TRUNG VÀ CHUYẾN THĂM ĐẦY PHẤP PHỎNG CỦA ÔNG SANG,https://www.khoi8406.com/post/leanhhung/quan-he-my-viet-trung-va-chuyen-tham-ay_24-292becf3e5f.html,1
Xây dựng một di sản mới của Mỹ ở Việt Nam,https://www.khoi8406.com/post/leanhhung/xay-dung-mot-di-san-moi-cua-my-o-viet_1-2043605c4c2.html,1
CÂU CHUYỆN TẠM GIAM Ở VIỆT NAM,https://www.khoi8406.com/post/leanhhung/cau-chuyen-tam-giam-o-viet-nam_10-9a718471fff.html,1
HIỂM HOẠ TRUNG QUỐC: BÀI HỌC TỪ TIỆP KHẮC VÀ UKCRAINE,https://www.khoi8406.com/post/leanhhung/hiem-hoa-trung-quoc-bai-hoc-tu-tiep_7-ba9d74fe6f9.html,1
Lào Cai: “Tử huyệt” của phòng tuyến biên giới phía bắc?,https://www.khoi8406.com/post/leanhhung/lao-cai-tu-huyet-cua-phong-tuyen-bien_18-295b94fa55f.html,1
Trục đường cửa ngõ chiến lược Móng Cái - Hạ Long sẽ rơi vào vòng kiểm soát của Trung Quốc?,https://www.khoi8406.com/post/leanhhung/truc-uong-cua-ngo-chien-luoc-mong-cai_11-c7ce8512b2e.html,1
TPP: Đòn bẩy cho Nhân quyền ở Việt Nam?,https://www.khoi8406.com/post/leanhhung/tpp-on-bay-cho-nhan-quyen-o-viet-nam_22-64008ae5166.html,1
THỰC TRẠNG VIỆT NAM: VẤN ĐỀ VÀ GIẢI PHÁP,https://www.khoi8406.com/post/leanhhung/thuc-trang-viet-nam-van-e-va-giai-phap_6-33d86c7c74c.html,1
“Đảng ta” đã “giải phóng con người” như thế nào?,https://www.khoi8406.com/post/leanhhung/ang-ta-giai-phong-con-nguoi-nhu-nao_1-bdfb3119cfd.html,1
Chính phủ Việt Nam đang ‘dâng’ nền kinh tế nước nhà cho Trung Quốc?,https://www.khoi8406.com/post/leanhhung/chinh-phu-viet-nam-ang-dang-nen-kinh-te_6-be6ea17ff04.html,1
Trung Nam Hải đang toan tính gì với con bài Nguyễn Tấn Dũng?,https://www.khoi8406.com/post/leanhhung/trung-nam-hai-ang-toan-tinh-gi-voi-con_2-05be7c3816e.html,1
"Vì sao TQ cấm làm đường gần biên giới, còn VN lại mở toang cửa ngõ biên giới với TQ?",https://www.khoi8406.com/post/leanhhung/vi-sao-tq-cam-lam-uong-gan-bien-gioi_25-5706dec1676.html,1
Trung tâm Nhiệt điện Vĩnh Tân: Hiểm hoạ mất nước,https://www.khoi8406.com/post/leanhhung/trung-tam-nhiet-ien-vinh-tan-hiem-hoa_21-f975b838949.html,1
Tầm nhìn chung Việt - Mỹ?,https://www.khoi8406.com/post/leanhhung/tam-nhin-chung-viet-my_9-53070192614.html,1
Văn hoá “quy hoạch” ở Việt Nam,https://www.khoi8406.com/post/leanhhung/van-hoa-quy-hoach-o-viet-nam-d12090c6494.html,1
Bauxite Việt Nam đã công khai lên tiếng về vụ PTT Tàu Hoàng Trung Hải,https://www.khoi8406.com/post/leanhhung/bauxite-viet-nam-cong-khai-len-tieng-ve_14-2886cdee99c.html,1
THƯ NGỎ GỬI BỘ TRƯỞNG CÔNG AN TRẦN ĐẠI QUANG VÀ ĐBQH DƯƠNG TRUNG QUỐC,https://www.khoi8406.com/post/leanhhung/thu-ngo-gui-bo-truong-cong-tran-ai_22-8389ff7be42.html,1
CẢNH GIÁC VỚI NHỮNG KHOẢN VAY TỪ TRUNG QUỐC,https://www.khoi8406.com/post/leanhhung/canh-giac-voi-nhung-khoan-vay-tu-trung_1-0bfa6c40d51.html,1
ÔNG HOÀNG TRUNG HẢI LẠI TIẾP TỤC CA BÀI MỊ DÂN,https://www.khoi8406.com/post/leanhhung/ong-hoang-trung-hai-lai-tiep-tuc-ca-bai_19-a8082ffe716.html,1
QUỐC HỘI VIỆT NAM ĐANG BỊ THAO TÚNG NHƯ THẾ NÀO,https://www.khoi8406.com/post/leanhhung/quoc-hoi-viet-nam-ang-bi-thao-tung-nhu_3-f50dcbd39ee.html,1
KHOA HỌC VÀ CHÍNH TRỊ,https://www.khoi8406.com/post/leanhhung/khoa-hoc-va-chinh-tri_6-c45f4a0f3c0.html,1
MỘT NGHỊ QUYẾT QUAN TRỌNG CỦA ĐẢNG ĐÃ ĐƯỢC THỰC HIỆN NHƯ THẾ NÀO?,https://www.khoi8406.com/post/leanhhung/mot-nghi-quyet-quan-trong-cua-ang-uoc_77-5eb41908e34.html,1
KHI NHÀ NƯỚC CỞI TRUỒNG,https://www.khoi8406.com/post/leanhhung/khi-nha-nuoc-coi-truong_1-75262e1fb15.html,1
“TÍNH ĐẢNG” TRONG NHÂN DÂN,https://www.khoi8406.com/post/leanhhung/tinh-ang-trong-nhan-dan_10-778a42dd7ac.html,1
SÁNG SUỐT!,https://www.khoi8406.com/post/leanhhung/sang-suot_15-ab5e97ca275.html,1
“CÁI GIÁ CỦA TỰ DO LÀ SỰ CẢNH GIÁC THƯỜNG TRỰC”,https://www.khoi8406.com/post/leanhhung/cai-gia-cua-tu-do-la-su-canh-giac_18-0532722b2ec.html,1
TRUNG QUỐC GÂY MẤT ĐIỆN DIỆN RỘNG Ở ẤN ĐỘ VÀ TAI HOẠ ĐANG LƠ LỬNG TRÊN ĐẦU CHÚNG TA,https://www.khoi8406.com/post/leanhhung/trung-quoc-gay-mat-ien-dien-rong-o-o-va_3-7fb8cf3c6ae.html,1
VỀ MỘT NỀN VĂN HOÁ BỊ CƯỠNG BỨC,https://www.khoi8406.com/post/leanhhung/ve-mot-nen-van-hoa-bi-cuong-buc_15-076bba8573e.html,1
TỪ LỢN SIÊU NẠC ĐẾN BẤT ỔN XÃ HỘI,https://www.khoi8406.com/post/leanhhung/tu-lon-sieu-nac-en-bat-on-xa-hoi_28-e2df78b6719.html,1
TẤT CẢ VÌ TƯƠNG LAI CON EM CHÚNG TA!,https://www.khoi8406.com/post/leanhhung/tat-ca-vi-tuong-lai-con-em-chung-ta_22-fc817cdb13e.html,1
THÂN PHẬN “CỬ TRI” VÀ “ĐẠI BIỂU NHÂN DÂN” Ở VIỆT NAM,https://www.khoi8406.com/post/leanhhung/than-phan-cu-tri-va-ai-bieu-nhan-dan-o_16-32ee9c9786f.html,1
SỬA HIẾN PHÁP – TRÍ THỨC PHẢI LÊN TIẾNG,https://www.khoi8406.com/post/leanhhung/sua-hien-phap-tri-thuc-phai-len-tieng_7-d93bbbf3e27.html,1
TỪ HIỆN TƯỢNG VIETTEL NGHĨ VỀ SỰ HOANG PHÍ CỦA MỘT HỆ THỐNG,https://www.khoi8406.com/post/leanhhung/tu-hien-tuong-viettel-nghi-ve-su-hoang_29-9e7e418ee0a.html,1
KIÊU BINH TRONG THỜI ĐẠI HỒ CHÍ MINH,https://www.khoi8406.com/post/leanhhung/kieu-binh-trong-thoi-ai-ho-chi-minh_25-80a1864bda4.html,1
HIỂM HOẠ PHƯƠNG BẮC VÀ LỰA CHỌN CỦA VIỆT NAM,https://www.khoi8406.com/post/leanhhung/hiem-hoa-phuong-bac-va-lua-chon-cua_15-8acd26f683d.html,1
VỤ ĐOÀN VĂN VƯƠN: NGUY CƠ TỘI PHẠM THAO TÚNG QUAN CHỨC CHÍNH QUYỀN,https://www.khoi8406.com/post/leanhhung/vu-oan-van-vuon-nguy-co-toi-pham-thao_8-e4b50fb5c3e.html,1
THAM NHŨNG TRONG CÁC DNNN NGÀNH XÂY DỰNG – GIAO THÔNG,https://www.khoi8406.com/post/leanhhung/tham-nhung-trong-cac-dnnn-nganh-xay_7-6c9a8bc64e4.html,1
LÃNH ĐẠO VÀ ĐẤT NƯỚC,https://www.khoi8406.com/post/leanhhung/lanh-ao-va-at-nuoc_2-eeed4eb5ee5.html,1
BÃ QUYỀN LỰC,https://www.khoi8406.com/post/leanhhung/ba-quyen-luc_4-bcd913e09f8.html,1
CẠNH TRANH THỂ CHẾ VÀ THÁCH THỨC VỚI VIỆT NAM,https://www.khoi8406.com/post/leanhhung/canh-tranh-che-va-thach-thuc-voi-viet_27-f91ab6c19d8.html,1
ĐẢNG “COI TRỌNG ĐỘI NGŨ DOANH NHÂN” NHƯ THẾ NÀO?,https://www.khoi8406.com/post/leanhhung/ang-coi-trong-oi-ngu-doanh-nhan-nhu-nao_21-9c24d3b018e.html,1
HIẾN PHÁP VÀ MỘT SỰ NGỘ NHẬN VỀ DÂN CHỦ,https://www.khoi8406.com/post/leanhhung/hien-phap-va-mot-su-ngo-nhan-ve-dan-chu_15-66eb341b96d.html,1
“TÁI CẤU TRÚC” LÀ THẾ NÀY ĐÂY,https://www.khoi8406.com/post/leanhhung/tai-cau-truc-la-nay-ay_11-5bd35ae6ba8.html,1
TÌNH TRẠNG VÔ PHÁP LUẬT Ở VIỆT NAM HIỆN NAY: CĂN NGUYÊN VÀ THÁCH THỨC CHO BẢN HIẾN PHÁP MỚI,https://www.khoi8406.com/post/leanhhung/tinh-trang-vo-phap-luat-o-viet-nam-hien_5-03bafbaa34f.html,1
"SỰ BẤT LỰC CỦA TRUNG ƯƠNG, SỰ VÔ HIỆU CỦA CÁC THIẾT CHẾ DÂN CHỦ Ở ĐỊA PHƯƠNG VÀ HỆ LUỴ",https://www.khoi8406.com/post/leanhhung/su-bat-luc-cua-trung-uong-su-vo-hieu_2-547b5fc7ac0.html,1
CHÍNH PHỦ VÀ CHÍNH SÁCH,https://www.khoi8406.com/post/leanhhung/chinh-phu-va-chinh-sach_12-011dfc1fab0.html,1
Khiếu nại về việc cấm xuất cảnh và tước đoạt hộ chiếu của công dân,https://www.khoi8406.com/post/leanhhung/khieu-nai-ve-viec-cam-xuat-canh-va-tuoc-49d26df93d2.html,1
12 NGÀY TRONG 'THẾ GIỚI TÂM THẦN' - PHẦN CUỐI,https://www.khoi8406.com/post/leanhhung/12-ngay-trong-gioi-tam-than-phan-cuoi_27-3276218d6cf.html,1
Hoa Ban Trắng,https://www.khoi8406.com/post/leanhhung/hoa-ban-trang-d6f4db43905.html,1
TÀI LIỆU TỐ CÁO NGUYỄN PHÚ TRỌNG VÀ TRƯƠNG TẤN SANG BÁN NƯỚC,https://www.khoi8406.com/post/leanhhung/tai-lieu-to-cao-nguyen-phu-trong-va-55565fef06b.html,1
Tâm Huyết Thư tố cáo lý lịch mờ ám của PTT Tàu Hoàng Trung Hải,https://www.khoi8406.com/post/leanhhung/tam-huyet-thu-to-cao-ly-lich-mo-am-cua_92-cafb906a2e1.html,1
CUỘC TRAO ĐỔI GIỮA CÁC VỊ LÃO THÀNH CÁCH MẠNG VỚI LÊ ANH HÙNG,https://www.khoi8406.com/post/leanhhung/cuoc-trao-oi-giua-cac-vi-lao-thanh-cach_10-0354c5ec394.html,1
NHỮNG CƠN NÓNG LẠNH TRÊN ĐẤU TRƯỜNG CHÍNH TRỊ Ở VIỆT NAM,https://www.khoi8406.com/post/leanhhung/nhung-con-nong-lanh-tren-au-truong_72-d145c05e41f.html,1
MỘT TIẾNG NÓI CÔNG KHAI VỀ VỤ TỐ CÁO CỦA TÔI,https://www.khoi8406.com/post/leanhhung/mot-tieng-noi-cong-khai-ve-vu-to-cao_64-0f306111c65.html,1
ĐIỀU GÌ ĐANG XẨY RA VỚI NGÀNH ĐIỆN LỰC CỦA VIỆT NAM?,https://www.khoi8406.com/post/leanhhung/ieu-gi-ang-xay-ra-voi-nganh-ien-luc-cua_85-c1259e4b536.html,1
MỘT NỀN KINH TẾ ĐANG TRÊN ĐÀ “HÁN HOÁ”?,https://www.khoi8406.com/post/leanhhung/mot-nen-kinh-te-ang-tren-han-hoa_13-b545aeba1dc.html,1
Chương trình Từ Cánh Đồng Mây phỏng vấn Lê Anh Hùng,https://www.khoi8406.com/post/leanhhung/chuong-trinh-tu-canh-ong-may-phong-van_4-d9e42a10d20.html,1
Blogger bình luận về blog Quan Làm Báo,https://www.khoi8406.com/post/leanhhung/blogger-binh-luan-ve-blog-quan-lam-bao_4-80ae54462b1.html,1
BỘ CÔNG AN ĐÃ TRẢ LỜI QUỐC HỘI VỀ ĐƠN THƯ TỐ CÁO CỦA LÊ ANH HÙNG NHƯ THẾ NÀO,https://www.khoi8406.com/post/leanhhung/bo-cong-a-tra-loi-quoc-hoi-ve-on-thu-to_7-5497d9f392e.html,1
Tạp chí Tuyên giáo xoá bài viết về kế hoạch xây thêm 58 tượng đài Hồ Chí Minh: Nhà chức trách cuống với dư luận?,https://www.khoi8406.com/post/leanhhung/oi-pho-voi-du-luan-tap-chi-tuyen-giao-140c5cfd98a.html,1
"THÔNG BÁO: NGƯỜI TỐ CÁO LÃNH ĐẠO ĐẢNG VÀ NHÀ NƯỚC BỊ CƯỚP EMAIL, BLOG VÀ FACEBOOK CÁ NHÂN",https://www.khoi8406.com/post/leanhhung/thong-bao-nguoi-to-cao-lanh-ao-ang-va-f6ae483fb85.html,1
Đề nghị Trung tướng Hoàng Kông Tư khởi tố một vụ án đặc biệt nghiêm trọng khác về tội vu khống,https://www.khoi8406.com/post/leanhhung/e-nghi-trung-tuong-hoang-kong-tu-khoi_27-8292219872c.html,1
“ĐIỂM DỪNG” CỦA THẦY PHAN ĐĂNG TUẤT,https://www.khoi8406.com/post/leanhhung/iem-dung-cua-thay-phan-ang-tuat_23-33dc8627107.html,1
NHẬT KÝ BỔ SUNG V,https://www.khoi8406.com/post/leanhhung/nhat-ky-bo-sung-v_21-431bfcdf032.html,1
THƯ TỐ CÁO LẦN THỨ 67,https://www.khoi8406.com/post/leanhhung/thu-to-cao-lan-thu-67_22-363b5fc7e0d.html,1
"TÔI ĐÃ BỊ CỤC A67, BỘ CÔNG AN BẮT CÓC NHƯ THẾ NÀO",https://www.khoi8406.com/post/leanhhung/toi-bi-cuc-a67-bo-cong-bat-coc-nhu-nao_23-438fcc482d9.html,1
Làm việc với Công an Hà Nội ngày 2/7/2012,https://www.khoi8406.com/post/leanhhung/lam-viec-voi-cong-ha-noi-ngay-272012_25-97872677600.html,1
LÀM VIỆC VỚI CÔNG AN HÀ NỘI NGÀY 6/7/2012,https://www.khoi8406.com/post/leanhhung/lam-viec-voi-cong-ha-noi-ngay-672012_25-8687ff962f8.html,1
ĐIỆN THOẠI VỚI CƠ QUAN AN NINH ĐIỀU TRA – CA HÀ NỘI,https://www.khoi8406.com/post/leanhhung/ien-thoai-voi-co-quan-ninh-ieu-tra-ca_28-17d55021fca.html,1
THƯ TỐ CÁO LẦN THỨ 70,https://www.khoi8406.com/post/leanhhung/thu-to-cao-lan-thu-70_13-b6c6196580b.html,1
NHẬT KÝ CHUYỆN LÊ ANH HÙNG - PII,https://www.khoi8406.com/post/leanhhung/nhat-ky-chuyen-le-anh-hung-pii_15-12cfbed6961.html,1
NHẬT KÝ CHUYỆN LÊ ANH HÙNG - PIII,https://www.khoi8406.com/post/leanhhung/nhat-ky-chuyen-le-anh-hung-piii_15-83e1dd1f4ee.html,1
NHẬT KÝ CHUYỆN LÊ ANH HÙNG - PHẦN KẾT CÓ 'HẬU',https://www.khoi8406.com/post/leanhhung/nhat-ky-chuyen-le-anh-hung-phan-ket-co_15-e5a8e313ac4.html,1
TẬP HỢP CÁC BÀI VIẾT VỀ VỤ LÊ ANH HÙNG BỊ BẮT ĐƯA VÀO TRẠI TÂM THẦN,https://www.khoi8406.com/post/leanhhung/tap-hop-cac-bai-viet-ve-vu-le-anh-hung_19-337ae697a22.html,1
12 NGÀY TRONG ‘THẾ GIỚI TÂM THẦN’,https://www.khoi8406.com/post/leanhhung/12-ngay-trong-gioi-tam-than_24-43a7e8cff55.html,1
"12 NGÀY TRONG ""THẾ GIỚI TÂM THẦN"" - PHẦN II",https://www.khoi8406.com/post/leanhhung/12-ngay-trong-gioi-tam-than-phan-ii_25-e234907f6fb.html,1
THƯ KHẨN GỬI ĐẠI BIỂU QUỐC HỘI DƯƠNG TRUNG QUỐC,https://www.khoi8406.com/post/leanhhung/thu-khan-gui-ai-bieu-quoc-hoi-duong_2-accde9ac13c.html,1
THƯ CẦU CỨU,https://www.khoi8406.com/post/leanhhung/thu-cau-cuu_27-1c0ef2df1c9.html,1
THƯ CẦU CỨU KHẨN CẤP,https://www.khoi8406.com/post/leanhhung/thu-cau-cuu-khan-cap_9-06a7630455e.html,1
LỜI KÊU GỌI,https://www.khoi8406.com/post/leanhhung/loi-keu-goi_21-173807b7502.html,1
THƯ TỐ CÁO LẦN THỨ 72,https://www.khoi8406.com/post/leanhhung/thu-to-cao-lan-thu-72_5-2ac29866ae0.html,1
THƯ NGỎ GỬI BỘ TRƯỞNG CÔNG AN TRẦN ĐẠI QUANG,https://www.khoi8406.com/post/leanhhung/thu-ngo-gui-bo-truong-cong-tran-ai-quang_13-5e7a727b588.html,1
THƯ KÊU CỨU GỬI BỘ TRƯỞNG CÔNG AN TRẦN ĐẠI QUANG VÀ ĐBQH DƯƠNG TRUNG QUỐC,https://www.khoi8406.com/post/leanhhung/thu-keu-cuu-gui-bo-truong-cong-tran-ai_27-30484f3ec96.html,1
"NGƯỜI TỐ CÁO LẠI BỊ KHỦNG BỐ, CƯỚP GIẬT",https://www.khoi8406.com/post/leanhhung/nguoi-to-cao-lai-bi-khung-bo-cuop-giat_9-8b77a4b9834.html,1
THƯ TỐ CÁO LẦN THỨ 73 VÀ LỜI KÊU CỨU,https://www.khoi8406.com/post/leanhhung/thu-to-cao-lan-thu-73-va-loi-keu-cuu_9-7d92fe7ad0f.html,1
TƯỜNG TRÌNH VỀ VỤ NGƯỜI TỐ CÁO BỊ BẮT CÓC,https://www.khoi8406.com/post/leanhhung/tuong-trinh-ve-vu-nguoi-to-cao-bi-bat_11-72de69fc5ce.html,1
Ý kiến của ông Đào Tiến Thi về vụ tố cáo của Lê Anh Hùng – Lê Thị Phương Anh,https://www.khoi8406.com/post/leanhhung/y-kien-cua-ong-ao-tien-thi-ve-vu-to-cao_12-5732276f4ec.html,1
Thư của một công dân gửi ĐBQH Dương Trung Quốc về vụ tố cáo của Lê Anh Hùng - Lê Thị Phương Anh,https://www.khoi8406.com/post/leanhhung/thu-cua-mot-cong-dan-gui-bqh-duong_15-19cae714d09.html,1
Đài Á Châu Tự Do lên tiếng về vụ tố cáo của Lê Anh Hùng – Lê Thị Phương Anh,https://www.khoi8406.com/post/leanhhung/ai-chau-tu-do-len-tieng-ve-vu-to-cao_16-d7457d759a3.html,1
“MỘT HÀ TĨNH ĐẦY ẮP NGƯỜI TRUNG QUỐC”: VÌ ĐÂU NÊN NỖI?,https://www.khoi8406.com/post/leanhhung/mot-ha-tinh-ay-ap-nguoi-trung-quoc-vi_28-e4ffa2fa2a8.html,1
ĐƠN TỐ CÁO CÔNG AN ĐÀ NẴNG,https://www.khoi8406.com/post/leanhhung/on-to-cao-cong-a-nang_18-4e8be4f6a11.html,1
"Bản tường trình về việc bị công an, côn đồ tại Đà Nẵng đánh đập một cách dã man ngay trong ngày Quốc tế Nhân quyền",https://www.khoi8406.com/post/leanhhung/ban-tuong-trinh-ve-viec-bi-cong-con-o_19-cab400a30a9.html,1
Cuộc hội luận giữa Đài Viet Live TV với luật sư Nguyễn Văn Đài và vợ chồng blogger Lê Anh Hùng - Lê Thị Phương Anh,https://www.khoi8406.com/post/leanhhung/cuoc-hoi-luan-giua-ai-viet-live-tv-voi_23-1c3ac62c6ae.html,1
PHÓ THỦ TƯỚNG GỐC TÀU HOÀNG TRUNG HẢI CHỈ ĐẠO XÂY “NGHĨA TRANG LIỆT SỸ” 25 TỶ CHO 52 NGƯỜI TRUNG QUỐC,https://www.khoi8406.com/post/leanhhung/pho-thu-tuong-goc-tau-hoang-trung-hai_18-39a3250a0ba.html,1
Những người Trung Quốc được PTT Tàu Hoàng Trung Hải chỉ đạo xây “nghĩa trang liệt sỹ” đã “giúp” Việt Nam “làm đường” như thế nào?,https://www.khoi8406.com/post/leanhhung/nhung-nguoi-trung-quoc-uoc-ptt-tau_25-b33a472ba85.html,1
BBC Tiếng Việt có “non nớt” hay không?,https://www.khoi8406.com/post/leanhhung/bbc-tieng-viet-co-non-not-hay-khong_4-362865b59c9.html,1
Hoạt động dân chủ bị trấn áp ngày càng mạnh,https://www.khoi8406.com/post/leanhhung/hoat-ong-dan-chu-bi-tran-ap-ngay-cang_14-98bbc396a51.html,1
BBC Tiếng Việt định hướng dư luận cho Trung Quốc?,https://www.khoi8406.com/post/leanhhung/bbc-tieng-viet-inh-huong-du-luan-cho_19-825e4827bd5.html,1
TRÒ BỈ ỔI MỚI CỦA BÈ LŨ CƯỚP NƯỚC VÀ BÁN NƯỚC,https://www.khoi8406.com/post/leanhhung/tro-bi-oi-moi-cua-be-lu-cuop-nuoc-va_1-9e021aee60d.html,1
Điều gì đang xẩy ra với Dự án Đường sắt Đô thị tuyến Cát Linh – Hà Đông?,https://www.khoi8406.com/post/leanhhung/ieu-gi-ang-xay-ra-voi-du-uong-sat-o-thi_9-880a741a861.html,1
CON NHỎ CỦA NGƯỜI TỐ CÁO LÃNH ĐẠO BỊ TRẢ THÙ HÈN HẠ,https://www.khoi8406.com/post/leanhhung/con-nho-cua-nguoi-to-cao-lanh-ao-bi-tra_14-d99f31b03d6.html,1
"Nhà báo ""lề đảng"" Lê Phương Dung góp tiếng nói vạch trần băng đảng Hán tặc Hoàng Trung Hải",https://www.khoi8406.com/post/leanhhung/nha-bao-ang-le-phuong-dung-gop-tieng_4-82f9548ca29.html,1
Quan điểm của tôi về vụ biểu tình chống Trung Quốc ngày 11.5,https://www.khoi8406.com/post/leanhhung/quan-iem-cua-toi-ve-vu-bieu-tinh-chong_9-00f5b66d91b.html,1
QUAN ĐIỂM CỦA CỰU ĐẠI TÁ AN NINH NGUYỄN ĐĂNG QUANG VỀ VỤ TỐ CÁO CỦA LÊ ANH HÙNG - LÊ THỊ PHƯƠNG ANH,https://www.khoi8406.com/post/leanhhung/quan-iem-cua-cuu-ai-ta-ninh-nguyen-ang_12-93c11ef86bf.html,1
KHẨN BÁO: NGƯỜI TỐ CÁO LÃNH ĐẠO BỊ CÔNG AN BẮT CÓC!!!,https://www.khoi8406.com/post/leanhhung/khan-bao-nguoi-to-cao-lanh-ao-bi-cong_16-c1044fdc5d1.html,1
TRÒ BẦN THỈU CỦA CÔNG AN ĐỒNG NAI,https://www.khoi8406.com/post/leanhhung/tro-ban-thiu-cua-cong-ong-nai_20-bd998096ffe.html,1
CHIÊU TRÒ CŨ RÍCH CỦA Đ/C X,https://www.khoi8406.com/post/leanhhung/chieu-tro-cu-rich-cua-c-x_25-05fd0afe410.html,1
S.O.S: Công an Đồng Nai tiếp tục chà đạp lên pháp luật,https://www.khoi8406.com/post/leanhhung/sos-cong-ong-nai-tiep-tuc-cha-ap-len_27-3d92eb3ff28.html,1
THÔNG BÁO: TÌNH TRẠNG CỦA PHƯƠNG ANH TRONG TRẠI TẠM GIAM B5 CÔNG AN ĐỒNG NAI,https://www.khoi8406.com/post/leanhhung/thong-bao-tinh-trang-cua-phuong-anh_30-026ce452031.html,1
CẬP NHẬT THÔNG TIN VỀ TÌNH HÌNH CỦA PHƯƠNG ANH,https://www.khoi8406.com/post/leanhhung/cap-nhat-thong-tin-ve-tinh-hinh-cua_4-f3a271dcc89.html,1
CÔNG AN ĐỒNG NAI VÀ QUẢNG TRỊ LẠI SÁCH NHIỄU GIA ĐÌNH LÊ THỊ PHƯƠNG ANH,https://www.khoi8406.com/post/leanhhung/cong-ong-nai-va-quang-tri-lai-sach_7-65d98054d21.html,1
"Đơn tố cáo Công an Đồng Nai về hành vi bắt giữ người trái phép, vi phạm luật tố tụng và khám xét nhà tuỳ tiện",https://www.khoi8406.com/post/leanhhung/on-to-cao-cong-ong-nai-ve-hanh-vi-bat_10-e7fc457cf5d.html,1
"Hai trí thức, hai bài viết và hai tâm thế trái ngược",https://www.khoi8406.com/post/leanhhung/hai-tri-thuc-hai-bai-viet-va-hai-tam_18-2bfccb6d8cb.html,1
VAI TRÒ NỔI BẬT CỦA PTT HÁN TẶC HOÀNG TRUNG HẢI Ở BIỂN ĐÔNG,https://www.khoi8406.com/post/leanhhung/vai-tro-noi-bat-cua-ptt-han-tac-hoang_23-102ac74620e.html,1
BÁO ĐỘNG: PTT Tàu Hoàng Trung Hải lại âm mưu biến Vũng Áng và cảng Sơn Dương thành đặc khu của Trung Quốc!!!,https://www.khoi8406.com/post/leanhhung/bao-ong-ptt-tau-hoang-trung-hai-lai-am_25-0527edcddfa.html,1
TÂM SỰ NHÓI LÒNG CỦA MỘT CÔ GÁI TRÊN FACEBOOK,https://www.khoi8406.com/post/leanhhung/tam-su-nhoi-long-cua-mot-co-gai-tren_11-735eb13a8b8.html,1
BIÊN BẢN LÀM VIỆC VÀ BẢN CHẤT CỦA CÔNG AN CỘNG SẢN,https://www.khoi8406.com/post/leanhhung/bien-ban-lam-viec-va-ban-chat-cua-cong_28-1b9663f1844.html,1
Pháp quyền XHCN: Đối tượng bị tố cáo lại được giao trách nhiệm xử lý đơn tố cáo và đe doạ người tố cáo,https://www.khoi8406.com/post/leanhhung/phap-quyen-xhcn-oi-tuong-bi-to-cao-lai_15-994c092a148.html,1
Một thứ “giấy mời” ngang ngược của Công an Đồng Nai,https://www.khoi8406.com/post/leanhhung/mot-thu-giay-moi-ngang-nguoc-cua-cong_18-c28b52d2bfb.html,1
Bài học từ vụ lùm xùm ở Hội Nhà báo Độc lập,https://www.khoi8406.com/post/leanhhung/bai-hoc-tu-vu-lum-xum-o-hoi-nha-bao-oc_9-469ac0ddbaa.html,1
CÔNG TRÌNH BIỂU TƯỢNG QUỐC GIA HAY HIỂM HỌA TƯƠNG LAI?,https://www.khoi8406.com/post/leanhhung/cong-trinh-bieu-tuong-quoc-gia-hay-hiem_18-4cfcad9cdfd.html,1
TRẺ EM: ĐỐI TƯỢNG SÁCH NHIỄU MỚI CỦA CÔNG AN?,https://www.khoi8406.com/post/leanhhung/tre-em-oi-tuong-sach-nhieu-moi-cua-cong_29-56b1b9118f7.html,1
Tại sao Công an Đồng Nai lại truy tố Lê Thị Phương Anh – người xứng đáng được tuyên dương vì hành động của mình?,https://www.khoi8406.com/post/leanhhung/tai-sao-cong-ong-nai-lai-truy-to-le-thi_21-b24da8ce011.html,1
Hãy lên tiếng bảo vệ Lê Thị Phương Anh – nhân chứng tội ác của lãnh đạo nhà nước Việt Nam,https://www.khoi8406.com/post/leanhhung/hay-len-tieng-bao-ve-le-thi-phuong-anh_23-ba3da20b6f1.html,1
PTT Hán tặc Hoàng Trung Hải lại ra tay tàn phá Hà Nội,https://www.khoi8406.com/post/leanhhung/ptt-han-tac-hoang-trung-hai-lai-ra-tay_11-0fd5e97f7b0.html,1
MỘT GIÁO SƯ NGƯỜI MỸ VẠCH MẶT CHỈ TÊN PTT HÁN TẶC HOÀNG TRUNG HẢI,https://www.khoi8406.com/post/leanhhung/mot-giao-su-nguoi-my-vach-mat-chi-ten_15-0e8886d497a.html,1
Người tố cáo lãnh đạo nhà nước bị suy kiệt sức khoẻ trong tù,https://www.khoi8406.com/post/leanhhung/nguoi-to-cao-lanh-ao-nha-nuoc-bi-suy_17-9dd8bb38365.html,1
ĐBQH Dương Trung Quốc đã bị PTT Hán tặc Hoàng Trung Hải khống chế?,https://www.khoi8406.com/post/leanhhung/bqh-duong-trung-quoc-bi-ptt-han-tac_1-3d4585cbaef.html,1
Báo động: PTT Hán tặc Hoàng Trung Hải lại quyết liệt triển khai Dự án Điện Hạt nhân Ninh Thuận,https://www.khoi8406.com/post/leanhhung/bao-ong-ptt-han-tac-hoang-trung-hai-lai_12-67bbea0f9ea.html,1
Bắt tù nhân lương tâm vào trại tâm thần - đòn độc của cộng sản,https://www.khoi8406.com/post/leanhhung/bat-tu-nhan-luong-tam-vao-trai-tam-than_16-f7b64b12d22.html,1
"Quyền lực và những trò đấu đá, đánh lừa dư luận ở Việt Nam hiện nay",https://www.khoi8406.com/post/leanhhung/quyen-luc-va-nhung-tro-au-anh-lua-du_27-448b8356998.html,1
VIỆT NAM ĐÃ MẤT CHỦ QUYỀN QUỐC GIA VÀO TAY TRUNG QUỐC NGAY GIỮA THỦ ĐÔ HÀ NỘI?,https://www.khoi8406.com/post/leanhhung/viet-nam-mat-chu-quyen-quoc-gia-vao-tay_2-30b04aece10.html,1
"Cảnh giác với Trung Quốc một, cảnh giác với Việt gian bán nước mười",https://www.khoi8406.com/post/leanhhung/canh-giac-voi-trung-quoc-mot-canh-giac_8-0a7ee3ca769.html,1
Kết luận Điều tra của Công an Đồng Nai về vụ Phương Anh – Minh Vũ – Nam Trung “vi phạm” Điều 258 Bộ luật Hình sự,https://www.khoi8406.com/post/leanhhung/ket-luan-ieu-tra-cua-cong-ong-nai-ve-vu_17-732883164c8.html,1
Cáo trạng của Viện KSND Đồng Nai về vụ Phương Anh – Minh Vũ – Nam Trung “vi phạm” Điều 258 Bộ luật Hình sự,https://www.khoi8406.com/post/leanhhung/cao-trang-cua-vien-ksnd-ong-nai-ve-vu_18-5c4f838ee0e.html,1
Thêm một bằng chứng thuyết phục về Hán nô Nguyễn Tấn Dũng,https://www.khoi8406.com/post/leanhhung/them-mot-bang-chung-thuyet-phuc-ve-han_26-0ed05e19baa.html,1
"Viện KSND tỉnh Đồng Nai cố tình khép tội cho Lê Thị Phương Anh, Phạm Minh Vũ, Đỗ Nam Trung",https://www.khoi8406.com/post/leanhhung/vien-ksnd-tinh-ong-nai-co-tinh-khep-toi_6-e137b8a052f.html,1
LỜI CÁM ƠN,https://www.khoi8406.com/post/leanhhung/loi-cam-on_14-4bd4f3f0a11.html,1
Đ/c X lại tự vả vào mồm mình,https://www.khoi8406.com/post/leanhhung/c-x-lai-tu-va-vao-mom-minh_1-457100e1ccd.html,1
Thêm những bằng chứng thuyết phục về Việt gian bán nước Nguyễn Tấn Dũng,https://www.khoi8406.com/post/leanhhung/them-nhung-bang-chung-thuyet-phuc-ve_5-afd9489cdef.html,1
Blog Lê Anh Hùng lại bị giả mạo,https://www.khoi8406.com/post/leanhhung/blog-le-anh-hung-lai-bi-gia-mao_22-d7fd8654121.html,1
THƯ NGỎ VỀ VỤ TỐ CÁO LÃNH ĐẠO ĐẢNG VÀ NHÀ NƯỚC,https://www.khoi8406.com/post/leanhhung/thu-ngo-ve-vu-to-cao-lanh-ao-ang-va-nha_27-21dd8ac509f.html,1
Trò mị dân mới của PTT Hoàng Trung Hải,https://www.khoi8406.com/post/leanhhung/tro-mi-dan-moi-cua-ptt-hoang-trung-hai_4-45408888215.html,1
Bộ trưởng – Chủ nhiệm VPCP Nguyễn Văn Nên là ai?,https://www.khoi8406.com/post/leanhhung/bo-truong-chu-nhiem-vpcp-nguyen-van-nen_8-0b400eadca8.html,1
Hệ luỵ tai hại của Thông cáo chung Việt – Trung ngày 8.4.2015,https://www.khoi8406.com/post/leanhhung/he-luy-tai-hai-cua-thong-cao-chung-viet_13-be4876d1ebe.html,1
Vỡ mộng với Thủ tướng,https://www.khoi8406.com/post/leanhhung/vo-mong-voi-thu-tuong_18-edf861dbfb2.html,1
YÊU CẦU GIẢI QUYẾT ĐƠN THƯ TỐ CÁO LÃNH ĐẠO NHÀ NƯỚC,https://www.khoi8406.com/post/leanhhung/yeu-cau-giai-quyet-on-thu-to-cao-lanh_24-b87d79d38c4.html,1
Nhập siêu từ Trung Quốc tiếp tục tăng chóng mặt,https://www.khoi8406.com/post/leanhhung/nhap-sieu-tu-trung-quoc-tiep-tuc-tang_26-57821e4fac3.html,1
Đính chính một bài viết về nghệ sỹ Vượng Râu,https://www.khoi8406.com/post/leanhhung/inh-chinh-mot-bai-viet-ve-nghe-sy-vuong_8-c5768e6fd19.html,1
"Âm mưu sử dụng 4 sân bay khống chế toàn bộ vùng trời, vùng biển Việt Nam của Bắc Kinh",https://www.khoi8406.com/post/leanhhung/am-muu-su-dung-4-san-bay-khong-che-toan_10-67fc69258cf.html,1
Nhà hoạt động Lê Thị Phương Anh mãn hạn tù,https://www.khoi8406.com/post/leanhhung/nha-hoat-ong-le-thi-phuong-anh-man-han_16-7acd62c2a08.html,1
TNLT Lê Thị Phương Anh: Cán bộ điều tra dùng nhục hình trong quá trình lấy cung,https://www.khoi8406.com/post/leanhhung/tnlt-le-thi-phuong-anh-can-bo-ieu-tra_17-d09adb5eb91.html,1
Lời chứng của một nữ tù nhân lương tâm,https://www.khoi8406.com/post/leanhhung/loi-chung-cua-mot-nu-tu-nhan-luong-tam_19-2d8d02fdfd0.html,1
Tướng Nguyễn Trọng Vĩnh: Hai nhân vật Nguyễn Phú Trọng - Hoàng Trung Hải là cặp đôi tạo mối nguy cho nước ta,https://www.khoi8406.com/post/leanhhung/tuong-nguyen-trong-vinh-hai-nhan-vat_20-550e827d741.html,1
Bộ Kinh tế biển và hiểm hoạ Hoàng Trung Hải,https://www.khoi8406.com/post/leanhhung/bo-kinh-te-bien-va-hiem-hoa-hoang-trung_1-12125588602.html,1
‘Bản sắc’ Nguyễn Phú Trọng,https://www.khoi8406.com/post/leanhhung/ban-sac-nguyen-phu-trong-5105c65a602.html,1
SỰ THAO TÚNG TỪ TRUNG ƯƠNG,https://www.khoi8406.com/post/leanhhung/su-thao-tung-tu-trung-uong_19-a29720455df.html,1
Open Letter to US Ambassador to Vietnam,https://www.khoi8406.com/post/leanhhung/open-letter-to-us-ambassador-to-vietnam_96-12170968f8a.html,1
THỈNH NGUYỆN THƯ GỬI QUỐC HỘI NƯỚC CHXHCN VIỆT NAM,https://www.khoi8406.com/post/leanhhung/thinh-nguyen-thu-gui-quoc-hoi-nuoc_65-efa7c35735e.html,1
TỪ CHUYỆN “Ý THỨC CỦA NGƯỜI THAM GIA GIAO THÔNG” ĐẾN THỰC TRẠNG “NHÀ NƯỚC PHÁP QUYỀN XHCN” Ở VIỆT NAM HIỆN NAY,https://www.khoi8406.com/post/leanhhung/tu-chuyen-y-thuc-cua-nguoi-tham-gia_26-f2f2d43c863.html,1
SỰ XUỐNG CẤP CỦA ĐẠO ĐỨC XÃ HỘI TRONG NỀN KINH TẾ THỊ TRƯỜNG VÀ THỦ PHẠM CỦA NÓ,https://www.khoi8406.com/post/leanhhung/su-xuong-cap-cua-ao-uc-xa-hoi-trong-nen_18-e37928f5ae6.html,1
OPEN LETTER TO FOREIGN AMBASSADORS IN VIETNAM,https://www.khoi8406.com/post/leanhhung/open-letter-to-foreign-ambassadors-in_37-d23560a275b.html,1
THƯ NGỎ GỬI ĐẠI BIỂU QUỐC HỘI DƯƠNG TRUNG QUỐC,https://www.khoi8406.com/post/leanhhung/thu-ngo-gui-ai-bieu-quoc-hoi-duong_42-f4299e00ccf.html,1
“TÁI CẤU TRÚC”: “AI” TÁI CẤU TRÚC “AI”?,https://www.khoi8406.com/post/leanhhung/tai-cau-truc-ai-tai-cau-truc-ai_8-e59e13b6d3b.html,1
CƠN CUỒNG NỘ CỦA CÔNG LÝ,https://www.khoi8406.com/post/leanhhung/con-cuong-no-cua-cong-ly_28-6b09a2b91c4.html,1
ĐẤT NƯỚC CỦA THÁNH THẦN,https://www.khoi8406.com/post/leanhhung/at-nuoc-cua-thanh-than_26-edc6b522bb6.html,1
"Lê Anh Hùng tố cáo các ông NĐ Mạnh, NT Dũng, HT Hải trên diễn đàn Paltalk toàn cầu",https://www.khoi8406.com/post/leanhhung/le-anh-hung-to-cao-cac-ong-n-manh-nt_28-b79ef804fe1.html,1
THƯ TỐ CÁO LẦN THỨ 65,https://www.khoi8406.com/post/leanhhung/thu-to-cao-lan-thu-65_29-bd063a2a1e9.html,1
ĐƠN TỐ GIÁC BĂNG ĐẢNG MA TUÝ CỦA ÔNG HOÀNG TRUNG HẢI,https://www.khoi8406.com/post/leanhhung/on-to-giac-bang-ang-ma-tuy-cua-ong_82-420a4a140a1.html,1
NHỮNG DANH HÀI CHÍNH TRỊ Ở VIỆT NAM,https://www.khoi8406.com/post/leanhhung/nhung-danh-hai-chinh-tri-o-viet-nam_19-2868f692152.html,1
DANH MỤC BÀI VIẾT ĐÃ ĐĂNG BÁO,https://www.khoi8406.com/post/leanhhung/danh-muc-bai-viet-ang-bao_1-4b4793e3ba0.html,1
"TÓM LƯỢC CÂU CHUYỆN LIÊN QUAN ĐẾN THƯ TỐ CÁO ĐỐI VỚI CÁC ÔNG NĐ MẠNH, NT DŨNG, HT HẢI VÀ NM TRIẾT",https://www.khoi8406.com/post/leanhhung/tom-luoc-cau-chuyen-lien-quan-en-thu-to_55-16b0253cdee.html,1
TÔI ĐI BIỂU TÌNH CHỐNG TRUNG QUỐC VÀ ỦNG HỘ LUẬT BIỂN NGÀY 8/7/2012,https://www.khoi8406.com/post/leanhhung/toi-i-bieu-tinh-chong-trung-quoc-va-ung_70-a3b7ea1f2aa.html,1
TBT NGUYỄN PHÚ TRỌNG ĐANG “SỐT RUỘT” THEO KIỂU GÌ?,https://www.khoi8406.com/post/leanhhung/tbt-nguyen-phu-trong-ang-sot-ruot-theo_67-7eea35f1e4a.html,1
NGUYỄN BẢO HOÀNG: “I WALK THE LINE”,https://www.khoi8406.com/post/leanhhung/nguyen-bao-hoang-i-walk-line_75-17418c02042.html,1
"""RA MẮT"" CLB BÓNG ĐÁ NO-U (NO-U FC) NGÀY 15/7/2012",https://www.khoi8406.com/post/leanhhung/mat-clb-bong-no-u-no-u-fc-ngay-1572012_57-43b602ebf6a.html,1
TÔI ĐI BIỂU TÌNH CHỐNG TRUNG QUỐC NGÀY 22/7/2012,https://www.khoi8406.com/post/leanhhung/toi-i-bieu-tinh-chong-trung-quoc-ngay_2-e6d27205833.html,1
TÁI CẤU TRÚC DNNN: TỪ NHẬN THỨC ĐẾN HÀNH ĐỘNG,https://www.khoi8406.com/post/leanhhung/tai-cau-truc-dnnn-tu-nhan-thuc-en-hanh_46-31fdd47aacd.html,1
"Vietnam, Anti-China, 22 Jul 2012, Image News by Reuters",https://www.khoi8406.com/post/leanhhung/vietnam-anti-china-22-jul-2012-image_22-39972b4076d.html,1
TỪ CHUYỆN NGOẠI TÌNH SẼ BỊ XỬ LÝ NGHĨ VỀ MỘT KIỂU TƯ DUY PHÁP LUẬT Ở VIỆT NAM,https://www.khoi8406.com/post/leanhhung/tu-chuyen-ngoai-tinh-se-bi-xu-ly-nghi_60-1a014eadcd1.html,1
HAI CUỘC BIỂU TÌNH TRONG MỘT NGÀY BỊ ĐÀN ÁP KHỐC LIỆT,https://www.khoi8406.com/post/leanhhung/hai-cuoc-bieu-tinh-trong-mot-ngay-bi-ap_82-5b9285af6e1.html,1
"KHÔNG TỪ BỎ NGUYÊN LÍ DNNN GIỮ VAI TRÒ CHỦ ĐẠO, ĐẤT NƯỚC KHÔNG THỂ TIẾN LÊN",https://www.khoi8406.com/post/leanhhung/khong-tu-bo-nguyen-li-dnnn-giu-vai-tro_43-b9b40c8325c.html,1
Trả lời phỏng vấn Radio Chân Trời Mới ngày 22.8.2012,https://www.khoi8406.com/post/leanhhung/tra-loi-phong-van-radio-chan-troi-moi_7-2f88a0980c4.html,1
VỤ “BẦU KIÊN” RỒI SẼ ĐI ĐẾN ĐÂU?,https://www.khoi8406.com/post/leanhhung/vu-bau-kien-roi-se-i-en-au_38-bbca26d0b34.html,1
ÔNG NGUYỄN PHÚ TRỌNG MUỐN BIẾN CÁC ĐỒNG CHÍ CỦA MÌNH THÀNH NHỮNG CÁI MÁY?,https://www.khoi8406.com/post/leanhhung/ong-nguyen-phu-trong-muon-bien-cac-ong_16-da2d232a969.html,1
Diễn đàn Paltalk Hội luận Phỏng vấn Hiện tình VN phỏng vấn Lê Anh Hùng,https://www.khoi8406.com/post/leanhhung/dien-paltalk-hoi-luan-phong-van-hien_64-0709e3be55a.html,1
TƯỜNG THUẬT VỤ CỤ LÊ HIỀN ĐỨC BỊ LỰC LƯỢNG CHỨC NĂNG BẮT NGÀY 5/8/2012,https://www.khoi8406.com/post/leanhhung/tuong-thuat-vu-cu-le-hien-uc-bi-luc_29-47e91f9035d.html,1
THẦY TRÒ LÊ ĐỨC THỌ - LÊ ĐỨC ANH XUA QUÂN ĐÁNH SANG THÁI LAN RỒI ĐỔ TỘI CHO NGƯỜI KHÁC NHƯ THẾ NÀO,https://www.khoi8406.com/post/leanhhung/thay-tro-le-uc-tho-le-uc-anh-xua-quan_5-d6ad107c343.html,1
PHẢN HỒI BÀI “ĐỪNG ĐỂ VỤ LÊ ANH HÙNG CHÌM VÀO QUÊN LÃNG”,https://www.khoi8406.com/post/leanhhung/phan-hoi-bai-ung-e-vu-le-anh-hung-chim_21-0a9b80609f1.html,1
LUẬN VỀ SỐNG VÀ CHẾT,https://www.khoi8406.com/post/leanhhung/luan-ve-song-va-chet_28-c9b52a0910b.html,1
SỰ HOANG TƯỞNG CỦA QUYỀN LỰC,https://www.khoi8406.com/post/leanhhung/su-hoang-tuong-cua-quyen-luc_12-2937eadcb17.html,1
MỘT CÁN BỘ CAO CẤP CỦA QUÂN ĐỘI ĐỘT TỬ DO BỊ CƯỠNG CHẾ THU HỒI NHÀ TRÁI PHÁP LUẬT,https://www.khoi8406.com/post/leanhhung/mot-can-bo-cao-cap-cua-quan-oi-ot-tu-do_14-dc7884b069e.html,1
TỘI ÁC ECOPARK,https://www.khoi8406.com/post/leanhhung/toi-ac-ecopark_21-5552e34d772.html,1
Chương trình Từ Cánh Đồng Mây phỏng vấn Lê Anh Hùng,https://www.khoi8406.com/post/leanhhung/chuong-trinh-tu-canh-ong-may-phong-van_29-a3fb838fb9b.html,1
TÔI ĐI BIỂU TÌNH CHỐNG TRUNG QUỐC NGÀY 9/12/2012,https://www.khoi8406.com/post/leanhhung/toi-i-bieu-tinh-chong-trung-quoc-ngay_12-3e160e818ad.html,1
Vế đối hôm qua và “đèn đỏ” trong ngày 9/12/2012 hôm nay,https://www.khoi8406.com/post/leanhhung/ve-oi-hom-qua-va-en-o-trong-ngay_13-b27968cb8cf.html,1
SỰ ‘HỒN NHIÊN’ CỦA NGÀI TỔNG BÍ THƯ,https://www.khoi8406.com/post/leanhhung/su-hon-nhien-cua-ngai-tong-bi-thu_17-c4675539c35.html,1
KHI QUYỀN LỰC BÓNG TỐI LẠI TRỖI DẬY,https://www.khoi8406.com/post/leanhhung/khi-quyen-luc-bong-toi-lai-troi-day_9-7da37d9d64c.html,1
NHẬT KÝ CHUYỆN LÊ ANH HÙNG,https://www.khoi8406.com/post/leanhhung/nhat-ky-chuyen-le-anh-hung_15-ddc2d8ef808.html,1
VIỆT NAM BỊ LÊN ÁN VÌ ĐÀN ÁP CÁC BLOGGER,https://www.khoi8406.com/post/leanhhung/viet-nam-bi-len-vi-ap-cac-blogger_9-4b8c8969834.html,1
BỐN DẤU HIỆU CHO THẤY CHÍNH PHỦ VIỆT NAM ĐANG ĐÀN ÁP CUỘC ‘CÁCH MẠNG TRUYỀN THÔNG XÃ HỘI’,https://www.khoi8406.com/post/leanhhung/bon-dau-hieu-cho-thay-chinh-phu-viet_12-1624aac29c3.html,1
Vài hình ảnh về cuộc biểu tình chống Trung Quốc ngày 2.6.2013,https://www.khoi8406.com/post/leanhhung/vai-hinh-anh-ve-cuoc-bieu-tinh-chong_6-c2e6e6215b1.html,1
Quan hệ của Mỹ với Việt Nam,https://www.khoi8406.com/post/leanhhung/quan-he-cua-my-voi-viet-nam_8-5834b3f3103.html,1
"Thủ tướng Việt Nam vượt qua cuộc bỏ phiếu tín nhiệm, song với vị thế đã suy yếu",https://www.khoi8406.com/post/leanhhung/thu-tuong-viet-nam-vuot-qua-cuoc-bo_12-1af0f1bf98d.html,1
Bỏ phiếu tín nhiệm ở Quốc hội: Ý nghĩa vượt lên trên kết quả,https://www.khoi8406.com/post/leanhhung/bo-phieu-tin-nhiem-o-quoc-hoi-y-nghia_12-e28568f4252.html,1
Tổ chức Phóng viên Không biên giới lên tiếng mạnh mẽ về các vụ bắt giữ blogger gần đây,https://www.khoi8406.com/post/leanhhung/to-chuc-phong-vien-khong-bien-gioi-len_18-7f77424fcc6.html,1
Human Rights Watch: Việt Nam tăng cường truy bức các blogger,https://www.khoi8406.com/post/leanhhung/human-rights-watch-viet-nam-tang-cuong_20-afadb966e4a.html,1
Tuyệt thực ở Việt Nam thử thách sự đe doạ của chính quyền,https://www.khoi8406.com/post/leanhhung/tuyet-thuc-o-viet-nam-thu-thach-su-e_20-6789b0ea6cd.html,1
Chính trị Việt Nam: Xảo thuật tín nhiệm,https://www.khoi8406.com/post/leanhhung/chinh-tri-viet-nam-xao-thuat-tin-nhiem_21-cd694498c10.html,1
Trục xoay nửa vời,https://www.khoi8406.com/post/leanhhung/truc-xoay-nua-voi_9-1921e0f5850.html,1
Thư của Chủ tịch Uỷ ban Đối ngoại Hạ viện Mỹ gửi TT Obama về chuyến thăm của Chủ tịch Việt Nam,https://www.khoi8406.com/post/leanhhung/thu-cua-chu-tich-uy-ban-oi-ngoai-ha_20-ab94abb38f7.html,1
Asia Sentinel: Các blogger Việt Nam yêu cầu chính phủ tuân thủ luật lệ về nhân quyền,https://www.khoi8406.com/post/leanhhung/asia-sentinel-cac-blogger-viet-nam-yeu_24-a78bf903a3c.html,1
Hội kiến Sang – Obama: Khởi đầu chương mới trong quan hệ Việt - Mỹ?,https://www.khoi8406.com/post/leanhhung/hoi-kien-sang-obama-khoi-au-chuong-moi_25-6e9022d5858.html,1
VN trước những lựa chọn khó khăn,https://www.khoi8406.com/post/leanhhung/vn-truoc-nhung-lua-chon-kho-khan_25-312a37796d5.html,1
McDonald’s sẽ không làm người Việt thoả cơn đói nhân quyền,https://www.khoi8406.com/post/leanhhung/mcdonalds-se-khong-lam-nguoi-viet-thoa_26-98d3b0bc66d.html,1
Việt Nam – Hoa Kỳ: Tất cả cùng lên tàu?,https://www.khoi8406.com/post/leanhhung/viet-nam-hoa-ky-tat-ca-cung-len-tau_31-ba4b3dba590.html,1
"Hoa Kỳ, Việt Nam và Campuchia: Sự trở lại của chính trị thực dụng",https://www.khoi8406.com/post/leanhhung/hoa-ky-viet-nam-va-campuchia-su-tro-lai_5-87198f21ca5.html,1
Nhà tài phiệt với chiến dịch 10 năm để đưa Big Mac đến Việt Nam,https://www.khoi8406.com/post/leanhhung/nha-tai-phiet-voi-chien-dich-10-nam-e_5-689e884eff2.html,1
Khi hai cựu thù bắt tay nhau,https://www.khoi8406.com/post/leanhhung/khi-hai-cuu-thu-bat-tay-nhau_6-86c4c4cc3c4.html,1
"Từ Anh tới Việt Nam, kiểm duyệt mạng đang gia tăng trên toàn cầu",https://www.khoi8406.com/post/leanhhung/tu-anh-toi-viet-nam-kiem-duyet-mang-ang_7-0d35121a2d3.html,1
Người Việt Nam có thực sự hạnh phúc đến thế hay không?,https://www.khoi8406.com/post/leanhhung/nguoi-viet-nam-co-thuc-su-hanh-phuc-en_7-b635f26e128.html,1
Cộng sản Việt Nam - Chuyên gia buôn người ngoại hạng,https://www.khoi8406.com/post/leanhhung/cong-san-viet-nam-chuyen-gia-buon-nguoi_8-311cfbb0961.html,1
Quan hệ đối tác toàn diện Mỹ-Việt: những vấn đề và ý nghĩa then chốt,https://www.khoi8406.com/post/leanhhung/quan-he-oi-tac-toan-dien-my-viet-nhung_8-e81b5ae4376.html,1
Hồ sơ nhân quyền của Việt Nam làm nguội lạnh quan hệ với Mỹ,https://www.khoi8406.com/post/leanhhung/ho-so-nhan-quyen-cua-viet-nam-lam-nguoi_9-5864b3cd401.html,1
Hợp tác an ninh Mỹ-Việt: Tuần tự tiến | Phân tích,https://www.khoi8406.com/post/leanhhung/hop-tac-ninh-my-viet-tuan-tu-tien-phan_11-e38b07396bc.html,1
Kiểm duyệt Internet ở Việt Nam: Bước lùi với một chính phủ đang tìm cách hội nhập,https://www.khoi8406.com/post/leanhhung/kiem-duyet-internet-o-viet-nam-buoc-lui_12-bb1f867c10b.html,1
Việt Nam và thế giới: Trọng tâm là Hoa Kỳ và Ấn Độ | Phân tích,https://www.khoi8406.com/post/leanhhung/viet-nam-va-gioi-trong-tam-la-hoa-ky-va_13-eb722d5a01a.html,1
Những ưu tiên khác nhau thách thức quan hệ Mỹ-Việt,https://www.khoi8406.com/post/leanhhung/nhung-uu-tien-khac-nhau-thach-thuc-quan_16-5820a40ce73.html,1
Sinh viên ngày càng mất hứng thú với các văn bằng về chủ nghĩa Marx buộc chính phủ Việt Nam phải miễn học phí,https://www.khoi8406.com/post/leanhhung/sinh-vien-ngay-cang-mat-hung-thu-voi_16-b5488f474e5.html,1
Người Việt với định mệnh dân chủ của đất nước,https://www.khoi8406.com/post/leanhhung/nguoi-viet-voi-inh-menh-dan-chu-cua-at_20-6a4b943f807.html,1
"TUYÊN BỐ NGHỊ ĐỊNH SỐ 72/2013/NĐ-CP VI PHẠM HIẾN PHÁP, PHÁP LUẬT VIỆT NAM VÀ CÁC CÔNG ƯỚC QUỐC TẾ MÀ VIỆT NAM THAM GIA",https://www.khoi8406.com/post/leanhhung/tuyen-bo-nghi-inh-so-722013n-cp-vi-pham_22-4ea6be172eb.html,1
Mối quan hệ lệch lạc của Việt Nam với Internet,https://www.khoi8406.com/post/leanhhung/moi-quan-he-lech-lac-cua-viet-nam-voi_23-d57f0c9684c.html,1
Nạn buôn bán phụ nữ Việt Nam ở Anh: Bài trừ những vụ buôn bán phụ nữ thực sự đòi hỏi phải điều tra thấu đáo,https://www.khoi8406.com/post/leanhhung/nan-buon-ban-phu-nu-viet-nam-o-anh-bai_25-e4ee92b37da.html,1
CNN: Các tổ chức nhân quyền chỉ trích những quy định mới về Internet của Việt Nam,https://www.khoi8406.com/post/leanhhung/cnn-cac-to-chuc-nhan-quyen-chi-trich_2-0280395ea1c.html,1
TPP: Sự cần thiết đối với Việt Nam,https://www.khoi8406.com/post/leanhhung/tpp-su-can-thiet-oi-voi-viet-nam_3-8a97f500a14.html,1
ASEAN nên bác bỏ bộ quy tắc ứng xử trên Biển Đông,https://www.khoi8406.com/post/leanhhung/asean-nen-bac-bo-bo-quy-tac-ung-xu-tren_6-1c0ce316f6b.html,1
Tony Blair thoả thuận cố vấn cho Việt Nam và Peru,https://www.khoi8406.com/post/leanhhung/tony-blair-thoa-thuan-co-van-cho-viet_9-5a55703a101.html,1
Biển Đông dưới con mắt của Trung Quốc,https://www.khoi8406.com/post/leanhhung/bien-ong-duoi-con-mat-cua-trung-quoc_11-4c9a2603224.html,1
Tổ chức Minh bạch Quốc tế: Những công dân chống tham nhũng ở Việt Nam,https://www.khoi8406.com/post/leanhhung/to-chuc-minh-bach-quoc-te-nhung-cong_13-edd71b62dc2.html,1
Nhà phát triển bất động sản người Mỹ để lại sự tức giận ở Việt Nam,https://www.khoi8406.com/post/leanhhung/nha-phat-trien-bat-ong-san-nguoi-my-e_20-338901a5c04.html,1
Việt Nam lại chơi bài “vừa đánh vừa đàm” khi đàm phán về nhân quyền,https://www.khoi8406.com/post/leanhhung/viet-nam-lai-choi-bai-vua-anh-vua-am_23-93b20126e6d.html,1
"Nợ xấu đang bó buộc các ngân hàng Việt Nam, còn các nhà đầu tư thì đứng chờ",https://www.khoi8406.com/post/leanhhung/no-xau-ang-bo-buoc-cac-ngan-hang-viet_25-33b4df9d7c5.html,1
"MẤT HẾT NIỀM TIN VÀO CÔNG CUỘC CHỐNG THAM NHŨNG CỦA ĐẢNG, MỘT ĐẢNG VIÊN VIẾT ĐƠN XIN RA KHỎI ĐẢNG",https://www.khoi8406.com/post/leanhhung/mat-het-niem-tin-vao-cong-cuoc-chong_1-22eb4c8a723.html,1
Wall Street Journal: Quan hệ Mỹ-Việt thu hút sự chú ý sau vụ LS Lê Quốc Quân bị kết án,https://www.khoi8406.com/post/leanhhung/wall-street-journal-quan-he-my-viet-thu_3-60896f49efa.html,1
Cơ chế kiểm duyệt mạng ở Trung Quốc thực sự vận hành như thế nào,https://www.khoi8406.com/post/leanhhung/co-che-kiem-duyet-mang-o-trung-quoc_5-a876a414186.html,1
"John McCain: “Võ Nguyên Giáp đã thắng chúng tôi trong cuộc chiến, chứ chưa bao giờ thắng chúng tôi trong một trận đánh.”",https://www.khoi8406.com/post/leanhhung/john-mccain-vo-nguyen-giap-thang-chung_7-cf98b215c20.html,1
Luồng gió thương mại thổi vào Việt Nam,https://www.khoi8406.com/post/leanhhung/luong-gio-thuong-mai-thoi-vao-viet-nam_18-550d95999ea.html,1
Mỹ - Trung trong quan hệ với Đông Nam Á hiện nay,https://www.khoi8406.com/post/leanhhung/my-trung-trong-quan-he-voi-ong-nam-hien_19-de59049fa4d.html,1
Ngớ ngẩn hay thông minh: Các nhà kiểm duyệt Việt Nam khiến ai cũng phải phỏng đoán,https://www.khoi8406.com/post/leanhhung/ngo-ngan-hay-thong-minh-cac-nha-kiem_7-2bca8418ab3.html,1
Quan hệ quân sự Việt-Mỹ ngày càng nồng ấm,https://www.khoi8406.com/post/leanhhung/quan-he-quan-su-viet-my-ngay-cang-nong_8-2456998f9fc.html,1
PHƯƠNG THUỐC QUÝ CHO BỆNH NHÂN TIỂU ĐƯỜNG,https://www.khoi8406.com/post/leanhhung/phuong-thuoc-quy-cho-benh-nhan-tieu-uong_11-486a32ee221.html,1
BÁO CHÍNH THỐNG CỦA VIỆT NAM KHÔNG THỪA NHẬN CHỦ TỊCH HỒ CHÍ MINH LÀ “DANH NHÂN VĂN HOÁ THẾ GIỚI”,https://www.khoi8406.com/post/leanhhung/bao-chinh-thong-cua-viet-nam-khong-thua_14-75d7512a8fb.html,1
Reuters: Dự án đường bộ của Việt Nam và Ngân hàng Thế giới bị nghi ngờ,https://www.khoi8406.com/post/leanhhung/reuters-du-uong-bo-cua-viet-nam-va-ngan_17-45fae4b8b3b.html,1
Siêu bão Hải Yến đã dạy chúng ta điều gì về Trung Quốc?,https://www.khoi8406.com/post/leanhhung/sieu-bao-hai-yen-day-chung-ta-ieu-gi-ve_19-fef4152bedc.html,1
The Diplomat: Việt Nam và Ấn Độ tiếp tục đạt được những bước tiến chiến lược quan trọng,https://www.khoi8406.com/post/leanhhung/the-diplomat-viet-nam-va-o-tiep-tuc-at_22-ce9d42a1a7c.html,1
Carl Thayer: Gấu Nga đã trở lại Việt Nam,https://www.khoi8406.com/post/leanhhung/carl-thayer-gau-nga-tro-lai-viet-nam_27-713d12f8832.html,1
Báo Mỹ quan tâm đến chế định vai trò DNNN trong Hiến pháp Việt Nam sửa đổi,https://www.khoi8406.com/post/leanhhung/bao-my-quan-tam-en-che-inh-vai-tro-dnnn_28-152b078c636.html,1
"Những đảng viên đã “sáng mắt, sáng lòng” đang tiến hành một cuộc cách mạng thầm lặng ở Việt Nam",https://www.khoi8406.com/post/leanhhung/nhung-ang-vien-sang-mat-sang-long-ang_1-4093b76ab12.html,1
Việt Nam: Quê hương mới của những người Mỹ sinh ra trong giai đoạn bùng nổ dân số,https://www.khoi8406.com/post/leanhhung/viet-nam-que-huong-moi-cua-nhung-nguoi_4-0df6c73aaf3.html,1
"Tố cáo hành vi côn đồ - vu khống, bắt người trái pháp luật của Công an Việt Nam tại Tp Đà Nẵng",https://www.khoi8406.com/post/leanhhung/to-cao-hanh-vi-con-o-vu-khong-bat-nguoi_18-f8976db1001.html,1
LỜI TRI ÂN VÀ CHÚC MỪNG NĂM MỚI 2014,https://www.khoi8406.com/post/leanhhung/loi-tri-va-chuc-mung-nam-moi-2014_31-639a3290540.html,1
Những dự báo cho Châu Á trong năm 2014,https://www.khoi8406.com/post/leanhhung/nhung-du-bao-cho-chau-trong-nam-2014_9-4a8c77cc553.html,1
Vẻ đẹp nhạt nhoà của Việt Nam,https://www.khoi8406.com/post/leanhhung/ve-ep-nhat-nhoa-cua-viet-nam_13-1580377709a.html,1
GS Carl Thayer - Quy định đánh bắt cá mới của Trung Quốc: Cướp biển đội lốt nhà nước?,https://www.khoi8406.com/post/leanhhung/gs-carl-thayer-quy-inh-anh-bat-ca-moi_15-9f90a9f344d.html,1
Trái khoáy chuyện trồng lúa ở Việt Nam,https://www.khoi8406.com/post/leanhhung/trai-khoay-chuyen-trong-lua-o-viet-nam_18-260a7441576.html,1
“Đội quân hacker” của Việt Nam chỉa mũi nhọn sang Mỹ và Pháp,https://www.khoi8406.com/post/leanhhung/oi-quan-hacker-cua-viet-nam-chia-mui_22-6be2349d005.html,1
Human Rights Watch: LHQ rốt cuộc cũng xử lý tình trạng vi phạm nhân quyền ở Châu Á,https://www.khoi8406.com/post/leanhhung/human-rights-watch-lhq-rot-cuoc-cung-xu_25-5ef9e08b9e4.html,1
"Báo động Vũng Áng – Formosa: Hoành Sơn … thất đái, vạn đại vong thân",https://www.khoi8406.com/post/leanhhung/bao-ong-vung-ang-formosa-hoanh-son-that_22-d2239811a5f.html,1
Thứ nhân quyền mà giới độc tài yêu thích,https://www.khoi8406.com/post/leanhhung/thu-nhan-quyen-ma-gioi-oc-tai-yeu-thich_2-a472205ada4.html,1
Con trai bà Bùi Thị Minh Hằng gửi Thư Kêu Cứu lần thứ hai,https://www.khoi8406.com/post/leanhhung/con-trai-ba-bui-thi-minh-hang-gui-thu_10-fee494338ba.html,1
"Malaysia, Trung Quốc và Việt Nam chỉ trích lẫn nhau trong khi tìm kiếm máy bay Malaysia mất tích",https://www.khoi8406.com/post/leanhhung/malaysia-trung-quoc-va-viet-nam-chi_12-bd9c772bf25.html,1
Tưởng niệm 26 năm sự kiện Trung Quốc đánh chiếm đảo Gạc Ma của Việt Nam,https://www.khoi8406.com/post/leanhhung/tuong-niem-26-nam-su-kien-trung-quoc_13-e013d5a8e59.html,1
Việt Nam: Quá nhiều cảng biển khiến hoạt động kinh doanh cảng xấu đi,https://www.khoi8406.com/post/leanhhung/viet-nam-qua-nhieu-cang-bien-khien-hoat_16-826582cad83.html,1
Một sinh viên tranh đấu bị đuổi học,https://www.khoi8406.com/post/leanhhung/mot-sinh-vien-tranh-au-bi-uoi-hoc_4-8e0b267a8bb.html,1
Tổ chức Ân xá Quốc tế: Cần biến cái chết của nhà hoạt động Đinh Đăng Định thành lời kêu gọi thức tỉnh cho Việt Nam,https://www.khoi8406.com/post/leanhhung/to-chuc-xa-quoc-te-can-bien-cai-chet_5-6922ee87c78.html,1
"Lời kêu gọi giúp đỡ gia đình em Đỗ Văn Bình, người bị Công an H. Hoà Vang, Đà Nẵng đánh chết trong đồn ngày 14.4",https://www.khoi8406.com/post/leanhhung/loi-keu-goi-giup-o-gia-inh-em-o-van_18-5955c6a95a1.html,1
Tại sao Đảng Cộng sản Trung Quốc lại đi đến chỗ diệt vong,https://www.khoi8406.com/post/leanhhung/tai-sao-ang-cong-san-trung-quoc-lai-i_24-b1a74eb2818.html,1
Việt Nam: Quốc gia ủng hộ Mỹ nhiều nhất ở Châu Á,https://www.khoi8406.com/post/leanhhung/viet-nam-quoc-gia-ung-ho-my-nhieu-nhat_26-2230a6b3c01.html,1
"Người biểu tình hô vang ""ĐẢ ĐẢO TRUNG QUỐC XÂM LƯỢC"", ""ĐẢ ĐẢO BÈ LŨ BÁN NƯỚC"" trước thềm Nhà hát Lớn ngày 11.5",https://www.khoi8406.com/post/leanhhung/nguoi-bieu-tinh-ho-vang-ao-trung-quoc_13-9023d82f9a7.html,1
Open Letter to Minister of Public Security Tran Dai Quang & NA Member Duong Trung Quoc,https://www.khoi8406.com/post/leanhhung/open-letter-to-minister-of-public_22-d4ad3f7a31f.html,1
Thực hư chuyện ba đảng viên Việt Tân kích động biểu tình bị bắt,https://www.khoi8406.com/post/leanhhung/thuc-hu-chuyen-ba-ang-vien-viet-tan_29-82960aa0dc4.html,1
HÀNH TRÌNH THĂM NUÔI PHƯƠNG ANH LẦN THỨ 2 TẠI TRẠI GIAM B5 CÔNG AN TỈNH ĐỒNG NAI 14/6/2014,https://www.khoi8406.com/post/leanhhung/hanh-trinh-tham-nuoi-phuong-anh-lan-thu_15-df0a3b68139.html,1
"Báo chí Trung Quốc: Dương Khiết Trì thăm Việt Nam và kêu gọi ""đứa con hoang đàng"" trở về",https://www.khoi8406.com/post/leanhhung/bao-chi-trung-quoc-duong-khiet-tri-tham_20-73113946ac2.html,1
Câu chuyện trớ trêu của một người mẹ đi thăm nuôi con gái,https://www.khoi8406.com/post/leanhhung/cau-chuyen-tro-treu-cua-mot-nguoi-me-i_1-3e90a642654.html,1
The Diplomat: Trung Quốc không hề từ bỏ tham vọng khi rút giàn khoan,https://www.khoi8406.com/post/leanhhung/the-diplomat-trung-quoc-khong-he-tu-bo_1-a6568a5bcb4.html,1
Thư chung của các tổ chức xã hội dân sự độc lập Việt Nam gửi TNS John McCain,https://www.khoi8406.com/post/leanhhung/thu-chung-cua-cac-to-chuc-xa-hoi-dan-su_11-962ecb03543.html,1
VTV chơi xỏ ông Trương Tấn Sang?,https://www.khoi8406.com/post/leanhhung/vtv-choi-xo-ong-truong-tan-sang_23-012942cb098.html,1
Bloomberg: Tốc tộ tăng trưởng của Việt Nam xấu nhất kể từ thập niên 1980,https://www.khoi8406.com/post/leanhhung/bloomberg-toc-to-tang-truong-cua-viet_25-3a19864b751.html,1
Từ Hồng Kông nghĩ về cách mạng dân chủ ở Việt Nam,https://www.khoi8406.com/post/leanhhung/tu-hong-kong-nghi-ve-cach-mang-dan-chu_3-fe3efaab1c8.html,1
Một di tích lịch sử - văn hoá cấp quốc gia bị xâm hại nghiêm trọng,https://www.khoi8406.com/post/leanhhung/mot-di-tich-lich-su-van-hoa-cap-quoc_8-aee77e42dbc.html,1
Lối tư duy “đỉnh cao trí tuệ” bóp nghẹt sự phát triển của văn minh nhân loại như thế nào?,https://www.khoi8406.com/post/leanhhung/loi-tu-duy-inh-cao-tri-tue-bop-nghet-su_1-6cd11cc7fec.html,1
LỄ CẦU NGUYỆN CHO CÔNG LÝ - HOÀ BÌNH TẠI NHÀ THỜ DCCT THÁI HÀ TỐI 26.10,https://www.khoi8406.com/post/leanhhung/le-cau-nguyen-cho-cong-ly-hoa-binh-tai_27-4d75cafff94.html,1
NO-U FC TRÒN BA TUỔI,https://www.khoi8406.com/post/leanhhung/no-u-fc-tron-ba-tuoi_30-8e195ccbb16.html,1
Một vụ bao che trắng trợn của công an khiến dư luận phẫn nộ,https://www.khoi8406.com/post/leanhhung/mot-vu-bao-che-trang-tron-cua-cong_6-b3590bf2402.html,1
Chuyện loạ Việt Nam: Một cơ quan có 17 lãnh đạo và 3 nhân viên,https://www.khoi8406.com/post/leanhhung/chuyen-loa-viet-nam-mot-co-quan-co-17_20-95befa78f1c.html,1
"Một số hình ảnh về buổi Toạ đàm “Cơ chế của LHQ về bảo vệ người bảo vệ nhân quyền"" ngày 26.11 tại Hà Nội",https://www.khoi8406.com/post/leanhhung/mot-so-hinh-anh-ve-buoi-toa-am-co-che_26-9720d038328.html,1
Please raise your voice to protect Le Thi Phuong Anh – a witness of Vietnam leaders’ crimes,https://www.khoi8406.com/post/leanhhung/please-raise-your-voice-to-protect-le_28-00a48a0b77b.html,1
Giá xăng dầu ở Việt Nam đã giảm đủ chưa?,https://www.khoi8406.com/post/leanhhung/gia-xang-dau-o-viet-nam-giam-u-chua_28-fda2bfda360.html,1
Chờ đợi gì từ phiên toà ở Đồng Tháp?,https://www.khoi8406.com/post/leanhhung/cho-oi-gi-tu-phien-toa-o-ong-thap_11-6f1eda53880.html,1
Vài cảm nhận sau vụ bắt giam và truy tố hai blogger Hồng Lê Thọ và Quê Choa,https://www.khoi8406.com/post/leanhhung/vai-cam-nhan-sau-vu-bat-giam-va-truy-to_19-d66ea35b63b.html,1
“Sản phẩm” kinh hoàng của một nhà nước bạo lực,https://www.khoi8406.com/post/leanhhung/san-pham-kinh-hoang-cua-mot-nha-nuoc_31-e73c0cfdca4.html,1
Chuyện “thăm và chúc Tết” của lãnh đạo Đảng và Nhà nước Việt Nam,https://www.khoi8406.com/post/leanhhung/chuyen-tham-va-chuc-tet-cua-lanh-ao-ang_4-53a9e9dd062.html,1
Phải chăng ghét Trung Quốc sẽ nguy hiểm cho dân tộc?,https://www.khoi8406.com/post/leanhhung/phai-chang-ghet-trung-quoc-se-nguy-hiem_12-29a1cfac390.html,1
Phản bác việc Viện KSND tỉnh Đồng Nai truy tố Đỗ Nam Trung và hai người bạn theo Điều 258 – Phần 1,https://www.khoi8406.com/post/leanhhung/phan-bac-viec-vien-ksnd-tinh-ong-nai_92-51a75c880cf.html,1
Phản bác việc Viện KSND tỉnh Đồng Nai truy tố Đỗ Nam Trung và hai người bạn theo Điều 258 – Phần 2,https://www.khoi8406.com/post/leanhhung/phan-bac-viec-vien-ksnd-tinh-ong-nai_66-65fb5a33eed.html,1
Dân biểu Australia gửi thư cho lãnh đạo Việt Nam về vụ Phương Anh – Minh Vũ – Nam Trung,https://www.khoi8406.com/post/leanhhung/dan-bieu-australia-gui-thu-cho-lanh-ao_9-ccf817ae8b6.html,1
Ba người chống Trung Quốc bị án tù ở Ðồng Nai,https://www.khoi8406.com/post/leanhhung/ba-nguoi-chong-trung-quoc-bi-tu-o-ong_13-a41dcdfce8e.html,1
Thêm những hình ảnh về “cung điện” của “hoàng đế cộng sản” Nông Đức Mạnh,https://www.khoi8406.com/post/leanhhung/them-nhung-hinh-anh-ve-cung-ien-cua_22-dab84945f97.html,1
Một số hình ảnh về lễ tưởng niệm 64 liệt sỹ Trường Sa 14.3.1988 – 14.3.2015,https://www.khoi8406.com/post/leanhhung/mot-so-hinh-anh-ve-le-tuong-niem-64_14-b50158dc917.html,1
Một số hình ảnh về Đại hội lần thứ I – Hội Cựu TNLT Việt Nam,https://www.khoi8406.com/post/leanhhung/mot-so-hinh-anh-ve-ai-hoi-lan-thu-i-hoi_18-26af7853651.html,1
Năm người Việt bị bắt tại Thái Lan vì ăn cắp,https://www.khoi8406.com/post/leanhhung/nam-nguoi-viet-bi-bat-tai-thai-lan-vi_24-d4113ef565f.html,1
Petrotimes – tiếng nói lạc lõng và lú lẫn về cuộc tuần hành bảo vệ cây xanh của người Hà Nội,https://www.khoi8406.com/post/leanhhung/petrotimes-tieng-noi-lac-long-va-lu-lan_30-6d0b9348e81.html,1
Thủ tướng Nguyễn Tấn Dũng sắp bị truy tố?,https://www.khoi8406.com/post/leanhhung/thu-tuong-nguyen-tan-dung-sap-bi-truy-to_1-a843dbcf818.html,1
Đại chiến lược mới của Mỹ với Trung Quốc,https://www.khoi8406.com/post/leanhhung/ai-chien-luoc-moi-cua-my-voi-trung-quoc_14-23ed8fdf155.html,1
Nghệ sỹ Vượng Râu phải đóng Facebook sau khi lên tiếng về vụ đàn áp cuộc tuần hành bảo vệ cây xanh,https://www.khoi8406.com/post/leanhhung/nghe-sy-vuong-rau-phai-ong-facebook-sau_1-5e87fa85838.html,1
Thêm bằng chứng về tội phản quốc của Lê Đức Anh?,https://www.khoi8406.com/post/leanhhung/them-bang-chung-ve-toi-phan-quoc-cua-le_3-fa267c832a7.html,1
Công an Hà Nội chà đạp lên quyền tự do đi lại của công dân,https://www.khoi8406.com/post/leanhhung/cong-ha-noi-cha-ap-len-quyen-tu-do-i_7-45d4fbdbef4.html,1
Một số hình ảnh dịp Lê Thị Phương Anh ra tù,https://www.khoi8406.com/post/leanhhung/mot-so-hinh-anh-dip-le-thi-phuong-anh_16-b5fbeecf88c.html,1
"‘Công lý’ ở Việt Nam: Nạn nhân bị bắt, thủ phạm vẫn nghênh ngang",https://www.khoi8406.com/post/leanhhung/cong-ly-o-viet-nam-nan-nhan-bi-bat-thu_11-a503cea6312.html,1
CÂU CHUYỆN TỐ CÁO,https://www.khoi8406.com/post/leanhhung/cau-chuyen-to-cao_30-5bbd250239b.html,1
Công an Quảng Trị bắt Lê Anh Hùng 25/12/2009,https://www.khoi8406.com/post/leanhhung/cong-quang-tri-bat-le-anh-hung-25122009_1-7fc136fa574.html,1
BẢN CHỤP ĐƠN THƯ TỐ CÁO CỦA LÊ ANH HÙNG VÀ LÊ THỊ PHƯƠNG ANH,https://www.khoi8406.com/post/leanhhung/ban-chup-on-thu-to-cao-cua-le-anh-hung_1-9bc31309349.html,1
DANH SÁCH ĐỊA CHỈ EMAIL MÀ LÊ ANH HÙNG ĐÃ GỬI ĐƠN THƯ TỐ CÁO QUA INTERNET,https://www.khoi8406.com/post/leanhhung/danh-sach-ia-chi-email-ma-le-anh-hung_57-9dc2d3133c0.html,1
Chương trình Từ Cánh Đồng Mây phỏng vấn vợ chồng Lê Anh Hùng,https://www.khoi8406.com/post/leanhhung/chuong-trinh-tu-canh-ong-may-phong-van_20-0ad49c376bc.html,1
Nhập siêu từ Trung Quốc tiếp tục tăng chóng mặt,https://www.khoi8406.com/post/leanhhung/nhap-sieu-tu-trung-quoc-tang-442-trong-79fa439fa3b.html,1
YÊU CẦU GIẢI QUYẾT ĐƠN THƯ TỐ CÁO LÃNH ĐẠO NHÀ NƯỚC,https://www.khoi8406.com/post/leanhhung/yeu-cau-giai-quyet-on-thu-to-cao-1e7b0ff698c.html,1
Trung tâm Nhiệt điện Vĩnh Tân: Hiểm hoạ mất nước,https://www.khoi8406.com/post/leanhhung/trung-tam-nhiet-ien-vinh-tan-hiem-hoa-6e3c7a112e5.html,1
Vỡ mộng với Thủ tướng,https://www.khoi8406.com/post/leanhhung/vo-mong-voi-ngai-thu-tuong-6b7dca031bd.html,1
Đại chiến lược mới của Mỹ với Trung Quốc,https://www.khoi8406.com/post/leanhhung/ai-chien-luoc-moi-cua-my-voi-trung-quoc-50ec0ac1356.html,1
Hệ luỵ tai hại của Thông cáo chung Việt – Trung ngày 8.4.2015,https://www.khoi8406.com/post/leanhhung/he-luy-tai-hai-cua-thong-cao-chung-viet-66f111bdf82.html,1
Bộ trưởng – Chủ nhiệm VPCP Nguyễn Văn Nên là ai?,https://www.khoi8406.com/post/leanhhung/bo-truong-chu-nhiem-vpcp-nguyen-van-nen-312eae04613.html,1
Trò mị dân mới của PTT Hoàng Trung Hải,https://www.khoi8406.com/post/leanhhung/tro-mi-dan-moi-cua-ptt-hoang-trung-hai-da07b6f1b69.html,1
Thủ tướng Nguyễn Tấn Dũng sắp bị truy tố?,https://www.khoi8406.com/post/leanhhung/thu-tuong-nguyen-tan-dung-sap-bi-truy-to-a46f095e51a.html,1
Petrotimes – tiếng nói lạc lõng và lú lẫn về cuộc tuần hành bảo vệ cây xanh của người Hà Nội,https://www.khoi8406.com/post/leanhhung/petrotimes-tieng-noi-lac-long-va-lu-lan-69f17942f4c.html,1
THƯ NGỎ VỀ VỤ TỐ CÁO LÃNH ĐẠO ĐẢNG VÀ NHÀ NƯỚC,https://www.khoi8406.com/post/leanhhung/thu-ngo-ve-vu-to-cao-lanh-ao-ang-va-nha-5f9286f288e.html,1
"Vì sao TQ cấm làm đường gần biên giới, còn VN lại mở toang cửa ngõ vùng biên với TQ?",https://www.khoi8406.com/post/leanhhung/vi-sao-tq-cam-lam-uong-gan-bien-gioi-31de462729c.html,1
Năm người Việt bị bắt tại Thái Lan vì ăn cắp,https://www.khoi8406.com/post/leanhhung/nam-nguoi-viet-bi-bat-tai-thai-lan-vi-04df779d0b7.html,1
Số phận lênh đênh của một cuốn sách học thuật ở Việt Nam,https://www.khoi8406.com/post/leanhhung/so-phan-lenh-enh-cua-mot-cuon-sach-hoc-da996dcdfd7.html,1
SÁCH DỊCH THỜI… HẬU “THẢM HOẠ”,https://www.khoi8406.com/post/leanhhung/sach-dich-thoi-hau-tham-hoa-f775488adb7.html,1
MỘT CUỐN SÁCH GÂY ẤN TƯỢNG MẠNH,https://www.khoi8406.com/post/leanhhung/mot-cuon-sach-gay-tuong-manh-2f9d7b51620.html,1
Friedrich Hayek: Cuộc đời và Tư tưởng,https://www.khoi8406.com/post/leanhhung/friedrich-hayek-cuoc-oi-va-tu-tuong-a12c1999961.html,1
Kinh tế học thể chế: Trật tự xã hội và chính sách công,https://www.khoi8406.com/post/leanhhung/kinh-te-hoc-che-trat-tu-xa-hoi-va-chinh-c0b7a3c709b.html,1
THƯ CỦA MỘT ĐỘC GIẢ,https://www.khoi8406.com/post/leanhhung/thu-cua-mot-oc-gia-0f15bc127b1.html,1
Please raise your voice to protect Le Thi Phuong Anh – a witness of Vietnam leaders’ crimes,https://www.khoi8406.com/post/leanhhung/please-raise-your-voice-to-protect-le-4e2b09420d7.html,1
Blog Lê Anh Hùng lại bị giả mạo,https://www.khoi8406.com/post/leanhhung/blog-le-anh-hung-lai-bi-gia-mao-cbff348fb9f.html,1
Một số hình ảnh về Đại hội lần thứ I – Hội Cựu TNLT Việt Nam,https://www.khoi8406.com/post/leanhhung/mot-so-hinh-anh-ve-ai-hoi-lan-thu-i-hoi-d794e980905.html,1
Một số hình ảnh về lễ tưởng niệm 64 liệt sỹ Trường Sa 14.3.1988 – 14.3.2015,https://www.khoi8406.com/post/leanhhung/mot-so-hinh-anh-ve-le-tuong-niem-64-967794f827f.html,1
Thêm những bằng chứng thuyết phục về Việt gian bán nước Nguyễn Tấn Dũng,https://www.khoi8406.com/post/leanhhung/lai-them-mot-bang-chung-thuyet-phuc-ve-542a1e40164.html,1
“MỘT HÀ TĨNH ĐẦY ẮP NGƯỜI TRUNG QUỐC”: VÌ ĐÂU NÊN NỖI?,https://www.khoi8406.com/post/leanhhung/mot-ha-tinh-ay-ap-nguoi-trung-quoc-vi-a7f33ad40e1.html,1
Đ/c X lại tự vả vào mồm mình,https://www.khoi8406.com/post/leanhhung/c-x-lai-tu-va-vao-mom-minh-e2da06375d9.html,1
CẢNH BÁO: BLOG VÀ FACEBOOK LÊ ANH HÙNG BỊ GIẢ MẠO,https://www.khoi8406.com/post/leanhhung/thong-bao-blog-va-facebook-le-anh-hung-ad0479f2883.html,1
Thêm những hình ảnh về “cung điện” của “hoàng đế cộng sản” Nông Đức Mạnh,https://www.khoi8406.com/post/leanhhung/them-nhung-hinh-anh-ve-cung-ien-cua-vi-3f8ce235740.html,1
LỜI CÁM ƠN,https://www.khoi8406.com/post/leanhhung/loi-cam-on-4ad42f94190.html,1
Ba người chống Trung Quốc bị án tù ở Ðồng Nai,https://www.khoi8406.com/post/leanhhung/ba-nguoi-chong-trung-quoc-bi-tu-o-ong-10929b4679f.html,1
Lời kêu gọi dư luận quan tâm theo dõi phiên toà ngày 12.2 ở Đồng Nai,https://www.khoi8406.com/post/leanhhung/loi-keu-goi-du-luan-quan-tam-theo-doi-34f39040461.html,1
Dân biểu Australia gửi thư cho lãnh đạo Việt Nam về vụ Phương Anh – Minh Vũ – Nam Trung,https://www.khoi8406.com/post/leanhhung/dan-bieu-australia-gui-thu-cho-lanh-ao-60ebd28855e.html,1
"Viện KSND tỉnh Đồng Nai cố tình khép tội cho Lê Thị Phương Anh, Phạm Minh Vũ, Đỗ Nam Trung",https://www.khoi8406.com/post/leanhhung/vien-ksnd-tinh-ong-nai-co-tinh-khep-toi-e6a72f2e082.html,1
“ĐIỂM DỪNG” CỦA THẦY PHAN ĐĂNG TUẤT,https://www.khoi8406.com/post/leanhhung/iem-dung-cua-thay-phan-ang-tuat-6aec231bc3c.html,1
Trung Nam Hải đang toan tính gì với con bài Nguyễn Tấn Dũng?,https://www.khoi8406.com/post/leanhhung/trung-nam-hai-ang-toan-tinh-gi-voi-con-e8327d5568f.html,1
Lối tư duy “đỉnh cao trí tuệ” bóp nghẹt sự phát triển của văn minh nhân loại như thế nào?,https://www.khoi8406.com/post/leanhhung/loi-tu-duy-inh-cao-tri-tue-bop-nghet-su-91f63c89a02.html,1
Chính phủ Việt Nam đang ‘dâng’ nền kinh tế nước nhà cho Trung Quốc?,https://www.khoi8406.com/post/leanhhung/chinh-phu-viet-nam-ang-dang-nen-kinh-te-f1c79f42e61.html,1
Kết luận Điều tra của Công an Đồng Nai về vụ Phương Anh – Minh Vũ – Nam Trung “vi phạm” Điều 258 Bộ luật Hình sự,https://www.khoi8406.com/post/leanhhung/ket-luan-ieu-tra-cua-cong-ong-nai-ve-vu-9abcd244262.html,1
Thêm một bằng chứng thuyết phục về Hán nô Nguyễn Tấn Dũng,https://www.khoi8406.com/post/leanhhung/them-mot-bang-chung-thuyet-phuc-ve-han-589a17a0736.html,1
Các ông trùm gây tội ác với đồng loại như thế nào?,https://www.khoi8406.com/post/leanhhung/cac-ong-trum-gay-toi-ac-voi-ong-loai_20-d029bd98a37.html,1
Phản bác việc Viện KSND tỉnh Đồng Nai truy tố Đỗ Nam Trung và hai người bạn theo Điều 258 – Phần 2,https://www.khoi8406.com/post/leanhhung/vien-ksnd-tinh-ong-nai-truy-to-o-nam_19-fd653c3da08.html,1
Phản bác việc Viện KSND tỉnh Đồng Nai truy tố Đỗ Nam Trung và hai người bạn theo Điều 258 – Phần 1,https://www.khoi8406.com/post/leanhhung/vien-ksnd-tinh-ong-nai-truy-to-o-nam-facc357a922.html,1
Cáo trạng của Viện KSND Đồng Nai về vụ Phương Anh – Minh Vũ – Nam Trung “vi phạm” Điều 258 Bộ luật Hình sự,https://www.khoi8406.com/post/leanhhung/cao-trang-cua-vien-ksnd-ong-nai-ve-vu-269d04d0547.html,1
Phải chăng ghét Trung Quốc sẽ nguy hiểm cho dân tộc?,https://www.khoi8406.com/post/leanhhung/phai-chang-ghet-trung-quoc-se-nguy-hiem-ea820718434.html,1
"Cảnh giác với Trung Quốc một, cảnh giác với Việt gian bán nước mười",https://www.khoi8406.com/post/leanhhung/canh-giac-voi-trung-quoc-mot-canh-giac-8fec87b2906.html,1
Chuyện “thăm và chúc Tết” của lãnh đạo Đảng và Nhà nước Việt Nam,https://www.khoi8406.com/post/leanhhung/chuyen-tham-va-chuc-tet-cua-lanh-ao-ang-8a2fca79ce6.html,1
VIỆT NAM ĐÃ MẤT CHỦ QUYỀN QUỐC GIA VÀO TAY TRUNG QUỐC NGAY GIỮA THỦ ĐÔ HÀ NỘI?,https://www.khoi8406.com/post/leanhhung/viet-nam-mat-chu-quyen-quoc-gia-vao-tay-0823accc771.html,1
“Sản phẩm” kinh hoàng của một nhà nước bạo lực,https://www.khoi8406.com/post/leanhhung/san-pham-kinh-hoang-cua-mot-nha-nuoc-356225e3c9f.html,1
"Quyền lực và những trò đấu đá, đánh lừa dư luận ở Việt Nam hiện nay",https://www.khoi8406.com/post/leanhhung/quyen-luc-va-nhung-tro-au-anh-lua-du-52ca1ffa0d1.html,1
TRÒ BỈ ỔI MỚI CỦA BÈ LŨ CƯỚP NƯỚC VÀ BÁN NƯỚC,https://www.khoi8406.com/post/leanhhung/tro-bi-oi-moi-cua-be-lu-cuop-nuoc-va-cd3203ab11f.html,1
Vài cảm nhận sau vụ bắt giam và truy tố hai blogger Hồng Lê Thọ và Quê Choa,https://www.khoi8406.com/post/leanhhung/vai-cam-nhan-sau-vu-bat-giam-va-truy-to-cbbd2bcfffa.html,1
Bắt tù nhân lương tâm vào trại tâm thần - đòn độc của cộng sản,https://www.khoi8406.com/post/leanhhung/chuyen-uong-thuoc-trong-trai-tam-than-aed31fef6a8.html,1
Báo động: PTT Hán tặc Hoàng Trung Hải lại quyết liệt triển khai Dự án Điện Hạt nhân Ninh Thuận,https://www.khoi8406.com/post/leanhhung/bao-ong-ptt-han-tac-hoang-trung-hai-lai-34ccd9f0f6f.html,1
Chờ đợi gì từ phiên toà ở Đồng Tháp?,https://www.khoi8406.com/post/leanhhung/cho-oi-gi-tu-phien-toa-o-ong-thap-d84330d540b.html,1
TỪ HIỆN TƯỢNG VIETTEL NGHĨ VỀ SỰ HOANG PHÍ CỦA MỘT HỆ THỐNG,https://www.khoi8406.com/post/leanhhung/tu-hien-tuong-viettel-nghi-ve-su-hoang-af345628f84.html,1
ĐBQH Dương Trung Quốc đã bị PTT Hán tặc Hoàng Trung Hải khống chế?,https://www.khoi8406.com/post/leanhhung/bqh-duong-trung-quoc-bi-ptt-han-tac-a57336b1274.html,1
"Một số hình ảnh về buổi Toạ đàm “Cơ chế của LHQ về bảo vệ người bảo vệ nhân quyền"" ngày 26.11 tại Hà Nội",https://www.khoi8406.com/post/leanhhung/mot-vai-hinh-anh-ve-buoi-toa-am-co-che-0a76428e532.html,1
Giá xăng dầu ở Việt Nam đã giảm đủ chưa?,https://www.khoi8406.com/post/leanhhung/gia-xang-dau-o-viet-nam-giam-u-chua-d0ce9514f55.html,1
Chuyện loạ Việt Nam: Một cơ quan có 17 lãnh đạo và 3 nhân viên,https://www.khoi8406.com/post/leanhhung/chuyen-loa-viet-nam-mot-co-quan-co-17-912e8db3cca.html,1
Người tố cáo lãnh đạo nhà nước bị suy kiệt sức khoẻ trong tù,https://www.khoi8406.com/post/leanhhung/nguoi-to-cao-lanh-ao-nha-nuoc-bi-suy-d1439145af9.html,1
MỘT GIÁO SƯ NGƯỜI MỸ VẠCH MẶT CHỈ TÊN PTT HÁN TẶC HOÀNG TRUNG HẢI,https://www.khoi8406.com/post/leanhhung/mot-giao-su-nguoi-my-vach-mat-chi-ten-812d804af36.html,1
PTT Hán tặc Hoàng Trung Hải lại ra tay tàn phá Hà Nội,https://www.khoi8406.com/post/leanhhung/ptt-han-tac-hoang-trung-hai-ra-tay-tan-4e969c8d569.html,1
Một vụ bao che trắng trợn của công an khiến dư luận phẫn nộ,https://www.khoi8406.com/post/leanhhung/mot-vu-bao-che-trang-tron-cua-cong-831e3cbf35b.html,1
“Đảng ta” đã “giải phóng con người” như thế nào?,https://www.khoi8406.com/post/leanhhung/ang-ta-giai-phong-con-nguoi-nhu-nao-a4f82b49ddd.html,1
NO-U FC TRÒN BA TUỔI,https://www.khoi8406.com/post/leanhhung/no-u-fc-tron-ba-tuoi-437cc82404e.html,1
LỄ CẦU NGUYỆN CHO CÔNG LÝ - HOÀ BÌNH TẠI NHÀ THỜ DCCT THÁI HÀ TỐI 26.10,https://www.khoi8406.com/post/leanhhung/le-cau-nguyen-cho-cong-ly-hoa-binh-tai-2f72dda6532.html,1
Hãy lên tiếng bảo vệ Lê Thị Phương Anh – nhân chứng tội ác của lãnh đạo nhà nước Việt Nam,https://www.khoi8406.com/post/leanhhung/hay-len-tieng-bao-ve-le-thi-phuong-anh-63a5b1771db.html,1
Tại sao Công an Đồng Nai lại truy tố Lê Thị Phương Anh – người xứng đáng được tuyên dương vì hành động của mình?,https://www.khoi8406.com/post/leanhhung/tai-sao-cong-ong-nai-lai-truy-to-le-thi-f062a330605.html,1
Vén màn lịch sử: Một nguyên thủ đại cường da đen vừa viếng thăm Việt Nam?,https://www.khoi8406.com/post/leanhhung/ven-man-lich-su-mot-nguyen-thu-ai-cuong-f66cff6fd1f.html,1
KHẨN BÁO: NGƯỜI TỐ CÁO LÃNH ĐẠO BỊ CÔNG AN BẮT CÓC!!!,https://www.khoi8406.com/post/leanhhung/khan-bao-nguoi-to-cao-lanh-ao-bi-cong-5bdc916d7f6.html,1
Một di tích lịch sử - văn hoá cấp quốc gia bị xâm hại nghiêm trọng,https://www.khoi8406.com/post/leanhhung/mot-di-tich-lich-su-van-hoa-cap-quoc-c916946c207.html,1
Từ Hồng Kông nghĩ về cách mạng dân chủ ở Việt Nam,https://www.khoi8406.com/post/leanhhung/tu-hong-kong-nghi-ve-cach-mang-dan-chu-b249edd278e.html,1
TRẺ EM: ĐỐI TƯỢNG SÁCH NHIỄU MỚI CỦA CÔNG AN?,https://www.khoi8406.com/post/leanhhung/tre-em-oi-tuong-sach-nhieu-moi-cua-cong-d67a7187677.html,1
Bloomberg: Tốc tộ tăng trưởng của Việt Nam xấu nhất kể từ thập niên 1980,https://www.khoi8406.com/post/leanhhung/bloomberg-toc-to-tang-truong-cua-viet-db16b787820.html,1
Bài học từ vụ lùm xùm ở Hội Nhà báo Độc lập,https://www.khoi8406.com/post/leanhhung/bai-hoc-tu-vu-lum-xum-o-hoi-nha-bao-oc-7c9761ba0d9.html,1
CÔNG TRÌNH BIỂU TƯỢNG QUỐC GIA HAY HIỂM HỌA TƯƠNG LAI?,https://www.khoi8406.com/post/leanhhung/cong-trinh-bieu-tuong-quoc-gia-hay-hiem-89f563ccb9e.html,1
VTV chơi xỏ ông Trương Tấn Sang?,https://www.khoi8406.com/post/leanhhung/vtv-choi-xo-ong-truong-tan-sang-fa068d9165b.html,1
Một thứ “giấy mời” ngang ngược của Công an Đồng Nai,https://www.khoi8406.com/post/leanhhung/mot-thu-giay-moi-ngang-nguoc-cua-cong-ebf8d1b8879.html,1
Pháp quyền XHCN: Đối tượng bị tố cáo lại được giao trách nhiệm xử lý đơn tố cáo và đe doạ người tố cáo,https://www.khoi8406.com/post/leanhhung/phap-quyen-xhcn-oi-tuong-bi-to-cao-lai-ad6b7324a06.html,1
Thư chung của các tổ chức xã hội dân sự độc lập Việt Nam gửi TNS John McCain,https://www.khoi8406.com/post/leanhhung/thu-chung-cua-cac-to-chuc-xa-hoi-dan-su-e3e7334e878.html,1
THỰC TRẠNG VIỆT NAM: VẤN ĐỀ VÀ GIẢI PHÁP,https://www.khoi8406.com/post/leanhhung/thuc-trang-viet-nam-van-e-va-giai-phap-60c7c770570.html,1
QUAN HỆ MỸ - VIỆT - TRUNG VÀ CHUYẾN THĂM ĐẦY PHẤP PHỎNG CỦA ÔNG SANG,https://www.khoi8406.com/post/leanhhung/quan-he-my-viet-trung-va-chuyen-tham-ay-26d879233ec.html,1
Xây dựng một di sản mới của Mỹ ở Việt Nam,https://www.khoi8406.com/post/leanhhung/xay-dung-mot-di-san-moi-cua-my-o-viet-4fe95e4fe77.html,1
CÂU CHUYỆN TẠM GIAM Ở VIỆT NAM,https://www.khoi8406.com/post/leanhhung/cau-chuyen-tam-giam-o-viet-nam-4515c908e41.html,1
NHẬP SIÊU TỪ TRUNG QUỐC: CẤP ĐỘ BÁO ĐỘNG NGÀY CÀNG LỚN VÀ NHỮNG CÁI TAI NGÀY CÀNG ĐIẾC,https://www.khoi8406.com/post/leanhhung/nhap-sieu-tu-trung-quoc-cap-o-bao-ong-983c13c4821.html,1
"PTT Tàu Hoàng Trung Hải ""dâng"" phần lớn các mỏ khoáng sản của Việt Nam cho Trung Quốc",https://www.khoi8406.com/post/leanhhung/ptt-tau-hoang-trung-hai-dang-phan-lon-a16086a870a.html,1
BÁO ĐỘNG: NGƯỜI TRUNG QUỐC LẠI SẮP LẬP CĂN CỨ Ở QUẢNG TRỊ,https://www.khoi8406.com/post/leanhhung/bao-ong-nguoi-trung-quoc-lai-sap-lap-a72d16c16a0.html,1
HIỂM HOẠ TRUNG QUỐC: BÀI HỌC TỪ TIỆP KHẮC VÀ UKCRAINE,https://www.khoi8406.com/post/leanhhung/hiem-hoa-trung-quoc-bai-hoc-tu-tiep-b99a2b109ee.html,1
Lào Cai: “Tử huyệt” của phòng tuyến biên giới phía bắc?,https://www.khoi8406.com/post/leanhhung/lao-cai-tu-huyet-cua-phong-tuyen-bien-8d925078aa3.html,1
Trục đường cửa ngõ chiến lược Móng Cái - Hạ Long sẽ rơi vào vòng kiểm soát của Trung Quốc?,https://www.khoi8406.com/post/leanhhung/truc-uong-cua-ngo-chien-luoc-mong-cai-91c5d6d38fc.html,1
TPP: Đòn bẩy cho Nhân quyền ở Việt Nam?,https://www.khoi8406.com/post/leanhhung/tpp-on-bay-cho-nhan-quyen-o-viet-nam-1c81f2029ab.html,1
PTT gốc Tàu Hoàng Trung Hải – hiểm hoạ đằng sau những trò mị dân,https://www.khoi8406.com/post/leanhhung/ptt-goc-tau-hoang-trung-hai-hiem-hoa_8-b9984dbaec0.html,1
Formosa Hà Tĩnh đã trở thành đặc khu của Trung Quốc?,https://www.khoi8406.com/post/leanhhung/formosa-ha-tinh-tro-thanh-ac-khu-cua-79f7b0e9999.html,1
The Diplomat: Trung Quốc không hề từ bỏ tham vọng khi rút giàn khoan,https://www.khoi8406.com/post/leanhhung/the-diplomat-trung-quoc-khong-he-tu-bo-23ec1302881.html,1
BIÊN BẢN LÀM VIỆC VÀ BẢN CHẤT CỦA CÔNG AN CỘNG SẢN,https://www.khoi8406.com/post/leanhhung/bien-ban-lam-viec-va-ban-chat-cua-cong-042b65df562.html,1
Vì sao nhà cầm quyền Việt Nam lại im lặng trước tin đồn Hồ Chí Minh là Hồ Tập Chương?,https://www.khoi8406.com/post/leanhhung/vi-sao-nha-cam-quyen-viet-nam-lai-im_21-e58d7274fb9.html,1
Bauxite Việt Nam đã công khai lên tiếng về vụ PTT Tàu Hoàng Trung Hải,https://www.khoi8406.com/post/leanhhung/bauxite-viet-nam-cong-khai-len-tieng-ve-b65eebec4d8.html,1
TÂM SỰ NHÓI LÒNG CỦA MỘT CÔ GÁI TRÊN FACEBOOK,https://www.khoi8406.com/post/leanhhung/tam-su-nhoi-long-cua-mot-co-gai-tren-931f1aaa068.html,1
Câu chuyện trớ trêu của một người mẹ đi thăm nuôi con gái,https://www.khoi8406.com/post/leanhhung/cau-chuyen-tro-treu-cua-mot-nguoi-me-i-4a20e518418.html,1
BÁO ĐỘNG: PTT Tàu Hoàng Trung Hải lại âm mưu biến Vũng Áng và cảng Sơn Dương thành đặc khu của Trung Quốc!!!,https://www.khoi8406.com/post/leanhhung/bao-ong-ptt-tau-hoang-trung-hai-lai-am-539a730840e.html,1
VAI TRÒ NỔI BẬT CỦA PTT HÁN TẶC HOÀNG TRUNG HẢI Ở BIỂN ĐÔNG,https://www.khoi8406.com/post/leanhhung/vai-tro-noi-bat-cua-ptt-han-tac-hoang-60e538f5226.html,1
Báo chí Trung Quốc: Dương Khiết Trì thăm Việt Nam và kêu gọi 'đứa con hoang đàng' trở về,https://www.khoi8406.com/post/leanhhung/bao-chi-trung-quoc-duong-khiet-tri-tham-9d9a8c98abb.html,1
"Hai trí thức, hai bài viết và hai tâm thế trái ngược",https://www.khoi8406.com/post/leanhhung/hai-tri-thuc-hai-bai-viet-va-hai-tam-7dca0aa079d.html,1
HÀNH TRÌNH THĂM NUÔI PHƯƠNG ANH LẦN THỨ 2 TẠI TRẠI GIAM B5 CÔNG AN TỈNH ĐỒNG NAI 14/6/2014,https://www.khoi8406.com/post/leanhhung/hanh-trinh-tham-nuoi-phuong-anh-lan-thu-c95b264eb9a.html,1
"Đơn tố cáo Công an Đồng Nai về hành vi bắt giữ người trái phép, vi phạm luật tố tụng và khám xét nhà tuỳ tiện",https://www.khoi8406.com/post/leanhhung/on-to-cao-cong-ong-nai-ve-hanh-vi-bat-b6022c8d77b.html,1
CÔNG AN ĐỒNG NAI VÀ QUẢNG TRỊ LẠI SÁCH NHIỄU GIA ĐÌNH LÊ THỊ PHƯƠNG ANH,https://www.khoi8406.com/post/leanhhung/cong-ong-nai-va-quang-tri-lai-sach-2e8302f2d0c.html,1
CẬP NHẬT THÔNG TIN VỀ TÌNH HÌNH CỦA PHƯƠNG ANH,https://www.khoi8406.com/post/leanhhung/cap-nhat-thong-tin-ve-tinh-hinh-cua-5da3d51f968.html,1
THÔNG BÁO: TÌNH TRẠNG CỦA PHƯƠNG ANH TRONG TRẠI TẠM GIAM B5 CÔNG AN ĐỒNG NAI,https://www.khoi8406.com/post/leanhhung/thong-bao-tinh-trang-cua-phuong-anh-6622f9ae20b.html,1
Thực hư chuyện ba đảng viên Việt Tân kích động biểu tình bị bắt,https://www.khoi8406.com/post/leanhhung/thuc-hu-chuyen-ba-ang-vien-viet-tan-47a542af3bf.html,1
S.O.S: Công an Đồng Nai tiếp tục chà đạp lên pháp luật,https://www.khoi8406.com/post/leanhhung/le-thi-phuong-anh-van-bat-vo-am-tin-c53a0f69441.html,1
CHIÊU TRÒ CŨ RÍCH CỦA Đ/C X,https://www.khoi8406.com/post/leanhhung/chieu-tro-cu-mem-cua-c-x-996f644319f.html,1
Open Letter to Minister of Public Security Tran Dai Quang & NA Member Duong Trung Quoc,https://www.khoi8406.com/post/leanhhung/open-letter-to-minister-of-public-88dd7b9e59e.html,1
THƯ NGỎ GỬI BỘ TRƯỞNG CÔNG AN TRẦN ĐẠI QUANG VÀ ĐBQH DƯƠNG TRUNG QUỐC,https://www.khoi8406.com/post/leanhhung/thu-ngo-gui-bo-truong-cong-tran-ai-6e2e9c02abb.html,1
TRÒ BẦN THỈU CỦA CÔNG AN ĐỒNG NAI,https://www.khoi8406.com/post/leanhhung/tro-ban-thiu-cua-cong-ong-nai-5c7958580c3.html,1
"Người biểu tình hô vang ""ĐẢ ĐẢO TRUNG QUỐC XÂM LƯỢC"" & ""ĐẢ ĐẢO BÈ LŨ BÁN NƯỚC"" trước thềm Nhà hát Lớn ngày 11.5",https://www.khoi8406.com/post/leanhhung/tieng-ho-ao-trung-quoc-xam-luoc-ao-be-cbbc753bb34.html,1
QUAN ĐIỂM CỦA CỰU ĐẠI TÁ AN NINH NGUYỄN ĐĂNG QUANG VỀ VỤ TỐ CÁO CỦA LÊ ANH HÙNG - LÊ THỊ PHƯƠNG ANH,https://www.khoi8406.com/post/leanhhung/quan-iem-cua-cuu-ai-ta-ninh-nguyen-ang-56257390ac6.html,1
Quan điểm của tôi về vụ biểu tình chống Trung Quốc ngày 11.5,https://www.khoi8406.com/post/leanhhung/quan-iem-cua-toi-ve-vu-bieu-tinh-chong-26a1d04e676.html,1
AP: Việt Nam bắt giữ 2 blogger trong chiến dịch trấn áp mới,https://www.khoi8406.com/post/leanhhung/ap-viet-nam-bat-giu-2-blogger-trong_7-6483c4391e9.html,1
"Nhà báo ""lề đảng"" Lê Phương Dung góp tiếng nói vạch trần băng đảng Hán tặc Hoàng Trung Hải",https://www.khoi8406.com/post/leanhhung/nha-bao-le-phuong-dung-gop-tieng-noi-9b47bf2c4e1.html,1
Tâm Huyết Thư tố cáo lý lịch mờ ám của PTT Tàu Hoàng Trung Hải,https://www.khoi8406.com/post/leanhhung/tam-huyet-thu-to-cao-ly-lich-mo-am-a9087c775c5.html,1
Đề nghị Trung tướng Hoàng Kông Tư khởi tố một vụ án đặc biệt nghiêm trọng khác về tội vu khống,https://www.khoi8406.com/post/leanhhung/e-nghi-trung-tuong-hoang-kong-tu-khoi-0d85e82ce5b.html,1
Việt Nam: Quốc gia ủng hộ Mỹ nhiều nhất ở Châu Á,https://www.khoi8406.com/post/leanhhung/viet-nam-quoc-gia-ung-ho-my-nhieu-nhat-00fd23675f8.html,1
ÔNG HOÀNG TRUNG HẢI LẠI TIẾP TỤC CA BÀI MỊ DÂN,https://www.khoi8406.com/post/leanhhung/ong-hoang-trung-hai-lai-tiep-tuc-ca-bai-3fb6e84b8fe.html,1
Trái khoáy chuyện trồng lúa ở Việt Nam,https://www.khoi8406.com/post/leanhhung/trai-khoay-chuyen-trong-lua-o-viet-nam-c0e764094d5.html,1
Những người Trung Quốc được PTT Tàu Hoàng Trung Hải chỉ đạo xây “nghĩa trang liệt sỹ” đã “giúp” Việt Nam “làm đường” như thế nào?,https://www.khoi8406.com/post/leanhhung/nhung-nguoi-trung-quoc-uoc-ptt-tau-a5c1ffa69fc.html,1
Tại sao Đảng Cộng sản Trung Quốc lại đi đến chỗ diệt vong,https://www.khoi8406.com/post/leanhhung/tai-sao-ang-cong-san-trung-quoc-lai-i-32be625e3e4.html,1
"Lời kêu gọi giúp đỡ gia đình em Đỗ Văn Bình, người bị Công an H. Hoà Vang, Đà Nẵng đánh chết trong đồn ngày 14.4",https://www.khoi8406.com/post/leanhhung/loi-keu-goi-giup-o-gia-inh-em-o-van-d0f49605c39.html,1
CON NHỎ CỦA NGƯỜI TỐ CÁO LÃNH ĐẠO BỊ TRẢ THÙ HÈN HẠ,https://www.khoi8406.com/post/leanhhung/con-nho-cua-nguoi-to-cao-bi-tra-thu-hen-883fa4f5456.html,1
TẤT CẢ VÌ TƯƠNG LAI CON EM CHÚNG TA!,https://www.khoi8406.com/post/leanhhung/tat-ca-vi-tuong-lai-con-em-chung-ta-30fe191f9e5.html,1
Open Letter to US Ambassador to Vietnam,https://www.khoi8406.com/post/leanhhung/open-letter-to-us-ambassador-to-vietnam-0409351d3a6.html,1
ĐƠN TỐ GIÁC BĂNG ĐẢNG MA TUÝ CỦA ÔNG HOÀNG TRUNG HẢI,https://www.khoi8406.com/post/leanhhung/on-to-giac-bang-ang-ma-tuy-cua-ong-7a8060fd697.html,1
"TÓM LƯỢC CÂU CHUYỆN LIÊN QUAN ĐẾN THƯ TỐ CÁO ĐỐI VỚI CÁC ÔNG NĐ MẠNH, NT DŨNG, HT HẢI VÀ NM TRIẾT",https://www.khoi8406.com/post/leanhhung/tom-luoc-cau-chuyen-lien-quan-en-thu-to-7ff69efcfd4.html,1
MỘT TIẾNG NÓI CÔNG KHAI VỀ VỤ TỐ CÁO CỦA TÔI,https://www.khoi8406.com/post/leanhhung/mot-tieng-noi-cong-khai-ve-vu-to-cao-a9e515a1b63.html,1
PHẢN HỒI BÀI “ĐỪNG ĐỂ VỤ LÊ ANH HÙNG CHÌM VÀO QUÊN LÃNG”,https://www.khoi8406.com/post/leanhhung/phan-hoi-bai-ung-e-vu-le-anh-hung-chim-00d951a59a7.html,1
"TÔI ĐÃ BỊ CỤC A67, BỘ CÔNG AN BẮT CÓC NHƯ THẾ NÀO",https://www.khoi8406.com/post/leanhhung/toi-bi-cuc-a67-bo-cong-bat-coc-nhu-nao-e06b40ffd5a.html,1
Làm việc với Công an Hà Nội ngày 2/7/2012,https://www.khoi8406.com/post/leanhhung/le-anh-hung-lam-viec-voi-cong-ha-noi-9eee0b3473a.html,1
LÀM VIỆC VỚI CÔNG AN HÀ NỘI NGÀY 6/7/2012,https://www.khoi8406.com/post/leanhhung/lam-viec-voi-cong-ha-noi-ngay-672012-afada1b5581.html,1
NHẬT KÝ CHUYỆN LÊ ANH HÙNG - PHẦN KẾT CÓ 'HẬU',https://www.khoi8406.com/post/leanhhung/nhat-ky-chuyen-le-anh-hung-phan-ket-co-8356bbb76d3.html,1
NHẬT KÝ CHUYỆN LÊ ANH HÙNG - PIII,https://www.khoi8406.com/post/leanhhung/nhat-ky-chuyen-le-anh-hung-piii-a283bca3cd2.html,1
NHẬT KÝ CHUYỆN LÊ ANH HÙNG - PII,https://www.khoi8406.com/post/leanhhung/nhat-ky-chuyen-le-anh-hung-tiep-theo-3d9a40afb55.html,1
ĐIỆN THOẠI VỚI CƠ QUAN AN NINH ĐIỀU TRA – CA HÀ NỘI,https://www.khoi8406.com/post/leanhhung/le-anh-hung-ien-thoai-voi-co-quan-ant-4cfb87a4999.html,1
12 NGÀY TRONG ‘THẾ GIỚI TÂM THẦN’,https://www.khoi8406.com/post/leanhhung/12-ngay-trong-gioi-tam-than-31d27416c9e.html,1
"SỰ BẤT LỰC CỦA TRUNG ƯƠNG, SỰ VÔ HIỆU CỦA CÁC THIẾT CHẾ DÂN CHỦ Ở ĐỊA PHƯƠNG VÀ HỆ LUỴ",https://www.khoi8406.com/post/leanhhung/su-bat-luc-cua-trung-uong-su-vo-hieu-a8aef58d536.html,1
HIẾN PHÁP VÀ MỘT SỰ NGỘ NHẬN VỀ DÂN CHỦ,https://www.khoi8406.com/post/leanhhung/hien-phap-va-mot-su-ngo-nhan-ve-dan-chu-cb13bf1d15a.html,1
TỪ CHUYỆN “Ý THỨC CỦA NGƯỜI THAM GIA GIAO THÔNG” ĐẾN THỰC TRẠNG “NHÀ NƯỚC PHÁP QUYỀN XHCN” Ở VIỆT NAM HIỆN NAY,https://www.khoi8406.com/post/leanhhung/tu-chuyen-y-thuc-cua-nguoi-tham-gia-1404c86f173.html,1
SỰ XUỐNG CẤP CỦA ĐẠO ĐỨC XÃ HỘI TRONG NỀN KINH TẾ THỊ TRƯỜNG VÀ THỦ PHẠM CỦA NÓ,https://www.khoi8406.com/post/leanhhung/su-xuong-cap-cua-ao-uc-xa-hoi-trong-nen-5ea5f0c5af8.html,1
CHÍNH PHỦ VÀ CHÍNH SÁCH,https://www.khoi8406.com/post/leanhhung/chinh-phu-va-chinh-sach-6e3c3479e0d.html,1
“TÁI CẤU TRÚC”: “AI” TÁI CẤU TRÚC “AI”?,https://www.khoi8406.com/post/leanhhung/tai-cau-truc-ai-tai-cau-truc-ai-950b6d295e9.html,1
BÃ QUYỀN LỰC,https://www.khoi8406.com/post/leanhhung/ba-quyen-luc-05b2fad416a.html,1
HIỂM HOẠ PHƯƠNG BẮC VÀ LỰA CHỌN CỦA VIỆT NAM,https://www.khoi8406.com/post/leanhhung/hiem-hoa-phuong-bac-va-lua-chon-cua-9b8c323f7b0.html,1
VÌ SAO ÔNG NGUYỄN PHÚ TRỌNG KHÔNG LÊN TIẾNG VỀ VỤ VIỆC Ở TIÊN LÃNG?,https://www.khoi8406.com/post/leanhhung/vi-sao-ong-nguyen-phu-trong-khong-len-2b90e078b3c.html,1
KIÊU BINH TRONG THỜI ĐẠI HỒ CHÍ MINH,https://www.khoi8406.com/post/leanhhung/kieu-binh-trong-thoi-ai-ho-chi-minh-bcd6c2b62c3.html,1
VỀ MỘT NỀN VĂN HOÁ BỊ CƯỠNG BỨC,https://www.khoi8406.com/post/leanhhung/ve-mot-nen-van-hoa-bi-cuong-buc-a3cc6dac515.html,1
NHỮNG DANH HÀI CHÍNH TRỊ Ở VIỆT NAM,https://www.khoi8406.com/post/leanhhung/nhung-danh-hai-chinh-tri-o-viet-nam-b3d97bc1255.html,1
NHỮNG CƠN NÓNG LẠNH TRÊN ĐẤU TRƯỜNG CHÍNH TRỊ Ở VIỆT NAM,https://www.khoi8406.com/post/leanhhung/nhung-con-nong-lanh-tren-au-truong-cf054b80dd3.html,1
MỘT NỀN KINH TẾ ĐANG TRÊN ĐÀ “HÁN HOÁ”?,https://www.khoi8406.com/post/leanhhung/mot-nen-kinh-te-ang-tren-han-hoa-7d0228df452.html,1
“CÁI GIÁ CỦA TỰ DO LÀ SỰ CẢNH GIÁC THƯỜNG TRỰC”,https://www.khoi8406.com/post/leanhhung/cai-gia-cua-tu-do-la-su-canh-giac-a7c21957032.html,1
“TÍNH ĐẢNG” TRONG NHÂN DÂN,https://www.khoi8406.com/post/leanhhung/tinh-ang-trong-nhan-dan-a82f6b64d14.html,1
SỰ HOANG TƯỞNG CỦA QUYỀN LỰC,https://www.khoi8406.com/post/leanhhung/su-hoang-tuong-cua-quyen-luc-6a37a9cf0e8.html,1
“HỘI CHỨNG LÊ VĂN LUYỆN” TRONG BỘ MÁY CÔNG QUYỀN Ở VIỆT NAM,https://www.khoi8406.com/post/leanhhung/hoi-chung-le-van-luyen-trong-bo-may-0f3384b37ec.html,1
SỰ ‘HỒN NHIÊN’ CỦA NGÀI TỔNG BÍ THƯ,https://www.khoi8406.com/post/leanhhung/su-hon-nhien-cua-ngai-tong-bi-thu-136e11831ac.html,1
12 NGÀY TRONG 'THẾ GIỚI TÂM THẦN' - PHẦN II,https://www.khoi8406.com/post/leanhhung/12-ngay-trong-gioi-tam-than-phan-ii-3b0485b9538.html,1
ÔNG ĐẶNG QUỐC BẢO ĐÃ KHUYÊN CÁC NHÀ LÃNH ĐẠO VN NHỮNG GÌ?,https://www.khoi8406.com/post/leanhhung/ong-ang-quoc-bao-khuyen-cac-nha-lanh-ao-e182d72dd0e.html,1
KHI NHÀ NƯỚC CỞI TRUỒNG,https://www.khoi8406.com/post/leanhhung/khi-nha-nuoc-coi-truong-4f1ae7c1c2b.html,1
ÔNG NGUYỄN PHÚ TRỌNG MUỐN BIẾN CÁC ĐỒNG CHÍ CỦA MÌNH THÀNH NHỮNG CÁI MÁY?,https://www.khoi8406.com/post/leanhhung/ong-nguyen-phu-trong-muon-bien-cac-ong-87281314fe0.html,1
"KHÔNG TỪ BỎ NGUYÊN LÍ DNNN GIỮ VAI TRÒ CHỦ ĐẠO, ĐẤT NƯỚC KHÔNG THỂ TIẾN LÊN",https://www.khoi8406.com/post/leanhhung/khong-tu-bo-nguyen-li-dnnn-giu-vai-tro-8121bb09c3e.html,1
SỰ THAO TÚNG TỪ TRUNG ƯƠNG,https://www.khoi8406.com/post/leanhhung/su-thao-tung-tu-trung-uong-e71b0299bbd.html,1
THỈNH NGUYỆN THƯ GỬI QUỐC HỘI NƯỚC CHXHCN VIỆT NAM,https://www.khoi8406.com/post/leanhhung/thinh-nguyen-thu-gui-quoc-hoi-nuoc-294c24ea500.html,1
OPEN LETTER TO FOREIGN AMBASSADORS IN VIETNAM,https://www.khoi8406.com/post/leanhhung/open-letter-to-foreign-ambassadors-in-1508e478222.html,1
THƯ NGỎ GỬI ĐẠI BIỂU QUỐC HỘI DƯƠNG TRUNG QUỐC,https://www.khoi8406.com/post/leanhhung/thu-ngo-gui-ai-bieu-quoc-hoi-duong-3caf5353522.html,1
CƠN CUỒNG NỘ CỦA CÔNG LÝ,https://www.khoi8406.com/post/leanhhung/con-cuong-no-cua-cong-ly-789d61f21a3.html,1
TÌNH TRẠNG VÔ PHÁP LUẬT Ở VIỆT NAM HIỆN NAY: CĂN NGUYÊN VÀ THÁCH THỨC CHO BẢN HIẾN PHÁP MỚI,https://www.khoi8406.com/post/leanhhung/tinh-trang-vo-phap-luat-o-viet-nam-hien-700c58d8d2b.html,1
“TÁI CẤU TRÚC” LÀ THẾ NÀY ĐÂY,https://www.khoi8406.com/post/leanhhung/tai-cau-truc-la-nay-ay-0666ef46165.html,1
ĐẢNG “COI TRỌNG ĐỘI NGŨ DOANH NHÂN” NHƯ THẾ NÀO?,https://www.khoi8406.com/post/leanhhung/ang-coi-trong-oi-ngu-doanh-nhan-nhu-nao-b4c58abad67.html,1
CẠNH TRANH THỂ CHẾ VÀ THÁCH THỨC VỚI VIỆT NAM,https://www.khoi8406.com/post/leanhhung/canh-tranh-che-va-thach-thuc-voi-viet-5a540302251.html,1
LÃNH ĐẠO VÀ ĐẤT NƯỚC,https://www.khoi8406.com/post/leanhhung/lanh-ao-va-at-nuoc-8f94042e292.html,1
THAM NHŨNG TRONG CÁC DNNN NGÀNH XÂY DỰNG – GIAO THÔNG,https://www.khoi8406.com/post/leanhhung/tham-nhung-trong-cac-dnnn-nganh-xay-00a2722c2c1.html,1
VỤ ĐOÀN VĂN VƯƠN: NGUY CƠ TỘI PHẠM THAO TÚNG QUAN CHỨC CHÍNH QUYỀN,https://www.khoi8406.com/post/leanhhung/vu-oan-van-vuon-nguy-co-toi-pham-thao-06ac7c08080.html,1
SỬA HIẾN PHÁP – TRÍ THỨC PHẢI LÊN TIẾNG,https://www.khoi8406.com/post/leanhhung/sua-hien-phap-tri-thuc-phai-len-tieng-9a02ae645f5.html,1
THÂN PHẬN “CỬ TRI” VÀ “ĐẠI BIỂU NHÂN DÂN” Ở VIỆT NAM,https://www.khoi8406.com/post/leanhhung/than-phan-cu-tri-va-ai-bieu-nhan-dan-o-9f8af3a2413.html,1
ĐẤT NƯỚC CỦA THÁNH THẦN,https://www.khoi8406.com/post/leanhhung/at-nuoc-cua-thanh-than-11b26f965ca.html,1
TỪ LỢN SIÊU NẠC ĐẾN BẤT ỔN XÃ HỘI,https://www.khoi8406.com/post/leanhhung/tu-lon-sieu-nac-en-bat-on-xa-hoi-1020777ab9b.html,1
"Lê Anh Hùng tố cáo các ông NĐ Mạnh, NT Dũng, HT Hải trên diễn đàn Paltalk toàn cầu",https://www.khoi8406.com/post/leanhhung/lah-to-cao-nhung-ten-cam-quyen-ang-csvn-f7753b82869.html,1
THƯ TỐ CÁO LẦN THỨ 65,https://www.khoi8406.com/post/leanhhung/thu-to-cao-lan-thu-65-6daa5ab11a4.html,1
CÂU CHUYỆN TỐ CÁO,https://www.khoi8406.com/post/leanhhung/cau-chuyen-to-cao-228e784510f.html,1
DANH SÁCH ĐỊA CHỈ EMAIL MÀ LÊ ANH HÙNG ĐÃ GỬI ĐƠN THƯ TỐ CÁO QUA INTERNET,https://www.khoi8406.com/post/leanhhung/cac-ia-chi-email-ma-le-anh-hung-gui-thu-99afee33421.html,1
Công an Quảng Trị bắt Lê Anh Hùng 25/12/2009,https://www.khoi8406.com/post/leanhhung/cong-quang-tri-bat-le-anh-hung-25122009-6d0653af1d5.html,1
BẢN CHỤP ĐƠN THƯ TỐ CÁO CỦA LÊ ANH HÙNG VÀ LÊ THỊ PHƯƠNG ANH,https://www.khoi8406.com/post/leanhhung/du-lieu-bang-scan-ve-lah-va-ltpa-7ee1f5de67a.html,1
TBT NGUYỄN PHÚ TRỌNG ĐANG “SỐT RUỘT” THEO KIỂU GÌ?,https://www.khoi8406.com/post/leanhhung/tbt-nguyen-phu-trong-ang-sot-ruot-theo-52c81ad1c5c.html,1
TÔI ĐI BIỂU TÌNH CHỐNG TRUNG QUỐC VÀ ỦNG HỘ LUẬT BIỂN NGÀY 8/7/2012,https://www.khoi8406.com/post/leanhhung/toi-i-bieu-tinh-chong-trung-quoc-va-ung-b81b0c9d1c8.html,1
NGUYỄN BẢO HOÀNG: “I WALK THE LINE”,https://www.khoi8406.com/post/leanhhung/nguyen-bao-hoang-i-walk-line-1c50d9fee98.html,1
"""RA MẮT"" CLB BÓNG ĐÁ NO-U (NO-U FC) NGÀY 15/7/2012",https://www.khoi8406.com/post/leanhhung/toi-ra-mat-clb-bong-no-u-line-no-u-line-b7d0bca01dc.html,1
MỘT NGHỊ QUYẾT QUAN TRỌNG CỦA ĐẢNG ĐÃ ĐƯỢC THỰC HIỆN NHƯ THẾ NÀO?,https://www.khoi8406.com/post/leanhhung/mot-nghi-quyet-quan-trong-cua-ang-uoc-c28cabeea50.html,1
TÁI CẤU TRÚC DNNN: TỪ NHẬN THỨC ĐẾN HÀNH ĐỘNG,https://www.khoi8406.com/post/leanhhung/tai-cau-truc-dnnn-tu-nhan-thuc-en-hanh-26fe14fa10a.html,1
TỪ CHUYỆN NGOẠI TÌNH SẼ BỊ XỬ LÝ NGHĨ VỀ MỘT KIỂU TƯ DUY PHÁP LUẬT Ở VIỆT NAM,https://www.khoi8406.com/post/leanhhung/tu-chuyen-ngoai-tinh-se-bi-xu-ly-nghi-5ab9150ff8a.html,1
HAI CUỘC BIỂU TÌNH TRONG MỘT NGÀY BỊ ĐÀN ÁP KHỐC LIỆT,https://www.khoi8406.com/post/leanhhung/hai-cuoc-bieu-tinh-trong-mot-ngay-bi-ap-7934db67bfd.html,1
ĐIỀU GÌ ĐANG XẨY RA VỚI NGÀNH ĐIỆN LỰC CỦA VIỆT NAM?,https://www.khoi8406.com/post/leanhhung/le-anh-hung-ha-noi-1482012-giua-luc-c7b13cd666e.html,1
KHỦNG HOẢNG LÃNH ĐẠO HAY CHUYỆN “THỜI THẾ TẠO ANH HÙNG”?,https://www.khoi8406.com/post/leanhhung/khung-hoang-lanh-ao-hay-chuyen-thoi-tao-80a56d20e08.html,1
Trả lời phỏng vấn Radio Chân Trời Mới ngày 22.8.2012,https://www.khoi8406.com/post/leanhhung/tra-loi-phong-van-radio-chan-troi-moi-71a3674ae58.html,1
VỤ “BẦU KIÊN” RỒI SẼ ĐI ĐẾN ĐÂU?,https://www.khoi8406.com/post/leanhhung/vu-bau-kien-roi-se-i-en-au-5030d18d0ad.html,1
TRUNG QUỐC GÂY MẤT ĐIỆN DIỆN RỘNG Ở ẤN ĐỘ VÀ TAI HOẠ ĐANG LƠ LỬNG TRÊN ĐẦU CHÚNG TA,https://www.khoi8406.com/post/leanhhung/trung-quoc-gay-mat-ien-dien-rong-o-o-va-74d56bf3188.html,1
Diễn đàn Paltalk Hội luận Phỏng vấn Hiện tình VN phỏng vấn Lê Anh Hùng,https://www.khoi8406.com/post/leanhhung/dien-paltalk-hoi-luan-phong-van-hien-4226323955b.html,1
Blogger bình luận về blog Quan Làm Báo,https://www.khoi8406.com/post/leanhhung/blogger-binh-luan-ve-blog-quan-lam-bao-a53c1e2f414.html,1
VIỆT NAM ĐANG ĐI VỀ ĐÂU?,https://www.khoi8406.com/post/leanhhung/viet-nam-ang-i-ve-au-f0d72ea7b3b.html,1
TƯỜNG THUẬT VỤ CỤ LÊ HIỀN ĐỨC BỊ LỰC LƯỢNG CHỨC NĂNG BẮT NGÀY 5/8/2012,https://www.khoi8406.com/post/leanhhung/tuong-thuat-vu-cu-le-hien-uc-bi-luc-47b97499a28.html,1
THẦY TRÒ LÊ ĐỨC THỌ - LÊ ĐỨC ANH XUA QUÂN ĐÁNH SANG THÁI LAN RỒI ĐỔ TỘI CHO NGƯỜI KHÁC NHƯ THẾ NÀO,https://www.khoi8406.com/post/leanhhung/thay-tro-le-uc-tho-le-uc-anh-xua-quan-f898bdebd65.html,1
SÁNG SUỐT!,https://www.khoi8406.com/post/leanhhung/sang-suot-60ec008f0a4.html,1
NHẬT KÝ BỔ SUNG V,https://www.khoi8406.com/post/leanhhung/nhat-ky-bo-sung-v-2c37ca7fcf1.html,1
THƯ TỐ CÁO LẦN THỨ 67,https://www.khoi8406.com/post/leanhhung/thu-to-cao-lan-thu-67-b0e76ab478a.html,1
LUẬN VỀ SỐNG VÀ CHẾT,https://www.khoi8406.com/post/leanhhung/luan-ve-song-va-chet_8029-3d4d7fa4032.html,1
KHOA HỌC VÀ CHÍNH TRỊ,https://www.khoi8406.com/post/leanhhung/khoa-hoc-va-chinh-tri-5a8e98d62be.html,1
THƯ TỐ CÁO LẦN THỨ 69,https://www.khoi8406.com/post/leanhhung/thu-to-cao-lan-thu-69_9-a7ddd9e9900.html,1
MỘT CÁN BỘ CAO CẤP CỦA QUÂN ĐỘI ĐỘT TỬ DO BỊ CƯỠNG CHẾ THU HỒI NHÀ TRÁI PHÁP LUẬT,https://www.khoi8406.com/post/leanhhung/mot-can-bo-cao-cap-cua-quan-oi-ot-tu-do-b934f3e9f3e.html,1
TỘI ÁC ECOPARK,https://www.khoi8406.com/post/leanhhung/toi-ac-ecopark-cb028a3a5a5.html,1
TÔI ĐI BIỂU TÌNH CHỐNG TRUNG QUỐC NGÀY 9/12/2012,https://www.khoi8406.com/post/leanhhung/toi-i-bieu-tinh-chong-trung-quoc-ngay-bbc5c84c0c8.html,1
Vế đối hôm qua và “đèn đỏ” trong ngày 9/12/2012 hôm nay,https://www.khoi8406.com/post/leanhhung/ve-oi-hom-qua-va-en-o-trong-ngay-1cd16e6884b.html,1
VÀI Ý KIẾN VỀ BÀI ‘LẠI BÀN VỀ QUAN HỆ GIỮA KHOA HỌC VÀ CHÍNH TRỊ’,https://www.khoi8406.com/post/leanhhung/vai-y-kien-ve-bai-lai-ban-ve-quan-he_13-f93026acbde.html,1
QUỐC HỘI VIỆT NAM ĐANG BỊ THAO TÚNG NHƯ THẾ NÀO,https://www.khoi8406.com/post/leanhhung/quoc-hoi-viet-nam-ang-bi-thao-tung-nhu-9d4d69a9243.html,1
KHI QUYỀN LỰC BÓNG TỐI LẠI TRỖI DẬY,https://www.khoi8406.com/post/leanhhung/khi-quyen-luc-bong-toi-lai-troi-day-2bad42978a1.html,1
THƯ TỐ CÁO LẦN THỨ 70,https://www.khoi8406.com/post/leanhhung/loi-dan-thu-to-caolan-thu-70-nay-uoc-61cf7c6808b.html,1
NHẬT KÝ CHUYỆN LÊ ANH HÙNG,https://www.khoi8406.com/post/leanhhung/lts-7e1058a707e.html,1
TẬP HỢP CÁC BÀI VIẾT VỀ VỤ LÊ ANH HÙNG BỊ BẮT ĐƯA VÀO TRẠI TÂM THẦN,https://www.khoi8406.com/post/leanhhung/tap-hop-cac-bai-viet-ve-vu-le-anh-hung-8b683c8b2d6.html,1
12 NGÀY TRONG 'THẾ GIỚI TÂM THẦN' - PHẦN CUỐI,https://www.khoi8406.com/post/leanhhung/12-ngay-trong-gioi-tam-than-phan-cuoi-80feb74dcb8.html,1
THƯ KHẨN GỬI ĐẠI BIỂU QUỐC HỘI DƯƠNG TRUNG QUỐC,https://www.khoi8406.com/post/leanhhung/thu-khan-gui-ai-bieu-quoc-hoi-duong-0cb91c5a61c.html,1
VIỆT NAM BỊ LÊN ÁN VÌ ĐÀN ÁP CÁC BLOGGER,https://www.khoi8406.com/post/leanhhung/viet-nam-bi-len-vi-ap-cac-blogger-8a55fbd32ca.html,1
BỐN DẤU HIỆU CHO THẤY CHÍNH PHỦ VIỆT NAM ĐANG ĐÀN ÁP CUỘC ‘CÁCH MẠNG TRUYỀN THÔNG XÃ HỘI’,https://www.khoi8406.com/post/leanhhung/bon-dau-hieu-cho-thay-chinh-phu-viet_1843-b0fda116776.html,1
VIỆT NAM BỊ CHỈ TRÍCH TẠI HỘI ĐỒNG NHÂN QUYỀN LIÊN HỢP QUỐC,https://www.khoi8406.com/post/leanhhung/viet-nam-bi-chi-trich-tai-hoi-ong-nhan-0c4f50ff4b1.html,1
CÁC TỔ CHỨC NHÂN QUYỀN KÊU GỌI LHQ HỖ TRỢ BLOGGER BỊ GIAM LÊ QUỐC QUÂN,https://www.khoi8406.com/post/leanhhung/cac-to-chuc-nhan-quyen-keu-goi-lhq-ho-cf37fe9f35d.html,1
What would you do in my situation?,https://www.khoi8406.com/post/leanhhung/what-would-you-do-in-my-situation-dba1a210c78.html,1
"Hoa Kỳ coi thúc đẩy dân chủ là chìa khoá trong chính sách Châu Á, chỉ trích Việt Nam “thụt lùi” về nhân quyền",https://www.khoi8406.com/post/leanhhung/hoa-ky-coi-thuc-ay-dan-chu-la-chia-khoa-b3d5fc2dc99.html,1
ĐIỂM NÚT,https://www.khoi8406.com/post/leanhhung/iem-nut-a19b9c18a50.html,1
Vietnamese Authorities’ Violations of Our Family’s Civil Liberties and Human Rights,https://www.khoi8406.com/post/leanhhung/the-vietnamese-authorities-violation-of-7f6890f17c4.html,1
"NHÂN ĐỌC 'BÊN THẮNG CUỘC', LẠI BÀN VỀ SỰ HOANG TƯỞNG CỦA QUYỀN LỰC",https://www.khoi8406.com/post/leanhhung/nhan-oc-ben-thang-cuoc-lai-ban-ve-su-8e791feeeb4.html,1
Các nhà lập pháp hối thúc chính quyền Obama tỏ lập trường cứng rắn với Việt Nam trước cuộc đối thoại nhân quyền,https://www.khoi8406.com/post/leanhhung/cac-nha-lap-phap-hoi-thuc-chinh-quyen-a81baf863b9.html,1
LẠI THÊM MỘT CUỘC “THÍ NGHIỆM” NỮA CỦA ĐẢNG?,https://www.khoi8406.com/post/leanhhung/lai-mot-cuoc-thi-iem-nua-cua-ang-csvn-a9634731d2b.html,1
LÀM THẾ NÀO ĐỂ (KHÔNG) TRỞ THÀNH MỘT ĐẠI SỨ MỸ?,https://www.khoi8406.com/post/leanhhung/lam-nao-e-khong-tro-thanh-mot-ai-su-my-cd8d20b35d8.html,1
Nghị viện Châu Âu hối thúc chính quyền Việt Nam chấm dứt vi phạm nhân quyền,https://www.khoi8406.com/post/leanhhung/nghi-vien-chau-au-hoi-thuc-chinh-quyen-00515855b37.html,1
THƯ CẦU CỨU,https://www.khoi8406.com/post/leanhhung/thu-cau-cuu-d60e0eeded6.html,1
Sự Trở Lại Của Thuyền Nhân Việt Nam,https://www.khoi8406.com/post/leanhhung/su-tro-lai-cua-thuyen-nhan-viet-nam-c9309abdba3.html,1
"Bị Cáo Bận Họp, Chờ Đấy!",https://www.khoi8406.com/post/leanhhung/bi-cao-ban-hop-cho-ay_1-efb8c32ee9e.html,1
THƯ CẦU CỨU KHẨN CẤP,https://www.khoi8406.com/post/leanhhung/thu-cau-cuu-khan-cap-f8664392f3b.html,1
Việt Nam – Cuộc đấu tranh vì tự do,https://www.khoi8406.com/post/leanhhung/viet-nam-cuoc-au-tranh-vi-tu-do-3e4d2ea23a3.html,1
Người Việt Nam đang tìm tiếng nói chính trị,https://www.khoi8406.com/post/leanhhung/nguoi-viet-nam-ang-tim-tieng-noi-chinh-a4d4f3f4d05.html,1
Chương trình Từ Cánh Đồng Mây phỏng vấn vợ chồng Lê Anh Hùng,https://www.khoi8406.com/post/leanhhung/chuong-trinh-tu-canh-ong-may-phong-van-83fcc6efe5a.html,1
Chủ tịch UB Đối ngoại Hạ viện Hoa Kỳ đề xuất luật mới nhằm nêu bật tình trạng vi phạm nhân quyền ở VN,https://www.khoi8406.com/post/leanhhung/chu-tich-ub-oi-ngoai-ha-vien-hoa-ky-e-11a4d8129a3.html,1
Hoa Kỳ và Việt Nam: Từng bước trở thành những đối tác ngọt-đắng?,https://www.khoi8406.com/post/leanhhung/hoa-ky-va-viet-nam-tung-buoc-tro-thanh-2e644c964b8.html,1
LỜI KÊU GỌI,https://www.khoi8406.com/post/leanhhung/loi-keu-goi-a5424b19242.html,1
PHÂN TÍCH: Liệu báo cáo tự do tôn giáo có cần thêm ‘nanh vuốt’?,https://www.khoi8406.com/post/leanhhung/phan-tich-lieu-bao-cao-tu-do-ton-giao-271e494c985.html,1
Thư ngỏ của cựu chiến binh Hoàng Đức Doanh gửi Thủ tướng,https://www.khoi8406.com/post/leanhhung/thu-ngo-cua-cuu-chien-binh-hoang-uc-0c3037ff43d.html,1
Hội đồng Nhân quyền LHQ phải can thiệp việc theo dõi Internet bất hợp pháp,https://www.khoi8406.com/post/leanhhung/hoi-ong-nhan-quyen-lhq-phai-can-thiep-05326ff7007.html,1
THƯ TỐ CÁO LẦN THỨ 72,https://www.khoi8406.com/post/leanhhung/thu-to-cao-lan-thu-72-d098345b787.html,1
Vài hình ảnh về cuộc biểu tình chống Trung Quốc ngày 2.6.2013,https://www.khoi8406.com/post/leanhhung/vai-hinh-anh-le-thi-phuong-anh-tham-gia-383d4060220.html,1
Quan hệ của Mỹ với Việt Nam,https://www.khoi8406.com/post/leanhhung/quan-he-cua-my-voi-viet-nam-a3d6109e196.html,1
"Thủ tướng Việt Nam vượt qua cuộc bỏ phiếu tín nhiệm, song với vị thế đã suy yếu",https://www.khoi8406.com/post/leanhhung/thu-tuong-viet-nam-vuot-qua-cuoc-bo-47fe3767918.html,1
Bỏ phiếu tín nhiệm ở Quốc hội: Ý nghĩa vượt lên trên kết quả,https://www.khoi8406.com/post/leanhhung/bo-phieu-tin-nhiem-o-quoc-hoi-y-nghia-7082b17315b.html,1
Tổ chức Phóng viên Không biên giới lên tiếng mạnh mẽ về các vụ bắt giữ blogger gần đây,https://www.khoi8406.com/post/leanhhung/to-chuc-phong-vien-khong-bien-gioi-len-b3044480bb3.html,1
Human Rights Watch: Việt Nam tăng cường truy bức các blogger,https://www.khoi8406.com/post/leanhhung/human-rights-watch-viet-nam-tang-cuong-d35d117853b.html,1
Tuyệt thực ở Việt Nam thử thách sự đe doạ của chính quyền,https://www.khoi8406.com/post/leanhhung/tuyet-thuc-o-viet-nam-thu-thach-su-e-4e74f7dcb24.html,1
Chính trị Việt Nam: Xảo thuật tín nhiệm,https://www.khoi8406.com/post/leanhhung/chinh-tri-viet-nam-xao-thuat-tin-nhiem-4d15a58ee65.html,1
CẢNH GIÁC VỚI NHỮNG KHOẢN VAY TỪ TRUNG QUỐC,https://www.khoi8406.com/post/leanhhung/canh-giac-voi-nhung-khoan-vay-tu-trung-4aa64acb8b4.html,1
Trục xoay nửa vời,https://www.khoi8406.com/post/leanhhung/truc-xoay-nua-voi-0360fad8417.html,1
THƯ NGỎ GỬI BỘ TRƯỞNG CÔNG AN TRẦN ĐẠI QUANG,https://www.khoi8406.com/post/leanhhung/thu-ngo-gui-bo-truong-cong-tran-ai-quang-5e21c0cc1c5.html,1
Thư của Chủ tịch Uỷ ban Đối ngoại Hạ viện Mỹ gửi TT Obama về chuyến thăm của Chủ tịch Việt Nam,https://www.khoi8406.com/post/leanhhung/thu-cua-chu-tich-uy-ban-oi-ngoai-ha-4056ea40f7a.html,1
Asia Sentinel: Các blogger Việt Nam yêu cầu chính phủ tuân thủ luật lệ về nhân quyền,https://www.khoi8406.com/post/leanhhung/asia-sentinel-cac-blogger-viet-nam-yeu-35253847814.html,1
Hội kiến Sang – Obama: Khởi đầu chương mới trong quan hệ Việt - Mỹ?,https://www.khoi8406.com/post/leanhhung/hoi-kien-sang-obama-khoi-au-chuong-moi-f3b1b682286.html,1
VN trước những lựa chọn khó khăn,https://www.khoi8406.com/post/leanhhung/vn-truoc-nhung-lua-chon-kho-khan-b253961003f.html,1
McDonald’s sẽ không làm người Việt thoả cơn đói nhân quyền,https://www.khoi8406.com/post/leanhhung/mcdonalds-se-khong-lam-nguoi-viet-thoa-f5753f32393.html,1
Việt Nam – Hoa Kỳ: Tất cả cùng lên tàu?,https://www.khoi8406.com/post/leanhhung/viet-nam-hoa-ky-tat-ca-cung-len-tau-4d13527c05f.html,1
"Hoa Kỳ, Việt Nam và Campuchia: Sự trở lại của chính trị thực dụng",https://www.khoi8406.com/post/leanhhung/hoa-ky-viet-nam-va-campuchia-su-tro-lai-1a4d6b5ef20.html,1
Nhà tài phiệt với chiến dịch 10 năm để đưa Big Mac đến Việt Nam,https://www.khoi8406.com/post/leanhhung/nha-tai-phiet-voi-chien-dich-10-nam-e-02fdebacaa0.html,1
Khi hai cựu thù bắt tay nhau,https://www.khoi8406.com/post/leanhhung/khi-hai-cuu-thu-bat-tay-nhau-12712f873cb.html,1
"Từ Anh tới Việt Nam, kiểm duyệt mạng đang gia tăng trên toàn cầu",https://www.khoi8406.com/post/leanhhung/tu-anh-toi-viet-nam-kiem-duyet-mang-ang-404878c546f.html,1
Người Việt Nam có thực sự hạnh phúc đến thế hay không?,https://www.khoi8406.com/post/leanhhung/nguoi-viet-nam-co-thuc-su-hanh-phuc-en-c0a4044c717.html,1
BỘ CÔNG AN ĐÃ TRẢ LỜI QUỐC HỘI VỀ ĐƠN THƯ TỐ CÁO CỦA LÊ ANH HÙNG NHƯ THẾ NÀO,https://www.khoi8406.com/post/leanhhung/bo-cong-a-tra-loi-quoc-hoi-ve-on-thu-to-babbff69dc9.html,1
Cộng sản Việt Nam - Chuyên gia buôn người ngoại hạng,https://www.khoi8406.com/post/leanhhung/cong-san-viet-nam-chuyen-gia-buon-nguoi-fae68d735bd.html,1
Quan hệ đối tác toàn diện Mỹ-Việt: những vấn đề và ý nghĩa then chốt,https://www.khoi8406.com/post/leanhhung/quan-he-oi-tac-toan-dien-my-viet-nhung-83719e45e6c.html,1
Hồ sơ nhân quyền của Việt Nam làm nguội lạnh quan hệ với Mỹ,https://www.khoi8406.com/post/leanhhung/ho-so-nhan-quyen-cua-viet-nam-lam-nguoi-d958a865ca3.html,1
Hợp tác an ninh Mỹ-Việt: Tuần tự tiến | Phân tích,https://www.khoi8406.com/post/leanhhung/hop-tac-ninh-my-viet-tuan-tu-tien-phan-fb5c8b8c291.html,1
Kiểm duyệt Internet ở Việt Nam: Bước lùi với một chính phủ đang tìm cách hội nhập,https://www.khoi8406.com/post/leanhhung/kiem-duyet-internet-o-viet-nam-buoc-lui-76da58da9d3.html,1
Việt Nam và thế giới: Trọng tâm là Hoa Kỳ và Ấn Độ | Phân tích,https://www.khoi8406.com/post/leanhhung/viet-nam-va-gioi-trong-tam-la-hoa-ky-va-7eb1416daaf.html,1
Những ưu tiên khác nhau thách thức quan hệ Mỹ-Việt,https://www.khoi8406.com/post/leanhhung/ryan-mcclure-ng-uoi-dich-leanh-hung-k-e-65bc9236d79.html,1
Sinh viên ngày càng mất hứng thú với các văn bằng về chủ nghĩa Marx buộc chính phủ Việt Nam phải miễn học phí,https://www.khoi8406.com/post/leanhhung/sinh-vien-ngay-cang-mat-hung-thu-voi-847cfcabaa4.html,1
Người Việt với định mệnh dân chủ của đất nước,https://www.khoi8406.com/post/leanhhung/nguoi-viet-voi-inh-menh-dan-chu-cua-at-7a0e346982d.html,1
"TUYÊN BỐ NGHỊ ĐỊNH SỐ 72/2013/NĐ-CP VI PHẠM HIẾN PHÁP, PHÁP LUẬT VIỆT NAM VÀ CÁC CÔNG ƯỚC QUỐC TẾ MÀ VIỆT NAM THAM GIA",https://www.khoi8406.com/post/leanhhung/tuyen-bo-nghi-inh-so-722013n-cp-vi-pham-f63ff0c3a3a.html,1
Mối quan hệ lệch lạc của Việt Nam với Internet,https://www.khoi8406.com/post/leanhhung/moi-quan-he-lech-lac-cua-viet-nam-voi-63ce3ee818e.html,1
Nạn buôn bán phụ nữ Việt Nam ở Anh: Bài trừ những vụ buôn bán phụ nữ thực sự đòi hỏi phải điều tra thấu đáo,https://www.khoi8406.com/post/leanhhung/nan-buon-ban-phu-nu-viet-nam-o-anh-bai-37a98be0c8e.html,1
THƯ KÊU CỨU GỬI BỘ TRƯỞNG CÔNG AN TRẦN ĐẠI QUANG VÀ ĐBQH DƯƠNG TRUNG QUỐC,https://www.khoi8406.com/post/leanhhung/thu-keu-cuu-gui-bo-truong-cong-tran-ai-f0d00225290.html,1
CNN: Các tổ chức nhân quyền chỉ trích những quy định mới về Internet của Việt Nam,https://www.khoi8406.com/post/leanhhung/cnn-cac-to-chuc-nhan-quyen-chi-trich-b40bfddaabf.html,1
TPP: Sự cần thiết đối với Việt Nam,https://www.khoi8406.com/post/leanhhung/tpp-su-can-thiet-oi-voi-viet-nam-bff9e08b9cf.html,1
ASEAN nên bác bỏ bộ quy tắc ứng xử trên Biển Đông,https://www.khoi8406.com/post/leanhhung/asean-nen-bac-bo-bo-quy-tac-ung-xu-tren-df1b5668da7.html,1
"NGƯỜI TỐ CÁO LẠI BỊ KHỦNG BỐ, CƯỚP GIẬT",https://www.khoi8406.com/post/leanhhung/nguoi-to-cao-lai-bi-khung-bo-cuop-giat-59283ce201c.html,1
Tony Blair thoả thuận cố vấn cho Việt Nam và Peru,https://www.khoi8406.com/post/leanhhung/tony-blair-thoa-thuan-co-van-cho-viet-19ab5b1b8a2.html,1
Biển Đông dưới con mắt của Trung Quốc,https://www.khoi8406.com/post/leanhhung/james-r-fa4822a4771.html,1
Tổ chức Minh bạch Quốc tế: Những công dân chống tham nhũng ở Việt Nam,https://www.khoi8406.com/post/leanhhung/nhung-cong-dan-chong-tham-nhung-o-viet-4884a520af4.html,1
Nhà phát triển bất động sản người Mỹ để lại sự tức giận ở Việt Nam,https://www.khoi8406.com/post/leanhhung/nha-phat-trien-bat-ong-san-nguoi-my-e-dae59c01a2a.html,1
Việt Nam lại chơi bài “vừa đánh vừa đàm” khi đàm phán về nhân quyền,https://www.khoi8406.com/post/leanhhung/viet-nam-lai-choi-bai-vua-anh-vua-am-daca33f430f.html,1
"Nợ xấu đang bó buộc các ngân hàng Việt Nam, còn các nhà đầu tư thì đứng chờ",https://www.khoi8406.com/post/leanhhung/no-xau-ang-bo-buoc-cac-ngan-hang-viet-e05b8bd251c.html,1
"MẤT HẾT NIỀM TIN VÀO CÔNG CUỘC CHỐNG THAM NHŨNG CỦA ĐẢNG, MỘT ĐẢNG VIÊN VIẾT ĐƠN XIN RA KHỎI ĐẢNG",https://www.khoi8406.com/post/leanhhung/mat-het-niem-tin-vao-cong-cuoc-chong-bab139a7141.html,1
"John McCain: “Võ Nguyên Giáp đã thắng chúng tôi trong cuộc chiến, chứ chưa bao giờ thắng chúng tôi trong một trận đánh.”",https://www.khoi8406.com/post/leanhhung/john-mccain-vo-nguyen-giap-thang-chung-cd199405c1e.html,1
Wall Street Journal: Quan hệ Mỹ-Việt thu hút sự chú ý sau vụ LS Lê Quốc Quân bị kết án,https://www.khoi8406.com/post/leanhhung/wall-street-journal-quan-he-my-viet-thu-3a8d0581d42.html,1
Cơ chế kiểm duyệt mạng ở Trung Quốc thực sự vận hành như thế nào,https://www.khoi8406.com/post/leanhhung/co-che-kiem-duyet-mang-o-trung-quoc-56ef3d33217.html,1
THƯ TỐ CÁO LẦN THỨ 73 VÀ LỜI KÊU CỨU,https://www.khoi8406.com/post/leanhhung/thu-to-cao-lan-thu-73-va-loi-keu-cuu-cec2d46ac1c.html,1
TƯỜNG TRÌNH VỀ VỤ NGƯỜI TỐ CÁO BỊ BẮT CÓC,https://www.khoi8406.com/post/leanhhung/tuong-trinh-ve-vu-nguoi-to-cao-bi-bat-1b6a9ce196d.html,1
Ý kiến của ông Đào Tiến Thi về vụ tố cáo của Lê Anh Hùng – Lê Thị Phương Anh,https://www.khoi8406.com/post/leanhhung/y-kien-cua-ong-ao-tien-thi-ve-vu-to-cao-cae777a8b69.html,1
Thư của một công dân gửi ĐBQH Dương Trung Quốc về vụ tố cáo của Lê Anh Hùng - Lê Thị Phương Anh,https://www.khoi8406.com/post/leanhhung/thu-cua-mot-cong-dan-gui-bqh-duong-685cce58383.html,1
Đài Á Châu Tự Do lên tiếng về vụ tố cáo của Lê Anh Hùng – Lê Thị Phương Anh,https://www.khoi8406.com/post/leanhhung/ai-chau-tu-do-len-tieng-ve-vu-to-cao-7cc1e2bf65d.html,1
Luồng gió thương mại thổi vào Việt Nam,https://www.khoi8406.com/post/leanhhung/luong-gio-thuong-mai-thoi-vao-viet-nam-36cf21cddb9.html,1
Mỹ - Trung trong quan hệ với Đông Nam Á hiện nay,https://www.khoi8406.com/post/leanhhung/my-trung-trong-quan-he-voi-ong-nam-hien-fe17d88ec53.html,1
Ngớ ngẩn hay thông minh: Các nhà kiểm duyệt Việt Nam khiến ai cũng phải phỏng đoán,https://www.khoi8406.com/post/leanhhung/ngo-ngan-hay-thong-minh-cac-nha-kiem-eec1c5591f2.html,1
Quan hệ quân sự Việt-Mỹ ngày càng nồng ấm,https://www.khoi8406.com/post/leanhhung/quan-he-quan-su-viet-my-ngay-cang-nong-7bd8263c181.html,1
PHƯƠNG THUỐC QUÝ CHO BỆNH NHÂN TIỂU ĐƯỜNG,https://www.khoi8406.com/post/leanhhung/phuong-thuoc-quy-cho-benh-nhan-tieu-uong-18331353c80.html,1
BÁO CHÍNH THỐNG CỦA VIỆT NAM KHÔNG THỪA NHẬN CHỦ TỊCH HỒ CHÍ MINH LÀ “DANH NHÂN VĂN HOÁ THẾ GIỚI”,https://www.khoi8406.com/post/leanhhung/bao-chinh-thong-cua-viet-nam-thua-nhan-5868d743cf5.html,1
Reuters: Dự án đường bộ của Việt Nam và Ngân hàng Thế giới bị nghi ngờ,https://www.khoi8406.com/post/leanhhung/reuters-du-uong-bo-cua-viet-nam-va-ngan-8eda881a288.html,1
Siêu bão Hải Yến đã dạy chúng ta điều gì về Trung Quốc?,https://www.khoi8406.com/post/leanhhung/sieu-bao-hai-yen-day-chung-ta-ieu-gi-ve-86d0ade7faf.html,1
The Diplomat: Việt Nam và Ấn Độ tiếp tục đạt được những bước tiến chiến lược quan trọng,https://www.khoi8406.com/post/leanhhung/the-diplomat-viet-nam-va-o-tiep-tuc-at-601df5ac19e.html,1
Carl Thayer: Gấu Nga đã trở lại Việt Nam,https://www.khoi8406.com/post/leanhhung/carl-thayer-gau-nga-tro-lai-viet-nam-5bc865936da.html,1
Báo Mỹ quan tâm đến chế định vai trò DNNN trong Hiến pháp Việt Nam sửa đổi,https://www.khoi8406.com/post/leanhhung/bao-my-quan-tam-en-che-inh-vai-tro-dnnn-27cee95ffb5.html,1
"Những đảng viên đã “sáng mắt, sáng lòng” đang tiến hành một cuộc cách mạng thầm lặng ở Việt Nam",https://www.khoi8406.com/post/leanhhung/o-viet-nam-nhung-ang-vien-sang-mat-sang-9a04d248143.html,1
Việt Nam: Quê hương mới của những người Mỹ sinh ra trong giai đoạn bùng nổ dân số,https://www.khoi8406.com/post/leanhhung/viet-nam-que-huong-moi-cua-nhung-nguoi-1c05325a535.html,1
ĐƠN TỐ CÁO CÔNG AN ĐÀ NẴNG,https://www.khoi8406.com/post/leanhhung/on-to-cao-cong-a-nang-a9153ca640a.html,1
"Tố cáo hành vi côn đồ - vu khống, bắt người trái pháp luật của Công an Việt Nam tại Tp Đà Nẵng",https://www.khoi8406.com/post/leanhhung/to-cao-hanh-vi-con-o-vu-khong-bat-nguoi-2d34579319f.html,1
"Bản tường trình về việc bị công an, côn đồ tại Đà Nẵng đánh đập một cách dã man ngay trong ngày Quốc tế Nhân quyền",https://www.khoi8406.com/post/leanhhung/ban-tuong-trinh-ve-viec-bi-cong-con-o-f539de7e190.html,1
Cuộc hội luận giữa Đài Viet Live TV với luật sư Nguyễn Văn Đài và vợ chồng blogger Lê Anh Hùng - Lê Thị Phương Anh,https://www.khoi8406.com/post/leanhhung/cuoc-hoi-luan-giua-ai-viet-live-tv-voi-42a33615c01.html,1
LỜI TRI ÂN VÀ CHÚC MỪNG NĂM MỚI 2014,https://www.khoi8406.com/post/leanhhung/loi-tri-va-chuc-mung-nam-moi-2014-b0e32d13e31.html,1
Những dự báo cho Châu Á trong năm 2014,https://www.khoi8406.com/post/leanhhung/nhung-du-bao-cho-chau-trong-nam-2014-16a7b580032.html,1
CUỘC TRAO ĐỔI GIỮA CÁC VỊ LÃO THÀNH CÁCH MẠNG VỚI LÊ ANH HÙNG,https://www.khoi8406.com/post/leanhhung/cuoc-trao-oi-giua-cac-vi-lao-thanh-cach-3540a4d743f.html,1
Vẻ đẹp nhạt nhoà của Việt Nam,https://www.khoi8406.com/post/leanhhung/ve-ep-nhat-nhoa-cua-viet-nam-baafade7bdb.html,1
GS Carl Thayer - Quy định đánh bắt cá mới của Trung Quốc: Cướp biển đội lốt nhà nước?,https://www.khoi8406.com/post/leanhhung/gs-carl-thayer-quy-inh-anh-bat-ca-moi-2e26f9a3d8c.html,1
PHÓ THỦ TƯỚNG GỐC TÀU HOÀNG TRUNG HẢI CHỈ ĐẠO XÂY “NGHĨA TRANG LIỆT SỸ” 25 TỶ CHO 52 NGƯỜI TRUNG QUỐC,https://www.khoi8406.com/post/leanhhung/pho-thu-tuong-goc-tau-hoang-trung-hai-4c53dedf0be.html,1
“Đội quân hacker” của Việt Nam chỉa mũi nhọn sang Mỹ và Pháp,https://www.khoi8406.com/post/leanhhung/oi-quan-hacker-cua-viet-nam-chia-mui-2abe69469cd.html,1
Human Rights Watch: LHQ rốt cuộc cũng xử lý tình trạng vi phạm nhân quyền ở Châu Á,https://www.khoi8406.com/post/leanhhung/human-rights-watch-lhq-rot-cuoc-cung-xu-33537a75c26.html,1
"Báo động Vũng Áng – Formosa: Hoành Sơn … thất đái, vạn đại vong thân",https://www.khoi8406.com/post/leanhhung/bao-ong-vung-ang-formosa-hoanh-son-that-1625b2dbd83.html,1
Thứ nhân quyền mà giới độc tài yêu thích,https://www.khoi8406.com/post/leanhhung/thu-nhan-quyen-ma-gioi-oc-tai-yeu-thich-b10423bff36.html,1
BBC Tiếng Việt có “non nớt” hay không?,https://www.khoi8406.com/post/leanhhung/bbc-tieng-viet-co-non-not-hay-khong-cdcefc6b4a0.html,1
Con trai bà Bùi Thị Minh Hằng gửi Thư Kêu Cứu lần thứ hai,https://www.khoi8406.com/post/leanhhung/con-trai-ba-bui-thi-minh-hang-gui-thu-63332966a87.html,1
"Malaysia, Trung Quốc và Việt Nam chỉ trích lẫn nhau trong khi tìm kiếm máy bay Malaysia mất tích",https://www.khoi8406.com/post/leanhhung/malaysia-trung-quoc-va-viet-nam-chi-825ec34e048.html,1
Tưởng niệm 26 năm sự kiện Trung Quốc đánh chiếm đảo Gạc Ma của Việt Nam,https://www.khoi8406.com/post/leanhhung/anh-em-dan-chu-mien-trung-tuong-niem-26-1329ea11f28.html,1
Tổ chức Ân xá Quốc tế: Cần biến cái chết của nhà hoạt động Đinh Đăng Định thành lời kêu gọi thức tỉnh cho Việt Nam,https://www.khoi8406.com/post/leanhhung/to-chuc-xa-quoc-te-can-bien-cai-chet-d1b02119bbc.html,1
Điều gì đang xẩy ra với Dự án Đường sắt Đô thị tuyến Cát Linh – Hà Đông?,https://www.khoi8406.com/post/leanhhung/ieu-gi-ang-xay-ra-voi-du-uong-sat-o-thi-15e40840fbb.html,1
Trung Quốc đẩy mạnh chiến thuật “tằm ăn dâu” trên Biển Đông,https://www.khoi8406.com/post/leanhhung/trung-quoc-ay-manh-chien-thuat-tam-dau_27-ec81a60b0b8.html,1
Hoạt động dân chủ bị trấn áp ngày càng mạnh,https://www.khoi8406.com/post/leanhhung/hoat-ong-dan-chu-bi-tran-ap-ngay-cang-59aa337f354.html,1
Việt Nam: Quá nhiều cảng biển khiến hoạt động kinh doanh cảng xấu đi,https://www.khoi8406.com/post/leanhhung/viet-nam-qua-nhieu-cang-bien-khien-hoat-c4e58d85ab0.html,1
BBC Tiếng Việt định hướng dư luận cho Trung Quốc?,https://www.khoi8406.com/post/leanhhung/bbc-tieng-viet-inh-huong-du-luan-cho-78ac274ba80.html,1
Một sinh viên tranh đấu bị đuổi học,https://www.khoi8406.com/post/leanhhung/mot-sinh-vien-tranh-au-bi-uoi-hoc-70826597ac2.html,1
"Vietnam, Anti-China, 22 Jul 2012, Image News by Reuters",https://www.khoi8406.com/post/leanhhung/vietnam-anti-china-22-jul-2012-image-d5cf81553c4.html,1
DANH MỤC BÀI VIẾT ĐÃ ĐĂNG BÁO,https://www.khoi8406.com/post/leanhhung/danh-muc-bai-viet-ang-bao-2bab38c62df.html,1
Viện trưởng VKSND Tối cao Nguyễn Hòa Bình và vụ chạy án rúng động trong nội bộ cấp cao ngành Kiểm sát,https://www.khoi8406.com/post/chandungquyenluc/nguyen-hoa-binh-chay-an-vo-chong-lien-ty-26a38c632b1.html,1
Dân nghèo Quảng Ngãi và ông Bí thư Tỉnh ủy Nguyễn Hòa Bình,https://www.khoi8406.com/post/chandungquyenluc/dan-ngheo-quang-ngai-va-ong-bi-thu-tinh-f1a5276ac58.html,1
"Điểm mặt hàng loạt căn nhà mặt tiền, biệt thự, căn hộ cao cấp của gia đình Viện trưởng VKSND Tối cao Nguyễn Hòa Bình tại Hà Nội",https://www.khoi8406.com/post/chandungquyenluc/biet-thu-nguyen-hoa-binh-tai-ha-noi-45450dc1a7b.html,1
Mũi thuyền xé sóng – Mũi Cà Mau,https://www.khoi8406.com/post/chandungquyenluc/mui-thuyen-xe-song-fcc579bb39c.html,1
Giới trẻ nghĩ gì về phát biểu của lãnh đạo Đảng Cộng sản Việt Nam?,https://www.khoi8406.com/post/chandungquyenluc/gioi-tre-nghi-gi-ve-phat-bieu-cua-lanh-dao-05fff864723.html,1
"Những dự án nghìn tỷ của Nguyễn Tuấn Anh, con ruột ông Nguyễn Hòa Bình tại quê nhà Quảng Ngãi",https://www.khoi8406.com/post/chandungquyenluc/nhung-du-nghin-ty-cua-nguyen-tuan-anh-dff14394597.html,1
Phiếu tín nhiệm: Sự thật và lòng tin,https://www.khoi8406.com/post/chandungquyenluc/phieu-tin-nhiem-su-that-va-long-tin-7e2b17ff3ce.html,1
"Chỉ mặt những công ty “ma” của Nguyễn Tuấn Anh, con trai Viện trưởng Nguyễn Hòa Bình",https://www.khoi8406.com/post/chandungquyenluc/nhung-cong-ty-ma-cua-nguyen-tuan-anh-eaf4cf88d79.html,1
Thông báo về việc quản lý comments,https://www.khoi8406.com/post/chandungquyenluc/thong-bao-ve-viec-quan-ly-comments-57958cfa052.html,1
Tổng Bí thư Nguyễn Phú Trọng chỉ đạo Viện KSND Tối cao: Tay đã nhúng chàm thì không thể chống tham nhũng!,https://www.khoi8406.com/post/chandungquyenluc/tay-nhung-cham-thi-khong-the-chong-tham-nhung-36b43578d6d.html,1
Nghĩ về Chân dung Quyền lực,https://www.khoi8406.com/post/chandungquyenluc/nghi-ve-chan-dung-quyen-luc-ea0e297a985.html,1
"Tố cáo lãnh đạo cấp cao tham nhũng là xuyên tạc, bịa đặt mà không cần xác minh, làm rõ?",https://www.khoi8406.com/post/chandungquyenluc/can-lam-ro-noi-dung-to-cao-d975a1ad825.html,1
Thư gửi các vị lãnh đạo Đảng và Nhà nước,https://www.khoi8406.com/post/chandungquyenluc/thu-gui-lanh-dao-dang-nha-nuoc-97955451734.html,1
"Nikkei Asian Review – Một trong những cơ quan truyền thông lớn nhất Nhật Bản đưa tin về ""Chân dung Quyền lực""",https://www.khoi8406.com/post/chandungquyenluc/chan-dung-quyen-luc-nikken-asian-review-cc87b273a17.html,1
"Kết quả bỏ phiếu tín nhiệm Bộ Chính trị, Ban Bí thư tại Hội nghị Trung ương 10",https://www.khoi8406.com/post/chandungquyenluc/ket-qua-bo-phieu-tin-nhiem-bo-chinh-tri-f0955ed1826.html,1
"Liên minh đen tối hút máu Quân đội và Nhân dân: Tổng Giám đốc Cityland Bùi Mạnh Hưng, Bộ trưởng Quốc phòng Phùng Quang Thanh và Đại tá Phùng Quang Hải",https://www.khoi8406.com/post/chandungquyenluc/phung-quang-thanh-phung-quang-hai-bui-manh-hung-cbdea6a2b4f.html,1
"Đại tướng Phùng Quang Thanh, Đại tá Phùng Quang Hải đã dùng Tổng công ty 319 để lũng đoạn kinh tế quân đội, vơ vét tài sản Nhân dân như thế nào?",https://www.khoi8406.com/post/chandungquyenluc/phung-quang-thanh-phung-quang-hai-tham-nhung-319-d098662ae83.html,1
Khoảng im lặng sấm sét của Nguyễn Xuân Phúc,https://www.khoi8406.com/post/chandungquyenluc/khoang-im-lang-sam-set-cua-nguyen-xuan-phuc-0e6d698bb6a.html,1
"Vũ Chí Hùng, con rể Phó thủ tướng Nguyễn Xuân Phúc rửa tiền hay trốn thuế?",https://www.khoi8406.com/post/chandungquyenluc/vu-chi-hung-rua-tien-tron-thue-c9a6b18aca9.html,1
"Ông Phùng Quang Thanh: ông có thể cho biết những điểm nào trong khối tài sản khổng lồ sau đây là xuyên tạc, bịa đặt?",https://www.khoi8406.com/post/chandungquyenluc/khoi-tai-san-khong-lo-cua-phung-quang-hai-6ab1379d0e1.html,1
Chuyên cơ đưa ông Nguyễn Bá Thanh đã rời Alaska đến Osaka và sẽ hạ cánh xuống Đà Nẵng vào đúng 08:35 tối nay 9/1/2015,https://www.khoi8406.com/post/chandungquyenluc/cap-nhat-chuyen-bay-dua-nguyen-ba-thanh-ve-da-nang-9873c80a21f.html,1
Phó Thủ tướng Nguyễn Xuân Phúc: Điều chuyển ngay cán bộ có dư luận không tốt,https://www.khoi8406.com/post/chandungquyenluc/can-dieu-chuyen-ngay-can-bo-co-du-luan-khong-tot-f059ccd53e0.html,1
"Bổ nhiệm cấp tập hàng loạt cán bộ cấp Vụ, Chủ nhiệm VPCP Nguyễn Xuân Phúc đã vơ vét được bao nhiêu?",https://www.khoi8406.com/post/chandungquyenluc/nguyen-xuan-phuc-bo-nhiem-cap-tap-can-bo-vpcp-93d30fa6c2e.html,1
"Tin cập nhật lần cuối: Đúng 08:35 tối thứ sáu, ngày 9/1/2015, ông Nguyễn Bá Thanh sẽ được đưa về tới sân bay quốc tế Đà Nẵng",https://www.khoi8406.com/post/chandungquyenluc/cap-nhat-lan-cuoi-ong-nguyen-ba-thanh-ve-da-nang-1f1bf56f250.html,1
"Đề nghị TW thanh tra khối tài sản hàng nghìn tỷ của Vũ Chí Hùng, con rể Phó thủ tướng Nguyễn Xuân Phúc",https://www.khoi8406.com/post/chandungquyenluc/de-nghi-thanh-tra-tai-san-nghin-ty-vu-chi-hung-93670233d03.html,1
"Báo Tuổi trẻ xác nhận: Nguồn ""Chân dung Quyền lực"" đưa tin xác thực!",https://www.khoi8406.com/post/chandungquyenluc/tuoi-tre-xac-nhan-nguon-chan-dung-quyen-luc-e010f704d18.html,1
"Sự thật kinh hoàng: Không qua khỏi cú đầu độc hèn hạ của Nguyễn Xuân Phúc, ông Nguyễn Bá Thanh sẽ được đưa về Đà Nẵng chiều ngày 2/1/2015",https://www.khoi8406.com/post/chandungquyenluc/ong-nguyen-ba-thanh-duoc-dua-ve-da-nang-1be6760f14b.html,1
"Tin cập nhật: Ông Nguyễn Bá Thanh sẽ được đưa về Đà Nẵng vào lúc 08:35 tối thứ ba, ngày 6/1/2015!",https://www.khoi8406.com/post/chandungquyenluc/cap-nhat-lich-trinh-dua-ong-nguyen-ba-thanh-ve-da-nang-22344322838.html,1
Ai đã đầu độc phóng xạ ông Nguyễn Bá Thanh?,https://www.khoi8406.com/post/chandungquyenluc/ai-da-dau-doc-ong-nguyen-ba-thanh-7efbcb55840.html,1
"Vũ Chí Hùng, con rể Phó thủ tướng Nguyễn Xuân Phúc rút ruột tài sản của bố vợ tặng nhà cho mẹ ruột",https://www.khoi8406.com/post/chandungquyenluc/vu-chi-hung-rut-ruot-nguyen-xuan-phuc-ed9ef5496da.html,1
Khối tài sản khổng lồ của Đế chế gia đình Phó Thủ tướng Nguyễn Xuân Phúc,https://www.khoi8406.com/post/chandungquyenluc/khoi-tai-san-cua-de-che-gia-dinh-nguyen-xuan-phuc-5a7d8035c75.html,1
Đơn Tố cáo Phó Thủ tướng Nguyễn Xuân Phúc của tập thể cán bộ Văn phòng Chính phủ,https://www.khoi8406.com/post/chandungquyenluc/don-to-cao-nguyen-xuan-phuc-755958e03a5.html,1
Từ nhà ông Truyền đến Biệt thự biển và Nhà thờ họ của Phó Thủ tướng Nguyễn Xuân Phúc,https://www.khoi8406.com/post/chandungquyenluc/nguyen-xuan-phuc-tran-van-truyen-5914d3033b3.html,1
"Từ biệt thự biển, nhà thờ họ đến khối tài sản khổng lồ của gia đình Phó Thủ tướng Nguyễn Xuân Phúc",https://www.khoi8406.com/post/chandungquyenluc/khoi-tai-san-khong-lo-cua-gia-dinh-nguyen-xuan-phuc-7218f12e737.html,1
Phó Thủ tướng “chống tham nhũng” Nguyễn Xuân Phúc và hai căn biệt thự tại Mỹ,https://www.khoi8406.com/post/chandungquyenluc/pho-thu-tuong-nguyen-xuan-phuc-va-2-can-biet-thu-tai-my-4d05bc0a0a0.html,1
Thông tin từ Ban Bảo vệ Sức khỏe Trung ương: Ông Nguyễn Bá Thanh đã bị đầu độc!,https://www.khoi8406.com/post/chandungquyenluc/ong-nguyen-ba-thanh-bi-dau-doc-2b8d3d31a78.html,1
"Gia đình Phó thủ tướng Nguyễn Xuân Phúc đã nhận bao nhiêu Cổ phiếu, Cổ phần của đại gia Hoa kiều Đặng Văn Thành?",https://www.khoi8406.com/post/chandungquyenluc/pho-thu-tuong-nguyen-xuan-phuc-so-huu-thanh-thanh-cong-9fe8cb6693f.html,1
"Ủy viên BCT Nguyễn Xuân Phúc - Kẻ phản trắc ""số 1"" miền Trung",https://www.khoi8406.com/post/chandungquyenluc/uy-vien-bct-nguyen-xuan-phuc-ke-phan-334b80846bb.html,1
Bao nhiêu ông Trần Văn Truyền mới bằng một Phó Thủ tướng Nguyễn Xuân Phúc?,https://www.khoi8406.com/post/chandungquyenluc/bao-nhieu-tran-van-truyen-moi-bang-1-nguyen-xuan-phuc-6acb4e516e9.html,1
Phó thủ tướng Nguyễn Xuân Phúc đổ lỗi tham nhũng cho người dân!,https://www.khoi8406.com/post/chandungquyenluc/pho-thu-tuong-nguyen-xuan-phuc-o-loi-1dd9b96b0e7.html,1
'Lãnh đạo Việt Nam nên đàng hoàng với dân hơn',https://www.khoi8406.com/post/chandungquyenluc/lanh-ao-viet-nam-nen-ang-hoang-voi-dan-bfb774cd487.html,1
Các ngón đòn chính trị hiểm độc nhất của Phó thủ tướng Nguyễn Xuân Phúc,https://www.khoi8406.com/post/chandungquyenluc/cac-ngon-on-chinh-tri-hiem-oc-nhat-cua-51c6d2d5105.html,1
Đinh La Thăng - Khuôn mặt hình nốt nhạc,https://www.khoi8406.com/post/chandungquyenluc/dinh-la-thang-khuon-mat-hinh-not-nhac-9d04eb0f792.html,1
Cán bộ Ngân hàng Bắc Á tố cáo hành vi tham nhũng của ông Phùng Quang Thanh và Cục Tài chính Bộ Quốc phòng,https://www.khoi8406.com/post/chandungquyenluc/ngan-hang-bac-to-cao-ong-phung-quang-thanh-6c704cc0a46.html,1
"Tiết lộ khủng khiếp về Phó thủ tướng ""Thứ Nhất Tự Xưng"" Nguyễn Xuân Phúc",https://www.khoi8406.com/post/chandungquyenluc/tiet-lo-khung-khiep-ve-pho-thu-tuong-78f624ce363.html,1
"Tiết lộ khủng khiếp về Phó thủ tướng ""Thứ Nhất Tự Xưng"" Nguyễn Xuân Phúc",https://www.khoi8406.com/post/chandungquyenluc/nhung-tiet-lo-khung-khiep-ve-pho-thu-a17e5e45d88.html,1
Anh em nhà Nguyễn Xuân Phúc: Bá Kiến thời hiện đại!,https://www.khoi8406.com/post/chandungquyenluc/nguyen-xuan-phuc-ba-kien-thoi-hien-dai-5028830d598.html,1
"Đơn tố cáo ông Trương Hòa Bình, Chánh án Tòa án Nhân dân tối cao",https://www.khoi8406.com/post/chandungquyenluc/on-to-cao-ong-truong-hoa-binh-chanh-toa-da2a3aba529.html,1
"Đinh Thế Huynh muốn sửa Lịch sử thành: ""HAI BÀ TRUNG CHỐNG GIẶC ... LẠ""",https://www.khoi8406.com/post/chandungquyenluc/inh-huynh-muon-sua-lich-su-thanh-hai-ba-0b057ffd011.html,1
HRW chỉ trích Thông tư 28 Bộ Công an Việt Nam,https://www.khoi8406.com/post/chandungquyenluc/hrw-chi-trich-thong-tu-28-bo-cong-viet-45b8a1a6ebd.html,1
Vì sao tham nhũng của ngành Công an luôn đứng đầu?,https://www.khoi8406.com/post/chandungquyenluc/vi-sao-tham-nhung-cua-nganh-cong-luon-eb3bd876945.html,1
'Có dàn xếp vụ xử công an đánh chết dân?',https://www.khoi8406.com/post/chandungquyenluc/co-dan-xep-vu-xu-cong-anh-chet-dan-4bc68d97920.html,1
Chiếc camera không ngăn được nhục hình,https://www.khoi8406.com/post/chandungquyenluc/chiec-camera-khong-ngan-uoc-nhuc-hinh-5d37826da77.html,1
Thư ngỏ gửi Bộ trưởng Bộ Công an Trần Đại Quang,https://www.khoi8406.com/post/chandungquyenluc/thu-ngo-gui-bo-truong-bo-cong-tran-ai-372854e91a1.html,1
Luân chuyển 44 cán bộ: Em trai Đại tướng Trần Đại Quang làm Phó Bí thư Thái Nguyên,https://www.khoi8406.com/post/chandungquyenluc/luan-chuyen-44-can-bo-em-trai-ai-tuong-b6610366998.html,1
Thay đổi nhân sự tại TP. HCM?,https://www.khoi8406.com/post/chandungquyenluc/thay-oi-nhan-su-tai-tp-hcm-548ee9ed3ef.html,1
Chừng nào Bí thư Sài Gòn Lê Thanh Hải từ chức ?,https://www.khoi8406.com/post/chandungquyenluc/chung-nao-bi-thu-sai-gon-le-thanh-hai-eee5c4d1e73.html,1
Nguyễn Tấn Dũng - Một hình ảnh độc tôn,https://www.khoi8406.com/post/chandungquyenluc/nguyen-tan-dung-mot-hinh-anh-oc-ton-3b35288ebd9.html,1
"Nguyễn Xuân Phúc: Kẻ thượng đội hạ đạp, phản thầy!",https://www.khoi8406.com/post/chandungquyenluc/nguyen-xuan-phuc-ke-thuong-oi-ha-ap-42d50011edc.html,1
Chủ tịch nước Trương Tấn Sang và Cú lừa Dân Chủ thế kỷ,https://www.khoi8406.com/post/chandungquyenluc/chu-tich-nuoc-truong-tan-sang-va-cu-lua-09baf87b561.html,1
"Chủ tịch nước Trương Tấn Sang ""CHÉM GIÓ ẢO"" HẬU QUẢ THẬT!",https://www.khoi8406.com/post/chandungquyenluc/chu-tich-nuoc-truong-tan-sang-chem-gio-ed508c0b551.html,1
Chuyến viếng thăm Hoa kỳ của Chủ tịch nước Trương Tấn Sang: CHỌN NHẦM THỜI ĐIỂM ?,https://www.khoi8406.com/post/chandungquyenluc/chuyen-vieng-tham-hoa-ky-cua-chu-tich-0885d751335.html,1
"Chủ tịch nước Trương Tấn Sang nói ""sau lưng"" ở một sổ tang gia đình!",https://www.khoi8406.com/post/chandungquyenluc/chu-tich-nuoc-truong-tan-sang-noi-sau-d7bb1d6e349.html,1
"Các câu nói ""hùng hồn' của ngài Chủ tịch nước Trương Tấn Sang",https://www.khoi8406.com/post/chandungquyenluc/cac-cau-noi-hung-hon-cua-ngai-chu-tich-0968707bda1.html,1
Mưu đồ của Chủ tịch nước Trương Tấn Sang hạ bệ Thủ tướng Nguyễn Tấn Dũng,https://www.khoi8406.com/post/chandungquyenluc/muu-o-cua-chu-tich-nuoc-truong-tan-sang-83a8fbf7ada.html,1
Gánh chèo của ông bầu xứ Nghệ Nguyễn Sinh Hùng,https://www.khoi8406.com/post/chandungquyenluc/ganh-cheo-cua-ong-bau-xu-nghe-nguyen-91ef0c53f34.html,1
Chủ tịch nước Trương Tấn Sang - Kẻ phá nát Đảng cộng sản Việt Nam,https://www.khoi8406.com/post/chandungquyenluc/chu-tich-nuoc-truong-tan-sang-ke-pha-0d0793943d7.html,1
Nguyễn Bá Thanh và Đà Nẵng,https://www.khoi8406.com/post/chandungquyenluc/nguyen-ba-thanh-va-nang-bf602bf4757.html,1
Chủ tịch Quốc hội Nguyễn Sinh Hùng: Thầy chạy,https://www.khoi8406.com/post/chandungquyenluc/chu-tich-quoc-hoi-nguyen-sinh-hung-thay-a9ccadfcb73.html,1
"Cú ""cọ quậy"" cuối cùng của Tổng Bí thư Nguyễn Phú Trọng",https://www.khoi8406.com/post/chandungquyenluc/ai-se-la-tbt-csvn-khoa-12-cu-co-quay-5979bc75db6.html,1
Nhân vật được ông Nguyễn Sinh Hùng chấm chọn thay ông cướp ngân hàng,https://www.khoi8406.com/post/chandungquyenluc/lo-dien-nhan-vat-uoc-ong-nguyen-sinh-432c896a4ab.html,1
Tác giả vụ cướp ngân hàng cho đế chế gia đình Chủ tịch Quốc hội Nguyễn Sinh Hùng,https://www.khoi8406.com/post/chandungquyenluc/tac-gia-kiem-ao-dien-vu-cuop-ngan-hang-c0049de8176.html,1
"Tổng Bí thư Nguyễn Phú Trọng noi gương thái hậu Dương Vân Nga, tại sao không?",https://www.khoi8406.com/post/chandungquyenluc/tong-bi-thu-nguyen-phu-trong-noi-guong-85e1c8c66e2.html,1
"Nguyễn Phú Trọng: Kẻ phản bội, bất nhân và bất nghĩa",https://www.khoi8406.com/post/chandungquyenluc/nguyen-phu-trong-ke-phan-boi-bat-nhan-5a350595dcb.html,1
Khối tài sản khổng lồ của các tập đoàn sân sau Chủ tịch Quốc hội Nguyễn Sinh Hùng,https://www.khoi8406.com/post/chandungquyenluc/khoi-tai-san-khong-lo-cua-cac-tap-oan-c63a0dab88c.html,1
Phó Thủ tướng Nguyễn Xuân Phúc: Tín nhiệm cao hay mua phiếu?,https://www.khoi8406.com/post/chandungquyenluc/pho-thu-tuong-nguyen-xuan-phuc-tin-6451d83af27.html,1
Những điều cần làm rõ về Chủ tịch nước Trương Tấn Sang: Có đầu hàng địch không?,https://www.khoi8406.com/post/chandungquyenluc/nhung-ieu-can-lam-ro-ve-chu-tich-nuoc-67215f65653.html,1
Ai nã pháo cối vào Thủ Tướng Nguyễn Tấn Dũng?,https://www.khoi8406.com/post/chandungquyenluc/ai-na-phao-coi-vao-thu-tuong-nguyen-tan-7093191279e.html,1
Ông Trương Tấn Sang có phản bội tổ quốc không?,https://www.khoi8406.com/post/chandungquyenluc/ong-truong-tan-sang-co-phan-boi-to-quoc-3de3683eff1.html,1
Chủ tịch nước Trương Tấn Sang: 'Điểm sụp đổ của Đảng Cộng sản Việt Nam' (phần 4),https://www.khoi8406.com/post/chandungquyenluc/chu-tich-nuoc-truong-tan-sang-iem-sup-o_25-2a20b540066.html,1
Chủ tịch nước Trương Tấn Sang: 'Điểm sụp đổ của Đảng Cộng sản Việt Nam' (phần 3),https://www.khoi8406.com/post/chandungquyenluc/chu-tich-nuoc-truong-tan-sang-iem-sup-o_24-a34e8656574.html,1
Chủ tịch nước Trương Tấn Sang: 'Điểm sụp đổ của Đảng Cộng sản Việt Nam' (phần 2),https://www.khoi8406.com/post/chandungquyenluc/chu-tich-nuoc-truong-tan-sang-iem-sup-o_23-3438aa57217.html,1
Chủ tịch nước Trương Tấn Sang: 'Điểm sụp đổ của Đảng Cộng sản Việt Nam' (phần 1),https://www.khoi8406.com/post/chandungquyenluc/chu-tich-nuoc-truong-tan-sang-iem-sup-o-f7406267593.html,1
Qúy tử Trương Tấn Sơn nhà Chủ tịch Trương Tấn Sang (phần 1),https://www.khoi8406.com/post/chandungquyenluc/truong-tan-son-cau-quy-tu-ngu-dot-nha-a28dfecbc9e.html,1
Thư của cán bộ hưu trí Quảng Nam gửi Tổng Bí thư Nguyễn Phú Trọng về ông Nguyễn Xuân Phúc,https://www.khoi8406.com/post/chandungquyenluc/thu-cua-can-bo-huu-tri-quang-nam-gui-ff84024f484.html,1
Hà Văn Thắm: “Bác Nguyễn Sinh Hùng chỉ mặt như thế thì bố anh Bình cũng không dám phê duyệt”,https://www.khoi8406.com/post/chandungquyenluc/ha-van-tham-bac-nguyen-sinh-hung-chi-0ead9b3cbf4.html,1
Hà Văn Thắm: “Bác Nguyễn Sinh Hùng muốn cướp ngân hàng Bảo Việt cho em gái ruột”,https://www.khoi8406.com/post/chandungquyenluc/ha-van-tham-bac-nguyen-sinh-hung-muon-83c9238b214.html,1
"Hà Văn Thắm: Có bác Nguyễn Sinh Hùng đang ủng hộ, sợ chó gì chúng nó",https://www.khoi8406.com/post/chandungquyenluc/ha-van-tham-co-bac-nguyen-sinh-hung-ang-b0bc476e1fb.html,1
"Khối tài sản khổng lồ của bà Nguyễn Hồng Phương, em ruột Chủ tịch Quốc hội Nguyễn Sinh Hùng",https://www.khoi8406.com/post/chandungquyenluc/khoi-tai-san-khong-lo-cua-ba-nguyen-34f3844163d.html,1
Hà Văn Thắm: Anh và người nhà Chủ tịch Quốc hội Nguyễn Sinh Hùng dùng Vietnamnet đánh Ngân hàng Bảo Việt,https://www.khoi8406.com/post/chandungquyenluc/ha-van-tham-anh-va-nguoi-nha-chu-tich-c40c5ac8a6f.html,1
Nhân vật cộm cán trong Đế chế gia đình Chủ tịch Quốc hội Nguyễn Sinh Hùng,https://www.khoi8406.com/post/chandungquyenluc/nhan-vat-com-can-trong-e-che-gia-inh-82a178c60c7.html,1
Chủ tịch Quốc hội Nguyễn Sinh Hùng vung tiền tấn xây “nhà thờ họ” để leo lên ghế “Tổng bí thư”,https://www.khoi8406.com/post/chandungquyenluc/chu-tich-quoc-hoi-nguyen-sinh-hung-vung-322dada6694.html,1
Những tuyên bố vô tiền khoáng hậu của Chủ tịch Quốc hội Nguyễn Sinh Hùng,https://www.khoi8406.com/post/chandungquyenluc/nhung-tuyen-bo-vo-tien-khoang-hau-cua-1b3da7f1aed.html,1
Những trò hề của Chủ tịch Quốc hội Nguyễn Sinh Hùng,https://www.khoi8406.com/post/chandungquyenluc/nhung-tro-he-cua-chu-tich-quoc-hoi-ecd3699a2ed.html,1
Ðằng sau cuộc bỏ phiếu tín nhiệm của Quốc hội Việt Nam,https://www.khoi8406.com/post/chandungquyenluc/ang-sau-cuoc-bo-phieu-tin-nhiem-cua-d24ee5fc619.html,1
Hé lộ thông tin Chủ tịch Nguyễn Sinh Hùng chỉ đạo Quốc hội tấn công Chính phủ,https://www.khoi8406.com/post/chandungquyenluc/he-lo-thong-tin-chu-tich-nguyen-sinh-32007e8c821.html,1
Chủ tịch Quốc hội Nguyễn Sinh Hùng: “Tao sẽ dùng Thường vụ Quốc hội đuổi thằng Bình Thống đốc ra khỏi Ngân hàng Nhà nước”,https://www.khoi8406.com/post/chandungquyenluc/chu-tich-quoc-hoi-nguyen-sinh-hung-tao-242f1a6e0ef.html,1
Không thể im lặng: Báo Tuổi Trẻ “đâm thuê chém mướn” phục vụ ai?,https://www.khoi8406.com/post/chandungquyenluc/khong-im-lang-bao-tuoi-tre-am-thue-chem-12ee7ccb3cd.html,1
Mọi con đường đều dẫn về Chủ tịch nước Trương Tấn Sang,https://www.khoi8406.com/post/chandungquyenluc/moi-con-uong-eu-dan-ve-chu-tich-nuoc-4de2172cf78.html,1
Chủ tịch nước Trương Tấn Sang vắt chanh bỏ vỏ?,https://www.khoi8406.com/post/chandungquyenluc/chu-tich-nuoc-truong-tan-sang-vat-chanh-837a09c5ad0.html,1
Khi Phó Thủ tướng Nguyễn Xuân Phúc đập vào mặt Thành ủy Hà Nội,https://www.khoi8406.com/post/chandungquyenluc/khi-pho-thu-tuong-nguyen-xuan-phuc-ap-d15d94f7cb1.html,1
Cạm bẫy của Trương Tấn Sang,https://www.khoi8406.com/post/chandungquyenluc/cam-bay-cua-truong-tan-sang-256d3363074.html,1
Bản chất Trương Tấn Sang,https://www.khoi8406.com/post/chandungquyenluc/ban-chat-truong-tan-sang-0efdfe63a69.html,1
Cuộc chạy đua vào chức thủ tướng và câu chuyện tương lai,https://www.khoi8406.com/post/chandungquyenluc/cuoc-chay-ua-vao-chuc-thu-tuong-va-cau-f0e59e3d69c.html,1
Ai sẽ là Tổng bí thư ĐCSVN khóa 12: Lê Hồng Anh – Ứng cử viên TBT nặng ký!,https://www.khoi8406.com/post/chandungquyenluc/ai-se-la-tong-bi-thu-csvn-khoa-12-le-4f85cc93581.html,1
Ai sẽ là TBT ĐCSVN khóa 12: Nguyễn Tấn Dũng có trở thành Tổng thống?,https://www.khoi8406.com/post/chandungquyenluc/ai-se-la-tbt-csvn-khoa-12-nguyen-tan-6085c199719.html,1
Ông Nguyễn Phú Trọng đã làm được gì từ khi nhậm chức Tổng Bí thư?,https://www.khoi8406.com/post/chandungquyenluc/ong-nguyen-phu-trong-lam-uoc-gi-tu-khi-cdf71b26832.html,1
Thủ tướng Nguyễn Tấn Dũng củng cố uy thế qua cuộc bỏ phiếu tín nhiệm tại Quốc hội,https://www.khoi8406.com/post/chandungquyenluc/thu-tuong-nguyen-tan-dung-cung-co-uy-871bfe2e603.html,1
"Chủ tịch quốc hội Nguyễn Sinh Hùng - “Quốc hội tức là dân, dân quyết sai thì dân chịu, chứ kỷ luật ai!”",https://www.khoi8406.com/post/chandungquyenluc/chu-tich-quoc-hoi-nguyen-sinh-hung-quoc-5bfdb941f6d.html,1
Tổng thống Nguyễn Tấn Dũng?,https://www.khoi8406.com/post/chandungquyenluc/tong-thong-nguyen-tan-dung-a80d443485d.html,1
So găng lịch sử 6: AI SẼ LÀ TỔNG BÍ THƯ?,https://www.khoi8406.com/post/chandungquyenluc/so-gang-lich-su-6-ai-se-la-tong-bi-thu-0469cb08bcf.html,1
Ai sẽ là Tổng bí thư ĐCSVN khóa 12 ? Phùng Quang Thanh có thể làm TBT ?,https://www.khoi8406.com/post/chandungquyenluc/ai-se-la-tong-bi-thu-csvn-khoa-12-phung-1814bc13430.html,1
Ai sẽ là Tổng bí thư ĐCSVN khóa 12: Tại sao Nguyễn Phú Trọng không tái ứng cử,https://www.khoi8406.com/post/chandungquyenluc/ai-se-la-tong-bi-thu-csvn-khoa-12-tai-8fc53f6d597.html,1
Ai sẽ là TBT ĐCSVN khóa 12 ? Màn tự ứng cử ngoạn mục của Tô Huy Rứa,https://www.khoi8406.com/post/chandungquyenluc/ai-se-la-tbt-csvn-khoa-12-man-tu-ung-cu-35a0f443e08.html,1
Ai sẽ là Tổng bí thư ĐCSVN khóa 12: Phạm Quang Nghị có là TBT tương lai ?,https://www.khoi8406.com/post/chandungquyenluc/ai-se-la-tong-bi-thu-csvn-khoa-12-pham-b3b9715e52c.html,1
Tại sao TBT Nguyễn Phú Trọng thay đổi lập trường về Biển Đông?,https://www.khoi8406.com/post/chandungquyenluc/tai-sao-tbt-nguyen-phu-trong-thay-oi-34997e15a3c.html,1
