title,text,author,source_domain
"Dùng bom nước, Tập dọa Tô xanh mặt. Chỉ Tô mới hiểu?","Có thể nói, những ngày qua, người Việt Nam đã phải chịu không chỉ một, mà là liên tiếp nhiều tai họa lớn. Thứ nhất là thiên tai, gồm bão và lũ lụt. Thứ nhì là nhân họa ập đến cùng lúc với thiên tai, khiến núi lở, cầu sụp… Đây là kết quả của việc phá rừng, khai thác tài nguyên quá mức, và rút ruột công trình, trong suốt một thời gian dài. Nhưng đó vẫn chưa phải là tai họa cuối cùng, còn một tai họa nữa cũng nguy hiểm không kém, đó là việc Trung Quốc xả lũ, nhấn chìm dân Việt trong biển nước.Nếu nói, Tô Lâm đi Mỹ, lấy lý do là thực hiện nghĩa vụ quốc tế để qua mặt Tập Cận Bình, thì Tập cho xả lũ, như là lời nhắc nhở rằng, “ngộ có thể nhấn chìm dân Việt trong biển nước nếu cần”.Phía Trung Quốc viện lý do là đập của họ không thể chịu nổi sức nước, tương tự cách mà các thủy điện Việt Nam hay đưa ra, để biện minh cho việc xả lũ. Thoạt nghe, lý do có vẻ rất chính đáng. Tuy nhiên, đằng sau đó có thể là một lời hăm dọa ngầm rằng, nếu Tô Lâm không biết vâng lệnh, lần sau, Tập có thể cho nhấn chìm Việt Nam theo cách tương tự.Điều đáng nói là, suốt nhiều năm qua, Trung Quốc chưa hề có động thái xả lũ để đe dọa dân Việt, như bây giờ. Năm nay, việc Trung Quốc xả lũ xảy ra cùng thời điểm mà Tô Lâm sắp đi Mỹ, và Phan Văn Giang đã đi Mỹ được vài ngày. Dùng sức mạnh của thiên nhiên để đe dọa, cũng là một công cụ lợi hại, nó thâm hiểm hơn cả chiến tranh, bởi khó có thể lên tiếng chỉ trích kẻ gây hoạ, khi họ có lý do có vẻ “rất chính đáng”.Từ nhiều năm, người Việt có thể nhận thấy nhân họa, do Đảng gây ra, mỗi khi thiên tai ập đến, chứ ít ai thấy được “họa Bắc triều”, được ẩn dấu dưới dạng thiên tai. Không loại trừ khả năng, Bắc Kinh cố ý cho xây dựng nhiều đập thuỷ điện, như một thứ vũ khí để đẩy Việt Nam vào thòng lọng của họ.Có thể, Tô Lâm hiểu rõ ẩn ý đe doạ đằng sau việc Tập Cận Bình cho xả lũ, nên đã ra lệnh cho Ban Tuyên giáo chỉ đạo báo chí xóa tin về việc Trung Quốc xả lũ. Nếu không có ẩn ý chính trị, thì Ban Tuyên giáo không có lý do gì để phải sợ sệt như thế.Chơi với Mỹ rất đơn giản, hầu hết họ làm gì cũng minh bạch, không ẩn ý, không ngầm đe dọa. Đấy mới là bạn tốt, nếu Đảng biết trân trọng. Nước Mỹ không cần chống Cộng sản như trước năm 1975, bởi thế giới đã đi qua thời kỳ chiến tranh lạnh với xung đột ý thức hệ. Ngày nay, nước Mỹ có thể kết thân với một quốc gia Cộng sản, vì lợi ích của đôi bên. Nếu Đảng Cộng sản Việt Nam đặt lợi ích quốc gia, dân tộc lên trên lợi ích của Đảng, và nếu những người lãnh đạo Đảng đủ bản lĩnh, thì Việt Nam hoàn toàn có thể tiến đến gần Mỹ hơn.Trong khi đó, chơi với Tàu thì phải hiểu ẩn ý của họ. Các đập thủy điện lớn của họ, ở thượng nguồn sông Hồng, sông Mekong và các con sông khác của Việt Nam, là những quả bom nước treo lơ lửng trên đầu dân Việt. Nếu lãnh đạo Đảng Cộng sản Việt Nam làm phật lòng họ, thì họ có thể xả những quả bom này bất cứ lúc nào.Dù Tô Lâm đã sang Bắc Kinh “đảnh lễ” ngay sau khi lên ngôi, tuy nhiên, có vẻ như Tập Cận Bình vẫn không hài lòng. Việc Việt Nam xích lại gần Mỹ, sẽ là bước đi thách thức đối với Tập. Nếu ông Phan Văn Giang ký được những hợp đồng lớn mua vũ khí của Mỹ, thì không biết, ông Tô Lâm sẽ ăn nói thế nào với Tập.Nội bộ Đảng đang rối ren, Tô Lâm – dù là Tổng Bí thư kiêm Bí thư Quân uỷ Trung ương, nhưng chưa thể điều khiển được phe quân đội. Do đó, có thể, Tập Cận Bình sẽ xem Tô Lâm là kẻ vô dụng.Thượng tầng chính trị chỉ mải lo đấu đá lẫn nhau, mà không quan tâm đến việc chuẩn bị phòng ngừa thiên tai. Đảng thì chỉ mải lo làm vừa lòng bạn vàng vừa tham vừa gian. Cuối cùng, dân Việt là người gánh tất cả mọi tai họa.",nan,thoibao.de
Liệu Phan Văn Giang có thể giúp Tổng Bí thư Tô Lâm vượt qua rào cản của phe quân đội?,"Trước sức ép quyết liệt của phe tướng lĩnh quân đội, và các dấu hiệu cho thấy có sự góp mặt của ban lãnh đạo Bắc Kinh, Tổng Bí thư, Chủ tịch nước Tô Lâm đang đứng trước thế trận “thập diện mai phục”. Đó là chưa kể tới lực lượng của các phe cánh Hà Nội, Nghệ An và Hà Tĩnh vẫn còn hùng hậu. Ông Tô Lâm được cho là đã không giành được sự ủng hộ của lãnh đạo của phe Trung Nam Bộ. Nghĩa là, ông Tô Lâm hiện nay chỉ kiểm soát được bộ Hưng Yên, cụm Hải Phòng và phe miền Nam với số lượng ủy viên Trung ương và ủy viên Bộ Chính trị ít hơn.Một khi ông Tô Lâm chỉ còn giữ duy nhất chiếc ghế Tổng Bí thư, kiêm Bí thư Quân ủy Trung ương, nhưng vẫn không kiểm soát và điều hành được nhân sự của Tổng Bí thư Nguyễn Phú Trọng để lại, thì quyền lực của Tổng Bí thư Tô Lâm hết sức chênh vênh.Cho dù, Tô Lâm trước đây với cương vị Bộ trưởng Bộ Công an và người tiền nhiệm là cố Bộ trưởng Trần Đại Quang, đã có kế hoạch xây dựng lực lượng cảnh sát cơ động hùng mạnh, được trang bị các vũ khí, khí tài như xe bọc thép, máy bay trực thăng… hay mới đây, đã xây dựng được một Trung đoàn Không quân Công an có sân bay riêng ở Bắc Ninh, với lý do để chống bạo loạn và khủng bố, nhưng thực chất không ngoài mục đích làm đối trọng với lực lượng quân đội.Chưa dừng lại ở đó, dưới thời Tô Lâm làm Bộ trưởng, ông đã tăng nhân sự ngành công an, kể cả lực lượng bán vũ trang, mà Bộ Công an có thể điều phối, có thể lên tới con số gần 700 ngàn người. Tham vọng của Tổng Bí thư Tô Lâm từ trước đến nay, muốn vượt lên trên quyền lực của phe quân đội, và bước đầu đã ít nhiều thành công. Con số 6 ủy viên Bộ Chính trị từ ngành công an đi lên so với 4 ủy viên Bộ Chính trị có gốc gác từ quân đội, tại thời điểm hiện nay đã cho thấy điều đó. Từ trước đến nay, lực lượng quân đội và công an là 2 công cụ của Đảng Cộng sản Việt Nam được hết sức coi trọng. Lực lượng quân đội chịu trách nhiệm chống giặc ngoại xâm, bảo vệ chủ quyền quốc gia, cũng như người dân. Còn lực lượng công an chịu trách đảm bảo an ninh, an toàn trật tự xã hội, và gìn giữ chế độ. Giữa quân đội và công an không thể tránh khỏi những cạnh tranh về mặt quyền lực lãnh đạo. Đây là lý do, lãnh đạo quân đội và công an luôn luôn tôn trọng nguyên tắc “Nước sông không đụng đến nước giếng”. Khác với các giới chức lãnh đạo thuộc khối dân sự, thì các giới chức lãnh đạo thuộc Bộ Quốc phòng là “bất khả xâm phạm”. Quân đội có ưu thế đặc thù, có hệ thống tư pháp riêng, và Bộ Công an không có thẩm quyền. Tổng Bí thư Tô Lâm, dẫu là Bí thư Quân ủy Trung ương, nhưng luôn luôn lo lắng và tìm mọi cách để nắm chắc quân đội. Tổng Bí thư Tô Lâm được cho là có quan hệ tốt với Bộ trưởng Phan Văn Giang. Tướng Giang là một tướng lĩnh quân đội có trình độ và uy tín cao nhất trong Đảng hiện nay.Giới thạo tin cho rằng, 3 nhân vật Tô Lâm, Phạm Minh Chính và Phan Văn Giang là đàn em thân cận của cựu Thủ tướng Ba Dũng. Tuy nhiên trong nội bộ quân đội, tướng Phan Văn Giang được cho là người không “hợp” với Đại tướng Lương Cường. Đây là một trong những lý do khiến phe quân đội bị chia rẽ trong một thời gian khá dài. Một số ý kiến cho rằng, sự lộng hành của ông Tô Lâm đã khiến cho các tướng lĩnh quân đội đoàn kết trở lại. Đồng thời phía quân đội được cho là đã thống nhất khẳng định, quân đội là trung tâm quyền lực chính trị của quốc gia chứ không phải Công an. Ngày 12/9, Tổng Bí thư, Chủ tịch nước Tô Lâm đến dự lễ khai giảng của Học viện Quốc phòng năm học 2024-2025, được coi là một bước đi đáng chú ý. Cùng tham dự có Bộ trưởng Bộ Quốc phòng Phan Văn Giang. Được biết, Học viện Quốc phòng là Học viện huấn luyện và đào tạo tướng lĩnh, sĩ quan cao cấp hàng đầu của quân đội. Lãnh đạo của Học viện Quốc phòng là các tướng lĩnh có uy tín cao, trong giới tướng lĩnh của Quân đội Việt Nam. Phải chăng đó là dấu hiệu cho thấy Tổng Bí thư, Chủ tịch nước Tô Lâm đã bước đầu đạt được các thỏa thuận thống nhất với phe Quân đội, thông qua tướng Phan Văn Giang?",Trà My,thoibao.de
Trung Quốc “góp phần” nhấn chìm miền Bắc Việt Nam trong lũ lụt,"Cơn bão số 3 có tên quốc tế là Yagi, đã đổ bộ và tràn qua các tỉnh miền Bắc Việt Nam, vào ngày 7/9, gây ra thảm họa thiên tai nghiêm trọng. Đây là một cơn bão được đánh giá có sức mạnh “chưa từng thấy”. Bão Yagi với sức gió cao nhất lên đến cấp 16, sau đó kéo theo những cơn mưa lớn, gây ra tình trạng lũ lụt, sạt lở đất, vỡ đê, và tạo nên khung cảnh tan hoang tại các thành phố, thị xã, ở các tỉnh miền núi, trung du và ven biển. Nước lũ cũng gây nên vụ sập cầu Phong Châu ở Phú Thọ.Theo số liệu báo cáo ban đầu của Cục Quản lý đê điều và phòng, chống thiên tai, thuộc Bộ Nông nghiệp Phát triển Nông thôn, cho biết, đã có ít nhất gần 200 người chết và mất tích, hàng trăm người khác bị thương.Trong những ngày mưa lớn vừa qua, mực nước ở các sông thuộc đồng bằng sông Hồng đã tăng cao. Có một số tàu thủy bị cho là trôi dạt theo sông Hồng, từ Trung Quốc qua Việt Nam, gây hại cho một số cầu dọc đường.Ngày 11/9, VOA đưa tin: “Lũ lụt đe dọa nhấn chìm miền Bắc, Việt Nam đề nghị Trung Quốc ngưng xả lũ”. Bản tin cho biết, đã có hàng trăm người chết và mất tích, khi nước lũ các sông ở miền Bắc dâng cao, có nguy cơ nhấn chìm một số tỉnh, trong đó có Hà Nội. Bộ Ngoại giao Việt Nam vừa cấp tốc đề nghị phía Trung Quốc ngưng xả lũ trên sông Hồng.Trước đó, ngày 10/9, BBC cho hay “Trung Quốc trước mắt không có ý định xả lũ trên thượng nguồn sông Hồng”. Theo đó, Bộ Ngoại giao Việt Nam ra thông báo, cho biết, đã trao đổi với đại biện lâm thời Đại sứ quán Trung Quốc tại Hà Nội, vào hôm 9/9.Việt Nam đề nghị Bắc Kinh kiểm soát chặt chẽ lượng nước, từ thượng nguồn sông Hồng đổ xuống hạ lưu. Đại sứ quán Việt Nam tại Bắc Kinh và lãnh sự quán tại Côn Minh, tỉnh Vân Nam, cũng đã khẩn trương làm việc với Bộ Ngoại giao Trung Quốc và Sở Ngoại vụ tỉnh Vân Nam, về việc kiểm soát xả lũ ở thượng nguồn sông Hồng, thuộc tỉnh Vân Nam.Đồng thời, phía Việt Nam đề nghị Trung Quốc giảm hoặc đóng cửa xả, tại các đập thủy điện ở thượng nguồn. Nếu có xả lũ thì cần thông báo kịp thời, về thời điểm và lưu lượng xả lũ, để phía Việt Nam có thể chủ động điều phối.Theo giới quan sát, sau khi Trung Quốc nói trước mắt không có ý định xả lũ 2 thuỷ điện trên thượng nguồn, lập tức, mức nước lũ tại Lào Cai đã xuống. Nhưng tại khu vực Yên Bái, lũ vẫn trên mức báo động số 3, mực nước cao hơn 2m so với các mốc lịch sử.Qua tìm hiểu, sông Hồng chi phối gần như toàn bộ các tỉnh đồng bằng Bắc Bộ, khởi nguồn từ Trung Quốc. Điểm tiếp xúc đầu tiên của sông Hồng với lãnh thổ Việt Nam, là tại huyện Bát Xát, tỉnh Lào Cai, chính giữa sông là điểm phân chia lãnh thổ 2 nước Việt Nam và Trung Quốc.Sông Hồng chạy dọc, và là biên giới tự nhiên giữa Việt Nam và Trung Quốc, với khoảng hơn 80 km chiều dài, khi đến thành phố Lào Cai, sông Hồng chảy hẳn vào lãnh thổ Việt Nam.Có thể thấy rằng, lũ lụt ở Lào Cai, Yên Bái, chủ yếu do nguồn nước từ Trung Quốc đổ sang. Chính lượng nước khổng lồ đó là một trong những nguyên nhân, dẫn đến nạn lũ lụt trầm trọng ở miền Bắc những ngày qua. Có những nghi vấn cho rằng, việc phía Trung Quốc xả lũ quá mức cần thiết từ thượng nguồn sông Hồng, là một phép thử. Đồng thời, đây được cho là một sự cảnh cáo của Trung Quốc đối với Tổng Bí thư Tô Lâm, rằng, chớ vượt lằn ranh đỏ trong mối quan hệ giữa Việt – Trung, cũng như Việt – Mỹ. Những nghi vấn này cho rằng, việc sau khi Bộ Ngoại giao Việt Nam đề nghị Trung Quốc giảm, hoặc đóng cửa xả tại các đập thủy điện ở thượng nguồn sông Hồng, thì lập tức, mực nước ở Lào Cai đã giảm xuống, là một minh chứng.",Trà My,thoibao.de
"Bước chân sang Mỹ, nhưng Tô Lâm vẫn hồi hộp sợ tiếng tằng hắng của Tập!","Theo những nguồn tin khả tín cho thoibao.de biết, vào khoảng 22 tháng 9, ông Tô Lâm sẽ có chuyến công du sang Mỹ. Điều đáng nói là, ông đi Mỹ với tư cách là nguyên thủ quốc gia, dự kỳ họp của Đại hội đồng Liên Hiệp Quốc. Sau chuyến đi này, ông Tô Lâm sẽ nhả ghế Chủ tịch nước cho người khác. Vì sao ông Tô Lâm không chịu nhả chức Chủ tịch nước trước tháng 10? Nguyên nhân được cho là, ông muốn dùng cương vị Chủ tịch nước để dự Đại hội đồng Liên Hiệp Quốc, và cũng để nhân tiện thăm nước Mỹ. Nếu thăm Mỹ với tư cách là Chủ tịch nước, ông Tô Lâm sẽ dễ ăn nói với Tập Cận Bình hơn. Bởi Chủ tịch nước có trách nhiệm đi họp Đại hội đồng Liên Hiệp Quốc, nên ông tiện thể thăm Mỹ và ghé Nhà Trắng. Còn nếu ông, trên cương vị Tổng Bí thư đi thăm Mỹ, thì Tập Cận Bình sẽ rất không hài lòng. Một khi Tô Lâm cần sử dụng chức Chủ tịch nước để thăm Mỹ, thì điều đó có nghĩa, ông sợ Tập Cận Bình. Ông cần có một lý do xác đáng để giải thích với ông Tập. Như vậy, ông Tô Lâm muốn gần Mỹ, nhưng vẫn sợ mất lòng Tàu. Vậy thì, rất khó để Đảng Cộng sản Việt Nam tiến gần hơn với Mỹ. Chính sách đu dây là cách muốn được lòng cả 2 bên. Tuy nhiên, Mỹ và Trung Quốc là 2 đối thủ gay gắt trên trường quốc tế, nên sẽ không thể vừa có quan hệ thân thiết với Mỹ, mà vẫn được lòng Trung Quốc. Giữa 2 cường quốc này, cần phải có sự chọn lựa rõ ràng. Chỉ đến khi nào, người đứng đầu Đảng Cộng sản Việt Nam dám tự quyết chính sách ngoại giao, mà không sợ mất lòng Bắc Kinh, thì khi đó, đất nước mới có cơ hội độc lập chính trị. Việc phải mượn tạm chức Chủ tịch nước, để dễ bề phân bua với bề trên, thì đấy chính là tư duy nô lệ. Thứ tư duy nô lệ trong đầu giới lãnh đạo Cộng sản này, mới là nguy hiểm, chứ không phải là sự hung hăng của Bắc Kinh. Bởi các nước trong khu vực, đặc biệt là các nước Đông Á, đã chứng minh cho thế giới thấy rằng, họ không sợ Bắc Kinh, bất kể quốc gia này có hung hăng đến mấy. Hung hăng là bản chất của Đảng Cộng sản Trung Quốc, nên không thể vì họ hung hăng, mà phải khép nép sợ sệt. Như vậy chỉ đem lại thiệt hại cho quốc gia. Không lãnh đạo nước nào lại đi chiều lòng những kẻ tham lam ở Trung Nam Hải, mà chỉ có lãnh đạo Cộng sản Việt Nam mới chiều họ một cách vô minh, để đất nước gánh chịu hết thiệt thòi này đến thiệt thòi khác. Thực tế cho thấy, chính sách ngoại giao nhất quán, như Nhật Bản, Hàn Quốc hay Đài Loan, mới khiến cho đất nước họ được an toàn, tự chủ cả về kinh tế lẫn chính trị. Còn “ngoại giao cây tre” thì chẳng có được sự giúp đỡ tận tình của bên nào. Trung Quốc không dám động đến Đài Loan vì sợ Mỹ. Còn nếu Trung Quốc đánh Việt Nam, thì họ an tâm, vì sẽ chẳng có ai giúp đỡ Việt Nam. Thời Tô Lâm, bề ngoài thì có vẻ kết nối với Mỹ nhiều hơn, như Phan văn Giang và Tô Lâm đi Mỹ, báo The New York Times mở văn phòng đại diện tại Việt Nam… Tuy nhiên, thâm tâm của người đứng đầu Đảng Cộng sản và cả Bộ Chính trị, rõ ràng, họ vẫn rất sợ Bắc Kinh. Đây chính là cản lực lớn nhất, khiến quan hệ Việt – Mỹ chỉ “màu mè” bề ngoài, mà không đi vào thực chất. Tô Lâm là Tướng Công an, nói theo ngôn ngữ thời xưa thì Tô Lâm xuất thân từ quan võ. Thường thì quan võ có xu hướng chủ chiến, vì họ không hèn nhát như hầu hết quan văn. Tuy nhiên, dù Tô Lâm xuất thân quan võ, nhưng sự hèn kém thì cũng không khác với những người xuất thân quan văn, như Nguyễn Phú Trọng. Có lẽ, cái hung, cái dũng của Tô Lâm, chỉ thể hiện với dân và với các “đồng chí” yếu hơn mình. Còn với thiên triều, ông vẫn không thoát khỏi cái dớp bấy lâu nay của những người đứng đầu Đảng Cộng sản Việt Nam.",Hoàng Phúc,thoibao.de
Trung Quốc lộ rõ ý đồ ngăn chặn Việt Nam tiến gần hơn về phía Mỹ – Quân đội Việt Nam lộ rõ là thân Trung Quốc,"Đây là một phóng sự video của kênh Truyền hình Quốc phòng Việt Nam có nội dung quy chụp trường Đại học Fulbright Việt Nam là mầm mống của “Cách Mạng màu”. Mặc dù video này đã bị gỡ bỏ sau khi đăng, nhưng nay, 10 ngày trước chuyến công du Mỹ của TBT – Chủ tịch nước Tô Lâm, không rõ Tổng Lãnh sự quán Trung Quốc có ý đồ gì khi đem ra đăng lại với lời giới thiệu như sau: Trong thời gian lâu dài, chiêu bài “cách mạng màu” đã liên tiếp được Mỹ và các thế lực thù địch sử dụng và để lại hậu quả vô cùng nặng nề về chính trị, kinh tế, xã hội cho các nước bị cuốn vào kịch bản do chúng giăng ra. Việc chuẩn bị cho “cách mạng màu” của Mỹ thường được thực hiện thông qua các tổ chức phi chính phủ. Trung Quốc và Việt Nam đều là nước xã hội chủ nghĩa do Đảng Cộng sản lãnh đạo, cần phải cảnh giác cao trước các thủ đoạn “cách mạng màu” của các thế lực thù địch như Mỹ. Trong Tuyên bố chung Trung Quốc – Việt Nam vào tháng 8/2024 ghi rõ, hai bên nhất trí tăng cường trao đổi thông tin và chia sẻ kinh nghiệm về chống can thiệp, chống ly khai, phòng chống “cách mạng màu”, cùng nhau bảo vệ an ninh chính trị và an ninh chế độ. (Hết trích) Đồng thời với phóng sự video của kênh Truyền hình Quốc phòng Việt Nam (Cơ quan ngôn luận của Quân ủy Trung ương và Bộ Quốc phòng Việt Nam), Ban Tuyên giáo TW (đứng đầu là Thượng tướng quân đội Nguyễn Trọng Nghĩa) đã mở chiến dịch lùa đàn bò DLV tràn vào húc, tố cáo Đại học Fulbright VN là mầm mống của “cách mạng màu”. Tức là phía quân đội muốn răn đe lực lượng có ý định tiến gần hơn về phía Mỹ (đứng đầu là Tô Lâm). Được biết, khoảng 21/9 tới, TBT – Chủ tịch nước Tô Lâm sẽ có chuyến công du Mỹ. Tổng Lãnh sự quán Trung Quốc nhắc đến Tuyên bố chung Trung Quốc – Việt Nam vào tháng 8/2024 (TBT – CTN Tô Lâm thăm Trung Quốc) là ngụ ý gì: …hai bên nhất trí tăng cường trao đổi thông tin và chia sẻ kinh nghiệm về chống can thiệp, chống ly khai, phòng chống “cách mạng màu”…",Thu Phương,thoibao.de
Bắc Kinh đối đầu với với Manila gay gắt hơn Hà Nội,"Ngày 9/9, VOA Tiếng Việt bình luận “Vì sao Bắc Kinh gây sức ép lên Manila nhiều hơn lên Hà Nội trên Biển Đông?” VOA dẫn nhận định của các chuyên gia, theo đó, Bắc Kinh muốn lợi dụng tình hình bầu cử Mỹ để tìm cách đẩy Philippines khỏi Bãi Cỏ Mây, cũng như, muốn chia rẽ Manila với Hà Nội. Mối quan hệ giữa 2 Đảng Cộng sản cầm quyền, giúp Bắc Kinh dễ xử với Hà Nội hơn, so với Manila vốn là đồng minh của Mỹ. VOA cho biết, diễn biến tình hình trên Biển Đông từ đầu năm đến nay cho thấy, trong khi Bắc Kinh leo thang căng thẳng và liên tục có va chạm với Manila, thì họ lại tương đối hòa hoãn với Hà Nội. Cụ thể, hải cảnh Trung Quốc đã liên tục quấy rối và ngăn cản việc Philippines tiếp tế cho một con tàu mà hải quân, mà nước này cố tình để mắc cạn ở Bãi Cỏ Mây. Trong khi đó, chỉ trong 6 tháng, tính từ tháng 11 năm ngoái, Việt Nam đã bồi đắp một diện tích trên Biển Đông, gần bằng diện tích của cả 2 năm 2022 và 2023 cộng lại. Nhưng Bắc Kinh dường như nhắm mắt làm ngơ. VOA dẫn nhận xét của Tiến sĩ Hà Hoàng Hợp – Chủ tịch Viện nghiên cứu chiến lược VietKnow ở Hà Nội, rằng, mục tiêu của Bắc Kinh là ép Manila phải rút ra khỏi Bãi Cỏ Mây. Tuy nhiên, Bắc Kinh đã coi thường quyết tâm của Manila, cũng như quyết tâm của Washington hỗ trợ Manila, trong khuôn khổ mối quan hệ đồng minh giữa 2 nước. Tiến sỹ Hợp dẫn việc Tổng thống Ferdinand Marcos của Philippines, phát biểu tại Đối thoại Shangri-La, hồi cuối tháng 5/2024, đã cảnh báo rằng, Manila sẵn sàng chiến tranh với Trung Quốc, nếu nước này có hành động khiến cho quân nhân hay thường dân Philippines thiệt mạng. VOA dẫn bài phân tích chung trên trang warontherocks.com, của 2 chuyên gia Zack Cooper và Greg Poling, từ Mỹ, chỉ ra nguyên nhân chính khiến Bắc Kinh xử sự khác nhau đối với Manila và Hà Nội, mà họ cho là “Manila dễ thối lui trước áp lực hơn Hà Nội”. Hơn nữa, Bắc Kinh cũng không muốn đối phó một lúc nhiều mặt trận, nên chỉ tập trung vào Philippines vào lúc này. Tuy nhiên, Tiến sỹ Hà Hoàng Hợp lại cho rằng, có được sự hậu thuẫn từ Mỹ, sẽ giúp Manila “có lợi thế hơn Hà Nội” trong tranh chấp với Trung Quốc. Ông giải thích, lời cảnh báo của Tổng thống Marcos, rằng, Manila sẵn sàng chiến tranh với Trung Quốc, sẽ “khiến Bắc Kinh không dám vượt qua lằn ranh đỏ này”. Vì một khi chiến tranh xảy ra với Philippines, Mỹ sẽ phải nhảy vào để bảo vệ đồng minh, theo điều khoản trong Hiệp ước Phòng thủ Tương trợ năm 1951. Tiến sĩ Hợp nhận xét, kênh đảng “có ích” trong việc kiểm soát căng thẳng giữa 2 nước trên Biển Đông, nhưng “không giúp ích được nhiều”. “Khi Trung Quốc gây căng thẳng với Việt Nam ngoài biển, lúc ấy, không thể nói với nhau về quan hệ hai đảng được đâu, mà phải nói với nhau các nguyên tắc về luật biển quốc tế” – ông Hợp chỉ ra. VOA cho hay, theo nhận định của 2 chuyên gia Zack Cooper và Greg Poling, quan hệ gần gũi giữa 2 Đảng Cộng sản, khiến Bắc Kinh “không thoải mái gây ra một cuộc khủng hoảng với Việt Nam, trong lúc họ đang chịu rất nhiều sức ép từ các quốc gia dân chủ trên thế giới”. Trong khi đó, không như Manila, Hà Nội không muốn “la làng” về hành động của Trung Quốc, để tránh cho việc Bắc Kinh bị mất mặt. VOA cũng dẫn nhận định của Tiến sĩ Hợp về mối quan hệ giữa Hà Nội và Manila, cho rằng: “Đột phá quan trọng nhất là Việt Nam và Philippines sẽ hợp tác tốt hơn với nhau về mặt quốc phòng, mở rộng hợp tác quốc phòng ra đến hợp tác trên diện rộng, nói khác đi là hợp tác quốc phòng ở mức toàn diện.” Học giả này cho rằng, chính quyền Bắc Kinh “sẽ không chia rẽ được Hà Nội với Manila”, bởi vì 2 nước có cùng chung chí hướng, là chống lại đòi hỏi chủ quyền không phù hợp luật pháp quốc tế của Trung Quốc.",Thu Phương,thoibao.de
Khi nào phe tướng lĩnh Quân Đội sẽ “tính sổ” với Tổng Bí thư Tô Lâm?,"Sự tranh chấp quyền lực giữa Tổng Bí thư Tô Lâm và phe cánh, với phần còn lại của lãnh đạo cấp cao trong Đảng có nhiều chỉ dấu sẽ không có hồi kết. Trước lưỡi hái tử thần mà cựu Bộ trưởng Công an đã từng sử dụng để loại bỏ các đối thủ chính trị trong Đảng, đã buộc toàn thể lãnh đạo Đảng kể cả giới tướng lĩnh quân đội phải siết chặt tay nhau, để tạo thành một khối thống nhất, chống lại nguy cơ sẽ bị biến thành củi. Trong bối cảnh, Tổng Bí thư Tô Lâm đã sớm nhận ra bản thân mình bộc lộ tham vọng quá sớm, trong lúc còn thiếu uy tín trong Đảng. Việc Tổng Bí thư Tô Lâm được cho là đã “chủ động” nhường lại chức vụ Chủ tịch nước, là để giảm bớt các áp lực trong Đảng. Tuy nhiên Tổng Bí thư Tô Lâm đang ở trong tình thế leo lên lưng cọp. Theo giới quan sát, trong những ngày gần đây, khi Tổng Bí thư Tô Lâm thể hiện chính sách thân Hoa Kỳ và phương Tây, và ở chiều ngược lại cố gắng rời xa Bắc Kinh. Điều đó đã khiến cho thế lực bảo thủ, thân Trung Quốc lập tức có những dấu hiệu đáp trả. Việc ban đảng của Tướng Lương Cường bắt tay với Ban Tuyên giáo Trung ương của Tướng Nguyễn Trọng Nghĩa, tấn công gán ghép Đại học Fulbright “làm cách mạng màu”, để phá hoại biểu tượng của mối quan hệ Việt – Mỹ. Đáp lại, bên cạnh việc mở văn phòng thường trú của báo The New York Times, ông Tô Lâm đã chỉ đạo Bộ Công an tiến hành kiểm tra Công ty Vina Games, với ứng dụng Zalo có nguồn gốc công nghệ, cũng như do Trung Quốc đứng phía sau thao túng. Lập tức, phe chống Tô Lâm chiếm số đông trong Đảng đã cho lật “hồ sơ” vụ việc Tổng Bí thư Tô Lâm bổ nhiệm Trung tướng Tô Ân Xô, giữ chức vụ Trợ lý Tổng Bí thư và phụ trách Văn phòng Tổng Bí thư, với cáo buộc làm trái quy định, nhằm gây áp lực với Tổng Bí thư. Theo giới thạo tin tiết lộ, việc ông Tô Ân Xô trước khi được bổ nhiệm làm trợ lý Tổng Bí thư Tô Lâm, luôn có mặt tại hầu hết các cuộc họp của Bộ Chính trị, Ban Bí thư và các chuyến công tác quan trọng của Tổng Bí thư, Chủ tịch nước Tô Lâm. Hơn nữa, ông Tô Ân Xô năm nay đã 61 tuổi. Căn cứ theo Bộ luật Lao động quy định, độ tuổi nghỉ hưu của nam là 60 tuổi. Như vậy, ông Xô đã quá độ tuổi theo quy định. Điều đó đã làm cho một bộ phận không nhỏ lãnh đạo Bộ Chính trị, Ban Bí thư, đặc biệt các tướng lĩnh Quân đội tỏ ra không hài lòng. Việc bổ nhiệm vị trí Bộ Trưởng Bộ Công an cho Thượng tướng Lương Tam Quang, trong khi chưa đủ tiêu chuẩn để xét vào Bộ Chính trị, rồi sau đó ngay lập tức “đưa” ông Quang vào Bộ Chính trị. Tương tự như việc đưa Thượng tướng Nguyễn Duy Ngọc ngồi ghế Chánh Văn phòng Trung ương, rồi đưa thẳng vào Ban Bí thư, mặc dù chưa là Ủy viên Bộ Chính trị. Thời gian từ nay tới Hội nghị Trung ương 10 chỉ còn chưa đầy một tháng, đó là thời điểm ông Tô Lâm phải san sẻ chức Chủ tịch nước cho phe quân đội, và chỉ giữ duy nhất chức vụ Tổng Bí thư. Đây có thể là một bước ngoặt đánh dấu sự suy yếu quyền lực của Tổng Bí thư Tô Lâm. Nhưng ở chiều ngược lại, phe quân đội sẽ nắm giữ chức Chủ tịch nước – vị trí thống lĩnh các lực lượng vũ trang. Kể cả thứ quyền lực “đen” của ông Tô Lâm và Bộ Công an với kho dữ liệu các hồ sơ “nhúng chàm” của các quan chức cấp cao, cũng khó có thể phát huy được hiệu lực như trước đây. Rất có thể, phe tướng lĩnh quân đội sẽ trở thành, và đóng vai trò trung tâm “đoàn kết”, để thực hiện kế hoạch “bẫy” ông Tô Lâm ra khỏi chiếc ghế Tổng Bí thư, trong các kỳ họp Trung ương cuối nhiệm kỳ Đại hội 13, bàn về công tác nhân sự. Chúng ta cùng chờ xem. Khi đó người ta sẽ tính sổ đầy đủ với ông Tô Lâm.",Trà My,thoibao.de
"Nguyễn Thanh Nghị, mầm non đứng giữa nhiều làm đạn nhưng khó gãy?","Khi ông Nguyễn Phú Trọng còn sống, ông Nguyễn Tấn Dũng đã “lặn mất tăm” suốt một thời gian dài. Sau Đại hội 12, năm 2016, với câu nói “về làm người tử tế” nổi tiếng, ông Dũng không còn xuất hiện thường xuyên trong các sự kiện của chính quyền, như ông Trương Tấn Sang. Thời gian này cũng ghi nhận, số phận của Nguyễn Thanh Nghị gặp nhiều sóng gió. Lẽ ra, ông Nghị có thể lên Bộ trưởng Bộ Xây dựng từ Đại hội 12, nếu ông Dũng không thua trước ông Trọng. Từ vị trí Phó Hiệu trưởng trường Đại học Kiến trúc, ông Ba Dũng đưa người con đầu của ông về Bộ Xây dựng, nắm chức Thứ trưởng, ngay trước Đại hội 12. Đây là bước đệm để Nguyễn Thanh Nghị lên Bộ trưởng, vì lúc đó, Nghị đang là Ủy viên dự khuyết Trung ương Đảng, và chắc chắn xuất Uỷ viên chính thức tại Đại hội 12. Mà một khi đã là Ủy viên chính thức, thì ghế của ông Nghị phải là Bộ trưởng, chứ không phải Thứ trưởng. Thế rồi ông Dũng thua cuộc, buộc phải về “làm người tử tế”. Vì thế, ông Ba Dũng cũng vận động để Nguyễn Thanh Nghị về làm Bí thư ở tỉnh nhà Kiên Giang. Bởi Trung ương có quá nhiều cạm bẫy, Nguyễn Thanh Nghị còn non trẻ, khó trụ vững, về Kiên Giang làm quan đầu tỉnh chờ thời, lại an toàn hơn. Nếu ông Dũng không kịp kéo ông Nghị về Kiên Giang, trước khi ông Dũng về hưu, thì rất có thể, Nghị đã ngã ngựa sớm. Nguyễn Thanh Nghị “trú ẩn” tại Kiên Giang được một thời gian, thì bị vướng vào vụ đất đai Phú Quốc, năm 2020. Xem ra lúc đó, ông Trọng không muốn để Nguyễn Thanh Nghị yên thân. Vụ đất đai ở Phú Quốc có nguy cơ đẩy Nguyễn Thanh Nghị rớt khỏi vũ đài chính trị, như Nguyễn Xuân Anh đã từng bị, khi đương chức Bí thư Thành ủy Đà Nẵng. Tuy nhiên, Nguyễn Thanh Nghị chỉ bị kỷ luật nhẹ, nguyên nhân được cho là lính của Tô Lâm đã nhẹ tay, trong việc điều tra sai phạm của Nguyễn Thanh Nghị. Được biết, hầu hết những sai phạm của quan chức địa phương mà Trung ương nắm được, đều nhờ vào lực lượng của Tô Lâm. Chính vì thế, Nguyễn Thanh Nghị chỉ bị thuyên chuyển và “giáng chức”, từ vị trí Bí thư Tỉnh uỷ, xuống làm Thứ trưởng Bộ Xây dựng (Bí thư tỉnh có cấp hàm ngang Bộ trưởng). Năm 2021, Phạm Minh Chính thắng Vương Đình Huệ trong cuộc chạy đua vào ghế Thủ tướng. Thế là, Nguyễn Thanh Nghị được Phạm Minh Chính vớt lên làm Bộ trưởng. Từ đó, giữ cho Nguyễn Thanh Nghị còn nguyên hy vọng tiến xa hơn trên con đường chính trị. Có thể nói, giai đoạn 2020 – 2021 là giai đoạn cực kỳ khó khăn đối với Nguyễn Thanh Nghị. Ông Nguyễn Tấn Dũng không thể ra mặt, vận động công khai cho con trai, vì ông Trọng còn đó. Sự nghiệp chính trị của Nguyễn Thanh Nghị được cứu, nhờ 2 cựu “đồ đệ” của ông Nguyễn Tấn Dũng, là Tô Lâm và Phạm Minh Chính. Tô Lâm giúp cho sai phạm của Nghị được giảm thiểu, để nhận mức kỷ luật nhẹ nhất có thể, còn Phạm Minh Chính tái sinh sự nghiệp chính trị của Nghị, bằng cách bổ nhiệm vào ghế Bộ trưởng. Với việc ông Nguyễn Phú Trọng qua đời, ông Nguyễn Tấn Dũng đã có thể ra mặt để vận động cho con trai. Mối quan hệ thân tình giữa Nguyễn Tấn Dũng với Tổng Bí thư kiêm Chủ tịch nước Tô Lâm được công khai, nên sự nghiệp chính trị của Nguyễn Thanh Nghị cũng sẽ vững chắc hơn. Đáng nói là, nếu Tô Lâm và Phạm Minh Chính có quay ra quyết chiến với nhau, thì Nguyễn Thanh Nghị vẫn có thể trụ vững, vẫn hiên ngang đứng vững giữa 2 làn đạn. Sân chơi chính trường Việt Nam vẫn chưa có chỗ cho những nhân vật trẻ U50, như Nguyễn Thanh Nghị. Gần đây, Đặng Quốc Khánh – Bộ trưởng Bộ tài nguyên Môi trường, người cùng tuổi với Nguyễn Thanh Nghị, đã ngã ngựa. Và xa hơn là Võ Văn Thưởng, là một nhân vật trẻ tuổi trong Tứ trụ, cũng không chịu nổi “giông bão” chính trường. Nếu Nghị đứng một mình, rất khó trụ vững. Tuy nhiên, lợi thế là Nguyễn Thanh Nghị có người cha là Nguyễn Tấn Dũng, nên rất triển vọng.",Trần Chương,thoibao.de
"Tô Tổng – hung thần của dân, ông trùm của Đảng, nhưng là “thỏ đế” với Tập?","Mới đây, Đài Tiếng nói Hoa Kỳ VOA đăng tin: “Tổng thống Philippines Ferdinand Marcos Jr. đã chỉnh sửa một bài đăng trên mạng xã hội, trong đó tuyên bố, Việt Nam ủng hộ phán quyết trọng tài của nước này ở Biển Đông, ngay sau khi Bộ trưởng Quốc phòng Phan Văn Giang thăm Manila”. Việc báo chí trong nước bị áp lực phải rút bài, liên quan việc công an khám xét VNG – một Công ty có yếu tố Trung Quốc, thì cũng có thể hiểu được. Bởi 800 tờ báo trong nước đều chịu sự kiểm soát của Đảng, và phải vâng lệnh Đảng. Tuy nhiên, với một Tổng thống của một nước khác, Đảng Cộng Sản Việt Nam không thể dùng quyền lực, buộc ông phải sửa bài. Đảng chỉ có thể dùng biện pháp ngoại giao, tác động để Tổng thống Marcos sửa mà thôi. Phát ngôn của một vị Tổng thống, được ví như “cửu ngũ chí tôn”, thì không thể nói bừa, và cũng không thể bịa đặt. Hơn nữa, sự việc có liên quan đến quan hệ ngoại giao, thì Tổng thống Marcos càng phải cẩn trọng hơn. Nếu Tổng thống Philippines bịa chuyện, thì chắc chắn, phía Việt Nam đã lên tiếng chỉ trích và phản đối. Chuyến thăm của Đại tướng Phan Văn Giang – Bộ trưởng Quốc phòng Việt Nam, đến Philippines vào cuối tháng 8 vừa qua, được đánh giá là nhạy cảm. Bởi khi ông Giang đang ở Philippines, thì tàu Trung Quốc và tàu Philippines có vụ đâm nhau ở Biển Đông. Philippines thời ông Marcos đã tỏ ra rất cứng rắn trước Trung Quốc. Theo một số ý kiến, việc Giang thăm Philippines được cho là phe quân đội Việt Nam đang muốn làm ngược lại với ý đồ của ông Tô Lâm. Rất có thể, trong chuyến thăm này, ông Phan Văn Giang đã bày tỏ ý kiến như Tổng thống Ferdinand Marcos Jr ngỏ lời cám ơn. Tuy nhiên, sau đó, ông Tô Lâm có thể đã can thiệp thông qua Bộ Ngoại giao, để yêu cầu Tổng thống Philippines sửa lời. Bởi theo nguyên tắc, muốn đăng ý kiến của một cá nhân/ tổ chức, thì phải được sự đồng ý của họ. Cũng theo một số nhận định, chính trường Việt Nam những tháng qua cho thấy đường lối ngoại giao của Tô Lâm và Phan Văn Giang hình như đi về 2 hướng ngược nhau. Ông Tô Lâm thì “sợ Tàu”, còn ông Giang thì tỏ ra “thân Mỹ” hơn. Nếu có đề nghị Tổng thống Marcos đổi lời, thì chỉ có thể là phe sợ mất lòng Tàu. Nói chung, tác động để Tổng thống Ferdinand Marcos Jr. sửa lời, là người đứng đầu của Đảng Cộng sản Việt Nam, vì sợ mất lòng Trung Quốc. Rõ ràng, ông Tô Lâm đang sợ Trung Quốc, chẳng khác nào chuột sợ mèo. Với thái độ của Tổng Bí thư như thế, thì giấc mơ thoát Tàu, gần Mỹ, sẽ chỉ là giấc mơ hão huyền mà thôi. Trong những năm qua, ông Tô Lâm đã chứng tỏ cho dân Việt thấy rằng, ông chính là hung thần. Công an như kiêu binh, bắt người vô tội vạ, bắt người không cần lệnh của tòa án vv… Không những thế, ông Tô Lâm còn chứng tỏ với “đồng chí” của ông rằng, ông là người dám làm tất cả, là người có sức mạnh không ai có thể kiểm soát được, là một ông trùm thực sự của Đảng. Giờ đây, nghe nhắc đến quân của Tô Lâm, không chỉ người dân, mà giới lãnh đạo cũng phải sợ hãi. Nói chung, với cả dân và Đảng, Tô Lâm là người đáng sợ. Tuy nhiên, với Tập Cận Bình, thì Tô Lâm lại tỏ ra là “thỏ đế”, không hề dám trái ý. Muốn đất nước độc lập, trước hết, phải độc lập về chính trị. Tuy nhiên, từ sau 1990, tất cả các đời Tổng Bí thư đều tự chấp nhận thân phận “bề tôi”. Họ luôn lo sợ và tự nhắc nhở bản thân, là phải biết “ăn ở sao cho phải đạo” với Trung Nam Hải. Như vậy, còn lâu lắm đất nước này mới có được độc lập đúng nghĩa. Đúng là sau khi Tô Lâm lên ngôi, Đảng đã có những bước đi gần hơn với Mỹ. Nhưng các bước đi ấy rất rón rén, trong phập phồng lo sợ, sợ Trung Nam Hải không vừa lòng. “Thỏ đế” như vậy thì làm sao dẫn dắt đất nước này tiến lên? “Thỏ đế” thì chỉ muốn ẩn nấp, tìm sự an toàn cho chính mình mà thôi.",Hoàng Phúc,thoibao.de
Tô và Đảng cố giãy giụa vẫn không tài nào thoát khỏi lưỡi câu của Tập!,"Việc báo chí rút bài hàng loạt đối với vụ VNG bị điều tra, cho thấy, thế lực Bắc Kinh còn chi phối rất mạnh đối với Đảng Cộng sản Việt Nam, từ thượng tầng đến cơ sở. Mới chỉ là một doanh nghiệp, mà cũng đã khiến cho bộ máy công an và tuyên giáo đá nhau đôm đốp. VNG là Công ty có cổ phần của 2 nhà đầu tư lớn từ Trung Quốc. Nếu Đảng Cộng sản Việt Nam độc lập về chính trị, thì bất kỳ doanh nghiệp nào hoạt động trên lãnh thổ Việt Nam, cũng đều phải chấp nhận luật pháp Việt Nam, không có ngoại lệ. Vậy mà, chỉ một công ty có cổ phần của các tập đoàn công nghệ Tàu, đã khiến cho Ban Tuyên giáo phải vội vã chỉ thị cho báo chí gỡ bài. Những ngày gần đây, nhóm quân đội đang có những chuyến thăm không hợp với mong đợi của Bắc Kinh. Thêm vào đó, tờ báo The New York Times vừa mới được phép mở cơ quan thường trú tại Việt Nam, đã khiến xuất hiện chiều hướng bình luận lạc quan, rằng, Đảng đang muốn rời xa quỹ đạo của Trung Quốc, và xích lại gần hơn với Mỹ. Năm 1990, nhóm Nguyễn Văn Linh, Đỗ Mười và Phạm Văn Đồng, đã có cuộc gặp kín với các đồng cấp phía Trung Quốc, tại Thành Đô – Trung Quốc. Đây là cột mốc đánh dấu sự lệ thuộc của chính trị Việt Nam vào Bắc Kinh, và khiến các lãnh đạo đời sau cứ trượt dài theo lối mòn này. Từ đó, cứ mỗi khi Tổng Bí thư Trung Quốc đắc cử, thì Tổng Bí thư Việt Nam phải sang “triều bái”. Đồng thời, khi Tổng Bí thư Việt Nam mới lên ngôi, cũng phải sang Bắc Kinh. Như luật bất thành văn, người đứng đầu Đảng Cộng sản Việt Nam phải sang Bắc Kinh “đảnh lễ” trước, mới mời được thiên triều sang thăm Việt Nam. Chỉ cần nhìn vào những quy định bất thành văn như thế, thì cũng đủ hiểu, Đảng Cộng sản Việt Nam chưa thể nào thoát khỏi thòng lọng của Bắc Kinh. Hiện Bộ trưởng Quốc phòng Phan Văn Giang đang thăm Mỹ, tuy nhiên, đây không phải lần đầu quan chức Việt Nam sang Mỹ. Sau năm 1990, dù Việt Nam đã bị Trung Quốc tròng “thòng lọng” vào cổ, thì họ vẫn để Hà Nội bắt tay với Mỹ. Năm 1994, Mỹ bãi bỏ lệnh cấm vận đối với Việt Nam. 1995, Mỹ bình thường hóa quan hệ với Việt Nam. Năm 2000, Tổng thống Mỹ Bill Clinton đến Việt Nam. Rồi đến năm 2015, Tổng thống Barack Obama ký bãi bỏ lệnh cấm vận vũ khí sát thương đối với Việt Nam v.v… Dù chậm chạp, quan hệ Việt – Mỹ vẫn nhích lên từng bước, chứ không lùi. Tuy nhiên, người dân Việt Nam muốn Đảng gần Mỹ hơn, như Đài Loan, Hàn Quốc và Nhật Bản. Người Việt hy vọng nhà cầm quyền dám mua vũ khí hiện đại của Mỹ, mà không sợ bị Bắc Kinh hăm dọa. Thậm chí, dám cho Mỹ thuê căn cứ quân sự như Hàn Quốc và Nhật Bản, để Việt Nam có tiếng nói mạnh hơn trước Trung Quốc. Tuy nhiên, Đài Loan, Hàn Quốc và Nhật Bản, là lằn ranh mà Trung Quốc ngầm định và cảnh cáo. Chắc chắn, Đảng Cộng sản Việt Nam không dám bạo gan đến thế. Có thể nói, Đảng Cộng sản Việt Nam đang được “tự do”, trong khuôn khổ mà Bắc Kinh cho phép. Và người đứng đầu Đảng Cộng sản Việt Nam luôn phải có nghĩa vụ thực hiện những sứ mệnh, giống như bề tôi trung thành với thiên triều. Cho nên, để Việt Nam có được bước tiến lớn gần hơn với Mỹ, như những quốc gia dân chủ ở khu vực Đông Á, là điều không thể. Một khi, Đảng vẫn đặt quyền lợi của Đảng lên trên quyền lợi quốc gia, thì Đảng không bao giờ dám “bạo gan” tỏ thái độ cứng rắn trước Bắc Kinh. Con cá bị cắn câu có thể bơi trong bể, nhưng bị giới hạn, không thể vượt quá chiều dài của sợi dây. Nếu không, lưỡi câu sẽ xé toạc miệng nó, hoặc nó có thể bị chủ giật dây câu, kéo lên bờ làm “thịt”. Cho nên, ước mơ về một đảng cầm quyền gần Mỹ, buông Tàu, mãi chỉ là một giấc mơ xa vời, nếu Đảng Cộng sản vẫn còn nắm quyền cai trị trên đất nước này.",Trần Chương,thoibao.de
Lò dưới thời Tổng Trọng khác gì lò dưới thời Tổng Tô?,"Điều dễ nhận biết nhất về chính sách của ông Tô Lâm, là ông vẫn giữ nguyên “cái lò” nổi tiếng của người tiền nhiệm. Có thể, nhân sự do ông Nguyễn Phú Trọng đưa lên, sẽ bị loại bỏ dần, bằng nhiều cách khác nhau, trong đó đặc biệt là cách dùng “cái lò chống tham nhũng”. Dưới thời ông Trọng, “lò” vừa là công cụ để mị dân, vừa là công cụ để thanh lọc thành phần chính trị không cùng phe cánh. Tương tự, “lò” dưới thời Tô Lâm cũng dùng để mị dân, đồng thời, vẫn là công cụ để “làm cỏ” các thế lực khác, tạo điều kiện cho thế lực Hưng Yên lớn mạnh. Tuy nhiên, đối với ông Tô Lâm, “lò” lại có thêm công dụng nữa, đấy là tạo ra một “chuồng gà” để nhốt những con gà “gãy cánh”, nhằm mần “thịt” chúng đằng sau hậu trường như trường hợp ông Nguyễn Xuân Phúc. Làm kinh tế bằng quyền lực không phải là chuyện xa lạ ở Việt Nam. Đặc biệt làm các chính sách để sân sau hưởng lợi, cách làm này dễ bị dư luận phát giác, và tố lên mạng xã hội. Tuy nhiên, việc “nhốt gà” để thịt này, nếu không có các nguồn tin nội bộ cung cấp, thì không ai biết được sự thật đằng sau. Với việc dùng hồ sơ đen, đặt lên bàn để uy hiếp, nhằm “trấn lột” lại phần nào tài sản mà ông cựu Chủ tịch nước Nguyễn Xuân Phúc “trấn lột” trước đó, cho thấy công năng mới của “cái lò” dưới tay ông Tô Lâm. “Lò” đốt càng nhiều, cháy càng mạnh, thì rõ ràng, dưới tay Tô Lâm có cả một rừng nạn nhân. Những người chưa bị truy tố hình sự, sẵn sàng hy sinh một phần tài sản kiếm được trong đời làm chính trị của mình, để được yên thân. Đây là cách làm khác của Tô Lâm, so với ông Nguyễn Phú Trọng. Hiện nay, ông Tô Lâm mới chỉ lên ghế Tổng Bí thư trong một thời gian ngắn. Vẫn cần rất nhiều thời gian để Tô Lâm củng cố sức mạnh cho phe cánh của mình. Hơn ai hết, ông cần phải đẩy “công suất” của “cái lò” lên cao hơn nữa, để dọn dần những thành phần mà ông Phú Trọng để lại. Thời gian đến Đại hội 14 đang ngày càng ngắn, tất cả các phe phái đều phải chạy đua, và ông Tô Lâm cũng thế. Có thể, trong thời gian tới, Trung ương Đảng và Quốc hội sẽ có thêm nhiều kỳ họp bất thường nữa, để sắp xếp lại trật tự giữa các phe. Nhiệm kỳ 2021 – 2026 là nhiệm kỳ mà Trung ương Đảng và Bộ Chính trị gặp nhiều sóng gió nhất, so với các nhiệm kỳ trước đây. Riêng năm 2024, là năm có nhiều “Tứ trụ” bị gãy nhất. Năm 2024 cũng là năm đánh dấu quá trình chuyển giao quyền lực. Bắt đầu từ việc ông Trọng mất kiểm soát với “cái lò”, sau đó là đến cái chết của ông, rồi đến thời kỳ Tô Lâm lên ngôi. Mà thời của Tô Lâm chính là thời của sóng gió chính trường. Võ Văn Thưởng, Vương Đình Huệ và Trương thị Mai, liên tục bị rụng chỉ trong một thời gian ngắn, là do bàn tay của Tô Lâm gây ra. Giờ đây, chính Tô Lâm đã ngồi vào vị trí của ông Trọng, và là “người chủ lò” mới. Thời gian tới, có thể, “lò” sẽ cháy còn mạnh hơn thời ông Trọng. Ông Tô Lâm phải “đốt lò”, để dọn đường cho phe Hưng Yên phát triển. Có vẻ như, dưới thời Tô Lâm, Đảng không còn được thống nhất như dưới thời ông Trọng. Phe quân đội được cho là đang muốn tách ra khỏi quỹ đạo của Tô Lâm, đặc biệt là về đường lối ngoại giao. Một số đồn đoán cho rằng, hiện nay quân đội có thể đang có hướng đi khác Tô Lâm rất xa. Nếu đúng, thì đây là một mối nguy cho Tô Lâm. Từ “đốt lò” đã làm tốn không biết bao nhiêu giấy mực của báo chí nhiều năm qua, cả báo chí tự do lẫn báo chí nhà nước. Trong đó, cũng có không ít lời khen ngợi từ phía báo chí tự do, tuy nhiên, lò thì cháy mà tham nhũng thì không giảm. Đến lúc này, lò càng cháy thì chỉ càng chứng tỏ sự bất ổn ở thượng tầng chính trị. Thực chất, bất ổn ở cung đình cũng chỉ quanh quẩn ở vấn đề tham nhũng. Tham nhũng càng nhiều, thì Tô Lâm càng có nhiều dữ liệu để giữ cho lò luôn cháy mạnh. Chẳng phải vì sự trong sạch của Đảng, mà chỉ vì quyền lợi cá nhân và phe cánh, ông Nguyễn Phú Trọng cũng thế, mà Tô Lâm cũng vậy.",Trần Chương,thoibao.de
"Chính sách ngoại giao của Tô Lâm bị cản trở, Đảng đang bất hòa?","Đảng Cộng sản Việt Nam đang cầm quyền, cai trị đất nước 100 triệu dân, nhưng rất nhiều thế hệ lãnh đạo đã tỏ ra nhu nhược trước Bắc Kinh. Điều này hoàn toàn tương phản với chính quyền Đài Loan – một chính quyền chỉ có 25 triệu dân, và là một hòn đảo nhỏ bé. Đảng rất tự hào về chính sách “ngoại giao cây tre”, mà họ cho là “uyển chuyển, khôn khéo”, để mị dân. Tuy nhiên, cái gọi là “ngoại giao cây tre” này chỉ là mặt nạ, che đậy cho ý chí nhu nhược của giới lãnh đạo Đảng. Hầu hết lãnh đạo cao cấp trong Đảng đều hiểu rằng, nền giáo dục và xã hội Mỹ – Âu tốt hơn hẳn Trung Quốc, nên lựa chọn cho con cái sang du học. Thế nhưng, họ lại cam tâm đưa đất nước Việt Nam vào thòng lọng của Bắc Kinh, thông qua cái gọi là “ngoại giao cây tre”. Bao lâu nay, Đảng Cộng sản Việt Nam bắt tay với Mỹ và phương Tây, nhưng chỉ giới hạn về hợp tác kinh tế. Còn về quốc phòng an ninh, Việt Nam vẫn giữ khoảng cách, chứ không dám xích lại gần hơn. Năm 2015, Tổng thống Mỹ Barack Obama đã tuyên bố, bãi bỏ lệnh cấm vận vũ khí sát thương đối với Việt Nam. Nhưng Đảng vẫn không dám đặt mua vũ khí Mỹ, sợ Bắc Kinh “trừng mắt”. Cái gọi là “ngoại giao cây tre” đã cướp đi cơ hội độc lập chính trị của Việt Nam như thế. Những ngày gần đây, Đại tướng Phan Văn Giang – Bộ trưởng Bộ Quốc phòng Việt Nam, đã có những chuyến thăm rất được lòng dư luận, đấy là chuyến đi Philippines hồi cuối tháng 8, và chuyến đi Mỹ sắp tới. Tuy nhiên, rất khó có khả năng, Việt Nam dám làm gì đó mang tính chất đột phá, trong vấn đề hợp tác quốc phòng với Mỹ. Việc có hợp tác sâu hơn về quốc phòng với Mỹ hay không, thì còn phải chờ xem. Tuy nhiên, về chiến lược, thì rõ ràng, ông Phan Văn Giang đang gây khó cho ông Tô Lâm, trong quan hệ ngoại giao với Trung Quốc. Vì ông Tô Lâm chỉ vừa mới đi Bắc Kinh về, thì ông Giang đã có những chuyến đi trái ngược. Vì sao, ông Tô Lâm trong vai trò Bí thư Quân ủy Trung ương, lại để cho quân đội xích lại gần Mỹ? Điều này giải thích theo hướng nào thì cũng bất lợi cho ông Tô Lâm. Trường hợp thứ nhất, nếu ông Phan Văn Giang thực hiện sứ mệnh ngoại giao này theo lệnh của ông Tô Lâm, thì hóa ra, ông Tô Lâm vừa tỏ thái độ thần phục trước mặt Tập Cận Bình, lại giở trò sau lưng ngay lập tức? Trường hợp thứ nhì, nếu ông Giang tự ý thực hiện, không theo chỉ đạo của ông Tô Lâm, thì rõ ràng, ông Tô Lâm không đủ khả năng để kiểm soát bên dưới. Vậy thì, đối với Tập Cận Bình, ông Tô Lâm có phải là người vô dụng hay không? Khả năng cao là phe quân đội không vâng lệnh ông Tô Lâm. Từ khi ông Trọng mất kiểm soát đối với “lò đốt tham nhũng”, thì trong Đảng đã nổi lên các thế lực triệt hạ lẫn nhau. Bản thân ông Tô Lâm đã hạ quá nhiều người của các phe khác, thì đến lúc, sẽ bị các phe khác phản công. Trước mắt, họ là tìm cách gây mất uy tín của ông với thiên triều, sau đó, có thể sẽ có những bước đi tiếp theo táo bạo hơn. Cái gọi là “ngoại giao cây tre” giờ đây đang thất thế. Trong Đảng đang nổi lên các xu hướng ngoại giao khác nhau, không còn thống nhất nữa. Mỗi phe chọn một đường lối ngoại giao riêng, nhằm những mục đích riêng. Khi đó, sự “mềm dẻo”, “khôn khéo” sẽ không còn nữa, “ngoại giao cây tre” hiện nguyên hình là hình thức ngoại giao vô tổ chức mà thôi. Khi ông Trọng còn sống, Đảng thống nhất hơn. Giờ đây, Đảng như con tàu vô định, nhiều kẻ đang tranh giành quyền lái tàu. Bất kỳ ai tranh thủ nắm được bánh lái, thì sẽ lái con tàu theo hướng đi riêng của mình. Cứ như thế, con tàu đổi hướng liên tục và không có mục tiêu rõ ràng. Theo Mỹ thì không rõ, mà theo Tàu cũng không chắc chắn. Phải chăng, thời kỳ hỗn loạn trong Đảng đang dần hiện rõ?",Trần Chương,thoibao.de
Tô Ân Xô “tháo chạy” khỏi Phủ Chủ tịch. Thế lực mới đang nhen nhóm trỗi dậy?,"Ngày 4/9, Văn phòng Trung ương Đảng công bố các quyết định của Ban Bí thư, về việc bổ nhiệm Tướng Tô Ân Xô làm Trợ lý của Tổng Bí thư Tô Lâm và phụ trách Văn phòng Tổng Bí thư. Hiện ông Tô Lâm là ông chủ của Ban Bí thư, như vậy, Ban Bí thư quyết, cũng chính là Tô Lâm quyết. Ông Tô Ân Xô mới chuyển từ Bộ Công an sang Phủ Chủ tịch chưa lâu, thì nay lại “tháo chạy” sang Văn phòng Tổng Bí thư. Tô Lâm ở đâu, thì Tô Ân Xô sẽ ở đấy. Khi Tô Lâm kéo đồ đệ ra khỏi Phủ Chủ tịch, cho thấy, dấu hiệu Tô Lâm sắp rút khỏi ghế Chủ tịch nước. Như vậy là, hiện nay, người của Bộ Công an đang tụ về Văn phòng Trung ương Đảng ngày một đông. Chuyển đến cơ quan này sớm nhất là Tướng Nguyễn Duy Ngọc, để dọn đường, thực hiện các bước chuẩn bị cho Tô Lâm đến sau. Giờ ông Tô Lâm đã trở thành chủ nhân của Văn phòng Trung ương Đảng, thì ông kéo đồ đệ thân tín sang phục vụ mình. Ở chiều ngược lại, Đại tướng Lương Cường – Thường trực Ban Bí thư, rất có thể sẽ phải chuyển từ Ban Bí thư sang Phủ Chủ tịch. Nhiều nhà quan sát dự đoán, thời gian tới, cánh quân đội sẽ hình thành liên minh mới, còn Tô Lâm thì Công an hóa Ban Bí thư, để củng cố vững chắc cho chiếc ghế mà ông đang ngồi. Việc nhả ghế Chủ tịch nước là một bước nhượng bộ của ông Tô Lâm. Bởi nhả chức này ra, thì quyền lực của ông không suy giảm, vì ghế Chủ tịch nước chỉ nặng tính nghi lễ, không thực quyền. Tuy nhiên, với cánh quân đội, nếu họ giành được ghế Chủ tịch nước, và hình thành được liên minh giữa người đứng đầu Phủ Chủ tịch và người đứng đầu Bộ Quốc phòng, thì liên minh này có thể gây bất lợi không nhỏ cho Tổng Bí thư Tô Lâm. Dư luận trước đây quan tâm đến vị trí Chủ tịch nước, vì sự “xui xẻo” liên tục của những người chủ chiếc ghế này, chứ không phải quan tâm đến quyền lực mà ghế này đem lại. Bởi chức vụ Chủ tịch nước thiên về nghi lễ, bị xem là “hữu danh vô thực”. Chính vì vậy, chủ nhân chiếc ghế này có danh mà không có thực quyền, nên rất dễ bị xô đổ. Tuy nhiên, một khi ghế này rơi vào tay phe quân đội, thì rất có thể, phe nhóm này sẽ toan tính để hình thành nên một thế lực mới, cân bằng với quyền lực của ông Tô Lâm hiện nay. Với việc ông Tô Ân Xô chuyển từ Phủ Chủ tịch sang Văn phòng Tổng Bí thư, cho thấy, ông Tô Lâm bị buộc phải nhường một phần quyền lực, đồng thời, trên chính trường đang nhen nhóm hình thành một thế lực mới. Nếu thành công, thế lực mới này có thể cân bằng với thế lực của Tô Lâm. Ông Tô Lâm đã tiến chiếm ghế Tổng Bí thư bằng cách sử dụng Bộ Công an, nên đã gây thù chuốc oán với rất nhiều thế lực khác trong Đảng. Muốn an vị trên “ngôi báu”, ông phải tiếp tục dùng Bộ Công an, để kiểm soát đối thủ – những kẻ muốn hạ bệ ông. Thậm chí, ông cần phải dự đoán kẻ thù trong tương lai, và ra tay triệt hạ trước. Phe quân đội có thuận lợi rất lớn, đó là, công an không được xen vào, không được điều tra. Do đó, công cụ mà ông Tô Lâm đã sử dụng rất hiệu quả, để hạ bệ các thế lực khác, sẽ không còn tác dụng đối với quân đội. Chính vì hiểu rõ điều này, nên ông Trọng đã kéo Tướng Lương Cường về trấn giữ Ban Bí thư, ngăn chặn các đòn tấn công của Tô Lâm đối với Ban này. Chỉ tiếc là, ông Trọng trám lỗ hổng này chưa lâu, thì đã qua đời. Yếu điểm duy nhất của phe quân đội là manh mún, không đoàn kết. Chính vì thế, mới để Tô Lâm và phe Công an vượt lên. Đây là cơ hội để phe quân đội lấy lại vị thế, nếu không làm lúc này, thì rất khó có được cơ hội tốt hơn. Vì nếu để Tô Lâm có thời gian củng cố lực lượng, muốn lấy lại vị thế rất khó.",Hoàng Phúc,thoibao.de
"Phụ tá Thống đốc bang New York bị truy tố 8 tội danh, trong đó có tội làm gián điệp cho Trung Quốc","Ngày 4/9, VOA Tiếng Việt loan tin “Linda Sun, cựu Trợ lý Thống đốc bang New York, bị buộc tội làm gián điệp cho Trung Quốc”. VOA dẫn tin từ một hãng tin quốc tế, cho biết, Linda Sun – cựu Trợ lý của Thống đốc bang New York Kathy Hochul, đã bị buộc tội hôm 3/9, vì làm điệp viên cho Chính phủ Trung Quốc. Việc này đã mang đến cho bà hàng triệu đôla tiền công và quà tặng, bao gồm cả các bữa ăn thịt vịt hảo hạng. Hãng tin quốc tế cho biết, bà Linda Sun, 41 tuổi, và chồng là Chris Hu, 40 tuổi, đã không nhận tội hình sự trước Thẩm phán Tòa án Hoa Kỳ Peggy Kuo, tại Brooklyn, sau khi bị bắt vào sáng ngày 3/9. Các công tố viên Liên bang tại Brooklyn cho biết, khi còn làm việc trong chính quyền bang, bà Sun đã ngăn cản các đại diện của Chính phủ Đài Loan gặp gỡ các quan chức của bang New York, trong khi đó, lại tìm cách sắp xếp cho một quan chức cấp cao của tiểu bang New York đến thăm Trung Quốc. VOA dẫn nhật báo Calitoday cho biết, bà Sun cũng tìm cách bảo đảm, lãnh đạo New York không công khai nhắc đến cuộc đàn áp người Duy Ngô Nhĩ ở Tân Cương. Những cáo buộc này, nếu đúng, sẽ đại diện cho hành vi thao túng trắng trợn đối với chính quyền tiểu bang New York ở cấp cao nhất, xảy ra nhiều năm trời dưới thời ông Cuomo và bà Hochul. Đổi lại, VOA cho biết, các đại diện của Chính phủ Trung Quốc bị cáo buộc, đã thu xếp các giao dịch hàng triệu đô la cho ông Hu, người có hoạt động kinh doanh tại Trung Quốc. VOA dẫn lời các công tố viên cho hay, bà Sun và ông Hu đã dùng tiền để mua một chiếc xe thể thao Ferrari Roma đời 2024, cũng như bất động sản tại Long Island, New York và Honolulu trị giá khoảng 6 triệu đôla. Vẫn theo thông tin từ các công tố viên, các món quà khác bao gồm vịt muối kiểu Nam Kinh do đầu bếp riêng của một quan chức Chính phủ Trung Quốc chế biến, được giao đến nhà bố mẹ của bà Sun. Hãng tin quốc tế dẫn lời phát ngôn viên của Thống đốc, nói, bà Hochul không bị buộc tội về bất kỳ hành vi sai trái nào. Văn phòng của bà Hochul đã sa thải bà Sun vào tháng 3/2023, sau khi phát hiện ra bằng chứng về hành vi sai trái, đã báo cáo hành động của bà Sun ngay lập tức cho chính quyền, và đã hỗ trợ cơ quan thực thi pháp luật trong suốt quá trình điều tra. Thẩm phán Kuo – người phụ trách vụ án tại phiên tòa, quyết định cho bà Sun được tại ngoại với số tiền bảo lãnh là 1,5 triệu đôla, và ông Hu phải nộp tiền bảo lãnh là 500.000 đôla. Phiên tòa tiếp theo của họ sẽ diễn ra vào ngày 25/9. Sau phiên tranh tụng, luật sư Jarrod Schaeffer của bà Sun nói với các phóng viên, “Thân chủ của chúng tôi rất khó chịu khi phải nhận những cáo buộc này”. Theo hãng tin quốc tế, bà Sun trở thành Phó Chánh Văn phòng của bà Hochul vào tháng 9/2021, sau khi làm việc tại nhiều cơ quan nhà nước khác nhau. VOA cũng cho hay, trong những năm gần đây, Bộ Tư pháp Hoa Kỳ đã mạnh tay xử lý những người bị buộc tội làm việc cho các đối thủ, như Trung Quốc và Nga, mà không đăng ký với Chính phủ Hoa Kỳ, theo yêu cầu của luật pháp. Theo nhật báo Calitoday, những cáo buộc trên là diễn biến mới nhất trong chương trình của Bộ Tư pháp, do Văn phòng Biện lý Hoa Kỳ tại Brooklyn, thúc đẩy trong những năm gần đây, nhằm ngăn chặn những nỗ lực của Chính phủ Trung Quốc, bí mật gây ảnh hưởng trên khắp Hoa Kỳ. Tháng trước, học giả Trung Quốc Wang Shujun đã bị kết án tại Tòa án liên bang ở Brooklyn, vì thu thập thông tin về các nhà hoạt động tại New York ủng hộ nền dân chủ ở Trung Quốc, và chia sẻ những thông tin này với Bắc Kinh. VOA trích dẫn hãng tin quốc tế, nói rằng, bà Sun phải đối mặt với 8 tội danh, bao gồm không đăng ký theo Đạo luật Đăng ký Điệp viên Nước ngoài, và âm mưu rửa tiền. Ông Hu phải đối mặt với 3 tội danh, bao gồm âm mưu gian lận ngân hàng.",Ý Nhi,thoibao.de
“Cách mạng màu” – nỗi ám ảnh của chế độ hay chỉ là chiêu bài chính trị?,"Vừa qua, Tuyên giáo Cộng sản đã giật dây cho một số trang dư luận viên, vu cáo Đại học Fulbright là âm mưu ươm mầm cho “cách mạng màu”. Kế hoạch này rất bài bản, có cả phóng sự trên kênh truyền hình Quốc phòng Việt Nam. Tuy nhiên, sau đó phóng sự này đã bị gỡ bỏ âm thầm. Nếu không có ai đó bật đèn xanh, thì sẽ chẳng có trò vu cáo này. Đại học Fulbright cho biết, họ đang tiến hành những bước đi pháp lý, để tự bảo vệ danh dự. Tuy nhiên, nếu có kiện và tố nhau ra tòa, thì chắc chắn, chỉ những con rối cấp dưới bị đem ra xử, chứ những kẻ trên cao sẽ không bị điều tra. Hiện nay, ở Trung ương hình như có 2 xu hướng ngoại giao trái ngược nhau, ông Tô Lâm vội vã sang Bắc Kinh triều kiến, trong khi, ông Phan Văn Giang liên lục có những bước đi, Ít nhất, cho thấy, ông Giang đang có đường lối ngoại giao gần Mỹ hơn. Vậy thì, trong 2 nhóm trên, nhóm nào muốn chống lại cái gọi là “cách mạng màu” hay là cả hai đều chống? Cách mạng màu là cách gọi những phong trào phản kháng phi bạo lực, nhằm lật đổ chế độ độc tài hoặc tham nhũng, hoặc đòi hỏi sự cải cách chính trị, dân quyền, dân chủ. Rõ ràng, nhà nước độc tài Cộng sản vừa độc tài, vừa tham nhũng khủng, vừa thiếu dân chủ và không có nhân quyền. Nếu có cơ hội, người dân Việt Nam không đời nào để Đảng Cộng sản tồn tại, chắc chắn, số đông sẽ ủng hộ cách mạng màu. Tuy nhiên, với Đảng Cộng sản, thì bất kỳ phe nào cũng đều sợ “cách mạng màu”. Cho nên, có thể hiểu, cả Phan Văn Giang và Tô Lâm đều sợ cách mạng màu. Vậy, ai chủ trương dùng cái gọi là “cách mạng màu” để vu cáo Đại học Fulbright? Thực chất, dùng cái gọi là “cách mạng màu” để vu cáo Đại học Fulbright, chủ yếu là các phe phái trong Đảng đều dùng nó như một chiêu bài để đấu nhau mà thôi. Phan Văn Giang sẽ có chuyến thăm Mỹ, và sau đó Tô Lâm cũng có chuyến công du Mỹ trong tháng 9 này, trong khi đó, Đại học Fulbright là kết quả hợp tác giáo dục giữa Việt – Mỹ. Có thể hiểu, lực lượng trong Đảng không muốn ông Giang hoặc Tô Lâm gần Mỹ, đang tấn công vào Fulbright, như muốn ám chỉ, Mỹ đang có âm mưu lật đổ Đảng bằng “cách mạng màu”. Theo Mỹ là phản bội Đảng. Khả năng cao là lực lượng theo Trung Quốc nằm trong cả 2 phe Công an và Quân đội đứng sau trò tố cáo Fulbright vừa qua. Tất nhiên, phe quân đội và phe công an không phải là “vừa”, họ cũng có thế và lực của riêng họ, không dễ chụp mũ họ, như chụp mũ dân. Nếu Đại học Fulbright có âm mưu làm cách mạng màu, thì họ không thể tồn tại ở Việt Nam. Bởi chỉ cần một mầm mống xuất hiện, thì bộ máy công an khổng lồ chắc chắn sẽ không tha cho họ. Đại học Fulbright được chính quyền Cộng sản chấp nhận và cấp phép, có nghĩa, họ là một tổ chức giáo dục hoạt động theo luật pháp của Cộng sản. Nếu bên vu cáo có bằng chứng, thì họ đã không rút bài. Hiện nay, các phe trong Đảng đều đang sử dụng những trò đánh dưới thắt lưng. Chính trường trong thời gian tới hứa hẹn sẽ có sôi động hơn. “Tứ trụ + Công an” đấu với “Tứ trụ + Quân đội”, sẽ là trận đấu ngang tài ngang sức, sẽ là “bạo lực cách mạng” đấu với “bạo lực cách mạng”. Bao năm qua, các thế lực được cho là thân Mỹ cũng không thể xích lại gần hơn với cường quốc số 1 thế giới này. Ngay cả cựu Thủ tướng Nguyễn Tấn Dũng – người được cho là có xu thế thân Mỹ, cũng không thể phá rào, để kết nối mạnh hơn với Mỹ. Ông Dũng cũng phải trôi theo dòng chảy của Đảng, nghĩa là, vẫn không thể thoát khỏi Tàu. Ông Dũng chỉ thể hiện thân Mỹ khi cho con cái du học Âu Mỹ, gả con gái cho một Việt kiều Mỹ, là con của cựu quan chức Việt Nam Cộng hòa. Lần này đi Mỹ, có lẽ Phan Văn Giang hoặc Tô Lâm cũng chỉ xích lại gần Mỹ một cách giới hạn. Sẽ khó có một lực lượng nào dám “bạo gan” tiến sát Mỹ, như Đài Loan đang làm.",Thái Hà,thoibao.de
Bài toán nào hóa giải quyền lực Tô Lâm?,"Sau khi đi Trung Quốc về, Tô Lâm chấp nhận nhả chiếc ghế Chủ tịch nước. Giới thạo tin cho rằng, có 3 ứng viên thay thế cho Tô Lâm ở ghế Chủ tịch nước, đó là: Lương Cường-Đại tướng, Thường trực Ban bí thư; Phan Văn Giang-Đại tướng, Bộ trưởng Bộ Quốc phòng; và ông Nguyễn Trọng Nghĩa-Thượng tướng Trưởng ban Tuyên giáo Trung ương. Điều đáng nói là cả 3 ứng viên đều là tướng quân đội. Trong quá khứ cũng từng có tướng quân đội nắm chức Chủ tịch nước, đấy là ông Lê Đức Anh. Ông Lê Đức Anh một thời là người có tiếng nói rất mạnh trong Bộ Chính trị. Nếu dựa vào quyền pháp định đối với Chủ tịch nước, ông Lê Đức Anh không có quyền lực lớn đến thế. Quyền lực của ông có được là từ những mối quan hệ trong quân đội. Tiếng nói của ông trong Bộ Quốc phòng còn hơn cả Tổng bí thư Nguyễn Văn Linh dù ông Linh là Bí thư quân ủy Trung ương. Ngồi ở tứ trụ, muốn mạnh phải nắm hoặc quân đội, hoặc Công an. Ông Nguyễn Phú Trọng nắm chắc Bộ Công an và giờ Tô Lâm vẫn thế. Nếu 1 trong 3 tướng quân đội lên làm Chủ tịch nước, rất có khả năng họ sẽ có tiếng nói rất mạnh chứ không như ông Nguyễn Xuân Phúc và Võ Văn Thưởng trước đây. Trong 3 tướng quân đội, ông Phan Văn Giang đang có tiếng nói mạnh nhất. Theo một số ý kiến thời gian gần đây, ông Phan Văn Giang liên tục có những động thái được cho là đi ngược lại với đường lối ngoại giao của Tô Lâm. Ông Tô Lâm sang Bắc Kinh “triều kiến” thì sau đó ông Phan Văn Giang lại có chuyến thăm Philippines và sắp tới là chuyến thăm Mỹ. Theo đó, thái độ của ông đương kim Bộ trưởng Bộ Quốc phòng được cho là khá rõ ràng. Và có lẽ trong 3 ứng viên cho chiếc ghế Chủ tịch nước, ông Phan Văn Giang mới đủ khả năng tỏ thái độ như thế. Sức mạnh của tướng Lương Cường và tướng Nguyễn Trọng Nghĩa đang là ẩn số. Ông Lương Cường được đánh giá là người thứ nhì có sức ảnh hưởng trong quân đội chỉ sau tướng Giang. Điều quan trọng là ông Lương Cường mới rời Bộ Quốc phòng nắm ghế Thường trực Ban bí thư cách đây chỉ hơn 3 tháng. Tức là những mối quan hệ của ông trong quân đội vẫn chưa “nhạt” theo thời gian. Riêng tướng Nguyễn Trọng Nghĩa được cho là yếu nhất trong 3 tướng. Ông Nguyễn Trọng Nghĩa ra khỏi quân đội nắm chức Trưởng ban Tuyên giáo Trung ương từ năm 2021. Với lại, khi còn ở trong Bộ Quốc phòng, ông Nghĩa là cấp phó của tướng Lương Cường. Hầu hết những mối quan hệ trong quân đội, ông Nghĩa đứng sau lưng ông Cường. Nếu ông Phan Văn Giang ngồi ghế Chủ tịch nước, đây là kịch bản không mong muốn với Tô Lâm. Bởi những gì ông Phan Văn Giang có được, có thể cân bằng quyền lực với Tô Lâm bằng công thức “Tứ trụ+Quân đội” còn Tô Lâm thì có “Tứ trụ+ Công an”. Đáng nói là ông Phạm Ngọc Hùng – tổng cục trưởng Tổng Cục 2 là người “cùng hội cùng thuyền” với tướng Phan Văn Giang. Tướng Hùng đang bảo vệ bí mật vụ AIC cho ông Phan Văn Giang lẫn ông Phạm Minh Chính. Nếu ông Lương Cường hoặc Nguyễn Trọng Nghĩa ngồi vào ghế Chủ tịch nước, sức mạnh không như Tướng Giang được. Bởi sức ảnh hưởng hai người này trong quân đội không mạnh bằng ông Phan Văn Giang. Tuy nhiên, nếu người này bỏ qua mâu thuẫn bắt tay với Phan Văn Giang thì công thức “Tứ trụ+Quân đội” vẫn được đảm bảo. Giờ đây muốn cân bằng quyền lực với Tô Lâm thì chỉ có quân đội mới làm được. Trong quá khứ, chưa có 2 nhóm quyền lực “tứ trụ+quân đội” và “tứ trụ+Công an” tồn tại song song. Tuy nhiên, nếu quân đội đoàn kết thì họ hoàn toàn có thể tạo nên một nhánh cân bằng với nhánh do Tô Lâm làm chủ. Từ đây đến Hội nghị Trung ương 10 chỉ khoảng 1 tháng nữa, liệu quân đội có sắp xếp được thỏa thuận với nhau để đảm bảo hình thành nhóm quyền lực mới hay không? Quân đội đã không đoàn kết để Tô Lâm vượt lên, và giờ đây họ cần ngồi lại. Bộ Chính trị đã bị Tô Lâm nắm thóp, nếu Quân đội không thống nhất, thì có thể nói họ sẽ chẳng còn cơ hội nào tốt hơn.",Thái Hà,thoibao.de
"Tô Lâm không được lòng “chủ”, ghế Tổng liệu có vững?","Chuyến đi Trung Quốc của Tô Lâm được báo chí trong nước đưa tin rình rang, nhưng ngược lại, báo chí Trung Quốc thì không sốt sắng. Điều này khác xa với những chuyến thăm của ông Nguyễn Phú Trọng trước đây. Trung Quốc cũng như Việt Nam, đều kiểm soát báo chí chặt chẽ, đặc biệt là tin tức về chính trị. Vì thế, thái độ lạnh nhạt của báo chí Trung Quốc, phần nào cho thấy thái độ của Tập Cận Bình đối với Tô Lâm. Tô Lâm là Tổng Bí thư mới lên ngôi, Tập Cận Bình chưa biết nhiều về ông. Điều đáng nói là, cách Tô Lâm chiếm lấy chức Tổng Bí thư không chính thống. Tô Lâm không phải là nhân vật được ông Trọng chọn mặt gửi vàng. Tập Cận Bình đã tin tưởng ông Trọng, thì ắt hẳn, ông phải dè chừng với kẻ đã phản bội lại ông Trọng, đó là điều dễ hiểu. Lần “đi chầu thiên triều” này, sau khi trở về nước, Tô Lâm đã bị “lột” mất chức Chủ tịch nước. Đây có thể là dấu hiệu cho thấy, Tập Cận Bình muốn kiểm tra phản ứng của Tô Lâm, và cũng muốn đưa “con ngựa chứng” này vào vòng kiểm soát. Vào năm 2011, khi Tập Cận Bình là cấp phó của Hồ Cẩm Đào, đã có chuyến thăm Việt Nam. Ông Trọng cho đón ông Tập bằng lá cờ Trung Quốc 6 sao, trong khi, lá cờ chính thống của Trung Quốc có 5 ngôi sao, gồm 1 ngôi sao lớn và 4 ngôi sao nhỏ, đại diện cho 5 dân tộc của Trung Quốc. Có thể nói, ông Trọng đã cúi đầu trước ông Tập từ khi ông Tập chưa lên ngôi “cửu ngũ chí tôn” trong triều đình Cộng sản Trung Quốc. Giờ đây, có lẽ, Tô Lâm không có được cơ hội để cúi đầu từ xa như ông Trọng, nên Tập Cận Bình cần một phép thử chăng? Và có lẽ, nhiệm vụ của Tô Lâm là lấy được sự tin tưởng của ông Tập trong thời gian tới. Tô Lâm hiểu rõ, muốn làm bá chủ trong Đảng Cộng sản Việt Nam, thì trước tiên, phải lấy lòng ông chủ Trung Nam Hải. Hiện còn quá sớm để đánh giá sự bền vững của chiếc ghế Tổng Bí thư mà ông Tô Lâm đang ngồi. Nếu được Tập Cận Bình tin cậy, Tô Lâm hoàn toàn có thể đè bẹp mọi thế lực khác trong Đảng, và an tâm ngồi ghế Tổng suốt đời. Tuy nhiên, điều khó khăn nhất là làm sao để Tập Cận Bình vừa lòng. Tuy Tô Lâm đang là phe mạnh nhất trong Đảng, nhưng mới đây, phe quân đội đã bắn tin, người đứng đầu phe này sẽ đi Mỹ. Phía Trung Quốc chắc chắn sẽ theo dõi sát sao hành động của Bộ trưởng Phan Văn Giang. Nếu chọc giận Bắc Kinh, dù vô tình hay hữu ý, thì với vai trò là Bí thư Quân ủy Trung ương, Tô Lâm phải có lời giải thích với Tập. Rõ ràng, nỗ lực của Tô Lâm đi Bắc Kinh để mong được ông Tập thừa nhận, đang bị Tướng Phan Văn Giang thử thách. Có thể nói, ông Giang đi Mỹ, nhưng ông Tô Lâm lại là người lo lắng. Làm người đứng đầu Đảng Cộng sản Việt Nam, Tô Lâm phải có trách nhiệm chăn dắt Đảng theo ý Tập, phải lùa đất nước Việt Nam và 100 triệu dân vào quỹ đạo của Bắc Kinh. Với việc phe quân đội không muốn “vâng lời” Tổng Bí thư, thì đấy cũng là cách đẩy Tô Lâm vào thế khó. Tập thể dưới quyền ông Trọng trước đây, có vẻ như thống nhất hơn tập thể dưới quyền ông Tô Lâm. Điều này dễ hiểu, bởi Tô Lâm là “kẻ cướp” chứ không phải “thừa kế”. Kẻ cướp luôn sẵn sàng ra tay triệt hạ những người đang và sẽ được hưởng quyền lợi dọn sẵn, cho nên, Tô Lâm đã gây thù chuốc oán với rất nhiều phe cánh. Các phe phái cung đình không chỉ tính chuyện đánh nhau, mà còn tính chuyện cản đường nhau, nếu có thể. Với vai trò là người đứng đầu Bộ Quốc phòng, ông Phan Văn Giang đang nắm trong tay cơ hội làm cho ông Tô Lâm phải mất mặt với Bắc Kinh. Tuy nhiên, ông Giang có bạo gan làm chuyện đó hay không, thì còn phải chờ xem bản lĩnh của ông tới đâu. Thế Tô Lâm như chẻ tre, nếu không lật được bằng một trận đánh bất ngờ, thì chỉ có thể làm giảm sức mạnh của ông bằng những “tiểu xảo” như thế. Đấy cũng là cách có thể “góp gió thành bão”, cho việc lớn về sau.",Trần Chương,thoibao.de
"Trong tay nắm trọn công cụ bạo lực, Tô Lâm mơ về một “vĩ nhân” họ Tô?","Khi thâu tóm quyền lực trong tay, ông Nguyễn Phú Trọng từng bước xây dựng hình ảnh của mình thành một “bậc vĩ nhân”, như Hồ Chí Minh và Võ Nguyên Giáp – 2 nhân vật trong ngôi đền thiêng của chế độ này. Ông Trọng sử dụng cái lò nổi tiếng để xây dựng hình ảnh. Tuy cuối đời, “lò” bị mất kiểm soát, và bị đồ đệ cướp mất, nhưng vẫn không sao, Tuyên giáo vẫn huyền thoại hóa hình ảnh của ông. Tại kỳ họp Tiểu ban Nhân sự ở Văn phòng Trung ương Đảng, ngày 27/8 vừa qua, Tô Lâm đã nói về một “khởi điểm lịch sử mới”. Vậy, lịch sử mới này có phải là lịch sử do ông Tô Lâm tạo ra? Có phải, ông Tô Lâm muốn tạo ra một lối đi hoàn toàn khác với ông Trọng? Có thể nói, câu nói trên của ông Tô Lâm chứa đầy tham vọng. Sau khi đã tước đoạt thành công quyền lực tối cao của Đảng, Tô Lâm xem như đã thỏa ước mơ “trị quốc”, và giờ đây, ông bắt đầu xây dựng ước mơ “bình thiên hạ” chăng? Thời kỳ Hồ Chí Minh và Võ Nguyên Giáp là thời dân thất học, thiếu thông tin, vì thế, Đảng dễ dàng thành công xây dựng nên những huyền thoại. Đến thời ông Nguyễn Phú Trọng thì việc này đã không còn dễ dàng nữa. Dù “lò” của ông Trọng đốt nhiều củi thật đấy, nhưng Đảng có sạch không? Nếu Đảng đã không trong sạch, thì dân được ích lợi gì? Chống tham nhũng nhưng lại nuôi cho tham nhũng lớn mạnh bằng cơ chế, bằng thể chế lỗi thời, thì dân vẫn khốn khổ. Mặc dù được rất nhiều dư luận viên tung hô, nhưng ông Trọng vẫn không thể trở thành “bậc vĩ nhân”. Dù ông có chống tham nhũng đến hơi thở cuối cùng, nhưng người dân thấy rõ, những “đệ tử ruột” của ông, như Võ Văn Thưởng, Vương Đình Huệ, Trương Thị Mai… và cả hệ thống công quyền mà ông tạo nên đều bẩn. Tại Nga, Putin cũng có tham vọng tạo nên một “Tổng thống vĩ đại”. Dù sống ở thế kỷ 21, nhưng Putin lại có tư tưởng của những bạo chúa thời trung cổ. Ông muốn biến bản thân thành một “đại đế” thời hiện đại của nước Nga, bằng cách xua quân xâm lược nước khác. Nhưng kết quả lại vô cùng thảm hại. Nước Nga bị thế giới văn minh ruồng bỏ, Putin bị xem là tội phạm, uy tín nước Nga trên trường quốc tế bị tụt dốc thảm hại. Không cần phải để “lịch sử phán xét”, chỉ cần nhìn kết quả hiện tại, thì đủ biết, Putin sẽ được miêu tả như thế nào trong những trang sách sử tương lai. Chắc chắc, ông chỉ là một kẻ độc tài sắt máu, chống lại văn minh tiến bộ, chống lại loài người, tên tội đồ tàn phá nước Nga hơn bất kỳ lãnh tụ nào khác vv… Tương tự như vậy, với bản chất quân phiệt, cai trị 100 triệu dân bằng công an, và đặc biệt là sẵn sàng đạp lên luật pháp, miễn đạt được ý muốn, thì Tô Lâm không thể xây dựng được hình ảnh một nhà lãnh đạo “kiệt xuất”. Ông có thể chỉ đạo cho Tuyên giáo làm điều đó, chỉ đạo cho bộ máy giáo dục làm điều đó, nhưng sẽ vô ích. Bởi lịch sử rất công bằng, và người dân không bao giờ thừa nhận một kẻ cai trị bằng bạo lực, lại là người đáng tôn trọng. Thời đại internet này, bạo chúa không bao giờ là tự biến mình thành “kiệt xuất” được. Với cách chiếm quyền bằng bạo lực, với việc dùng công an để thực hiện ý đồ cá nhân, Tô Lâm không những gây thù chuốc oán với 100 triệu dân, mà còn gây thù chuốc oán với rất nhiều thế lực khác trong Đảng. Càng sử dụng bạo lực hà khắc, ngôi báu của Tô Lâm càng kém bền vững. Liệu rằng, Tô Lâm có thể diệt sạch mọi thế lực chống đối hay không? Chắc chắn là không. Và chính những thế lực bị Tô Lâm cướp mất chén cơm, cướp mất cơ hội, họ sẽ nuôi ý chí “phục thù”. Nếu Nguyễn Phú Trọng cuối đời bị phản, thì không lý do gì, Tô Lâm lại không bị phản. Đứng trước cơ hội chiếm đoạt quyền lực, dù có là đồng hương Hưng Yên, thì cũng sẽ quay ra chiến nhau thôi. Chiếm ngôi đã khó, giữ ngôi lại càng khó hơn. Liệu Tô Lâm có giữ ngôi được lâu như Nguyễn Phú Trọng hay không? Thời gian sẽ trả lời.",Thái Hà,thoibao.de
Liệu Phan Văn Giang có thể giúp Tổng Bí thư Tô Lâm vượt qua rào cản của phe quân đội?,"Trước sức ép quyết liệt của phe tướng lĩnh quân đội, và các dấu hiệu cho thấy có sự góp mặt của ban lãnh đạo Bắc Kinh, Tổng Bí thư, Chủ tịch nước Tô Lâm đang đứng trước thế trận “thập diện mai phục”. Đó là chưa kể tới lực lượng của các phe cánh Hà Nội, Nghệ An và Hà Tĩnh vẫn còn hùng hậu. Ông Tô Lâm được cho là đã không giành được sự ủng hộ của lãnh đạo của phe Trung Nam Bộ. Nghĩa là, ông Tô Lâm hiện nay chỉ kiểm soát được bộ Hưng Yên, cụm Hải Phòng và phe miền Nam với số lượng ủy viên Trung ương và ủy viên Bộ Chính trị ít hơn. Một khi ông Tô Lâm chỉ còn giữ duy nhất chiếc ghế Tổng Bí thư, kiêm Bí thư Quân ủy Trung ương, nhưng vẫn không kiểm soát và điều hành được nhân sự của Tổng Bí thư Nguyễn Phú Trọng để lại, thì quyền lực của Tổng Bí thư Tô Lâm hết sức chênh vênh. Cho dù, Tô Lâm trước đây với cương vị Bộ trưởng Bộ Công an và người tiền nhiệm là cố Bộ trưởng Trần Đại Quang, đã có kế hoạch xây dựng lực lượng cảnh sát cơ động hùng mạnh, được trang bị các vũ khí, khí tài như xe bọc thép, máy bay trực thăng… hay mới đây, đã xây dựng được một Trung đoàn Không quân Công an có sân bay riêng ở Bắc Ninh, với lý do để chống bạo loạn và khủng bố, nhưng thực chất không ngoài mục đích làm đối trọng với lực lượng quân đội. Chưa dừng lại ở đó, dưới thời Tô Lâm làm Bộ trưởng, ông đã tăng nhân sự ngành công an, kể cả lực lượng bán vũ trang, mà Bộ Công an có thể điều phối, có thể lên tới con số gần 700 ngàn người. Tham vọng của Tổng Bí thư Tô Lâm từ trước đến nay, muốn vượt lên trên quyền lực của phe quân đội, và bước đầu đã ít nhiều thành công. Con số 6 ủy viên Bộ Chính trị từ ngành công an đi lên so với 4 ủy viên Bộ Chính trị có gốc gác từ quân đội, tại thời điểm hiện nay đã cho thấy điều đó. Từ trước đến nay, lực lượng quân đội và công an là 2 công cụ của Đảng Cộng sản Việt Nam được hết sức coi trọng. Lực lượng quân đội chịu trách nhiệm chống giặc ngoại xâm, bảo vệ chủ quyền quốc gia, cũng như người dân. Còn lực lượng công an chịu trách đảm bảo an ninh, an toàn trật tự xã hội, và gìn giữ chế độ. Giữa quân đội và công an không thể tránh khỏi những cạnh tranh về mặt quyền lực lãnh đạo. Đây là lý do, lãnh đạo quân đội và công an luôn luôn tôn trọng nguyên tắc “Nước sông không đụng đến nước giếng”. Khác với các giới chức lãnh đạo thuộc khối dân sự, thì các giới chức lãnh đạo thuộc Bộ Quốc phòng là “bất khả xâm phạm”. Quân đội có ưu thế đặc thù, có hệ thống tư pháp riêng, và Bộ Công an không có thẩm quyền. Tổng Bí thư Tô Lâm, dẫu là Bí thư Quân ủy Trung ương, nhưng luôn luôn lo lắng và tìm mọi cách để nắm chắc quân đội. Tổng Bí thư Tô Lâm được cho là có quan hệ tốt với Bộ trưởng Phan Văn Giang. Tướng Giang là một tướng lĩnh quân đội có trình độ và uy tín cao nhất trong Đảng hiện nay. Giới thạo tin cho rằng, 3 nhân vật Tô Lâm, Phạm Minh Chính và Phan Văn Giang là đàn em thân cận của cựu Thủ tướng Ba Dũng. Tuy nhiên trong nội bộ quân đội, tướng Phan Văn Giang được cho là người không “hợp” với Đại tướng Lương Cường. Đây là một trong những lý do khiến phe quân đội bị chia rẽ trong một thời gian khá dài. Một số ý kiến cho rằng, sự lộng hành của ông Tô Lâm đã khiến cho các tướng lĩnh quân đội đoàn kết trở lại. Đồng thời phía quân đội được cho là đã thống nhất khẳng định, quân đội là trung tâm quyền lực chính trị của quốc gia chứ không phải Công an. Ngày 12/9, Tổng Bí thư, Chủ tịch nước Tô Lâm đến dự lễ khai giảng của Học viện Quốc phòng năm học 2024-2025, được coi là một bước đi đáng chú ý. Cùng tham dự có Bộ trưởng Bộ Quốc phòng Phan Văn Giang. Được biết, Học viện Quốc phòng là Học viện huấn luyện và đào tạo tướng lĩnh, sĩ quan cao cấp hàng đầu của quân đội. Lãnh đạo của Học viện Quốc phòng là các tướng lĩnh có uy tín cao, trong giới tướng lĩnh của Quân đội Việt Nam. Phải chăng đó là dấu hiệu cho thấy Tổng Bí thư, Chủ tịch nước Tô Lâm đã bước đầu đạt được các thỏa thuận thống nhất với phe Quân đội, thông qua tướng Phan Văn Giang?",Trà My,thoibao.de
"Bắc Kinh và phe quân đội – “kẻ tung, người hứng”, tìm cách hạ Tổng Bí thư Tô Lâm như thế nào?","Chỉ hơn nửa ngày sau khi phía Trung Quốc đồng ý với yêu cầu của Bộ Ngoại giao, về việc đóng cửa xả các đập thuỷ điện, đến trưa ngày 11/9, phía Trung Quốc thông báo, sẽ tiếp tục thực hiện xả lũ thủy điện vào sông Lô của Việt Nam. Trong khi, có nhiều nghi vấn cho rằng, Trung Quốc sử dụng nguồn nước trong những ngày bão lụt lớn, làm “vũ khí” để cảnh báo với Tổng Bí thư Tô Lâm rằng, chớ vượt lằn ranh đỏ trong mối quan hệ giữa Việt – Mỹ. Trong khi, các quốc gia phương Tây đã nhanh chóng viện trợ cho Việt Nam, để khắc phục hậu quả bão lũ. Australia viện trợ cho Việt Nam số hàng trị giá 3 triệu USD, và đã đến Hà Nội; Hoa kỳ gửi tặng 1 triệu USD… Vậy mà, không hiểu vì lý do gì, lãnh đạo Đảng và Ban Tuyên giáo vẫn mông muội, luôn coi các nước phương Tây là thế lực thù địch. Điều đáng nói là, quan điểm kể trên của đa số lãnh đạo Đảng, được Bắc Kinh nhiệt liệt hoan nghênh. Trang Facebook của Tổng Lãnh sự quán Trung Quốc tại Đà Nẵng, đã cho đăng lại phóng sự nhan đề “Không để cách mạng màu đổi màu giáo dục”, của kênh truyền hình Quốc phòng Việt Nam, đã bị tháo gỡ trước đó, kèm theo lời bình luận: “Trung Quốc và Việt Nam đều là nước Xã hội Chủ nghĩa, do Đảng Cộng sản lãnh đạo, cần phải cảnh giác cao trước các thủ đoạn “cách mạng màu”, của các thế lực thù địch như Mỹ. Chiêu bài “cách mạng màu” đã liên tiếp được Mỹ và các thế lực thù địch sử dụng, để chống lại các nước Xã hội Chủ nghĩa, theo kịch bản do chúng giăng ra.” Trước đó, ngày 6/9, báo Quân Đội Nhân Dân – cơ quan ngôn luận của Quân ủy Trung ương, Bộ Quốc phòng, và là tiếng nói của lực lượng vũ trang Việt Nam, đã đăng một bài xã luận với tiêu đề: “Quân đội tăng cường đấu tranh phòng, chống diễn biến hòa bình”. Động thái này được công luận đánh giá, là những nỗ lực của giới lãnh đạo Đảng và phe quân đội, nhằm gỡ lại uy tín bị tổn hại, sau vụ tấn công Đại học Fulbright. Những điều vừa kể cho thấy, hành động toa rập theo kiểu “kẻ tung, người hứng”, giữa lãnh đạo Bắc Kinh và lãnh đạo quân đội Việt Nam. Ban Tuyên giáo Trung ương do Thượng tướng Quân đội Nguyễn Trọng Nghĩa đứng đầu, cũng đang nỗ lực hơn bao giờ hết, tạo nên một làn sóng bằng lực lượng dư luận viên, để bài bác các biểu hiện cổ súy cho các giá trị dân chủ từ phương Tây và Hoa Kỳ. Trong khi, họ không dám nhắc đến thái độ thiếu thân thiện trong việc xả lũ thủy điện, hay sự bành trướng của Bắc Kinh trên Biển Đông. Những việc làm vừa kể của Ban Đảng, cũng như Ban Tuyên giáo Trung ương, sẽ còn gây ra nhiều chuyện lợi bất cập hại khác. Đặc biệt, điều này ảnh hưởng đến sự giúp đỡ của Hoa Kỳ và các quốc gia phương Tây, không chỉ trong vấn đề phát triển kinh tế, mà còn cả vấn đề phòng thủ quốc gia. Được biết, tuyên bố chung Việt – Trung, vào tháng 8/2024 đã ghi rõ, và khẳng định: “Hai bên nhất trí tăng cường trao đổi thông tin và chia sẻ kinh nghiệm về chống can thiệp, chống ly khai, phòng chống “cách mạng màu”, cùng nhau bảo vệ an ninh chính trị và an ninh chế độ.” Ông Tô Lâm được đánh giá là một chính khách thực dụng, và không tin vào mớ lý luận của Chủ nghĩa Cộng sản. Đây là một trong những lý do, khiến giới chức lãnh đạo bảo thủ, thân Bắc Kinh trong Đảng, và Ban lãnh đạo Trung Nam Hải hết sức lo ngại, về “diễn biến” của ông Tô Lâm. Xin nhắc lại, có những đồn đoán cho rằng, Trung Quốc đang giật dây cho đám tay chân đàn em của cố Tổng Bí thư Trọng, để quật ngã ông Tô Lâm. Không phải vô cớ mà có những đánh giá tin tưởng, ông Tô Lâm sẽ khó có thể giữ được ghế Tổng Bí thư tại Đại hội 14, dự kiến sẽ diễn ra vào đầu năm 2016.",Trà My,thoibao.de
"Chi 300 tỷ/năm cho việc bảo vệ lăng, nhưng Đảng lại bỏ dân tự bơi trong nước lũ!","Những ngày qua, chính quyền đã rất lúng túng trong vấn đề cứu hộ cứu nạn cho dân. Lực lượng cứu hộ không chuyên nghiệp, thiết bị và dụng cụ cứu hộ như trực thăng, xuồng máy chuyên dùng vv… không xuất hiện. Thậm chí, việc người dân kêu cứu lại bị quan đầu tỉnh bịt miệng, bằng sự phủ nhận trên báo chí. Ngân sách chi cho ngành Công an trên 100 ngàn tỷ mỗi năm. Bộ Công an dư tiền nên xây nhà hát ngàn tỷ, tượng đài trăm tỷ khắp nơi. Ấy vậy mà, khi lũ lụt đến, lực lượng này không có phương tiện chuyên dùng cần thiết, để cứu hộ cho dân. Thậm chí, ông Phạm Minh Chính còn lên báo kêu gọi dân giúp dân. Năm 2024, Trung ương duyệt chi cho đội ngũ bảo vệ lăng Ba Đình là 291 tỷ đồng. Ngoài ra, trên toàn lãnh thổ Việt Nam, số lượng tượng đài Hồ Chí Minh và các tượng đài khác, tiêu tốn hàng trăm tỷ tiền thuế của dân. Nhìn qua Thái Lan, người ta chỉ đặt những bức ảnh vị vua của họ, tại một số vị trí công cộng, để bày tỏ lòng tôn kính của họ đối với nhà vua, rất ít tốn kém so với việc xây tượng đài. Không phải chỉ đến khi lũ lụt xuất hiện, thì sự bất cập của chính quyền mới bị phơi bày. Những vụ hoả hoạn thỉnh thoảng xảy ra, cũng bày ra sự thiếu chuyên nghiệp của lực lượng chữa cháy, thiếu đầu tư trang thiết bị cần thiết. Do đó, trong hầu hết các vụ thảm hoạ, thì hậu quả đều rất tàn khốc. Khi thiên tai xảy đến, những tượng đài nghìn tỷ tồn tại khắp Việt Nam, tiêu tốn hàng trăm, hàng nghìn tỷ mỗi năm, lại trở thành những thứ vô dụng, không giúp ích được gì cho người dân trong lúc nguy cấp. Mạng xã hội đã lên tiếng về tình trạng này từ nhiều năm qua, nhưng chính quyền vẫn “mắt mờ tai điếc”, không nghe, không thấy. Khi tiếng kêu thảm thiết của người dân vang lên trên mạng xã hội, thì lại bị chính quyền quy chụp là “tung tin thất thiệt”. Để rồi, họ vẫn không thèm đầu tư trang thiết bị cứu dân, trong những lần thiên tai sau đó. Đảng luôn tự vỗ ngực rằng, họ là “nhà nước của dân, do dân và vì dân”. Nhưng trên thực tế, họ xem trọng lăng lãnh tụ, cổng chào và tượng đài, hơn sinh mạng người dân. Họ đặt ra các điều luật hà khắc, để móc túi dân bằng đủ thứ thuế. Nhưng lại không hề lo cho an sinh của người dân, cũng như chuẩn bị phương tiện cứu dân trong hoạn nạn, ngoài việc cho tuyên giáo hô hào suông. Điều này thuộc về bản chất của chế độ, và lặp đi lặp lại từ năm này đến năm khác. Tuyên giáo là thành trì của Đảng, là công cụ để ca tụng, tung hô Đảng. Và Đảng chỉ cần diễn trò trên mặt báo, chứ không cần hành động thực tế để cứu dân. Cứ mỗi khi lũ đến, các ông quan to nhỏ, từ Trung ương đến tỉnh, huyện, xã… lại đội nón cối, mặc áo mưa, kéo theo bồ đoàn, ra hiện trường “thị sát”. Rồi báo chí lao vào chụp ảnh, quay phim, tung hô là Thủ tướng, bộ trưởng, tỉnh uỷ… quan tâm sâu sát đến những mất mát của người dân. Tuy nhiên, đó chỉ là những hành động “màu mè”, có chút thiết thực nào đó, thì chỉ là động viên tinh thần của lực lượng cứu hộ. Nhưng điều này không quan trọng bằng việc chuẩn bị trước phương tiện cứu hộ, cũng như đào tạo lực lượng cứu hộ chuyên nghiệp. Mà nếu muốn chuẩn bị trước, thì phải hạn chế chi tiêu những việc vô bổ, như xây tượng đài, cổng chào… Ban Tuyên giáo là một công cụ vô cùng độc hại cho dân cho nước. Chính họ đã vẽ mặt nạ cho Đảng, vẽ mặt nạ cho quan chức, qua đó, giúp cho những ông quan từ Trung ương đến địa phương, không cần phải nỗ lực để lo cho dân. Mọi vấn đề liên quan đến dư luận bất lợi cho Đảng, thì đã có tuyên giáo và công an lo. Tuyên giáo thì phủ nhận sự thật, công an thì bắt nhốt người đưa tin, vậy là đủ để dập tắt mọi tin xấu, bảo vệ chiếc mặt nạ cho Đảng và quan chức.",Thái Hà,thoibao.de
Vì sao giới trẻ phải “tị nạn giáo dục”?,"Ngày 10/9, Facebooker Nguyên Tống bình luận trên trang cá nhân của mình về việc rất nhiều học sinh, sinh viên Việt Nam phải “tị nạn giáo dục”, và không muốn quay về nước, cùng với tình trạng bò đỏ tấn công em Chu Ngọc Quang Vinh ở Yên Bái. Tác giả cho rằng, 4 năm du học sẽ mất chừng 200 – 250 ngàn đô. Nếu về nước đi làm, mà được mức lương mơ ước của sinh viên, là mỗi tháng 1.000 đô, thì sẽ phải mất 200 tháng, tức là khoảng 15 – 16 năm không ăn uống gì, mới “hoàn vốn” được cho cha mẹ. Tác giả nhận xét, chỉ có bọn ăn cắp được tiền, hoặc sau khi học xong được sắp xếp chỗ làm việc có thể ăn cắp đục khoét được, thì mới muốn về thôi. Hoặc là muốn ở lại nhưng vì tiếng Anh chưa đủ, không đủ ngôn ngữ để hoà nhập văn hoá, và không cạnh tranh xin việc nổi với sinh viên quốc tế, thì đành phải về thôi. Tác giả cho rằng, cha mẹ có nghèo thì vẫn yêu thương, tổ quốc có tang thương thì cũng không thù ghét. Nhưng công việc và cuộc sống thì phải có tính toán thực tế, chứ yêu suông thì chỉ có cạp đất mà ăn, như quan chức với đại gia bất động sản mới làm được thôi. Bò đỏ hiểu chưa? Tác giả nói thêm chút nữa là, có chú bò nào sinh ra và lớn lên ở những thành phố lớn không? Hay là đều từ tỉnh nhỏ mà bươn chải ra? Có yêu quê hương cha mẹ không mà vẫn lao ra thành phố? Phải hỏi tổ quốc, hay chính xác hơn là những người lãnh đạo đất nước, đã làm gì 50 năm qua, để thanh niên ở nông thôn thì phải nhao ra thành phố học hành mưu sinh, hoặc đi xuất khẩu lao động, chẳng ai muốn về quê cả?! Thanh niên ở thành phố thì lại phải đi “tị nạn giáo dục” ở nước ngoài, và cũng không muốn quay về? Tác giả nhấn mạnh, đừng đổ tại chiến tranh nhé!!! Hàn, Nhật, Singapore, Malaysia, Thailand, Đài Loan… đều bị đô hộ và chiến tranh tàn phá nặng nề, họ đều có xuất phát điểm như ta, hoặc thậm chí còn kém hơn. Vậy mà, Hàn mất 20 năm sau chiến tranh để thành cường quốc. Singapore cũng chỉ cần 20 năm để từ GDP đầu người 400 – 500 đô những năm 1960, vươn lên 65,000 đô vào những năm 80. Malaysia đa sắc tộc, nhiều đạo Hồi, cũng chỉ cần 21 năm để đạt tới 22,000 đô/đầu người… Còn ta, sau 50 năm, mà tính đủ kiểu mới được vẻn vẹn 4 ngàn?!!! Tác giả nhắc nhở, dù có não bò thì chắc cũng phải biết thế giới ra sao, hay ngẫm lại bản thân mình xem đang sống thế nào, rồi hãy rống chứ?! Phải tự hỏi vì sao người giàu, người giỏi, họ đều có tiếng nói khác mình thế chứ? Nếu không thì gọi là bò khéo còn oan cho con bò. Tác giả đưa hình ảnh kèm theo phát ngôn của Nguyễn Thành Vinh – Á quân Đường Lên Đỉnh Olympia, rằng: “Về nước là lãng phí”. Tác giả đề nghị bò đỏ vào đấu tố những học sinh này, bây giờ họ đã là tiến sĩ ở nước ngoài. Tác giả cho biết, họ nhiều lắm và sẵn sàng đối đáp đấy. Những người đi học nước ngoài đã khá rồi, còn trụ lại được bằng tri thức, thì đều là người thực sự giỏi cả đấy. Nghe họ nói, họ trả lời mà học hỏi cho ấm vào thân mình, vào dân tộc mình, thì mới thực sự là yêu nước, yêu giống nòi. Chứ đi bắt nạt trẻ con chưa có khả năng chống đỡ [là em Quang Vinh], thì không đáng làm người đâu! Đất nước này được những kẻ yêu mồm mà không não, thì chỉ có ngày càng lụn bại mà thôi. Đa số ý kiến comments bên dưới bài viết đồng tình với quan điểm của tác giả, và cho rằng, những người giỏi giang, định cư ở các nước phát triển là vẹn nhiều bề. Bản thân họ không bị lãng phí chất xám, và được hưởng thành quả tương xứng với công sức và trí tuệ của họ. Những đồng tiền họ gửi về cho gia đình chính là đóng góp vật chất cho đất nước. Trong khi, nhiều người vẫn đóng góp trí tuệ cho đất nước.",Xuân Hưng,thoibao.de
"Bất lực, người dân mắc kẹt trong lũ lên mạng kêu cứu","Ngày 10/9, RFA Tiếng Việt cho hay “Bão Yagi: Tràn ngập lời kêu cứu trên mạng từ người dân mắc kẹt trong lũ”. Theo RFA, các tỉnh miền núi phía Bắc đang hứng chịu trận lũ lịch sử, sau khi cơn bão Yagi tràn qua. Người dân bị kẹt trong lũ, từ Thái Nguyên, Lào Cai, Yên Bái… khẩn thiết kêu cứu, ngập tràn trên các trang mạng xã hội, suốt từ đêm ngày 9/9 đến rạng sáng ngày 10/9, trong khi chính quyền địa phương không đủ năng lực và vật lực để cứu nạn. RFA dẫn lời một người dân, ở huyện Lục Yên, Yên Bái, nói rằng, nhiều xã ở tỉnh này đã hoàn toàn bị cô lập giữa biển nước: “Lượng mưa rất là nhiều. Nó tạo nên lũ, kết hợp với một số thủy điện xả lũ. Tình hình căng lắm, chưa bao giờ tôi thấy lũ lớn như bây giờ. Nhiều xã ở trong huyện đã mất điện, mất internet, không kết nối được. Họ không kêu ra bên ngoài được.” RFA cho hay, do ảnh hưởng của cơn bão số 3, một số tỉnh Trung du và miền núi phía Bắc, như Lạng Sơn, Cao Bằng, Bắc Kạn, Bắc Giang, Lào Cai, Yên Bái… từ ngày 9/9 đã xuất hiện một đợt lũ mới. RFA dẫn Trung tâm Khí tượng Thủy văn Quốc gia, cho biết, các con sông nhỏ tại khu vực miền núi phía Bắc, nước lên nhanh đến mức báo động 3, cộng với tình hình mưa to, có thể dẫn tới ngập sâu và sạt lở ở các tỉnh này. RFA cho biết, báo động 3 là mức giới hạn mực nước, cho thấy lũ trong sông đã lên đến mức cao nhất, đe dọa đến tính mạng và tài sản của người dân. RFA trích dẫn truyền thông nhà nước, cho biết, sáng 9/9, lưu lượng nước về các hồ thuỷ điện tăng nhanh, nên có 8 hồ thủy điện đang mở tổng cộng 29 cửa xả lũ. Lũ tại 2 tỉnh Lào Cai và Yên Bái đã vượt mức lũ lịch sử năm 1968 và 2008. Vào ngày 8/9, báo Chính phủ cho biết, bão số 3 sau khi quét qua Hà Nội vào đêm ngày 7 và rạng sáng ngày 8/9, đã suy yếu thành áp thấp nhiệt đới. Cổng thông tin điện tử Chính phủ chỉ cảnh báo rằng, các tỉnh Tây Bắc Bộ có mưa to trong ngày 8/9, và cần đề phòng nguy cơ lũ quét, sạt lở đất. RFA cũng dẫn lời một người dân khác ở Yên Bái, cho rằng, sở dĩ người dân phải lên mạng kêu cứu hàng loạt, chính là do công tác cảnh báo lũ sau bão, và hướng dẫn ứng phó lũ của chính quyền địa phương, chưa chi tiết và chưa đúng với mức độ nguy hiểm của đợt lũ này. RFA tiếp tục dẫn lời anh T, đang sinh sống ở Hà Nội, nhưng có gia đình ở Thái Nguyên, cho biết, gia đình anh cũng không lường trước được mức độ nguy hiểm của lũ lại khủng khiếp như vậy. RFA dẫn số liệu của Cục Quản lý đê điều và phòng, chống thiên tai, cho biết, tính đến 11 giờ ngày 10/9, bão Yagi và hoàn lưu bão đã gây mưa, lũ, sạt lở đất ở miền Bắc, khiến ít nhất 146 người chết và mất tích. RFA cũng cho biết, để đối phó với tình hình mưa bão, lũ và sạt lở đất, Bộ Chính trị và Chính phủ, vào ngày 9/9, đã có các phiên họp chỉ đạo về việc cứu nạn. Báo nhà nước đưa tin, Thủ tướng Chính phủ yêu cầu huy động công an và quân đội tham gia hỗ trợ. Vẫn theo RFA, trên các trang Facebook, một số người kêu cứu cho biết, họ bị kẹt cả ngày trên mái nhà, bởi chính quyền địa phương không đủ phương tiện đường thuỷ, như thuyền, cano hay áo phao, để đưa người dân đến nơi an toàn. RFA dẫn ý kiến của một người dân ở Yên Bái, cho rằng, chính quyền các tỉnh ngập lụt nên liên hệ với các tỉnh lân cận, như Phú Thọ, Vĩnh Phúc, để có thể vận chuyển thuyền bè ở các tỉnh này sang Yên Bái, Thái Nguyên, để ứng cứu người gặp nạn. Tuy nhiên, người này nói rằng: “Không thấy huy động trực thăng tìm kiếm và cứu nạn người dân luôn, trong khi sân bay quân sự Yên Bái nằm ngay đó. Thật không hiểu nổi luôn.”",Hoàng Anh,thoibao.de
"Năm “Dát Vàng” thứ nhất, trời nổi cuồng phong, dân đen bị vùi dưới lớp bùn muôn trượng!","Năm nay được xem là năm đầu tiên dưới triều đại Tô Lâm. Sau ông khi lên ngôi chưa lâu, thì cuồng phong nổi lên. Cơn bão Yagi được xem là một cơn cuồng phong trăm năm có một, đổ vào ngay thủ đô Hà Nội. Bão Yagi đi qua, tiếp đến là những cơn hồng thuỷ tràn về, đặc biệt, thiệt hại nặng nề nhất là khu vực miền núi phía Bắc – nơi chịu ảnh hưởng của hoàn lưu cơn bão. Ngày 10/9, một trận lũ quét kinh hoàng xảy ra tại xã Phúc Khánh, huyện Bảo Yên, tỉnh Lào Cai, đã vùi lấp hoàn toàn thôn Làng Nủ. Tính đến 19 giờ cùng ngày, có 15 người chết và 105 người mất tích. Tối 10/9, chính quyền huyện Bắc Hà, tỉnh Lào Cai, cũng xác nhận với báo chí rằng, trên địa bàn huyện đã xảy ra vụ sạt lở, gây sập nhà điều hành Nhà máy thủy điện Đông Nam Á – Nậm Lúc, khiến 5 người mất tích. Nguyên nhân được xác định là do sạt lở đất. Trước đó một ngày, tại Cao Bằng, 1 xe khách, 1 ô tô con và 4 – 5 xe máy, cũng bị vùi lấp, bị nước cuốn trôi, khiến 7 người chết, và khoảng 8 người mất tích. Ở đồng bằng, cầu Phong Châu tại tỉnh Phú Thọ bị sập, kéo theo nhiều ô tô, xe máy, bị rơi xuống dòng nước dữ, khiến nhiều người mất tích. Nước sông Hồng dâng cao, sát mặt cầu Chương Dương, khiến Hà Nội có nguy cơ vỡ đê, ngập lụt lớn. Ngay tại “kinh thành”, người dân cũng khốn đốn vì thiên tai. Có thể nói, năm Tô Lâm thứ nhất, tai họa ập đến dồn dập và khủng khiếp với miền Bắc. Cùng với thiên tai là nhân họa, khiến mức độ của thảm hoạ trầm trọng hơn. Tình trạng lũ quét, lở đất hôm nay, có thể nói là do phá rừng lấy gỗ, đào núi, xẻ đồi, lấy đất đá làm đường, bê tông hoá, cắt mất chân các vùng cao. Để xảy ra sự tàn phá này, chính là do sự ngu dốt trong nhận thức, năng lực quản lý yếu kém, và sự tham lam vô độ của quan chức Đảng Cộng sản. Ở đất nước này, chính quyền dám chi hàng trăm, thậm chí hàng ngàn tỷ, để xây dựng các cổng chào, tượng đài khắp nơi. Tuy nhiên, phương tiện ứng cứu thảm họa, như ca nô, xuồng, trực thăng… thì không thấy. Dân phải lên mạng kêu cứu thảm thiết, nhưng chỉ có dân tự cứu dân, chứ không hề thấy chính quyền xuất hiện. Dưới sự cai trị của Đảng, từ nhiều năm qua đã diễn ra nạn phá rừng, phá núi, và những công trình kém chất lượng. Đây chính là những tai họa do Đảng âm thầm tạo ra, đến khi thiên tai xuất hiện, thì những nhân họa này cũng bung bét, khiến mất mát của người dân tăng lên gấp bội. Trong cơn khốn cùng, người dân tuyệt vọng phải cầu cứu trên mạng xã hội. Tuy nhiên, quan chức chính quyền vẫn tỏ ra vô tâm và vô trách nhiệm, trước sự mất mát của dân đen. Ngày 10/9, ông Trịnh Việt Hùng – Bí thư Tỉnh ủy Thái Nguyên, lên báo phủ nhận rằng “Thông tin người dân lên mạng xã hội “cầu cứu” do mưa lũ là không chính xác”. Làm một quan đầu tỉnh, trước lời kêu cứu của dân, lẽ ra, ông phải nhanh tay ứng cứu. Trách nhiệm của ông là phải chỉ đạo các lực lượng cứu hộ phản ứng nhanh, để kịp thời giúp dân. Tuy nhiên, ông quan này làm ngược lại, một cách làm rất Cộng sản. Với bộ máy tuyên truyền khổng lồ, ông Bí thư Thái Nguyên đã phủ nhận những lời kêu cứu ấy. Có lẽ, vì sợ những hình ảnh thê thảm của dân, sẽ bôi xấu Đảng của ông, nên ông phủ nhận, mặc cho những tiếng kêu gào ấy vang lên trong vô vọng. Năm nào cũng thế, khi thiên tai ập đến, vẫn là dân giúp dân. Ngay cả người đứng đầu Chính phủ cũng kêu gọi dân giúp dân. Mà lẽ ra, trong vai trò Thủ tướng, ông Phạm Minh Chính phải đề xuất mua sắm thiết bị cứu hộ cứu nạn, và thành lập những đơn vị cứu hộ chuyên nghiệp, để ứng phó kịp thời. Nhưng ông đã không làm việc đó. Làm Thủ tướng, mà đợi thiên tai xảy ra rồi, mới lên báo kêu gọi dân đóng góp, thì ai mà chẳng làm được. Những lãnh đạo như ông Chính, cũng là nhân họa đối với người dân. Ngoài ông Chính, còn rất nhiều người khác cũng đã và đang đem lại tai họa cho dân hằng ngày.",Trần Chương,thoibao.de
"Tô Lâm vừa lên ngôi, bão tố tai hoạ ập đến với dân đen!","Theo quan niệm thời xưa, khi một hoàng đế vừa lên ngôi, mà thiên tai liền ập đến, là điểm báo chẳng lành. Ngày nay, dù quan niệm ấy bị xem là mê tín, nhưng vẫn tồn tại trong dân gian. Có thể nói, vùng bão lũ thường xuyên là dải đất hẹp miền Trung. Tuy nhiên, lần này, miền Bắc và Hà Nội lại phải gánh chịu một cơn bão mạnh khủng khiếp, hàng thế kỷ mới xuất hiện một lần. Điều đáng nói là, Hà Nội lại nằm trên đường đi của tâm bão. Cũng như bao trận thiên tai khác, dân đen là những người chịu thiệt hại nặng nhất. Còn quan chức, dù chỉ là quan chức cấp phường, thì cũng không hề hấn gì. Họ có nhà, có biệt phủ kiên cố, có tiền bạc thừa thãi, nên hầu hết sẽ miễn nhiễm với những tai họa như thế này. Thiên tai ập đến là điều chẳng ai muốn, dù ở đâu, thiên tai cũng gây ra những mất mát khó bù đắp. Tuy nhiên, không chỉ có những tai họa do thiên tai, ở Việt Nam, thiên tai lại phơi bày ra bao nhiêu nhân họa, do Đảng lén lút thực hiện, mà dân không hề hay biết. Sau bão, hàng loạt cây xanh đổ ngã, trong đó, có rất nhiều cây sau khi đổ, đã lộ ra những gốc cây bị bó. Đây là những cây do công ty cây xanh của chính quyền trồng, bằng nguồn tiền thuế của dân. Trong quá trình vận chuyển cây đến nơi trồng, gốc cây thường được bọc lại bằng ni lông, để giữ đất cho rễ. Tuy nhiên, trước khi trồng, công nhân phải tháo bọc nilon ra, để rễ cây phát triển. Thế nhưng, vì vô trách nhiệm, và cũng không loại trừ có âm mưu bẩn, mà công ty cây xanh cho để nguyên bọc nilon và trồng xuống. Kết quả, khi bão đến, cây bị đổ trốc gốc, trơ ra bộ rễ bị bó cứng. Có ý kiến cho rằng, không hẳn công ty cây xanh vô trách nhiệm, mà họ có tính toán riêng. Với cách trồng cây như thế, thì cây có tỷ lệ chết cao, nên dễ xin thêm dự án để trồng lại. Đây cũng là ý kiến đáng được quan tâm, bởi lâu nay, việc vẽ dự án để xà xẻo tiền dân, là nghề của quan chức Cộng sản. Thảm họa thứ nhì là vụ sập cầu Phong Châu, ở tỉnh Phú Thọ. Cây cầu này bắc qua Sông Hồng, trên quốc lộ 32C, nối liền 2 huyện Lâm Thao và Tam Nông. Cây cầu này có kết cấu thép, tương tự cầu Long Biên (cũng bắc qua sông Hồng). Tuy nhiên, 2 cây cầu này xây cách nhau đến 98 năm. Ấy vậy mà, cây cầu xây sau lại sụp đổ. Đây là trường hợp báo động về chất lượng công trình. Trên đất nước này có bao nhiêu công trình kém chất lượng như thế, mà người dân vẫn phải sử dụng hàng ngày? Không ai có thể thống kê hết được. Những ngày qua, mạng xã hội phê phán rất nhiều về nhân họa trong 2 trường hợp trên. Tuy nhiên, trên mặt báo, chính quyền Cộng sản đã bắt đầu đe dọa, buộc dân không được lên tiếng. Mới đây, trang Thông Tin Chính Phủ đưa tin: “Sẽ xử lý nghiêm các cá nhân, tổ chức, đưa tin không chính xác, làm ảnh hưởng đến công tác phòng chống bão lũ”. Lâu nay, chính quyền hay xử lý cái gọi là “thông tin xấu độc” theo tiêu chuẩn “Đảng là chân lý”. Vì vậy, bất kỳ ai dám nói lên sự thật mà Đảng không thích, thì sẽ bị chụp mũ là đưa tin “sai sự thật”. Cho nên, tiêu chuẩn của cái gọi là thông tin chính xác hay không, phụ thuộc vào ý muốn của chính quyền, chứ không dựa trên sự thật. Tô Lâm lên ngôi không lâu, thì thiên tai ập đến. Sau thiên tai, cái mặt nạ “nhà nước của dân, do dân, và vì dân” đã rớt xuống. Sự thật hiện lên là, chính thể “công an trị” ra tay, hằm hè đe dọa sẽ “xử lý nghiêm” bất kỳ người dân nào dám nói thật. Nghĩa là, họ công khai bịt miệng dân, bất chấp tình trạng nguy khốn, cũng như sự sống chết của người dân. Nhà nước Cộng sản vốn là nhà nước Công an trị. Tuy nhiên, thời của Tô Lâm sẽ mạnh tay hơn thời của Nguyễn Phú Trọng. Tai hoạ này như vòng kim cổ, siết chặt trên đầu dân, và đáng sợ hơn thiên tai gấp nhiều lần. Chưa chắc, số người chết do thiên tai trong một năm, bằng số người chết vì bị công an tra tấn trong trại tạm giam.",nan,thoibao.de
Cơ hội cho chuyển đổi dân chủ không chút lạc quan,"Ngày 9/9, RFA Tiếng Việt đăng bài bình luận của Doãn An Nhiên, với tựa đề “Dưới thời Tổng Bí thư Tô Lâm: chuyển đổi dân chủ – hy vọng mong manh”. Tác giả cho rằng, một trong những vấn đề quan trọng, đang được quan tâm rộng rãi là, liệu tân Tổng Bí thư có cơ hội, hay liệu ông có muốn đặt nền móng cho chuyển đổi dân chủ hay không? Xuất phát từ bản chất toàn trị của chế độ, và cá nhân người đang nắm giữ quyền lực tuyệt đối, câu trả lời sẽ là “hy vọng mong manh!” Theo tác giả, có nhiều cơ sở lý luận và thực tế cho câu trả lời như trên. Chẳng hạn, giới quân sự có ưu thế quyền lực trong Chính phủ Miến Điện, đã xoá bỏ chế độ dân chủ đã được dẫn dắt bởi bà Aung San Suu Kyi – Chủ tịch Đảng Liên minh Quốc gia vì Dân chủ NLD, người được trao tặng giải Nobel Hòa bình năm 1991. Hiện bà vẫn đang bị cầm tù! Tác giả nhấn mạnh, độc tài và dân chủ, như nước với lửa, không thể tồn tại song song trong một chế độ. Tuy nhiên, đối với Việt Nam, chế độ độc đảng toàn trị dựa trên hệ tư tưởng Cộng sản của Chủ nghĩa Marx – Lenin, và việc, một Đại tướng Công an lên nắm quyền Tổng Bí thư, Chủ tịch nước, là chưa có tiền lệ. Điều này tạo ra nhiều suy đoán trái chiều trong dư luận. Tác giả cho biết, các nhà tranh đấu cho tự do dân chủ, nhân quyền, cho rằng, người đứng đầu ngành an ninh phải chịu trách nhiệm, trong việc một số sự kiện về tự do tôn giáo tín ngưỡng, dân tộc, xã hội dân sự, các nhà hoạt động bị đàn áp. Bởi vậy họ “bi quan” rằng, tình hình sẽ xấu đi. Một số ý kiến mong rằng, tình hình sẽ được cải thiện, khi có sự thay đổi về nhân sự lãnh đạo, trong bối cảnh hệ thống chính trị đang khủng hoảng bởi tham nhũng nghiêm trọng, và tha hoá đạo đức, lối sống, của các cấp lãnh đạo từ thấp nhất đến cao nhất. Tác giả lưu ý, những nghiên cứu và thực tế tồn tại của chủ nghĩa toàn trị, đã cho biết, bản chất của mô thức đảng – nhà nước toàn trị, là một sự tương phản với chế độ dân chủ. Ý thức hệ “Cộng sản giáo” điều khiển con người xa rời thế giới của trải nghiệm sống, làm cạn kiệt trí tưởng tượng, từ chối sự đa dạng, và xóa bỏ khoảng cách giữa con người, vốn cho phép họ liên hệ với nhau một cách có ý nghĩa. Vẫn theo tác giả, một câu hỏi lớn được đặt ra là, làm thế nào mà chế độ toàn trị có nhiều hành động đàn áp dân chủ, nhân quyền, lại vẫn “truyền cảm hứng” cho dân chúng như vậy. Ở Việt Nam, trong những thời khắc thay đổi quyền lực lãnh đạo, có một số sự kiện nóng trong xã hội, khiến công luận chú ý, và chia rẽ về thái độ phản ứng. Đó là: Một số ca sĩ Việt Nam đã phải “xin lỗi”, trước áp lực của cộng đồng, sau khi biểu diễn ở Mỹ, trên sân khấu có cờ Việt Nam Cộng hoà; sự cáo buộc “cách mạng màu” đối với Đại học Fulbright Việt Nam, do Mỹ giúp đỡ thành lập, khiến cho Bộ Ngoại giao Việt Nam phải lên tiếng; sự bày tỏ suy nghĩ riêng về Đảng cầm quyền, của một thí sinh Đường Lên Đỉnh Olympia, bị “ném đá” là “vô ơn”, và phải làm việc với công an tỉnh Yên Bái; cựu Thứ trưởng Ngoại giao viết tâm thư cho tân Tổng Bí thư Tô Lâm, kêu gọi cải cách thể chế chính trị “toàn diện và triệt để”. Tác giả đánh giá, dù những sự kiện như vậy là có “chỉ đạo” hay tự phát, thì ý thức hệ giáo điều vẫn và sẽ là lực cản lớn nhưng “vô hình”, cho quá trình dân chủ hoá, và sự phát triển bền vững nói chung của đất nước. Dưới thời Tổng Bí thư Tô Lâm, liệu có thể mong chờ ông đặt sự khởi đầu mới cho chuyển đổi dân chủ? Nỗi ám ảnh về “ý thức hệ và khủng bố” đã và đang đeo đuổi sự cải cách thể chế nói riêng, và sự phát triển đất nước nói chung, khiến cho hy vọng trở nên mong manh.",Quang Minh,thoibao.de
"Đảng có thể lấy lại tính chính danh, bằng cách lắng nghe tiếng nói bất đồng","Ngày 9/9, blog Lê Quốc Quân trên VOA Tiếng Việt bình luận “Bất đồng chính kiến: Tại sao không?” Tác giả cho hay, ở Hoa Kỳ, có thể gặp người “bất đồng chính kiến” nhan nhản ngoài đường. Khi số lượng những người “bất đồng” với chính phủ vượt quá 49%, đó là lúc, khả năng thắng cử nghiêng về phía đảng đối lập. Tác giả đề cập đến việc em Chu Ngọc Quang Vinh bị công an mời lên làm việc, vì những chia sẻ của mình trên Facebook, cũng như, việc cựu Thứ trưởng Bộ Ngoại giao, mới đây đã gửi tâm thư lên Tổng Bí thư Tô Lâm, để kêu gọi thay đổi thể chế chính trị. Tác giả nhắc đến người “bất đồng chính kiến” với chính quyền Mỹ, tên là William Thomas. Ông ngồi trong chiếc lều ở công viên Lafayette đối diện với Nhà Trắng, và biểu tình chống lại chính sách chiến tranh của chính phủ Mỹ, liên tục trong suốt 25 năm, cho đến khi qua đời vào năm 2009. Còn tại Việt Nam, tác giả cho biết, những người “bất đồng chính kiến” bị canh gác, cả trong đời thực và trên không gian mạng. Đảng thường xuyên sử dụng các điều khoản như, Điều 109, Điều 331… của Bộ luật Hình sự, hoặc tội “trốn thuế”, hay Luật An ninh mạng… làm công cụ để đàn áp tiếng nói bất đồng. Tác giả nhận xét, Đảng Cộng sản Việt Nam hiểu rằng, bất đồng chính kiến ở Việt Nam là thách thức tính chính danh của Đảng, và là nguồn cảm hứng cho những sự thay đổi lớn lao. Nếu như ngày càng có nhiều tiếng nói như bạn Quang Vinh, bổ sung vào một số nhà hoạt động khác đã bị chính quyền bắt giữ, thì lớp trẻ sẽ liên tục được nhận thức đầy đủ về sự thật, và điều này làm suy giảm niềm tin của công chúng, đặc biệt của giới trẻ vào Đảng. Tác giả đánh giá, những tiếng nói này đã phá vỡ sự kiểm soát thông tin, phơi bày ra các vấn đề mà chính quyền đang cố tình che giấu, hoặc đang tuyên truyền. Đồng thời, các bài viết phản biện cũng kích thích sự phản kháng, truyền cảm hứng cho các phong trào phản đối rộng lớn hơn, kêu gọi cộng đồng tham gia vào các cuộc biểu tình hoặc hành động chống đối chính phủ. Tác giả nhận định, những tiếng nói như em Quang Vinh hay ông Nguyễn Đình Bin, sẽ thúc đẩy sự nhận thức rộng rãi của dân chúng, và tạo nên áp lực cho chính quyền, cũng như gây ra xung đột giữa các nhóm cứng rắn và mềm mỏng, bảo thủ và cấp tiến, dân chủ và độc tài, trong việc ra quyết định. Chính vì vậy, Đảng đã tìm mọi cách để bóp chết những tiếng nói “bất đồng” từ rất sớm, vì lợi ích của Đảng. Ai không hài lòng với Đảng, thì đó là “chống nhà nước”. Tác giả nêu câu hỏi, tại sao Đảng không đặt vấn đề ngược lại: “Có phải vì yêu nước, nên công dân mới có tiếng nói bất đồng?” Vẫn theo tác giả, nếu Đảng có một cách tiếp cận khác, thì không sợ chuyện người dân lên tiếng bày tỏ quan điểm ngược với Đảng. Sự can thiệp của chính phủ vào những sinh hoạt tinh thần được công nhận của công dân, chỉ thể hiện đó là một chính phủ yếu kém và có vấn đề. Sự đàn áp của Đảng duy nhất cầm quyền lên những công dân bé nhỏ, chỉ càng làm cho Đảng mất uy quyền hơn. Tác giả cho rằng, Đảng cũng có thể tự lấy lại tính chính danh của mình, cũng truyền được cảm hứng thay đổi cho toàn thể nhân dân, nếu đặt lợi ích của đất nước, của nhân dân lên trên lợi ích của Đảng, bằng cách bắt đầu lắng nghe tiếng nói của nhân dân, kể cả tiếng nói bất đồng. Đảng có thể đặt lại câu hỏi: Có phải vì yêu nước nên mới có tiếng nói “bất đồng”? và coi nó là một phần quan trọng của quyền tự do ngôn luận, cho phép phê phán các chính sách hiện hành của Đảng và Chính phủ? Như vậy, tác giả nhấn mạnh, Đảng sẽ giúp cho xã hội duy trì tính đa dạng, và khuyến khích đối thoại cởi mở, giúp đất nước phát triển. Ngược lại, nếu tiếp tục đàn áp, Đảng sẽ trở thành một lực lượng đối lập và sẽ “bất đồng” với toàn bộ nhân dân Việt Nam.",Minh Vũ,thoibao.de
Chuyện về nhà báo Nguyễn Vũ Bình,"Ngày 10/9, tại Hà Nội diễn ra phiên toà sơ thẩm xét xử nhà báo Nguyễn Vũ Bình, cựu biên tập viên Tạp chí Cộng sản. Anh bị bắt ngày 29/2/2024 theo Điều 117 BLHS. Đây là lần thứ hai anh bị bắt và bị tù đày. Nhà báo Nguyễn Vũ Bình tốt nghiệp khoa Kinh tế-Chính trị, đại học Tổng hợp Hà Nội. Sau khi tốt nghiệp, anh về làm việc gần 10 năm tại tạp chí Cộng sản khi ông Nguyễn Phú Trọng làm tổng biên tập tạp chí này. nhà báo Nguyễn Vũ Bình Sau đây là bài viết của Blogger, cựu TNLT Lê Anh Hùng: CHUYỆN VỀ NHÀ BÁO NGUYỄN VŨ BÌNH Thường thì ở đời, những người tiên phong dấn thân là những người hay phải đối mặt với nhiều nguy hiểm, mất mát, thiệt thòi. Nhà báo Nguyễn Vũ Bình, người mới bị bắt hôm 29-2-2024 vừa qua, là một trong số đó. Anh thuộc vào thế hệ những người đấu tranh thứ hai ở Việt Nam, sau thế hệ thứ nhất với những bậc tiền bối như Giáo sư Hoàng Minh Chính (nguyên Viện trưởng Viện Triết học), Đại tá Lê Hồng Hà (nguyên Chánh Văn phòng Bộ Công an), TS Nguyễn Thanh Giang hay nhà văn Hoàng Tiến. Giai đoạn anh bắt đầu dấn thân, anh là một biên tập viên trẻ đầy triển vọng của Tạp chí Cộng sản. Lúc bấy giờ (những năm cuối thập niên 1990 đầu thập niên 2000), số người lên tiếng đấu tranh ở Hà Nội mới chỉ đếm trên đầu ngón tay. Mặc dù đã được giới thiệu đề bạt vào vị trí vụ phó, một vị trí mà bao người thèm muốn, nhưng anh vẫn không màng tới đường công danh đầy vinh hoa phú quý đó, mà quyết dấn thân vào con đường chông gai mà mình đã lựa chọn. Ngày 02/9/2000, anh làm đơn xin thành lập Đảng Tự do – Dân chủ. Đó là một sự kiện động trời ngay cả ở thời điểm hiện nay, chứ đừng nói là trong bối cảnh Việt Nam hơn 20 năm trước. Đồng thời anh cũng làm đơn xin nghỉ việc tại Tạp chí Cộng sản. Nhà báo Quốc Phong, nguyên Phó TBT Báo Thanh Niên, từng kể cho tôi câu chuyện sau. Thời gian anh Vũ Bình mới bị bắt (25/9/2002), nhân một lần tiếp chuyện các nhà báo, cựu Thủ tướng Võ Văn Kiệt đã tâm tình với họ: “Việt Nam bây giờ cần nhiều nhà báo như Nguyễn Vũ Bình.” Tôi nghĩ chỉ chừng đó thôi là đã đủ nói lên tầm vóc của anh, nhà báo Nguyễn Vũ Bình. Anh đã góp phần làm thay đổi nhận thức xã hội, không chỉ ở những người dân bình thường, mà cả những cấp lãnh đạo trong bộ máy./.",nan,thoibao.de
"Trước khi đấu tố, cần phải có hiểu biết nhất định về hàm ơn và vô ơn","Ngày 6/9, blog Thiên Hạ Luận trên VOA Tiếng Việt bình luận “Từ chuyện của Chu Ngọc Quang Vinh, nghĩ về hàm ân và vô ơn”. Tác giả đề cập đến chuyện Chu Ngọc Quang Vinh – 17 tuổi, học sinh lớp 12 ở Yên Bái – tâm sự với một nhóm bạn bè đồng môn rằng, cậu dần dần nhận ra “những gì mình được học ở trường bấy lâu nay không hoàn toàn là sự thật, chỉ biết lừa gạt dân”, và khiến cậu muốn “sau này được sống ở nước ngoài”, đã tạo ra một trận bão dư luận. Tác giả nhắc lại, sau khi tâm sự của Vinh bị một người bạn bày ra trên mạng xã hội, một số nhóm và các cơ quan truyền thông đã chỉ trích Vinh kịch liệt, với những lời lẽ quy chụp như “hỗn xược”, “vô ơn”, và là “điển hình của tư tưởng phản động”… Đáng lưu ý là, ngay sau đó, các cơ quan chức năng của Yên Bái đã cùng “vào cuộc” để “xử lý vụ việc”, khiến Chu Ngọc Quang Vinh phải tự đóng trang riêng của cậu trên Facebook, và gửi lời “xin lỗi”. Tác giả nhận xét, cuộc tấn công Chu Ngọc Quang Vinh, và phản ứng khiến thiên hạ kinh ngạc từ phía hệ thống chính trị, hệ thống công quyền tại Việt Nam, đã kích hoạt một trận bão dư luận khác, theo chiều ngược lại. Tác giả dẫn lời nhắn nhủ của nick Nguyen Khoi, đến những người chỉ trích Quang Vinh, rằng: “Các cháu đấu tố cháu trai ở Yên Bái, chửi bạn vô ơn, và đề nghị trừng phạt bằng cách thu hồi giải thưởng Olympia, cấm xuất cảnh sang Úc du học, khiến chú ngạc nhiên… Chú cứ tưởng, với Hồng vệ binh, thì cách trừng phạt đúng đắn là trục xuất khỏi đất nước chứ. Hoá ra, trong sâu thẳm tâm hồn các cháu, giữ lại trong nước, không cho đến Úc mới là sự trừng phạt ghê gớm nhất. Các cháu không nhận ra, việc coi đó là sự trừng phạt, đồng nghĩa với việc các cháu đồng tình với phát ngôn của bạn ở Yên Bái.” Tác giả dẫn tâm sự của bác sĩ Xuân Sơn Võ rằng, sau khi được ra nước ngoài học tập, ông nhận thấy: “Ở những nước mà tư tưởng tiến bộ đã ăn sâu vào dân, trên bình diện quốc gia, phía phải biết ơn và bắt buộc phải thể hiện sự biết ơn của mình là chính phủ. Họ phải biết ơn người dân vì người dân đã bầu họ, cho phép họ tồn tại, đóng thuế để họ có tiền điều hành đất nước…” Bác sĩ Xuân Sơn Võ nhắc nhẹ: “Trước khi đấu tố ai đó, cũng cần phải có một sự hiểu biết nhất định về việc hàm ơn và cám ơn”. Tác giả cũng dẫn nhà giáo Thái Hạo, cho rằng: “Trong giáo dục tiến bộ, việc khuyến tấn để học sinh nói thật suy nghĩ của mình là điều vô cùng hệ trọng, và nó được bảo vệ, vì thứ nhất, đó là quyền con người, quyền công dân, thứ quyền thiêng liêng mà thế giới văn minh và cả Hiến pháp của nước Việt Nam đều ghi nhận. Thứ hai, điều đó có ý nghĩa và giá trị đặc biệt trong giáo dục, cũng như trong quản trị xã hội.” Bởi theo nhà giáo Thái Hạo, nếu học sinh nói đúng, “thì điều đó giúp cho nhà giáo dục củng cố/khẳng định được rằng, cách thức của mình là đúng”. Còn nếu học sinh nói sai, “thì nhà giáo dục phải tự coi lại, để tìm cho ra nguyên nhân, rằng nội dung, phương pháp giáo dục của mình không ổn ở đâu, và tìm cách điều chỉnh. Đây chính là “bí quyết” để mọi thứ không ngừng được hoàn thiện, thay vì bị tha hóa.” “Trên hết, nếu muốn thể hiện bản lĩnh hoặc sự yêu thương thật lòng, bạn vẫn phải đi bằng con đường của giáo dục chân chính, còn không thì phải tôn trọng những xúc cảm tự nhiên ấy.” Tác giả tiếp tục dẫn nhận xét ngán ngẩm của Hong Thai Hoang: “Gái kiếm chồng Tây xuất ngoại, trai kiếm vợ Tây xuất ngoại, công nhân tìm đường xuất khẩu lao động, sinh viên du học tìm cách để khỏi về, giàu kiếm vé định cư, nghệ sĩ kiếm hôn nhân giả, người người nhà nhà tìm cách đi… Vậy một thằng bé muốn đi nước ngoài thì có gì sai?”",Ý Nhi,thoibao.de
Lời kêu gọi “đổi mới” không ngừng nghỉ của cựu Thứ trưởng Bộ Ngoại giao,"Ngày 6/9, RFA Tiếng Việt cho hay “Cựu Thứ trưởng Bộ Ngoại giao kêu gọi Lãnh đạo Việt Nam đổi mới chính trị”. Theo đó, cựu Thứ trưởng Thường trực Bộ Ngoại giao Việt Nam Nguyễn Đình Bin đã gửi một tâm thư đến các lãnh đạo, nguyên lãnh đạo Đảng, và toàn thể đồng bào trong và ngoài nước, “Góp ý với Đảng Cộng sản Việt Nam về đổi mới chính trị”, vào đúng ngày Quốc khánh 2/9. RFA trích nội dung bức thư được đăng tải đầu tiên trên trang Facebook cùng tên, theo đó, ông Nguyễn Đình Bin nhận định, “thể chế chính trị nước nhà đã thực sự khủng hoảng trầm trọng”, với những biểu hiện rõ ràng như: “Càng ra sức đốt lò, ra sức chống tham nhũng, tiêu cực, thì tham nhũng, tiêu cực, cũng như các quốc nạn khác, càng lây lan, càng phát triển, càng hoành hành trầm trọng; Càng nỗ lực xây dựng và chỉnh đốn Đảng, Nhà nước trong sạch, vững mạnh, thì Đảng, Nhà nước càng hư hỏng nghiêm trọng.” RFA dẫn đánh giá của nhà văn Hoàng Thuỵ Hưng, cho rằng, nếu như năm 1986, lãnh đạo Đảng buộc phải thực hiện “Đổi mới” vì khủng hoảng kinh tế, người dân đói ăn, thiếu mặc, thì hiện nay, đất nước đang rơi vào tình trạng khủng hoảng chính trị: “Lần này là thay đổi về thể chế chính trị thì không phải chỉ về kinh tế như là lần trước. Cho nên là hy vọng với cái tình thế này, thì những người sáng suốt trong lãnh đạo là phải có một cái quyết tâm để thay đổi, để cứu nguy cho đất nước, và cũng là cứu nguy cho Đảng thôi.” RFA cũng cho biết, trước đó, ngày 4/8, ông Nguyễn Đình Bin đã gửi một tâm thư cho đích danh Tổng bí thư, Chủ tịch nước Tô Lâm. Ông khẳng định, tình hình hiện nay là rất cấp thiết, và đã đến lúc, tân Tổng Bí thư Tô Lâm cùng với lãnh đạo Đảng Cộng sản Việt Nam, cần đổi mới tư duy chính trị, nhằm xây dựng một nhà nước pháp quyền thực sự. Theo ông Bin, đổi mới chính trị giúp Đảng trở nên trong sạch, vững mạnh và đưa đất nước phát triển, hòa nhập với thế giới, và bảo vệ chủ quyền lãnh thổ. RFA dẫn ý kiến của nhà văn Hoàng Thuỵ Hưng, đồng ý với ông Bin khi cho rằng, chính cái thể chế đã sinh ra nạn tham nhũng lan tràn trong hàng chục năm qua: “Khủng hoảng của đất nước hiện giờ mà nó thể hiện rõ nhất qua sự thất bại trong cái công cuộc chống tham nhũng dai dẳng trong suốt bao nhiêu năm bởi nỗ lực của ông cố Tổng bí thư Nguyễn Phú Trọng, nhưng mà không có kết quả”. Ông Bin còn cho rằng, việc Đảng vẫn kiên trì với mô hình quản lý đất nước theo quan điểm của Chủ nghĩa Mác – Lênin, đã cản trở dân tộc Việt Nam thực hiện hòa giải, hòa hợp, đoàn kết thành một khối thống nhất. Do đó, ông cũng đề nghị: Trung ương Đảng ra Tuyên bố đặc biệt về hòa giải và hòa hợp dân tộc, theo tinh thần khép lại quá khứ đau thương, tất cả vì tương lai tươi sáng của đất nước, của dân tộc. RFA đặt vấn đề, những kiến nghị trên đã được ông Nguyễn Đình Bin nêu ra với Tổng Trọng từ năm 2020, nhưng không được thực hiện. Hiện giờ, với sự thay đổi lớn trong dàn lãnh đạo Đảng Cộng sản Việt Nam, liệu họ có lắng nghe, tiếp thu và thực hiện theo những đề xuất trong tâm thư này? Theo nhà văn Hoàng Thuỵ Hưng, thực hiện điều này không dễ, bởi Việt Nam đang bị kẹt giữa nhiều thế lực, giữa tranh chấp Mỹ – Trung cùng với các cuộc chiến tranh đang diễn ra trên thế giới. RFA cũng dẫn nhận xét của Tiến sỹ Nguyễn Huy Vũ, cho rằng, ông Tô Lâm gần đây đã bổ nhiệm nhân sự hầu hết là người xuất thân từ ngành công an. Họ không có kinh nghiệm điều hành đất nước về kinh tế cũng như đối ngoại. Do đó: “Ông Tô Lâm sắp tới chỉ cố gắng duy trì một cái xã hội đang đi vào khủng hoảng. Họ cố gắng duy trì không để xảy ra nổi loạn, chứ ông không có một cái giải pháp nào để giải quyết cái vấn đề.”",Xuân Hưng,thoibao.de
Trận giao hữu tẻ nhạt giữa Nga và Việt Nam ,"Ngày 7/9, VOA Tiếng Việt cho hay “Ít lựa chọn vì FIFA cấm, đội Nga giao hữu với Việt Nam trên sân Mỹ Đình đìu hiu”. VOA dẫn báo chí Việt Nam, cho biết, trong trận bóng đá giao hữu với đội Nga ở Hà Nội, hôm 5/9, đội bóng đá nam quốc gia của Việt Nam – với tư cách chủ nhà, đã để thua 0-3. Tuy nhiên, điều đáng nói là, trận đấu diễn ra trên sân Mỹ Đình “đìu hiu hiếm thấy”, trong khi, một số người bình luận rằng, khán giả Việt giờ đây ít quan tâm đến đội Nga. VOA cho biết, báo chí Việt Nam đưa tin, những vị khách Nga thắng dễ dàng, do vượt trội về đẳng cấp, trong khi đội Việt Nam vẫn đang thử nghiệm đội hình và chiến thuật, dưới thời của một vị huấn luyện viên mới. Theo VOA, Nga đứng thứ 33 trong bảng xếp hạng của FIFA, Việt Nam dưới tới 82 bậc, ở vị trí 115. Trận đấu giữa 2 đội diễn ra trong khuôn khổ một giải đấu mini, do ngân hàng Lộc Phát (LPbank) Việt Nam tài trợ, cùng với sự góp mặt của đội bóng Thái Lan. VOA trích các hãng quốc tế đưa tin về trận đấu, viết rằng, đội bóng Nga tìm đến Việt Nam do không thể tham gia các giải quốc tế, như World Cup hay Euro… vì họ bị FIFA cấm, sau khi Nga xâm lược Ukraine, hồi năm 2022. Ngoài Việt Nam, đội bóng xứ sở Bạch Dương đã thu xếp được một số trận giao hữu khác, thường là với những đội của các nước đồng minh của Nga về mặt chính trị. Gần đây nhất, đội Nga thắng Serbia và Belarus, cùng với tỷ số 4-0, lần lượt vào tháng 3 và tháng 6. VOA dẫn lời ông Simon Chadwick, giáo sư về thể thao và kinh tế địa chính trị, nói với một hãng tin quốc tế rằng: “Những trận đấu này có lẽ là hoạt động ngoại giao, hơn là thi đấu bóng đá thuần túy. Các quan chức ở Moscow dường như sử dụng các dịp như vậy để xây dựng tính chính danh, và sự ảnh hưởng trên thế giới”. VOA cũng dẫn lời chuyên gia bóng đá Nguyễn Lưu, trả lời phỏng vấn của các hãng tin quốc tế rằng, chính sách “ngoại giao cây tre” của Việt Nam lý giải về quyết định đón tiếp đội Nga đến thi đấu. Như VOA đưa tin trước đây, Việt Nam đã tránh bỏ phiếu bất lợi đối với Nga tại Liên Hiệp Quốc, sau khi Moscow tung quân xâm lược Ukraine. Nga và Việt Nam có quan hệ thân thiết từ những năm 1950, với việc Liên Xô đã viện trợ khổng lồ cho Việt Nam, trong cuộc “kháng chiến chống Mỹ”, và duy trì nền kinh tế sau chiến tranh. Về trận đấu giao hữu vừa qua, vẫn theo VOA, báo chí trong nước miêu tả, nó đã diễn ra trong “không khí đìu hiu” và “lác đác” khán giả. VOA dẫn tường thuật của một trang báo quốc tế rằng: “Cho đến khoảng 20 phút trước trận, khán đài B của sân cũng chỉ có đến chưa đầy 200 người. Đây là hình ảnh khác biệt so với những lần đội tuyển Việt Nam thi đấu tại sân vận động Quốc gia.” VOA cũng cho biết, theo nhiều trang tin nước ngoài khác, chỉ có khoảng 6.000 khán giả, trên tổng số 40.000 ghế tại sân vận động, cho dù Thủ tướng Việt Nam Phạm Minh Chính đã đến dự khán. Bên cạnh đó, VOA tiếp tục cho hay, trên mạng xã hội, nhiều người, bao gồm các facebooker Kim Van Chinh, Xuân Nghĩa Lê, Tuong Nguyen, Thai Thuan Tran, Gà Già… nhận xét rằng, bầu không khí trên cho thấy, khán giả Việt giờ đây ít quan tâm đến bóng đá Nga, và sâu xa hơn, là tình cảm nguội lạnh của người Việt với nước Nga. Họ cũng nêu ra một điều nữa, có thể đã làm cho khán giả không muốn đến sân vận động, đó là những lời lẽ của các cầu thủ, và huấn luyện viên đội Nga trước trận đấu, bị xem là chê bai đội Việt Nam. VOA cho biết thêm, các trang tin Việt Nam đăng bài trong ngày 2 và 3/9, trích lời huấn luyện viên và cầu thủ Nga, đánh giá rằng, chất lượng sân Mỹ Đình không tốt, thời tiết nóng ẩm, và đội Việt Nam không có tên tuổi.",Thu Phương,thoibao.de
Đấu tố trên mạng tái hiện thảm kịch “Cải cách ruộng đất”,"Ngày 6/9, VOA Tiếng Việt có bài: “Học sinh, nghệ sĩ phải xin lỗi: Họ bị “đấu tố” như thời cải cách ruộng đất”. Theo VOA, sau khi nhiều ca sĩ ở Việt Nam đồng loạt đưa ra lời xin lỗi, vì đã trình diễn trên những sân khấu được cho là không phù hợp, một nam sinh từng tham gia cuộc thi “Đường Lên Đỉnh Olympia” cũng phải đưa ra lời xin lỗi, sau khi chỉ trích Đảng. VOA cho biết, nhiều người Việt từ trong và ngoài nước, nói rằng, những nghệ sĩ và nam sinh này, như bị đưa vào một hình thức “đấu tố” mới của chính quyền. VOA dẫn nhận xét của ông Võ Ngọc Ánh, từ Hoa Kỳ, cho rằng: “Không phải ngẫu nhiên mà họ đưa ra lời xin lỗi. Có thể, có một chiến dịch nào đó để đấu tố, hay để lên án những nghệ sỹ này…, vì họ đã biểu diễn ở nước ngoài với lá cờ vàng.” Theo ông Ánh, chính quyền đã tạo ra một dư luận rộng lớn trên mạng, để “rung cây dọa khỉ”, và “làm cho các nghệ sỹ khác cảm thấy sợ”. Ông nhận định: “Chắc chắn, trước một áp lực lớn của chính quyền, các nghệ sỹ mới phải làm việc xin lỗi đó, vì họ làm việc xin lỗi đó, họ mất rất nhiều thứ: họ mất người hâm mộ hải ngoại, họ mất đi dũng khí trước khán giả của họ.” “Dư luận viên đã kích lên, rồi một bộ phận dân chúng không hiểu đã “lên đồng”, cùng tạo nên một cuộc đấu tố, một xã hội đấu tố, mà chúng ta đã gặp trong Cải cách Ruộng đất từ năm 1953 đến 1956, hay phong trào Nhân văn Giai phẩm cuối những năm 1950 đầu những năm 1960 của thế kỷ trước.” VOA cũng cho hay, bài viết của Chu Ngọc Quang Vinh bị cộng đồng mạng phản ứng dữ dội, trong đó có những lời mạt sát, như “vô ơn” hay “phản bội đất nước”. Nam sinh này sau đó đã gỡ bài khỏi trang cá nhân, và công khai nhận mình “đã sai”, cũng như “hối hận” và “mong nhận được sự tha thứ”. VOA dẫn lời nhà báo Hà Hùng, từ Đức, cho rằng, đây là “cuộc đấu tố có cường độ lớn nhất, từ sau Cải cách Ruộng đất”. Dư luận viên của Chính phủ “reo rắc sự nghi kỵ… đánh tráo khái niệm yêu nước thì phải yêu Đảng”, tương tự như trong Cải cách Ruộng đất, khi “chính quyền cưỡng bức người dân đấu tố chính cha mẹ anh chị em mình”. VOA dẫn nhận xét của kỹ sư Nguyễn Đại Ngữ, từ Hoa Kỳ, nói trong một buổi hội luận rằng, đây là “hình thức đấu tố mới của thế kỷ 21”. Ông Ngữ cho rằng, việc xin lỗi công khai được nhà nước sử dụng một cách triệt để, đối với những người có quan điểm đối lập với Đảng và nhà nước. Ông Ngữ đặt câu hỏi về tự do ngôn luận, đặc biệt cho giới trẻ, rằng, liệu nhà nước và Đảng có thực sự đang tôn trọng Hiến pháp mà họ ban hành hay không, khi mà Điều 25 của Hiến pháp cho phép tự do ngôn luận. VOA nhấn mạnh, Việt Nam luôn nói rằng, người dân có tự do ngôn luận, dù nhiều tổ chức nhân quyền quốc tế đã chỉ trích rằng, Đảng Cộng sản cầm quyền đang tìm cách bóp nghẹt những tiếng nói bất đồng. VOA dẫn ý kiến của ông Sơn – một thường dân phản biện xã hội trên mạng, cho rằng: “Một xã hội dân chủ thì người dân phải được quyền tự do ngôn luận, kể cả ngôn luận đó là chỉ trích đảng cầm quyền hay Chính phủ.” “Học sinh phải có quyền bày tỏ suy nghĩ, chính kiến, và chúng ta cần lắng nghe tôn trọng ý kiến đó, thay vì đàn áp, dọa nạt. Nghệ sĩ có quyền biểu diễn ở mọi sân khấu trong và ngoài nước, miễn sao nó phù hợp với thuần phong mỹ tục và luật pháp hiện hành.” “Khi tư tưởng bị nhốt chặt vào trong cái lồng chính trị, sẽ không thể có ý tưởng đột phá và không tạo ra sự thay đổi, cải cách” – ông Sơn nói thêm. ",Minh Vũ,thoibao.de
Dư luận viên đang được chỉ đạo để tấn công bầy đàn trên mạng,"Ngày 4/9, RFA Tiếng Việt cho hay “Vụ nam sinh “không thích Đảng” – Xã hội ngột ngạt bởi làn sóng đấu tố online”. RFA dẫn một số người quan sát, cho rằng, vụ nam sinh Chu Ngọc Quang Vinh, cựu thí sinh Đường Lên Đỉnh Olympia, bị tấn công dữ dội trên mạng xã hội, là một trong chuỗi các vụ đấu tố trên mạng, trong thời gian gần đây, nhằm triệt tiêu bất cứ tư tưởng, hình ảnh, biểu tượng nào, đi ngược lại với lợi ích của chính thể Việt Nam hiện tại. RFA dẫn bình luận của ông Võ Ngọc Ánh, từ Mỹ, cho rằng, đối với một học sinh đặc biệt như Quang Vinh, khi em này dám nói ra suy nghĩ độc lập của mình, đáng ra nên được khích lệ. Cho dù quan điểm em có thể chưa đúng, chưa chuẩn mực, thì các nhà chức trách cũng nên khuyên giải một cách nhẹ nhàng, hơn là đem cả chính quyền và công an vào cuộc điều tra; cộng đồng mạng dồn dập tấn công, đấu tố. RFA cũng dẫn nhận xét của một sinh viên ở Sài Gòn, cho rằng, nhóm người chỉ trích Quang Vinh vô ơn, thật ra, cố tình đánh tráo khái niệm giữa đất nước, dân tộc và Đảng. Họ đang đồng nhất cả ba khái niệm thành một. Ngoài ra: “Quyền tự do ý kiến và bày tỏ quan điểm không phân biệt đối tượng, bất kỳ ai đều có quyền này, vậy tại sao, muốn nói về lịch sử lại phải cần tiêu chuẩn của “cộng đồng mạng”?” “Trong lịch sử dân tộc, không thiếu những con người có lòng với đất nước và dân tộc, dù bất kể tuổi tác, quan trọng là bạn trẻ nhận thức được vấn đề và lên tiếng cho những điều đó, đấy là điều đáng quý.” RFA cho biết, dù đã viết lại dòng trạng thái bày tỏ xin lỗi với phát ngôn của mình, nhưng truyền thông nhà nước trong ngày 4/9 vẫn tiếp tục đăng những bài, dẫn chứng sự phẫn nộ của cư dân mạng đối với Quang Vinh. RFA dẫn tờ VTCNews, trích lời một số tài khoản, bày tỏ sự bức xúc như: “Lời xin lỗi ấy liệu có đến từ tâm, hay do áp lực từ cộng đồng mạng ép buộc phải nói ra?”; “Không phải ai học hành tử tế cũng “thành người”, không phải cứ xin lỗi là đổi thành “không có gì”’. RFA nhận xét, bất kỳ ai, dù vô tính hay cố ý, thể hiện quan điểm hay xuất hiện cùng các dòng trạng thái đi ngược lại với lợi ích của Đảng, đều có thể trở thành mục tiêu bị đấu tố, công kích trên không gian mạng. RFA dẫn quan sát của một sinh viên khác, cho hay, trong 3 tháng gần đây, có hàng loạt vụ tấn công mạng nhằm vào các mục tiêu, như Đại học Fulbright, các nghệ sĩ Việt Nam có hình ảnh liên quan đến lá cờ vàng, hay gần nhất là xu hướng vẽ cờ đỏ trên mái nhà, và bôi nhọ công khai, xúc phạm bất kỳ ai có liên quan đến cờ vàng ba sọc đỏ. Những hành động này diễn ra trên các phương tiện truyền thông mạng xã hội, đặc biệt là TikTok. RFA dẫn lời sinh viên này, cho rằng: “Thực chất, những hành động này được tiến hành nhằm mục đích chia rẽ hòa hợp dân tộc, khơi gợi hận thù dân tộc, và gây mâu thuẫn ngoại giao giữa Việt Nam và Hoa Kỳ, Đài Loan. Đằng sau những lực lượng thực hiện hoạt động này là những nhóm lợi ích, gắn chặt quyền lợi với việc chia rẽ dân tộc, và khơi gợi hận thù Việt Nam và Hoa Kỳ, hưởng lợi từ những việc này.” Theo ông Võ Ngọc Ánh, người có đủ nhận thức thì chỉ cảm thấy buồn cười, và khinh bỉ những chuyện mà dư luận viên đang tích cực làm. Tuy nhiên, với phần đông người dân Việt Nam hiện nay, theo ông Ánh, họ rất sợ hãi trước những đợt tấn công mạng này: “Người ta dùng cái nỗi sợ để củng cố cái xã hội này, chứ không phải khích lệ những sự khác biệt, để tìm ra con đường phát triển đúng hơn, phong phú hơn. Người ta chỉ muốn áp đặt thôi. Không chỉ Việt Nam mà tất cả những xã hội Cộng sản, những cái xã hội độc tài đều như vậy hết.”",Ý Nhi,thoibao.de
Liệu Tổng Bí thư Tô Lâm có nhận ra thời cơ và có mong muốn đổi mới,"Ngày 5/9, Diễn đàn VOA Tiếng Việt có bài bình luận của tác giả Đinh Hoàng Thắng, với tựa đề “Nguyễn Đình Bin: Vận nước đã đến chưa?”. Tác giả cho hay, cụ Nguyễn Đình Bin, với bề dày về ngoại giao, khi viết lá thư ngỏ chứa đựng những kiến nghị liên quan đến thay đổi thể chế, đã nung nấu, nghiền ngẫm, kiểm nghiệm, chắt lọc, từ lúc ông bắt đầu đi theo con đường Cộng sản, trong hàng ngũ Đội Thiếu niên kháng chiến, và từ thực tiễn hơn nửa thế kỷ được giáo dục, rèn luyện và chiến đấu trong đội ngũ của Đảng. Tác giả cho biết, thật ra, từ năm 2015, từng có 127 nhân sỹ, trí thức gửi “Thư ngỏ”, ủng hộ quá trình chuyển đổi dân chủ. Thư được đề chuyển các nhà lãnh đạo, các đại biểu dự Đại hội 12, và toàn thể đảng viên Đảng Cộng sản Việt Nam. Lần này, đúng dịp Quốc khánh 2/9, cụ Bin đã liệt kê ra ít nhất 4 văn bản mà cụ đã gửi lên Đảng, với cùng một chủ đề “Góp ý với Đảng Cộng sản Việt Nam về Đổi mới chính trị”. Ấy vậy mà, tất cả đều như “nước đổ đầu vịt”. Hình như, không hề có bất cứ một sự phản hồi chính thức nào, ít nhất từ các uỷ viên có trách nhiệm trong Bộ Chính trị. Tác giả nhận xét, nội dung các kiến nghị của cụ Bin, đưa ra vào nhiều thời điểm khác nhau, nhưng đều nhấn mạnh “Đảng phải thực hiện đổi mới chính trị thực sự, toàn diện và triệt để”, và đề xuất những sáng kiến nhằm bảo vệ Đảng, trước các nguy cơ thách thức sống còn, và khẳng định rằng, chỉ có Đảng mới tự cứu được chính mình. Đáng tiếc, hơn 4 năm trước, 10 nội dung chi tiết cụ đề xuất với Đảng nhân Đại hội 13, không hề được cứu xét. Còn lần này, Facebook đã gỡ bài viết xuống, với lý do các bài viết ấy “cố tìm cách thu thập thông tin nhạy cảm của người khác”. Tác giả cũng cho hay, tất nhiên, cụ Bin đã phản đối quyết liệt, và đòi Facebook phải khôi phục lại các bài viết của mình. Rõ ràng, sự tiến hóa của trái tim Nguyễn Đình Bin đã vượt xa tư duy và bản lĩnh của lãnh đạo Đảng. Tác giả đặt vấn đề, động lực nào khiến cụ Nguyễn Đình Bin, với trái tim trong trắng bao lần bị tổn thương, với tư duy logic bao lần bị phớt lờ, mà vẫn không nao núng, vẫn kêu gọi Đảng thay đổi về nhận thức, tư tưởng, đối với các giá trị dân chủ, nhân quyền và tự do? Tác giả dẫn trao đổi của một số anh em từ Viện Khoa học, câu trả lời là, dù không chuyên về AI, nhưng với tư duy logic, cụ Bin nhận biết rằng, một khi “đạo hàm đổi dấu”, thì “trend” mới sẽ xuất hiện! Vì vậy, cụ quả quyết, giờ là lúc: “Mọi điều kiện chủ quan và khách quan, đối nội và đối ngoại, đã quá chín muồi, để Đảng Cộng sản Việt Nam thực hiện cuộc cách mạng trọng đại và cấp bách về tư tưởng! Thời cơ lịch sử, vận Nước cũng như vận Đảng đang đến! Phải quyết tâm nắm lấy! Không được bỏ lỡ!” Tác giả nhận định, Tô Đại tướng, từ cương vị một Bộ trưởng Công an, đã nhanh chóng đạt đến ngôi “cửu trùng”. Bước ngoặt này chắc chắn gây bất ngờ đối với rất nhiều đồng chí trong Đảng. So với tiền nhân, thời gian “nằm gai nếm mật” của Tô Đại tướng chưa hẳn “đủ dày”, nhưng ai dám nói, Tô Lâm không có công lớn trong sự nghiệp dang dở của cố Tổng Bí thư Nguyễn Phú Trọng? Tác giả đặt câu hỏi: Liệu Tô Đại tướng đã tích lũy đủ trí huệ cho giai đoạn “trị quốc – bình thiên hạ”? Tác giả dẫn bình luận của nhà giáo Thái Hạo, rằng, làm một cuộc cách mạng thì dễ, thay đổi não trạng một dân tộc mới là khó. “Khi dân trí và văn hóa chính trị của giới chóp bu chưa chuyển, thì vận nước cũng khó đến trong một sớm một chiều. Tuy nhiên, nếu có thêm được các yếu tố may mắn (thiên thời – địa lợi), Đại tướng Tô Lâm có thể tận dụng thời cơ vàng, hay như người Pháp thường nói, đón bóng đúng tầm sẽ ghi bàn.”",Ý Nhi,thoibao.de
"Mở rộng dân chủ, nói thì dễ còn làm thì không","Ngày 4/9, RFA Tiếng Việt có bài: “Việt Nam sẽ chọn đúng cán bộ khi “mở rộng dân chủ, lắng nghe nhân dân”?”. RFA dẫn lời ông Nguyễn Tiến Dĩnh – nguyên Thứ trưởng Bộ Nội vụ, hôm 3/9, trả lời báo chí nhà nước rằng: “Muốn chọn đúng, chọn trúng cán bộ, phải đánh giá, nhìn nhận phẩm chất đạo đức, năng lực cán bộ qua công việc hằng ngày, qua ứng xử ở gia đình, xã hội.” Theo ông Dĩnh, ngoài việc tổ chức Đảng xem xét, đánh giá toàn diện các vấn đề liên quan tuyển dụng cán bộ, thì mặt khác, cũng phải phát huy dân chủ, lắng nghe ý kiến của cán bộ, đảng viên, đặc biệt là của quần chúng nhân dân, trong việc chọn cán bộ cho đại hội Đảng các cấp, và Đại hội Đảng 14 sẽ diễn ra đầu năm 2026. RFA dẫn nhận định của Giáo sư Đặng Hùng Võ, nguyên Thứ trưởng Bộ Tài nguyên Môi trường, cho rằng, “đây là vấn đề khó và phức tạp”. “Thời gian vừa rồi, do thông tin không được công khai một cách tốt nhất, một cách toàn diện… chính vì vậy, cũng đã phát hiện ra những trường hợp cấp cao cũng phải từ chức.” “Tôi cho rằng, hướng của Việt Nam là muốn đạt được tiến bộ lớn trong việc lựa chọn cán bộ. Để tránh như thời gian vừa rồi, đã tổn thất khá nhiều cán bộ do vấn đề đạo đức, vấn đề chấp hành nhiệm vụ, vấn đề thực hiện các luật của nhà nước, cũng như của tổ chức Đảng. Như vừa rồi cũng đã phát hiện, cương quyết yêu cầu từ chức” – Giáo sư Võ nêu ý kiến. RFA cũng dẫn lời một nhà quan sát chính trị, từ Hà Nội, cho rằng, việc mở rộng dân chủ, lắng nghe nhân dân để chọn đúng cán bộ, chỉ là hô hào, và rằng, cách phát biểu của ông nguyên Thứ trưởng Bộ Nội vụ khó mà đúng với thực tế, đó “chỉ là dân chủ giả hiệu thôi”. Nhà quan sát nói tiếp: “Bởi mọi người chỉ được bầu trong danh sách chọn sẵn. Cách làm như thế này là hạn chế những người có uy tín, có năng lực, có tài năng, nhưng không cùng phe cùng nhóm. Không chấp nhận ứng cử của những người mà họ cảm thấy họ đủ trình độ và năng lực. Nếu muốn được nằm trong danh sách bầu thì phải vào cho được cái quy hoạch của người ta. Cách làm như thế này là một dạng độc tài độc đoán, chứ chẳng dân chủ gì hết.” RFA cho biết, theo số liệu của Ban Chỉ đạo Trung ương về phòng, chống tham nhũng, trong 8 tháng đầu năm 2024, cơ quan này đã thi hành kỷ luật 47 cán bộ thuộc diện Trung ương quản lý, 172 cán bộ diện cấp ủy địa phương quản lý, về trách nhiệm người đứng đầu hoặc liên quan các vụ án, vụ việc tham nhũng, tiêu cực. RFA đặt vấn đề, với những con số đáng chú ý trên, liệu việc chọn đúng, chọn trúng cán bộ, dựa trên phẩm chất đạo đức, và năng lực để giới thiệu cán bộ vào cấp ủy các cấp, theo đúng “cẩm nang” và mong đợi của ông Nguyễn Tiến Dĩnh, có thể khả thi? RFA dẫn bình luận của nhà hoạt động xã hội Trần Anh Quân, cho rằng: “Khi ông Dĩnh muốn chọn đúng cán bộ, tức là, ông này thừa nhận trước nay đã chọn sai cán bộ rồi. Dĩ nhiên là chọn sai thì mới dẫn tới cả một hệ thống chính trị nhìn đâu cũng thấy sâu mọt như hiện nay, từ chủ tịch xã tới chủ tịch nước.” Theo ông Quân, những sai lầm về chọn lựa cán bộ, thực chất là do cơ chế tuyển dụng chỉ dựa vào lý lịch, và ưu tiên cho con cái các lãnh đạo. Do đó, ông Quân góp ý rằng: “Muốn chọn đúng người tài phục vụ quốc gia, thì chẳng có cách nào khác là phải có ứng cử và bầu cử tự do. Khi người dân được dùng lá phiếu để chọn lãnh đạo, thì chắc chắn là dân không chọn sai.” Nếu Đảng Cộng sản muốn mở rộng dân chủ, thì Việt Nam phải có dân chủ trước, chứ không thể nào mở rộng cái mà họ không có. “Mà đã không có dân chủ, thì làm sao mà có chuyện lắng nghe người dân”, ông Quân kết luận.",Hoàng Anh,thoibao.de
Hy vọng Chu Ngọc Quang Vinh đủ bản lĩnh để vượt qua sức ép từ chính quyền,"Ngày 5/9, VOA Tiếng Việt cho hay “Nhà bất đồng: Nam sinh lên án Đảng “trưởng thành về nhận thức”’. Theo đó, Chu Ngọc Quang Vinh, học sinh lớp 12 trường chuyên tỉnh Yên Bái, đã làm dậy sóng dư luận trên truyền thông và mạng xã hội mấy ngày qua, khi em có bài viết thể hiện quan điểm trên Facebook, trong đó mô tả, Đảng Cộng sản cầm quyền là “thế lực xấu chỉ biết lừa gạt dân”. VOA cho biết, bài viết của Vinh đã bị cộng đồng mạng trong nước phản ứng dữ dội, từ những lời chỉ trích nhẹ nhàng, đến những lời lẽ mạt sát, chửi bới nặng nề. Trước phản ứng của dư luận, Vinh đã gỡ bài khỏi trang cá nhân, và viết bài xin lỗi. Em nói rằng mình “đã sai”, “hối hận” và “mong nhận được sự tha thứ”. VOA dẫn truyền thông trong nước cho biết, em Vinh và gia đình đã bị nhà chức trách mời lên “làm việc”. Tỉnh ủy, Ủy ban Nhân dân tỉnh Yên Bái, Sở Công an, Sở Giáo dục tỉnh, cùng nhà trường nơi em học, cũng đã vào cuộc để chấn chỉnh, và gửi cán bộ đến gia đình để “nắm tình hình và diễn biến tư tưởng của học sinh Vinh”. VOA dẫn nhận định của ông Nguyễn Tiến Trung, nhà bất đồng chính kiến từ Đức, nói rằng, Chu Ngọc Quang Vinh “không hề bồng bột, nông nổi”, như những lời chỉ trích, mà trái lại, em “đã có sự trưởng thành về nhận thức”. “Thật sự, tôi cũng bị nhồi sọ và cũng tin theo những gì họ tuyên truyền. Tôi dở hơn bạn ấy ở chỗ, phải đến khi ra nước ngoài, khi tôi qua Pháp du học, thì mới thấy những gì Đảng Cộng sản họ dạy trong trường là sai trái, là lường gạt.” Theo quan sát của ông Trung, thì nhiều thanh niên, sinh viên ở trong nước “cũng nhận thức được như em Vinh”, nhưng “không ai dám nói ra, vì ai cũng sợ hết, cha mẹ họ cũng sợ”. Ông Trung lập luận: “Bạn ấy chỉ lên án Đảng Cộng sản lừa dối dân và tuyên truyền sai sự thật, nhồi nhét vào đầu sinh viên, học sinh Việt Nam những điều không đúng sự thật, thì bạn ấy đang lên án đảng cầm quyền, chứ không hề đụng chạm gì đến đất nước.” Ông Trung cho rằng, nguyện vọng được sống và làm việc ở nước ngoài của em Vinh “là điều rất bình thường” đối với giới trẻ Việt Nam. “Bạn bè của tôi, trước em Vinh một thế hệ, rất nhiều người mong muốn đi du học và ở lại cống hiến”, ông nói và chỉ ra trường hợp Giáo sư Ngô Bảo Châu đi du học ở Pháp, đoạt giải Fields danh giá, và hiện đang giảng dạy Toán học ở Mỹ. Lý do ông chỉ ra là, hệ thống giáo dục trong nước “không có tự do học thuật, chịu sự kiểm duyệt của Đảng” và “chế độ không trọng dụng nhân tài, mà sử dụng người theo nguyên tắc hậu duệ, quan hệ và tiền tệ”. “Những người có trí tuệ đương nhiên phải tìm đến nơi nào đó trọng dụng họ, nơi họ phát huy được tài năng nhất và đóng góp được cho nhân loại”, ông cho biết. Ông Trung cũng cho rằng, những biện pháp tăng cường tuyên truyền giáo dục chính trị, tư tưởng của chính quyền, sẽ “không có tác dụng”, trước tình trạng giới trẻ không còn mặn mà gì với Đảng, Đoàn, hay tư tưởng Mác – Lênin. Về sức ép tâm lý mà Chu Ngọc Quang Vinh phải đối mặt, từ phía chính quyền, công an, nhà trường và xã hội, ông Trung cho là “khủng khiếp” đối với một nam sinh mới 18 tuổi. “Có lẽ cậu bé rất sốc và lo sợ”, ông nhận định. “Không biết sau này cậu ấy có đủ sức để học hay thi tiếp lên đại học hay không”. “Cậu bé khó lòng học tiếp ở Việt Nam, vì đi đâu cũng sẽ bị mọi người dòm ngó, chỉ trích và gièm pha.” Tuy nhiên, ông Trung bày tỏ hy vọng, Vinh đủ bản lĩnh để vượt qua sức ép, và dẫn ra trường hợp Nguyễn Viết Dũng, tức Dũng Phi Hổ, một cựu thí sinh Đường Lên Đỉnh Olympia khác, cũng từng bị chính quyền bỏ tù vì lên án Đảng, để làm “tấm gương cho em Vinh”. “Dũng rất can trường, mạnh mẽ, và đã vượt qua được. Hy vọng Vinh cũng làm được như Dũng.”",Thu Phương,thoibao.de
Tâm thư gửi Tổng Bí thư Tô Lâm của cựu Thứ trưởng Ngoại giao Nguyễn Đình Bin,"BBC Tiếng Việt ngày 4/9 cho hay “Cựu Thứ trưởng Ngoại giao kêu gọi ông Tô Lâm thay đổi “thể chế chính trị”’. Theo BBC, ông Nguyễn Đình Bin, cựu Thứ trưởng Thường trực Bộ Ngoại giao Việt Nam (từ 2000 đến 2008), đã đăng tâm thư gửi đến ông Tô Lâm vào ngày 2/9, kêu gọi thay đổi thể chế, vì hệ thống chính trị đang rơi khủng hoảng trầm trọng. Với sự cho phép của ông Nguyễn Đình Bin, BBC đã có được 4 văn bản có đầy đủ nội dung các bức tâm thư mà ông viết, và gửi cho Tổng Bí thư Nguyễn Phú Trọng trước đây, và Tổng Bí thư Tô Lâm hiện nay. Ý tưởng nổi bật trong 4 bức tâm thư này là “hệ thống chính trị, chế độ Xã hội Chủ nghĩa mà Đảng đang ra sức xây dựng và kiên trì bảo vệ, đã rơi vào khủng hoảng trầm trọng”. Do đó, “Đảng phải thực hiện đổi mới chính trị thực sự toàn diện và triệt để”, và những hiến kế chi tiết của ông đều xuất phát từ quyết tâm “bảo vệ Đảng trước các nguy cơ, thách thức sống còn”, và mong rằng, Đảng sẽ “tự cứu lấy chính mình”. BBC dẫn bức tâm thư gửi ngày 4/8 gửi Tô Tổng, cho rằng, Đảng phải “nhìn thẳng vào sự thật và gọi đúng tên con bệnh”: Tình hình Đảng và đất nước đã và đang tiếp tục diễn biến ngày càng tồi tệ, tới mức báo động thực sự nghiêm trọng, chưa từng xảy ra bao giờ; Càng ra sức đốt lò, ra sức chống tham nhũng, tiêu cực, thì tham nhũng, tiêu cực, cũng như các quốc nạn khác, càng lây lan, càng phát triển, càng hoành hành trầm trọng; Càng nỗ lực xây dựng và chỉnh đốn Đảng, Nhà nước trong sạch, vững mạnh, thì Đảng, Nhà nước càng hư hỏng nghiêm trọng. Ông Bin đánh giá, lịch sử đang lặp lại, giống hệt như thời điểm Đại hội 6 năm 1986. Khi đó, Việt Nam chìm trong khủng hoảng kinh tế – xã hội, thì Tổng Bí thư Lê Duẩn qua đời, Chủ tịch Hội đồng Nhà nước Trường Chinh lên thay. Ông Trường Chinh đã “dũng cảm từ bỏ mô hình quản lý kinh tế theo quan điểm Mác – Lênin” và chấp nhận vận dụng kinh tế thị trường. Theo ông Bin, nhờ có quyết định lịch sử đó, Đảng đã đưa đất nước thoát khỏi khủng hoảng kinh tế – xã hội trầm trọng, bước vào thời kỳ phát triển và đạt được các thành tựu to lớn. Soi chiếu lại thời điểm hiện tại, cựu Thứ trưởng cho rằng, Việt Nam cũng đang gặp khủng hoảng về ngoại trị và nội trị. Về đối nội, vẫn theo ông Bin, cuộc đấu tranh chống tham nhũng đã phơi trần tất cả các mặt yếu kém và tiêu cực, như ung thư đang di căn trầm trọng, phá hoại Đảng, Nhà nước và xã hội, mà nguy hiểm nhất là hủy hoại cội rễ con người, đặc biệt là những người nắm quyền. BBC cho biết, ông Bin viết rằng, những kiến nghị của ông về thay đổi thể chế, đã được nung nấu, nghiền ngẫm, kiểm nghiệm, chắt lọc, và rút ra từ khi ông mới 10 tuổi, khi tham gia Đội Thiếu niên kháng chiến chống Pháp, và từ thực tiễn hơn nửa thế kỷ được giáo dục, rèn luyện và chiến đấu trong đội ngũ của Đảng. Ông Bin viết, Đảng hãy chấp nhận và vận dụng “mô hình nhà nước pháp quyền thực sự, một bộ máy quản trị quốc gia với tam quyền lập pháp, hành pháp và tư pháp độc lập, kiểm tra, giám sát lẫn nhau, là mô hình hiệu quả nhất loài người đã đạt được cho đến nay, để kiểm soát và ngăn chặn lạm dụng quyền lực”. Ông còn kêu gọi đa nguyên về chính trị, và cho phép xã hội dân sự tồn tại, để bảo đảm và phát huy được dân chủ thực sự. “Để cứu Nước, cứu Đảng thoát khỏi tình thế khủng hoảng này; đồng thời, đặt nền móng vững chắc, lâu dài, từ nay và mãi mãi mai sau… thì không có giải pháp nào khác là phải thực hiện đổi mới chính trị thực sự toàn diện và triệt để, hội nhập toàn diện và thực sự vào dòng chảy chủ lưu tự do, dân chủ, văn minh của thế giới hiện nay, như không ít lãnh đạo, nguyên lãnh đạo các cấp, đảng viên, trí thức thực sự tâm huyết, trí tuệ… và cá nhân tôi đã góp ý với Đảng” – ông viết.",Quang Minh,thoibao.de
"“Cửa sổ cơ hội” cho dân chủ hoá vẫn còn, nếu lãnh đạo Việt Nam thật sự muốn phát triển đất nước","Ngày 4/9, RFA Tiếng Việt đăng bài bình luận “Nếu Việt Nam thực sự muốn phát triển”, của Tiến sĩ Đinh Hoàng Thắng. Tác giả nhắc đến đề xuất từ bỏ “Ngoại giao cây tre”, của nhà nghiên cứu lịch sử Đinh Kim Phúc, trong phóng sự “Đại hội 14: Khởi điểm lịch sử mới sau 40 năm đổi mới” của RFA. Theo đó, ông Phúc khẳng định, đây là hình thức ngoại giao cổ điển của Thái Lan. Trước sức ép của 2 siêu cường, là đế quốc Anh và thực dân Pháp, vào cuối thế kỷ 19, đầu thế kỷ 20, nên Thái Lan đã buộc phải “uốn theo chiều gió”. Tác giả cho biết, cùng lúc với tuyên bố của ông Phúc, là bức thư ngỏ của cụ Nguyễn Đình Bin, 80 tuổi đời, 62 tuổi Đảng, Ủy viên Trung ương Đảng khóa 8, nguyên Thứ trưởng Thường trực Bộ Ngoại giao. Ông Bin khẳng định, tình hình Đảng và đất nước đã và đang tiếp tục diễn biến ngày càng tồi tệ, tới mức thực sự nghiêm trọng, chưa từng xảy ra bao giờ. Theo tác giả, ông Bin đã đưa ra lời kêu gọi nhân ngày Quốc khánh 2/9, rằng: “Mọi điều kiện chủ quan và khách quan, đối nội và đối ngoại, đã quá chín muồi, để Đảng Cộng sản Việt Nam quyết định thực hiện cuộc cách mạng trọng đại và cấp bách về tư tưởng! Thời cơ lịch sử – vận Nước cũng như vận Đảng – đang đến! Phải quyết nắm lấy! Không được bỏ lỡ!” Tác giả nhận thấy, trong các buổi lễ long trọng gần đây, Đại tướng Tô Lâm không còn nhắc đến “ngoại giao cây tre”. Tác giả đặt vấn đề: Chẳng lẽ chúng ta tiếp tục an phận, đi con đường ngược lại dòng chủ lưu của lịch sử, một con đường rõ ràng đã đẩy Đất nước, và Đảng lãnh đạo vào tình thế nguy hiểm, đáng báo động như hiện nay hay sao? Tác giả nhận định, mô thức dân chủ hóa rất phổ biến trên thế giới, là dân chủ hóa từ “Thế yếu”, tức là, chế độ độc tài yếu đi do mất lòng tin, kinh tế sa sút, tham nhũng tràn lan, đòi hỏi dân chủ tăng lên… và dân chủ hóa dẫn chế độ đương nhiệm đến “Sụp đổ”. Tác giả lý giải, nguyên nhân một quốc gia lẩn tránh quá trình dân chủ hoá, chủ yếu là do thiếu 2 yếu tố: sự tự tin vào khả năng chiến thắng và sự ổn định; cũng như do hiểu sai hoặc không nắm bắt đúng 4 loại tín hiệu quan trọng: bầu cử, bất ổn, kinh tế và địa – chính trị, đặc biệt là mức độ của các tín hiệu này. Ngược lại, những quốc gia thành công trong việc dân chủ hóa đã hội đủ sự tự tin và nắm bắt chính xác 4 loại tín hiệu này. Điều cơ bản nhất là, các tín hiệu này đã giúp xua tan 2 ảo tưởng: đàn áp là giải pháp toàn diện, hoặc dân chủ hóa sẽ là thảm họa cho chế độ hiện tại. Tác giả nhận xét, Việt Nam thì dù đã có các tín hiệu ấy, nhưng có lẽ vẫn đang bị cắt nghĩa sai lệch. Mọi chế độ độc đoán đều có một “cửa sổ cơ hội” cho dân chủ hóa từ thế mạnh, tại gần đỉnh cao sức mạnh của nó, nếu ban lãnh đạo tự tin quyết định dân chủ hóa trong “cửa sổ cơ hội” ấy, họ sẽ thành công. Tác giả cho rằng, nếu chần chừ hay cố bám lấy chế độ độc tài, giới lãnh đạo sẽ bỏ lỡ cơ hội. Khi khả năng dân chủ hóa từ thế mạnh không còn nữa, và chỉ có thể dân chủ hóa từ thế yếu, sẽ hoàn toàn không tốt cho bản thân họ. Vì lúc đó, họ có thể thất bại thảm hại, và bị lịch sử nguyền rủa, đồng thời đem lại bất hạnh cho quốc gia – dân tộc. Việt Nam vẫn đang trong “cửa sổ cơ hội” đó, nhưng không kéo dài mãi, chần chừ là mất cơ hội ngàn năm có một! Tác giả gửi lời nhắn nhủ đến Tổng Bí thư Tô Lâm, lưu ý ông cần có sự tự tin cần thiết để giành chiến thắng và giữ vững ổn định. Hiện tại của Việt Nam đang hội đủ tất cả các tín hiệu cần thiết, và những tín hiệu ấy đều đi theo chiều hướng khả quan. Hy vọng, Tô Đại tướng sẽ không hiểu sai những tín hiệu ấy!",Minh Vũ,thoibao.de
"Báo chí Việt Nam tự ngu hoá, khi tấn công nền giáo dục phương Tây","Ngày 3/9, RFA Tiếng Việt đăng bài bình luận của blogger Nam Việt, với tựa đề “Lời hăm dọa trong đầu năm học mới”. Tác giả cho biết, tháng 9, mùa nhập học ở Việt Nam. Nhiều tờ báo ở Việt Nam – vẫn trung thành với đường lối sợi chỉ đỏ xuyên suốt – lại mở chiến dịch tấn công phương Tây, đặc biệt là Mỹ, với chủ đề mập mờ là trẻ em ở các nước đó, luôn khốn khổ vì tiền ăn học. Bên cạnh đó, cũng có những quảng cáo nhân dịp này, hết sức trơ trẽn cho Trung Quốc, với chú thích riêng đặc biệt như: “Trung Quốc miễn học phí và sách giáo khoa”. Tác giả nhận xét, phóng viên tờ báo và cả Ban Biên tập, chắc cũng chưa bao giờ cất công tìm hiểu, xem các quốc gia trên thế giới có bao nhiêu nước miễn học phí và sách giáo khoa cho trẻ em. Thậm chí, có thể, họ cũng không biết là việc học của trẻ em ở các nước bị dè bỉu đó, luôn được sắp xếp mức độ nhanh chóng nhất, mà không cần biết có hộ khẩu hay không, hay đứa bé từ đâu đến. Mà cũng có thể biết rõ, nhưng họ nhắm mắt như kẻ mù lòa lần theo sợi chỉ đỏ. Ý nghĩa cuối cùng của các chiến dịch bóp méo chỉ là lời dọa dẫm: Thế giới ngoài kia đáng sợ lắm, và như hiện nay của Việt Nam, có nghèo cũng bình an! Và nếu như ai đó nhìn thấy có khó khăn, thì đó cũng là chuyện chung của mọi người chứ không chỉ riêng ta. Theo tác giả, chỉ cần lần trên internet, ai cũng có thể tìm thấy giọng điệu chủ đích, không hề thay đổi của các tờ báo, từ năm 2022 đến 2024, trong tin tức về giáo dục của các nước cường thịnh hơn Việt Nam gấp nhiều lần. Tác giả đánh giá, rất ít tiếng nói ở trong nước dám phản đối mạnh mẽ, hay yêu cầu chấm dứt việc thu tiền nhiều kỳ, hàng năm ở các nhà trường, mà lúc nào ngôn luận cũng nhân danh đỏ rực đến lợm giọng: vì “sự tiện lợi và ưu tiên cho học tập” của con em chúng ta. Bản thân các mẫu câu giới thiệu rất kêu của những chuyện rút rỉa công khai tiền của, từ những bậc cha mẹ, qua nhiều năm, thực sự cũng đã bốc mùi một cách kinh khủng ở các nhà trường, mà không hề thấy bóng dáng lời giải thích của các quan chức giáo dục nhà nước, cho biết đã hành động như thế nào với ngân sách giáo dục phổ thông, để thiếu thốn tràn lan đến như vậy. Tác giả đề cập đến một video mới đây trên TikTok, ghi lại một buổi họp phụ huynh, trong đó, giáo viên yêu cầu đóng góp tiền đầu năm, lắp máy lạnh cho mọi lớp. Một phụ huynh đã giận dữ nói rằng, “đóng góp” ở đây là như thế nào, đóng góp có thời hạn, hay là cho tặng? Vị phụ huynh đó đặt vấn đề rằng, nếu gọi là góp phần đóng góp cho năm học của con em mình, vậy thì, cuối năm máy lạnh đó có cho thanh lý, và người ta có thể đấu giá mua lại không? Và năm học mới của những học sinh tiếp sau đó, lại tiếp tục đóng góp lắp máy lạnh, thì những chiếc máy lạnh cũ đó đi đâu? Không nghe thấy tiếng trả lời giáo viên, nhưng chắc, giáo viên cũng không thể trả lời được, bởi những chuyện như vậy luôn thuộc về “chính sách lớn”, mà chỉ có những người lãnh đạo cấp cao thì thầm riêng trong những căn phòng gắn máy lạnh của họ. Tác giả bình luận, đã có không ít phụ huynh Việt Nam quyết định rời bỏ đất nước, đưa con em mình đi sống ở một quốc gia khác, vì nhìn thấy rằng, việc được hưởng lợi từ giáo dục cho con em mình, từ tiền của cho đến tri thức. là vô giá. Khó khăn của các nước tư bản trong giáo dục phổ thông, mà báo chí Việt Nam luôn nhắc, không bao giờ được so sánh với những ngôi trường vùng cao phải đu dây mạo hiểm qua sông, hay học trò ăn cơm với muối trường kỳ để thu thập kiến thức tạm đủ, cho một chuyến bán sức lao động miệt mài ở phương xa khi trưởng thành. Tác giả mỉa mai, báo chí Việt Nam chỉ mở một mắt để nhìn vào điểm cần triệt hạ, và nhắm một mắt để từ chối nhìn thấy thế giới quan chung quanh thật sự ra sao. Người viết báo cứ tự ngu hóa bản thân, mà không thấy, điểm đến chỉ còn là sự ấu trĩ và hèn nhát của chính mình.",Xuân Hưng,thoibao.de
"Đám đông đấu tố Chu Ngọc Quang Vinh rất vô học, vô tri","Ngày 3/9, Facebooker Dương Quốc Chính bình luận trên trang cá nhân của mình “Đảng phải ơn dân hay dân phải ơn Đảng?” Thoibao.de trích giới thiệu bài viết này đến quý khán thính giả, nội dung như sau: Nhân ngày 2/9 mà xảy ra vài sự kiện rất đáng buồn cho cái xã hội này. Cháu bé Yên Bái, từng giải nhất quý Olympia, là người có hiểu biết và trí tuệ chứ không phải vô tri. Bối cảnh diễn ra câu chuyện này, đó là, cháu Quang Vinh đăng câu chuyện kia lên bảng tin Facebook (không phải status) và hạn chế số người xem là bạn bè, với chỉ 16 người, trong đó có 1 bạn học trường Nguyễn Huệ. Từ đó mình đoán là, 15 bạn kia cùng học trường Chuyên Nguyễn Tất Thành (bạn học cháu này) và bạn “nội gián” là bạn trường Nguyễn Huệ? Phát ngôn trong 1 nhóm rất nhỏ như vậy, thực ra không khác gì anh em chém gió quán bia, nhiều khi là bịa chuyện cho vui. Ai cũng có những phút giây như vậy, kiểu như 1 vị lãnh đạo từng chém trong “nhóm kín” là “rõ ràng, sòng phẳng, mẹ nó sợ gì”, trước cả ống kính máy quay của các hãng truyền thông quốc tế (nên bị ghi âm). Hay Chủ tịch Hồ Chí Minh cũng từng nói (truyền khẩu): “Thà liếm giày Tây còn hơn ăn cứt Tàu”. Tất nhiên không chính thức. Hơn nữa, vụ việc diễn ra từ lúc 22h đến 23h đêm, cháu bé đã gỡ bức ảnh trên bảng tin Facebook. Đến 5h sáng thì cháu Quang Vinh đã có lời xin lỗi trên Facebook và 10h sáng thì khóa Facebook. Tức là phạm vi ảnh hưởng của bản tin này là cực kỳ thấp. Như vậy chứng tỏ, trong 16 bạn (mà cháu kia tin tưởng) có ít nhất 1 “nội gián”, đã chụp màn hình làm hại bạn. Nếu suy xét cho kỹ, thì chính thằng đó mới mắc tội tuyên truyền, phát tán thông tin “độc hại” ra đám đông, nên giờ có hàng vạn người biết. Cháu bé kia chả tội tình gì, vì nó có chê Đảng trước mặt Đảng đâu, nó nói chuyện riêng với 16 đứa bạn (chắc cùng lứa thôi). Về tổng thể, đám đông đang húc thằng bé này là rất vô tri, nếu có tư tưởng “yêu nước”, thì nên đi húc thằng nào phát tán nội dung kia, để anh em đọc được. Chứ nó không phát tán thì ai biết? Về nội dung, đại đa số đám đông đấu tố cho rằng, cháu bé kia vô ơn với Đảng, đất nước, quê hương. Tư duy đó rất ngớ ngẩn, hiểu hoàn toàn sai bản chất nội dung thằng bé viết. Nó có ý chê trách “Đảng là thế lực xấu, lừa dối dân”, nó không chối bỏ quê hương, không chê trách quê hương, đất nước, mà đối tượng chê trách cụ thể của nó là Đảng mà thôi. Vậy, tại sao báo chí lẫn đàn bò lại đấu tố nó là vô ơn, chỉ mưu cầu hạnh phúc cá nhân? Ai mà chả mưu cầu hạnh phúc cá nhân, nhất là với 1 thằng bé, nó học hành phấn đấu vì mục đích cá nhân là đáng quý hơn nhiều bạn bè học vì bố mẹ bắt học. Nhân ngày 2/9, cũng cần nhắc lại 1 câu của Chủ tịch Hồ Chí Minh đã đưa vào tuyên ngôn độc lập: “Tất cả mọi người đều sinh ra bình đẳng. Tạo hóa cho họ những quyền không ai có thể xâm phạm được, trong những quyền ấy, có quyền được sống, quyền tự do và quyền mưu cầu hạnh phúc”. Như vậy, cháu bé kia bày tỏ nguyện vọng là chán ghét Đảng, muốn được đi ra nước ngoài sống. Vậy là, nó đang thực thi cái quyền mà không ai có thể xâm phạm được như trên. Vậy sao đấu tố nó? Nó làm vậy đâu có phạm pháp gì. Nó ra nước ngoài gửi kiều hối về xây dựng quê hương thì chả tốt, chả yêu nước, yêu quê hương và cả 1 phần rửa mặt cho Đảng. Trong vụ việc này, cơ quan chức năng cũng không làm được gì nó hết, anh em bò đỏ đừng có hí hửng để dọa lẫn nhau. Vì nó viết vậy không có gì sai luật cả. Chỉ có điều là cháu bé còn bốc đồng, nên cách viết mang cảm tính quá. Ví dụ như bảo Đảng là thế lực xấu, lừa dân, thì nên cụ thể vào 1 tình huống cá biệt, không nên chém phong long như vậy! Vì thực tế, Đảng cũng có lúc xấu và lừa dân, nhưng không phải lúc nào cũng xấu và lừa dân cả! Về lòng biết ơn, thực ra chả liên quan gì đến vụ này. Bởi vì bố mẹ nó nuôi nó ăn học, thầy cô nó dạy dỗ nó, chứ Đảng và nhà nước không trực tiếp nuôi dạy nó thành người. Đảng và nhà nước bản chất do dân nuôi, bằng tiền thuế của dân, chứ Đảng và nhà nước không nuôi dạy dân. Đảng chỉ lãnh đạo thôi. Nhưng Đảng cũng phải lấy dân làm gốc, chứ không có dân làm gì có đảng? Đảng là đầy tớ của nhân dân mà? Vậy ai phải ơn ai? Còn tư tưởng cho là nhờ có Đảng chúng ta mới có cuộc sống hôm nay, cái này hơi đúng, nhưng hiểu đúng nó rất khác. Nếu không có Đảng, biết đâu, ta lại giàu như Hàn Quốc, Đài Loan, Nhật bản, Đức, tuy bị đế quốc đô hộ 1 thời gian nhưng sau đã rũ bùn đứng dậy ngồi chung mâm với mẫu quốc? Nên không có chuyện ơn huệ ở đây. Vì nhỡ không có Đảng, chúng ta lại ấm no, hạnh phúc hơn? Không có gì là chắc chắn cả, nên đừng có bàn chuyện ơn huệ, nếu…thì… Về mặt logic, bối cảnh hay nội dung, thì cháu bé cũng chả làm gì sai, hoặc cái sai nhỏ, nếu có cũng chỉ ảnh hưởng tới 16 bạn, không đáng kể, nên coi như không sai. Thêm nữa là, cháu này còn vị thành niên, không thể xử lý được với cái gọi là tội bé tý kia. Còn về thái độ, nói chung, đám đông đấu tố là rất vô học rồi. Với 1 đứa trẻ, dưới 18 tuổi, nó bộc lộ quan điểm rất ôn hòa và không ảnh hưởng tới ai, thì nếu có xung đột quan điểm, cũng cần phải ôn hòa nhã nhặn. Chứ không thể vì nó có triệu chứng phản động thì đào tận gốc, trốc tận rễ 3 đời nhà nó, như đám bò đang hô hào. Chuyện này thì đúng là nhờ có Đảng, mới có đám đông này. Cháu Quang Vinh ạ, có lẽ cháu đang hoang mang và cô đơn với đám đông quanh cháu. Nhưng còn có nhiều người khác nữa vẫn ở bên cạnh cháu. Cháu có thể lựa chọn yêu nước bằng cách riêng của mình, như lời Bác Hồ dạy nhé.",Thu Phương,thoibao.de
"Tấn công vào trường Fulbright, được coi là tấn công vào mối quan hệ Việt – Mỹ.","Ngày 1/9, blog Lê Quốc Quân trên VOA Tiếng Việt bình luận “Cáo buộc sai trái về trường Fulbright: Động cơ và hệ luỵ”. Tác giả cho biết, kể từ đầu tháng 7, các YouTubers và dư luận viên đã đưa lên mạng xã hội nhiều bình luận sai trái, vu khống trường Fulbright Việt Nam nhiều vấn đề, trong đó có việc gắn trường Đại học này với việc đào tạo nhân sự làm “cách mạng màu”. Tác giả dẫn thông báo của Đại học Fulbright trên Facebook, ngày 14/8, khẳng định, các tuyên bố được lan truyền trên các nền tảng mạng xã hội, là những “thông tin sai lệch với mục đích thao túng”. Cụ thể, chiến dịch “đánh phá” dường như đã được lên kế hoạch, kể từ sau lễ tốt nghiệp của trường vào đầu tháng 6. Sau đó tăng dần về số lượng, cường độ và những gán ghép khi cách mạng “đường phố” ở Bangladesh diễn ra. Theo tác giả, những bình luận và thông tin tấn công trường Fulbright, xuất hiện cùng thời gian với những kênh YouTube, trong đó có thể kể đến kênh Tuyền Văn Hoá, với hơn 2 triệu người đăng ký. Ngày 21/8, Kênh truyền hình quốc phòng Việt Nam đăng một phóng sự video với nhan đề “Không để cách mạng màu đổi màu giáo dục”. Mặc dù ngôn ngữ có vẻ nhẹ nhàng hơn, nhưng trực tiếp nhắm vào trường Fulbright, và gắn kết hoạt động của trường với những khả năng về những cuộc “cách mạng màu” đã và đang xảy ra trên thế giới. Vẫn theo tác giả, chỉ 5 ngày sau đó, Bộ Ngoại giao Việt Nam đã phải đưa ra thông báo, ca ngợi các hoạt động của Đại học Fulbright, và sự hợp tác giáo dục Việt – Mỹ. Sau đó, video trên Truyền hình Quốc phòng, và một số video trên các kênh YouTube khác bị gỡ bỏ. Tác giả nhận xét, Đại học Fulbright là biểu tượng quan trọng về hợp tác giáo dục Việt – Mỹ, rộng hơn là cả quan hệ Việt – Mỹ trong hiện tại và tương lai. Cho nên, tấn công vào trường Fulbright, được coi là tấn công vào mối quan hệ Việt – Mỹ. Việc chủ ý tấn công có vẻ đã âm ỉ từ lâu, nhưng bắt đầu được kích hoạt khi có những biến động gần đây ở Bangladesh, với người tạm đứng đầu Chính phủ Bangladesh là ông Muhammad Yunus, vốn là một cựu sinh viên Fulbright. Tác giả quan sát và lưu ý, khi các YouTuber và Tiktoker trên mạng xã hội bắt đầu tấn công trường Fulbright, thì trên trang Wikipedia liên tục có những chỉnh sửa. Nếu chúng ta xem lại lịch sử chỉnh sửa của trang, thì thấy rõ, cuộc giằng co chỉnh sửa rất nhiều. Cụ thể, ngày 10/8 đã có 2 chỉnh sửa, và đỉnh điểm đến ngày 17/8, có đến 8 chỉnh sửa trong một ngày. Rất nhiều thông tin đã được thêm vào rồi lại bị lấy ra, bởi các bên khác nhau, cùng thời gian với các YouTuber và Tiktoker xuất hiện tấn công trường. Đó chính là sự giằng co giữa 2 lực lượng “tiến bộ” và “phản động”, cấp tiến và bảo thủ, trong tư duy xây dựng mối quan hệ giữa Việt – Mỹ. Tác giả nhận định, sâu xa hơn, việc tấn công và trường Fulbright có thể là một cuộc “thăm dò”, từ cấp cao nhất là Ban Tuyên giáo Trung ương, về quan hệ giữa Việt Nam và Hoa Kỳ, trong quá trình đấu tranh giữa các phe nhóm, sau sự ra đi của Tổng Trọng. Tuy vậy, phản ứng của Bộ Ngoại giao trong vụ việc này, là chiến thắng của những người vì tương lai tốt đẹp hơn cho Việt Nam. Tác giả cho rằng, có lẽ, đã đến lúc, cộng đồng tiến bộ phải đứng lên cùng trường Fulbright, nêu rõ những sai phạm của các cá nhân trong vụ việc kể trên, để cảnh tỉnh những kẻ “thiếu hiểu biết”, nghe theo sự xúi dục của thế lực bảo thủ, làm điều sai trái, bất lợi cho quan hệ Việt – Mỹ và tương lai đất nước. Trước mắt, trường có thể lấy lại các video và các bình luận xuyên tạc, ác ý, để làm bằng chứng tố cáo họ vi phạm Điều 331 của Bộ luật Hình sự, hoặc ít nhất, cũng phải bị xử phạt theo Tiết a, Khoản 1, Điều 101 – Nghị Định 15/2020/NĐ-CP ban hành ngày 3/2/2020",Quang Minh,thoibao.de
"Đây là câu chuyện của ngành giáo dục, chứ không phải ngành công an","– Thái Hạo – Trong giáo dục tiến bộ, việc khuyến tấn để học sinh nói thật suy nghĩ của mình là điều vô cùng hệ trọng, và nó được bảo vệ. Vì sao? Thứ nhất, đó là quyền con người, quyền công dân, thứ quyền thiêng liêng mà thế giới văn minh và cả hiến pháp của nước Việt Nam đều ghi nhận. Thứ hai, điều đó có ý nghĩa và giá trị đặc biệt trong giáo dục cũng như trong quản trị xã hội. Nếu một học sinh nói ra suy nghĩ, nhìn nhận, đánh giá… của mình, và là nói đúng, thì điều đó đang giúp cho nhà giáo dục củng cố/ khẳng định được rằng cách thức của mình là đúng; nhưng điều em học sinh kia nói ra là sai, là méo mó, là nông cạn…, thì nhà giáo dục phải tự coi lại để tìm cho ra nguyên nhân, rằng nội dung, phương pháp giáo dục của mình đang không ổn ở đâu. Và phải tìm cách điều chỉnh. Đây chính là “bí quyết” để mọi thứ không ngừng được hoàn thiện, thay vì bị tha hóa. Hãy hình dung, nếu học sinh không nói thật suy nghĩ của các em, cái gì cũng vâng dạ, cũng đồng ý, cũng “ok”, nhưng trong bụng thì chúng mù mờ hoặc nghĩ khác, thì đó không những là một tai họa tiềm tàng, mà còn là một thiệt hại hiện tiền. Nhà giáo dục không thể biết được mình đang đúng hay đã sai, và cứ thế cắm cúi giảng bài, trong khi học sinh không thu nhận được gì hoặc âm thầm phản kháng. Một chương trình giáo dục hay một chính sách xã hội được ban ra, giả sử nó đúng, nhưng lại khiến học sinh và người dân phản ứng, thì ít nhất chủ thể phải tự coi lại, xem khâu “truyền đạt” của mình đang có vấn đề ở chỗ nào. Nếu mọi người không hiểu, không tin, không đồng ý nhưng lại đồng loạt gật đầu, thì hậu quả sẽ thế nào? Chắc ai cũng hình dung được. Cho nên, việc nói ra cái suy nghĩ thật của mình, giả sử suy nghĩ ấy là ấu trĩ đi chăng nữa, nó cũng vẫn là một món quà cho nhà quản lý, nhà giáo dục. Đại diện công an tỉnh Yên Bái cho biết đơn vị đang xác minh, xử lý về việc phát ngôn không phù hợp của nam sinh tên Chu Ngọc Quang Vinh Câu chuyện về một phát ngôn của em học sinh lớp 12 đang ồn ào trên báo chí và mạng xã hội, là câu chuyện của ngành giáo dục, chứ không phải ngành công an. Bạn sinh một đứa con ra, nuôi nấng, dạy dỗ hết lòng, nhưng nó vẫn có thể không yêu bạn hoặc không hợp với bạn. Điều đó rất phổ biến và không ngạc nhiên, dù đáng buồn và có thể khiến bạn đau lòng. Nhưng bạn không thể vì thế mà mời công an vào để “làm việc” với nó. Bạn chỉ có thể làm điều đó (mời công an) khi nó có những hành vi phạm pháp, ví dụ như bạo lực đối với cha mẹ. Còn sự yêu ghét, lòng tin tưởng hay những cảm xúc cá nhân, đó là tình cảm tự nhiên của con người. Không ai đi mời công an khi có một người không thích hoặc không tin mình cả. Trên hết, nếu muốn thể hiện bản lĩnh hoặc sự yêu thương thật lòng, bạn vẫn phải đi bằng con đường của giáo dục chân chính, còn không thì phải tôn trọng những xúc cảm tự nhiên ấy. Bao dung và tôn trọng, đó là những phẩm chất của một xã hội văn minh. Chính nó mới nâng đỡ học sinh và con người nói chung, để họ yêu quý, tin tưởng, đền đáp…, bằng chính tình cảm chân thật của họ. Mọi sự cưỡng bách, nhất là cưỡng bách tình cảm và suy nghĩ của con người, đều sẽ để lại những di chứng và di hại lâu dài, không những cho cá nhân mà còn cho xã hội. Tôi nghĩ, lúc này, đây chính là một cơ hội quý để ngành giáo dục và cộng đồng thể hiện sự văn minh ấy của mình, thay vì chứng tỏ điều ngược lại./.",Thái Hạo,thoibao.de
"Những chiến dịch nhân danh yêu nước để sách động tấn công trên mạng, gây hậu quả như thế nào?","Ngày 30/8, Blog Trân Văn trên VOA Tiếng Việt bình luận “Giá của thao túng đám đông sẽ ở mức nào?”. Theo tác giả, không phải tự nhiên mà nhiều cá nhân, nhiều nhóm, trở thành cực đoan đến mức lố bịch. Đồng hóa Đảng Cộng sản Việt Nam với quốc gia, dân tộc, nhân danh “bảo vệ Đảng, bảo vệ chế độ Xã hội Chủ nghĩa”, để săn đuổi, truy bức người khác, đã trở thành “phong trào”. Những hành vi tàn tệ và không có bất kỳ xứ sở, xã hội văn minh nào chấp nhận, lại được hệ thống chính trị, hệ thống công quyền tại Việt Nam hướng dẫn và hỗ trợ. Tác giả nói rõ hơn, sự hướng dẫn và hỗ trợ đó thể hiện rất rõ qua việc, Bộ Văn hóa – Thể thao – Du lịch tuyên bố sẽ “xác minh”, sau khi nhiều cá nhân, nhiều nhóm, tấn công nghệ sĩ xiếc Quốc Nghiệp, khi video clip giới thiệu chuyến thăm Mỹ của gia đình này có sự xuất hiện lá cờ vàng 3 sọc đỏ. Lá cờ Việt Nam Cộng hòa trong video clip chỉ là chuyện ngoài ý muốn, song, các “chiến sĩ xung kích trên mặt trận văn hóa, tư tưởng” vẫn không dung tha. Cuộc tấn công theo hướng “đuổi tận, diệt tuyệt” được chính quyền ghi nhận, thông qua quyết định xác minh. Tác giả cho rằng, nếu các viên chức và cơ quan hữu trách hành xử đúng chức trách, bảo vệ các quyền hợp pháp, và lợi ích chính đáng của mọi công dân, xử lý những kẻ “nhân danh” vì suy diễn, quy chụp, lăng mạ người khác theo kiểu cực đoan, chắc chắn sẽ không tạo ra “cảm hứng”, để dẫn đến những chuyện như tấn công Đại học Fulbright Việt Nam, không làm các nghệ sĩ, ca sĩ khác hoảng sợ, đến mức lập tức tự kiểm điểm trên mạng xã hội. Tác giả nhận xét, không cần phân tích thì những người có hiểu biết ở mức bình thường, cũng hình dung được mức độ nguy hại đối với văn hóa xã hội, của thực trạng vừa đề cập, cả trong đối nội lẫn đối ngoại. Tuy nhiên, “tự khẳng định” vai trò, thông qua bày tỏ suy nghĩ, hành xử cực đoan cũng gây nguy hại không kém. Trường hợp ông Bùi Tiến Lợi là ví dụ để ngẫm nghĩ. Tác giả cho biết, ông Bùi Tiến Lợi vốn là Thượng tá, Chủ nhiệm Bộ môn Chủ nghĩa Xã hội khoa học, thuộc khoa Khoa học Xã hội và Nhân văn của trường Sĩ quan Công binh. Ngoài việc viết bài, ông còn cùng một số “đồng chí” làm các video clip, lập một số kênh “Chống diễn biến hòa bình” trên YouTube, để phản bác luận điệu của các “thế lực thù địch”. Với sự khuyến khích của một số viên tướng nghỉ hưu, ông Lợi xông lên, chống lại việc công nhận Việt Nam Cộng hòa, như một thực thể độc lập, để bảo vệ chủ quyền của Việt Nam tại biển Đông. Ông lên án đó là “lật sử”, “ngụy sử”. Tác giả cũng cho biết, năm 2018, một số người chịu khó theo dõi các diễn đàn điện tử và mạng xã hội, chưng hửng khi nhìn thấy quyết định của Đảng ủy trường Sĩ quan Công binh: “Loại Thượng tá Bùi Tiến Lợi – Chủ nhiệm Bộ môn Chủ nghĩa Xã hội khoa học, thuộc khoa Khoa học Xã hội và Nhân văn, khỏi Lực lượng 47 của nhà trường, vì… đưa thông tin trên mạng xã hội.” Tuy nhiên, quyết định vừa kể không làm ông Lợi chùn bước. Ông tiếp tục “tả xung, hữu đột” chống phản động, và chống thêm “những phần tử cơ hội chính trị”. Tác giả cho biết thêm, trong một video clip do chính ông Lợi thực hiện, vào tháng 6/2019, ông cao hứng tuyên bố: “Đừng bao giờ nghĩ rằng, cứ có các dữ liệu lịch sử thì có thể “vơ” đảo, lãnh hải, thềm lục địa đó là của mình… Ai đó nói rằng, Biển Đông, Trường Sa là của Việt Nam, thì đó là tuyên truyền trái với luật pháp quốc tế.” Vẫn theo tác giả, hệ quả là, tuyên bố này đã gây ra rất nhiều rắc rối cho Đảng và quân đội, khiến ông Lợi phải “im hơi lặng tiếng” một thời gian. Tháng 7/2020, Ủy ban Kiểm tra của Trung ương Đảng khóa 12 vẫn “giữ nguyên quyết định khai trừ ông Lợi ra khỏi Đảng của tổ chức Đảng cấp dưới”. Tuy nhiên, ông Lợi vẫn tiếp tục khiến hệ thống chính trị, hệ thống công quyền nhức đầu! Tác giả kết luận, bao nhiêu cá nhân đang “tác chiến trên không gian mạng” để được ghi công hiện nay, cũng giống như ông Lợi, chính là quà tặng dành riêng cho Đảng, giúp Đảng trải nghiệm thế nào là chơi dao – đứt tay, gieo gió – gặt bão.",Minh Vũ,thoibao.de
Vấn đề nhân quyền được đặt lên hàng đầu trong chuyến làm việc của Thứ trưởng Ngoại giao Mỹ tới Việt Nam,"Ngày 31/8, VOA Tiếng Việt đưa tin “Thứ trưởng Ngoại giao Mỹ Uzra Zeya thảo luận về các vấn đề nhân quyền tại Hà Nội”. VOA cho biết, 2 nhà ngoại giao hàng đầu của Mỹ phụ trách về nhân quyền, đang có chuyến công du đến Việt Nam, thảo luận việc thúc đẩy và bảo vệ nhân quyền, tự do tôn giáo, hỗ trợ cho các nhóm dân số dễ bị tổn thương và thiệt thòi. Thứ trưởng Ngoại giao Hoa Kỳ phụ trách An ninh Dân sự, Dân chủ và Nhân quyền Uzra Zeya, hôm 30/8, có cuộc “trao đổi hiệu quả” với Thứ trưởng Bộ Ngoại giao Việt Nam Hà Kim Ngọc, về bảo vệ và thúc đẩy nhân quyền. VOA dẫn trang X của bà Zeya, viết: “Hoa Kỳ tiếp tục kêu gọi Việt Nam bảo vệ nhân quyền, các quyền tự do cơ bản và pháp quyền.” Bên cạnh đó, Bà Allison Peters – Phó Trợ lý Ngoại trưởng, phụ trách dân chủ, nhân quyền và lao động, cũng tháp tùng bà Zeya trong chuyến công du Việt Nam. VOA trích dẫn bài viết trên X hôm 30/8, của Cục Dân chủ, Nhân quyền và Lao động, cho biết, phái đoàn của Mỹ “Đã thảo luận sôi nổi với Thứ trưởng Bộ Nội vụ Vũ Chiến Thắng, và Ủy ban Tôn giáo Chính phủ, về thúc đẩy tự do tôn giáo cho tất cả mọi người, cam kết tham gia vào việc tăng cường bảo vệ quyền tự do tôn giáo hoặc tín ngưỡng”. Trong khi đó, VOA dẫn báo Tin Tức của Bộ Ngoại giao Việt Nam, đưa tin rằng, tại buổi làm việc ở Bộ Nội vụ, 2 bên đã trao đổi thông tin, đối thoại về tình hình tôn giáo Việt Nam, làm rõ các vấn đề cùng quan tâm “trên tinh thần thẳng thắn cởi mở, tôn trọng thể chế chính trị của nhau, tăng cường hiểu biết, vượt qua sự khác biệt”. VOA cũng cho biết, ngoài ra, phái đoàn Mỹ còn có cuộc gặp với Thứ trưởng Bộ Lao động, Thương binh và Xã hội Lê Văn Thanh, đối thoại lao động giữa 2 nước, cũng như có cuộc gặp với Phó Chủ tịch Ủy ban Đối ngoại Ngô Lê Văn, về tiến độ thực hiện Quan hệ Đối tác Chiến lược Toàn diện. VOA dẫn lời kêu gọi của tổ chức Văn Bút Hoa Kỳ – PEN America đối với Thứ trưởng Zeya, thúc đẩy việc trả tự do cho các tù nhân chính trị, trong chuyến thăm Việt Nam của bà. Nhóm này nêu tên 2 nhà báo độc lập đang thụ án tù, là Phạm Đoan Trang và Lê Hữu Minh Tuấn, và kêu gọi nhà ngoại giao Mỹ can thiệp để họ được phóng thích. VOA dẫn ý kiến của blogger Nguyễn Văn Hải, từ Mỹ, cho rằng: “Các nhóm và những tác giả nổi bật như Phạm Đoan Trang, hay nhóm của Hội nhà báo độc lập, có được trả tự do trong đợt này hay không, thì còn tùy thuộc vào áp lực của Chính phủ Hoa Kỳ, và cộng đồng quốc tế đối với Việt Nam.” VOA dẫn nhận xét của nhà quan sát Nguyễn Văn Tri, từ Úc, rằng, ông không hy vọng nhiều lắm từ các phái đoàn ngoại giao Mỹ: “Thứ trưởng Bộ Ngoại giao hay cả ông Bộ trưởng Ngoại giao Mỹ mà có qua đến Việt Nam, có nói về vấn đề nhân quyền, hay tù nhân lương tâm, chế độ lao tù, thì cũng không có thay đổi.” Ông Tri phân tích, các chính phủ Mỹ, Liên hiệp châu Âu, hay Úc… “nhận thấy lợi thế địa chính trị của Việt Nam, nên họ cũng muốn o bế chính quyền Việt Nam, hơn là gây áp lực về vấn đề nhân quyền”. VOA dẫn nhận định của nhà báo Nguyễn Hà Hùng, từ Đức, rằng: “Những khuyến nghị và lời kêu gọi như thế này, không những tạo ra sức ép đối với nhà cầm quyền Việt Nam, mà còn an ủi những nhà văn, nhà báo, những người đang ở trong ngục tù, cũng như những người đang lên tiếng bên ngoài, để đấu tranh cho tự do, dân chủ.” “Quan trọng hơn, những khuyến cáo của các tổ chức quốc tế, hoặc của các quan chức nước ngoài, góp phần tăng cường nhận thức về các giá trị tự do, dân chủ đối với người dân.”",Xuân Hưng,thoibao.de
Những ai đứng tên cho khối tài sản khổng lồ của Nguyễn Xuân Phúc?,"Ngày 1/9, một nguồn tin nội bộ cho thoibao.de biết: Khối tài sản nhiều tỷ đô la Mỹ của vợ chồng Nguyễn Xuân Phúc – Trần Thị Nguyệt Thu, cho đến nay, đang là tâm điểm của dư luận và là thách đố đối với Uỷ ban Kiểm tra Trung ương và Cơ quan Cảnh sát điều tra Bộ công an, vì họ chưa có giải pháp thoả đáng để thu hồi triệt để. Như thông tin đã đưa trong các bài trước, vợ chồng Phúc – Thu đã nhờ những người thân đứng tên khối tài sản khổng lồ này: – Bùi Thị Thu Hà, vợ của Thiếu tướng Đàm Thanh Thế (anh em đằng mẹ ông Phúc). Hiện nay ông Thế đã viết đơn xin ly dị bà Hà. – Nguyễn Thị Thuý Duyên và Nguyễn Thị Ánh Linh, con gái đầu và thứ 2 của Nguyễn Quốc Dũng, anh trai Nguyễn Xuân Phúc. – Vũ Chí Hùng con rể và Vũ Chí Kiên (thông gia). Hiện nay Hùng đã ly dị Nguyễn Thị Xuân Trang, nhưng ông Phúc có xin Hùng tạm thời qua lại cho các cháu, con của Hùng và Trang khỏi sốc. Không dừng lại đó, Cơ quan Cảnh sát điều tra Bộ Công an đã tìm ra thêm một đầu mối đứng tên tài sản cho vợ chồng Nguyễn Xuân Phúc đó là Đặng Huỳnh Ức My (ngày sinh 12/12/1981 tại Sài Gòn, quê quán Hải Nam, Trung Quốc), chồng là Trương Hồng Quân. Đặng Huỳnh Ức My tốt nghiệp cử nhân ngành Quản trị kinh doanh và tài chính, tại Đại học Preston, New Zealand. Năm 2006, khi mới 25 tuổi, Ức My đã nắm giữ chức vụ Phó Giám đốc điều hành, Phó Tổng giám đốc thường trực Công ty Cổ phần Thành Thành Công. Đến tháng 7/2009, khi mới 28 tuổi, Ức My trở thành nữ Tổng Giám đốc trẻ tuổi nhất trong Tập đoàn Thành Thành Công. Hiện nay Ức My là Chủ tịch Hội đồng Quản trị kiêm Người đại diện pháp luật của Công ty Cổ phần Thành Thành Công Biên Hòa. Ức My được tình báo kinh tế Hoa Nam tuyển chọn năm 2015, khi đó, My mới 35 tuổi. My được tiếp cận với gia đình Nguyễn Xuân Phúc, thông qua cha mẹ là doanh nhân thành đạt Huỳnh Bích Ngọc và Đặng Văn Thành – người được mệnh danh là “ đại gia ngân hàng” – nguyên Chủ tịch Hội đồng Quản trị Sacombank liên tục trong 18 năm. Tuy nhiên, năm 2014, Sacombank đã bị gia đình ông Trầm Bê thâu tóm và sáp nhập vào Ngân hàng Thương mại Cổ phần Phương Nam – chính sự liều lĩnh này đã dẫn ông Trầm Bê và các thành viên thân hữu vào con đường lao lý đầy chông gai, để từ đây gây ra những ân oán hận thù dai dẳng giữa gia đình Trầm Bê và Đặng Văn Thành, mà đạo diễn chính đứng sau hệ luỵ này là Nguyễn Xuân Phúc. Cần nói rõ thêm: Đặng Văn Thành và Thân Đức Nam là 2 nhân vật đắc lực dùng tiền của chạy chức cho Nguyễn Xuân Phúc, từ “một gà què” lên “lộc đỉnh ký”. Ngoài ra, lúc Nguyễn Xuân Phúc đang làm Chủ nhiệm Văn phòng Chính phủ, thì Nguyễn Thị Minh Kỳ (sinh năm 1970, quê quán Quảng Ngãi, hiện là Chủ tịch Công ty Cổ phần Ô tô Đô Thành) cung phụng vợ chồng Thu – Phúc như con phụng dưỡng cha mẹ. Từ cái tăm, đến đôi tất, quần áo lót của gia đình Thu – Phúc, bà Kỳ đều đi Nhật mua sắm. Bà Kỳ cũng là trung gian dẫn Đặng Văn Thành đến gặp vợ chồng Thu – Phúc, và xúi bà Thu mua cổ phần của Công ty Sacombank – Thu cho em trai Trần Công Tấn đứng tên. Tấn là chủ nhân của các đập thuỷ điện Sông Tranh 1 và 2 – vì siêu lợi nhuận mà bỏ qua các yếu tố kỹ thuật an toàn cho người dân – gây ra thảm hoạ môi trường và cản trở các hoạt động của dòng hải lưu, làm thiệt hại đến nền nông nghiệp của đất nước. Nguyễn Thị Minh Kỳ còn có em trai Nguyễn Văn Cựu, là thành viên Hội đồng Quản trị Sacombank, và là đệ tử thân tín của Đặng Văn Thành. Cựu từng là thành viên Hội đồng Quản trị độc lập Sacombank (từ 2013 đến tháng 6/2017), và là Phó Chủ tịch Hội đồng Quản trị Ngân hàng Bản Việt (từ ngày 24/5/2010 đến ngày 28/9/2012). Hiện nay Nguyễn Văn Cựu là Chủ tịch Tập đoàn Đô Thành. Đặng Văn Thành là người giới thiệu, cũng là chủ hôn cho Vũ Chí Hùng và Nguyễn Thị Xuân Trang cưới nhau. Ông Thành cũng đứng tên 2 căn biệt thự tại Hoa Kỳ cho Nguyễn Xuân Hiếu (con trai thứ 2 của vợ chồng Thu – Phúc). Hiếu được mệnh danh là “hoàng tử ngủ lười”, qua Hoa Kỳ du học, nhưng Hiếu cứ cầm sách là ngủ – đến lớp là ngáy như sấm, cho nên Thành phải sang Hoa Kỳ chuyển trường cho Hiếu 2 lần (trường Tư do người Hoa điều hành, nên Thành xin được bảng điểm tốt cho Hiếu). Quay trở lại với Đặng Huỳnh Ức My, bà My không chỉ đứng tên tài sản cho vợ chồng Phúc – Thu, mà còn dùng tiền dơ bẩn đó trực tiếp kinh doanh, tạo lợi nhuận cho gia đình này. Năm 2019, Phúc công khai nhận Ức My làm con nuôi. My hiện nay tập trung kinh doanh mía đường, giáo dục, y tế, bất động sản, chứng khoán… Hiện nay, gia đình Đặng Văn Thành đang mâu thuẫn trầm trọng, vì Đặng Văn Thành yêu cầu con gái rót tiền cho anh hai Đặng Hồng Anh và em trai út Đặng Huỳnh Thái Sơn, nhưng Ức My nhất quyết không thực hiện, nhằm giữ uy tín với gia đình Nguyễn Xuân Phúc. Theo thông tin nội bộ từ gia đình Đặng Văn Thành, thì Nguyễn Huỳnh Ức My đang nắm giữ khoảng 2 tỷ đô của vợ chồng Phúc – Thu… Trong một đất nước kém phát triển, hàng triệu người dân Việt Nam còn khổ sở – không đủ tiền điều trị y tế, hàng trăm ngàn người phải đi vượt biên hoặc lao động xuất khẩu mỗi năm, với ước mong đổi đời để nuôi sống gia đình. Vậy mà, đại gia đình Phúc – Thu tìm muôn ngàn phương thức, bòn rút ngân khố, cướp của nhân dân, lợi dụng hệ thống tư pháp non pháp và hèn kém, để tạo nên những bất công cho xã hội, nhằm thu lợi bất chính và xây dựng quyền lực. Điều nguy hại hơn nữa là, không chỉ một cá nhân sử dụng quyền lực chính trị để hà hiếp người dân yếu thế, trả thù cá nhân, mà tư tưởng tội ác đó được tôi luyện như một “bản năng bền vững”, nối truyền qua các thế hệ: Từ anh trai Nguyễn Quốc Dũng – nguyên Viện trưởng Viện Kiểm sát Nhân dân Đà Nẵng, em vợ Trần Công Tấn – ông chủ đứng sau điện lực Sông Tranh I và II, con rể Vũ Chí Hùng – phó Tổng cục trưởng Tổng cục Thuế, và bản thân nguyên Thủ tướng Chính phủ – Chủ tịch nước Nguyễn Xuân Phúc, dọn đường cho cả thế hệ con cháu là Nguyễn Xuân Hiếu hiện là Phó Bí thư Tỉnh đoàn Bắc Giang – một kẻ bất tài vô dụng. Tưởng chừng, Phúc – Thu chỉ tham lam, ngu dốt, nhưng vợ chồng này còn làm nhiều chuyện trái luân thường đạo lý, như: lừa thầy phản bạn, gắp lửa bỏ tay người, chỉ đạo bắt kết án oan sai nhiều cá nhân và doanh nghiệp, như Đinh Ngọc Hệ (Út “trọc”), Phan Văn Anh Vũ (Vũ “nhôm”), Trầm Bê, Trần Bắc Hà… Từ cổ chí kim chưa một bạo chúa tàn ác và ngu dốt nào mà có kết cục có hậu – cuối cùng số phận cũng bạc bẽo. Cái chết của Gaddafi, Saddam Hussein, là bài học điển hình về luật nhân quả. Vì thế, nguyên Thủ tướng Chính phủ- Chủ tịch nước Việt Nam Nguyễn Xuân Phúc và đệ nhất phu nhân Trần Thị Nguyệt Thu, với bản tính tham lam, tâm địa độc ác, sẽ không thể tránh khỏi quy luật “ác giả ác báo”. Càng mưu mô nham hiểm thì càng nhận được cái kết cục bi đát và bất ngờ!!!",nan,thoibao.de
Mùa thu Toronto nhớ về những chiến hữu trên đường Đông Tiến,"Năm nay, bên cạnh những khuôn mặt thân quen, tôi còn nhìn thấy những gương mặt trẻ, những người lần đầu đến nơi này. Có lẽ họ cũng giống tôi lần đầu tới đây. Trong ánh mắt họ, tôi thấy sự tò mò, nhưng cũng bao gồm cả sự trân trọng cho những người lính đã ngã xuống. Những người “mang gươm đi mở cõi” trong văn chương, chí lớn chưa thành nhưng hồn tử sĩ vẫn làm hậu thế ngả mũ cúi chào.",Minh Nhật ,viettan.org
Vận động cho nhân quyền Việt Nam tại Quốc hội Hoa Kỳ,"Một phái đoàn của Việt Tân đã đến Quốc hội Hoa Kỳ, hôm 17 tháng 6 năm 2024, kêu gọi các nhà dân cử Mỹ lưu tâm đến tình trạng của các tù nhân lương tâm tại Việt Nam và tình trạng kiểm duyệt mạng xã hội Facebook.",Ban Biên Tập Việt Tân,viettan.org
Hãy là ngọn gió đổi thay!,"Cộng Sản biến đất nước ta thành một bãi rác đạo đức khổng lồ, hôi tanh và thầy Minh Tuệ là một cơn gió thoảng mang lại một chút không khí trong lành cho đất nước.Đảng Cộng Sản có thể sẽ dập tắt hiện tượng Minh Tuệ, nhưng tinh thần Minh Tuệ sẽ sống mãi nếu mỗi người chúng ta hãy tự thay đổi mình để trở thành một Minh Tuệ, để giữ cho ngọn lửa Minh Tuệ sáng mãi trong tâm thức của người dân Việt Nam.",Trần Nghị,viettan.org
Hội nghị Thượng đỉnh Geneva về Nhân quyền và Dân chủ kỳ thứ 16,"Ngày 15/5/2024, tại Geneva, Thụy Sĩ đã diễn ra Hội nghị Thượng đỉnh về Nhân quyền và Dân chủ kỳ thứ 16 (The 16th Annual Geneva Summit for Human Rights and Democracy).Mục đích của Hội nghị Thượng đỉnh về Nhân quyền và Dân chủ là đề cập đến tình trạng nhân quyền và đặc biệt là để hướng cộng đồng thế giới quan tâm đến một số trường hợp cần phải có sự can thiệp nhanh chóng để giảm đi những khổ nạn có thể xảy đến với các nạn nhân.Hội nghị thượng đỉnh Geneva được tài trợ bởi một liên minh gồm 25 tổ chức phi chính phủ về nhân quyền từ khắp nơi trên thế giới, trong đó có Đảng Việt Tân.",Youtube Việt Tân,viettan.org
Cựu TNLT Châu Văn Khảm gặp gỡ đồng hương tại Hoa Kỳ,"Nhân chuyến thăm Hoa Kỳ, ông Châu Văn Khảm, một đảng viên Việt Tân, người đã bị nhà cầm quyền Việt Nam bắt giam trong gần 5 năm qua bản án 12 năm tù giam với cáo buộc “khủng bố nhằm chống chính quyền nhân dân,” đã có một buổi gặp gỡ đồng hương và thân hữu tại Orange County, Nam California hôm 11/5/2024.",Lạc Việt,viettan.org
Có nên chặt cây xanh để xây đường sắt trên không?,"Không cần phải nói dài dòng, ích lợi của cây xanh trước tiên là thẩm mỹ, nhưng quan trọng hơn cả là nó giữ cho môi trường trong sạch bằng cách hút khí dioxit carbon và thải ra oxy. Chính vì thế khi đi trong rừng hoặc thậm chí dưới những con đường có hai hàng cây xanh lá thì chúng ta cảm thấy mát mẻ và dễ chịu. Cây xanh vì thế trở thành một phần của hệ sinh thái đô thị. Điều này không phải và không thể nói ngược lại.Vậy thì chặt bỏ hàng trăm (nếu tính cả hai thành phố Hà Nội và Sàigòn) thì phải nói là hàng ngàn cây để xây metro có phải là lý do hợp lý và chính đáng không?",Phạm Minh Hoàng,viettan.org
Thực trạng người lao động trẻ tại Việt Nam và giải pháp,"Theo thống kê của Tổng cục Thống kê Việt Nam, số người lao động trẻ từ 15 tuổi lên là 52,4 triệu, chiếm 53,3% tổng dân số.Thời gian qua, tình trạng thu nhập thấp và việc làm bấp bênh nói lên thực trạng khó khăn của người lao động Việt Nam, nhất là trong giới lao động trẻ.Các chuyên gia nói gì? Đâu là nguyên nhân và giải pháp?",Youtube Việt Tân,viettan.org
"Hội thảo ‘Hứa hẹn của Hà Nội, Thực trạng Nhân quyền tại Việt Nam’ trước phiên Kiểm điểm Định kỳ Phổ quát (UPR) của CHXHCN Việt Nam","Một ngày trước phiên Kiểm điểm Định kỳ Phổ quát (UPR) về tình hình nhân quyền tại CHXHCN Việt Nam, tám tổ chức nhân quyền Việt Nam và quốc tế sẽ cùng tổ chức một hội thảo vào ngày 6 tháng 5 năm 2024 để báo động tình trạng vi phạm nhân quyền đang tiếp diễn ở Việt Nam hiện nay.Hội thảo “Hứa hẹn của Hà Nội, Thực trạng tại Việt Nam & hành động để tranh đấu cho nhân quyền” sẽ quy tụ các chuyên gia và nhà hoạt động nhân quyền.",Các NGOs,viettan.org
Các nhà phân tích: Việc chủ tịch nước Việt Nam từ chức cho thấy đấu đá trong nội bộ đảng,"Các nhà phân tích cho rằng việc Chủ tịch nước Việt Nam Võ Văn Thưởng từ chức trong tháng này, chỉ sau một năm trong nhiệm kỳ 5 năm, cho thấy sự đấu đá trong nội bộ đảng Cộng sản và tình trạng bất ổn chính trị tại Việt Nam, ảnh hưởng đến khả năng thu hút đầu tư nước ngoài.",Linh Dan,viettan.org
"Biểu tình lớn tại miền Đông Cuba trong bối cảnh mất điện, thiếu lương thực","Hàng trăm người ở thành phố lớn thứ hai của Cuba, Santiago, đã tham gia vào một cuộc biểu tình công khai hiếm hoi vào Chủ nhật 17/3, theo các phương tiện truyền thông xã hội và báo cáo chính thức, khiến Chủ tịch Cuba Miguel Diaz-Canel phải lên tiếng kêu gọi đối thoại trong một “bầu không khí của sự yên tĩnh và hòa bình.”",Trung Điền,viettan.org
"Campuchia chuyển hướng thương mại sông Mekong qua kênh đào do Trung Quốc xây dựng, gây khó chịu cho Việt Nam","Tranh cãi về kênh đào [Phù Nam – Funal Techo] cũng phản ánh những căng thẳng địa chính trị sâu sắc hơn khi Campuchia cố gắng thoát khỏi sự phụ thuộc vào các tuyến thương mại do Việt Nam kiểm soát, làm suy yếu đòn bẩy khu vực của Hà Nội đồng thời nâng cấp khả năng ảnh hưởng của Bắc Kinh ở khu vực phía Nam sông Mekong.",Trung Điền,viettan.org
Những mối nguy hiểm tiềm ẩn trong con số GDP của Trung Quốc,"Amit Kumar, nhà phân tích và nghiên cứu của Chương trình Nghiên cứu Ấn Độ Dương-Thái Bình Dương của Viện Takshashila đã có phân tích về tình hình kinh tế Trung Quốc đăng trên tạp chí Foreign Policy, số ra ngày 11 tháng 3, 2024. Tác giả cho rằng tình trạng giảm phát và thiếu tiêu dùng đang là những vấn đề lớn đối với Bắc Kinh hiện nay.",Trung Điền,viettan.org
Một tài liệu mật chứng minh Việt Nam đang dối gạt các đối tác của họ,"Chỉ thị mới cho thấy các nhà lãnh đạo Việt Nam nhất quyết duy trì sự kiểm soát, đàn áp. Và họ lo ngại rằng những ảnh hưởng của nước ngoài có thể làm suy yếu chế độ độc tài.Sự hiện hữu của Chỉ thị 24 xoá tan hy vọng rằng các hiệp định thương mại quốc tế sẽ khiến Việt Nam nới lỏng sự kìm kẹp trong nước.",Xuân Lê,viettan.org
Tại sao chiến dịch chống tham nhũng của Việt Nam có thể phản tác dụng?,"Tăng trưởng kinh tế bền vững quả thực đã củng cố sự ủng hộ và niềm tin của công chúng vào sự cai trị của đảng Cộng Sản Việt Nam. Tuy nhiên, tham nhũng, tuy không phải là mới đối với hệ thống độc đảng của Việt Nam, nhưng lại là mối đe dọa đáng kể đối với ĐCSVN hiện nay. Điều này là do tình trạng tham nhũng tràn lan có thể dẫn đến sự yếu kém trong nền kinh tế, gây áp lực lên tính hợp pháp dựa trên hiệu quả hoạt động của đảng.",Trung Điền,viettan.org
Biển Đông 2024: “Vạc dầu Châu Á” sôi trào,"Hãy nhớ lại câu nói mà Tập nhắn nhủ với “người bạn thân thiết” Putin vào tháng 3/2023 “Hiện nay, có những thay đổi chưa từng xảy ra trong 100 năm. Khi chúng ta sát cánh bên nhau, chúng ta sẽ thúc đẩy những thay đổi này.”Đúng như Tập Cận Bình nhận định, đây đang là một thời điểm vàng cho ông ta và Putin theo đuổi những giấc mộng điên rồ nhất. Trong tình huống này, cả Đài Loan và Bãi Tư Chính của Việt Nam đều là những mục tiêu trong tầm ngắm, cân nhắc của Trung Nam Hải.",Tùng Phong,viettan.org
Sự trỗi dậy và sụp đổ của các cường quốc,"Paul Kennedy/ The New Statesman - Trung Điền lược dịch 04/03/2024 Vào tháng 1 năm 1988, tác giả Paul Kennedy chính thức xuất bản sách “The Rise and Fall of the Great Powers” (Sự Trỗi Dậy và Sự Sụp Đổ của các Cường Quốc). Vào lúc đó, tác giả đã tiên đoán về sự sụp đổ của Liên Xô và sự trỗi dậy của Trung Quốc. 35 năm sau (1988-2023), tác giả đã viết đoản văn này để đưa ra một số dự đoán về trật tự thế giới sắp đến.",Trung Điền,viettan.org
Liệu “sấm” Trạng Trình có đúng?,"Trong những ngày đầu xuân Giáp Thìn 2024, trên nhiều trang mạng xã hội, các hội nhóm có người đã trích dẫn đoạn thơ được cho là một câu sấm của Trạng Trình và bày tỏ lo ngại về biến chuyển thời cuộc, liên hệ về khoảng thời gian ứng nghiệm của câu thơ, cũng như những diễn biến địa chính trị trên thế giới và khu vực càng khiến đề tài thêm thú vị, nhận được quan tâm của dư luận. “Long vĩ xà đầu khởi chiến tranh Can qua xứ xứ khổ đao binh Mã đề dương cước anh hùng tận Thân, Dậu niên lai kiến thái bình.”",Tùng Phong,viettan.org
Bí quyết kiểm soát Internet của Trung Quốc,"Khi Internet lần đầu tiên có thể truy cập được trên toàn thế giới, những người lạc quan hy vọng rằng nó sẽ có thể phá vỡ khả năng kiểm soát thông tin của các chế độ độc tài. Người ta cho rằng các chế độ độc tài sẽ bất lực trong việc chống lại cuộc cách mạng thông tin được tạo ra bởi bản chất phi tập trung của Internet. Tuy nhiên, các nhà lãnh đạo Trung Quốc không nghĩ như vậy.",Trung Điền,viettan.org
Navalny đã thay đổi nước Nga như thế nào,"Đối với xã hội Nga đang bối rối, chán nản và thường xuyên bị bao vây bởi một chế độ ngày càng đàn áp, Navalny là nhân vật đoàn kết đơn độc. Mặc dù chính quyền Nga đã cách ly ông trong nhiều lớp biệt giam hơn bao giờ hết kể từ khi ông bị bắt khi trở về Nga vào năm 2021, nhưng ông vẫn tiếp tục giữ được tầm dũng cảm đó cho đến thời điểm qua đời. Cái chết của Navalny đánh dấu một bước đi mới đen tối trong quá trình theo đuổi quyền lực một cách tàn nhẫn của Putin. Nhưng nó cũng đặt ra một thách thức rõ ràng đối với phe đối lập ở Nga, vốn hiện phải tìm cách duy trì sự đoàn kết mà Navalny đã tạo ra và nắm bắt phong trào mà ông đã để lại.",Phạm Nhật Bình,viettan.org
Một số nỗ lực tiêu biểu của Đảng Việt Tân năm 2023,"Trong năm 2023 vừa qua, toàn thể đảng viên Việt Tân đã cố gắng đẩy mạnh các sinh hoạt nội bộ cũng như thực hiện các nỗ lực vận động người dân và quốc tế lên án CSVN về tình hình đàn áp nhân quyền và đặc biệt là phát động chiến dịch 50 Năm Hoàng Sa để vận động dư luận không quên Hoàng Sa và Trường Sa đang bị Trung Quốc chiếm đóng một cách phi pháp. Với rất nhiều nỗ lực âm thầm hay công khai thực hiện, anh chị em Việt Tân muốn chia sẻ đến quý vị ba công tác đã được thực hiện…",Ban biên tập,viettan.org
Nhớ TS Phạm Chí Dũng,"Bộ Công an, một lực lượng kiêu binh có thể tạo dựng chứng cớ để bắt bớ bất kỳ ai. Một chế độ “công an trị” theo mô hình Stasi ở Đông Berlin đã dần hình thành ở quê nhà. Trách cứ ai đây? Chúng là sản phẩm của thời đại chúng ta. Người dân Việt Nam vừa là nạn nhân vừa là đồng phạm với cái thể chế ấy.",Nguyệt Quỳnh,viettan.org
Hội luận trực tuyến “75 năm Quốc Tế Nhân Quyền: Góc nhìn khác về hiện tình Việt Nam”,"Hội luận trực tuyến chủ đề “75 năm Quốc Tế Nhân Quyền: Góc nhìn khác về hiện tình Việt Nam” lúc 9:30 tối thứ Sáu ngày 8/12/2023 với sự góp mặt của các diễn giả: Luật sư Nhân quyền Nguyễn Văn Đài, cựu Tù nhân Lương tâm Paulus Lê Sơn và cựu TNLT Nguyễn Viết Dũng do MC Thanh Lan điều hợp.",Youtube Việt Tân,viettan.org
Việt Tân kính tiễn biệt Đại lão Hòa Thượng Thích Tuệ Sỹ,"Việt Tân xin tiễn biệt Đại lão Hòa Thượng Thích Tuệ Sỹ và gửi lời chia buồn sâu sắc tới các thành viên Giáo Hội Phật Giáo Việt Nam Thống Nhất.Hòa Thượng Thích Tuệ Sỹ sẽ luôn được nhớ đến, không chỉ là một lãnh đạo tôn giáo nổi bật với các công trình nghiên cứu Phật học giá trị, mà còn ở tinh thần đấu tranh bảo vệ Phật Giáo tại Việt Nam",Ban Biên Tập Việt Tân,viettan.org
Ai là người ‘chống lưng’ cho bà Trương Mỹ Lan?,"Để một người phụ nữ có thể “một tay che trời” suốt thời gian dài qua, chắc chắn chống lưng cho bà Trương Mỹ Lan cũng phải là một thế lực cực khủng. Vì vậy, xử lý bà Trương Mỹ Lan cũng chỉ là hành động dư thừa nếu không vạch trần bộ mặt những kẻ đứng sau, cùng chung lợi ích nhóm, đã vơ vét 10% GDP của đất nước.",Linh Linh,viettan.org
Bố già nào đằng sau Trương Mỹ Lan Vạn Thịnh Phát,"Với 90% cổ phần ở Ngân hàng SCB, bà Trương Mỹ Lan đã sử dụng hơn 1.000 công ty trong hệ sinh thái của mình để bỏ túi riêng 304 ngàn tỷ đồng (khoảng 12 tỷ USD), chiếm 6% GDP Việt Nam. Những con số thật rùng mình đó khiến dư luận tự hỏi: Bố già nào đã che ô dù cho vụ cướp trắng trợn này?",Linh Linh,viettan.org
"Còn hơn 3 tháng mới đến Tết, nhiều công nhân nhập cư đã rục rịch trả phòng trọ về quê vì thất nghiệp","Vợ chồng chị Nhàn quê ở Bình Phước đang bắt đầu dọn dẹp để đầu tháng 12 trả phòng trọ tại TP.HCM về quê ăn Tết sớm. “Lần này về là về hẳn, không lên lại thành phố nữa vì dạo này khó tìm việc quá,” chị Nhàn nói. Còn gia đình chị Nhi quê ở Nghệ An cũng dự định về quê ăn Tết sớm vì cuối năm công ty không có đơn hàng. Nếu ở quê kiếm được việc thì vợ chồng chị ở lại luôn.",Gia Minh,viettan.org
"Kinh tế TP.HCM lao dốc, kinh doanh ế ẩm, chợ vắng tanh khách mua","Phóng viên dạo một vòng chợ Phú Định, Quận 6, Sài Gòn, một chợ thường ngày đông đảo, nhộn nhịp kẻ mua người bán đủ các loại thực phẩm thiết yếu hằng ngày. Thế mà nay, giữa tháng 11, hình ảnh cho thấy từ đầu chợ đến cuối chợ vắng tanh khách. Người bán thì nhiều chỉ thấy lưa thưa, lẻ tẻ người mua! Một Sài Gòn ảm đạm trong làn sóng suy thoái kinh tế!",Youtube Việt Tân,viettan.org
Vì sao ông Lưu Bình Nhưỡng bị bắt?,"Sáng 15/11, đồng loạt nhiều tờ báo đưa tin ông Lưu Bình Nhưỡng – Phó trưởng Ban Dân nguyện của Ủy ban Thường vụ Quốc hội, đã bị công an tỉnh Thái Bình khởi tố, bắt tạm giam vì cáo buộc liên quan đến một vụ án ở tỉnh này. Nhiều người dân và mạng xã hội đã hết sức bất ngờ trước thông tin này. Ông Nhưỡng là một trong các chính khách hiếm hoi ở Việt Nam sử dụng mạng xã hội và thường xuyên lên tiếng các vấn đề xã hội như tử tù, dân oan, môi trường, các sự kiện nóng thu hút nhiều dư luận xã hội… Việc bắt giữ ông Nhưỡng không thể không có sự quyết định từ Bộ Công an hay có thể là từ Bộ Chính trị. Những năm trở lại đây, nhiều vụ bắt giữ các nhân vật lớn, Bộ Công an thường giật dây công an các tỉnh đứng ra bắt giữ để tránh sự chú ý của dư luận trong nước và các Tổ chức quốc tế.",Youtube Việt Tân,viettan.org
Đất nước kém phát triển không hẳn do chiến tranh,"Chiến tranh thường được coi là nguyên nhân chính dẫn đến sự kém phát triển của một quốc gia. Tuy nhiên, Hàn Quốc đã chứng minh rằng, không phải lúc nào chiến tranh cũng là lý do chính đáng.",Linh Linh,viettan.org
Có dấu hiệu mờ ám trong vụ bắt giam Đại biểu Quốc hội Lưu Bình Nhưỡng,"Sáng 15/11, đồng loạt nhiều tờ báo đưa tin ông Lưu Bình Nhưỡng – Phó trưởng Ban Dân nguyện của Ủy ban Thường vụ Quốc hội, đã bị công an tỉnh Thái Bình khởi tố, bắt tạm giam vì cáo buộc liên quan đến một vụ án ở tỉnh này. Ông Nhưỡng là một trong các chính khách hiếm hoi ở Việt Nam sử dụng mạng xã hội và thường xuyên lên tiếng các vấn đề xã hội như tử tù, dân oan, môi trường, các sự kiện nóng thu hút nhiều dư luận xã hội…",Gia Minh,viettan.org
Kinh tế Việt Nam 2024 sẽ đối diện với sụp đổ và khủng hoảng,"hững tin bài như đầu tư nước ngoài FDI tăng cao, các nguyên thủ và CEO các tập đoàn lớn đến Việt Nam xúc tiến các dự án tỷ USD, thị trường bất động sản (BĐS) có dấu hiệu khởi sắc những tháng cuối năm và xuất siêu lớn nhất trong 5 năm qua, v.v. Thế nhưng, những con số thống kê lại rất mâu thuẫn và bộ mặt các đầu tàu kinh tế, đô thị phía Nam thì lộ rõ vẻ tiều tụy, thê thảm với đời sống dân sinh ngày một cùng cực khó khăn.",Tùng Phong,viettan.org
Tính chuyên chế của đám đông và xu hướng bài Hoa,"Những tranh cãi gay gắt bắt đầu từ tấm pano quảng cáo có hình ảnh Trấn Thành trong vai bác Ba Phi với cái mũi sửa kiểu Hàn Quốc, cái khăn rằn cho đến các “nội dung lịch sử” của một bộ phim “Đất rừng phương Nam” dường như không có điểm dừng suốt 10 ngày qua. Không còn là chuyện yêu ghét, đánh giá về một bộ phim mà giờ đây có khuynh hướng biến thành một cuộc bài xích và phân biệt người Hoa trên mạng xã hội.",Tùng Phong,viettan.org
Phải nghĩ gì về vụ Trường mầm non Hoa Lan?,"Thời sự trong tuần qua chợt nóng lên với vụ bà hiệu trưởng Trường mầm non Hoa Lan (huyện Tuy Đức, tỉnh Đắk Nông) đã nhiều lần điều giáo viên trong trường đi tiếp các đoàn khách trong tỉnh.",Phạm Minh Hoàng,viettan.org
Nhà cầm quyền Kontum tháo dỡ chùa Linh Sơn thuộc Giáo Hội Phật Giáo Việt Nam Thống Nhất,"Ngày 13/12/2022, công an và hàng chục quan chức địa phương từ thị trấn Plei Kần và huyện Ngọc Hồi, tỉnh Kontum cưỡng chế, tháo dỡ chùa Sơn Linh thuộc Giáo hội Phật giáo Việt Nam Thống nhất, và chỉ trong vài giờ sau đó ngôi chùa đã bị phá hủy hoàn toàn.",Diễm Quỳnh,viettan.org
Một cái Tết buồn,"Cái Tết Quĩ Mão tới đây, là một cái Tết buồn hiu hắt.Chỉ riêng các khu công nghiệp trọng điểm phía Nam như Bình Dương, Biên Hòa, Đồng Nai, TP.HCM… hàng trăm ngàn lao động bị nghỉ việc không lương kể từ đầu quí 4. Ngay cả những tập đoàn đa quốc gia lớn như Pouchen cũng phải cho 20.000 trong số 50.000 lao động nghỉ luân phiên vì thiếu đơn hàng.",Tân Phong,viettan.org
Vận động chính phủ Hòa Lan dùng “gậy” trong chính sách ngoại giao với CS Việt Nam,"Chính phủ Hòa Lan cần áp lực mạnh mẽ lên Hà Nội trước các vi phạm nhân quyền của nhà cầm quyền CSVN là đề nghị mà các vị đại diện phía Cộng Đồng Người Việt, Hội Anh Em Dân Chủ và đảng Việt Tân tại Hòa Lan đã chuyển đến đại diện của Bộ Ngoại Giao Hòa Lan trong buổi gặp gỡ hôm 14/12, nhân Ngày Quốc Tế Nhân Quyền 2022.",TTH tóm lược,viettan.org
Việt Nam là đất nước nông nghiệp nhưng phải chi tỷ đô để nhập khẩu nông sản,"Chỉ tính riêng trong 11 tháng năm 2022, Việt Nam đã chi trên 3 tỷ USD để nhập khẩu các loại mặt hàng thịt. Trong đó, thịt lợn tươi chiếm thị phần lớn nhất, tiếp đến các loại thịt khác và phụ phẩm gia cầm.Thật đáng buồn cho một đất nước thuần nông nhưng lại phải đi nhập khẩu hàng tỷ đô la thực phẩm.",Diễm Quỳnh tổng hợp,viettan.org
Tổng thư ký Liên Hiệp Quốc nêu quan ngại về vấn đề nhân quyền trong chuyến thăm Việt Nam,"Trong một họp báo hồi tuần trước tại Montreal, Canada, Tổng thư ký Liên Hiệp Quốc Antonio Guterres cho biết ông đã công khai nhắc vấn đề nhân quyền và quyền của những nhà hoạt động môi trường trong các chuyến thăm gần đây của ông tới Việt Nam.",Tổng hợp,viettan.org
Viết cho em: Thầy giáo Nguyễn Năng Tĩnh,"Tôi gặp Tĩnh lần đầu tiên vào khoảng tháng Năm, 2016 tại vườn rau Lộc Hưng. Hôm ấy Tĩnh và các anh chị em bạn hữu đến thăm hỏi gia đình của một tù nhân lương tâm. Sau bữa cơm, hai anh em chúng tôi ra nằm kềnh dưới hàng bí leo. Đu đưa trên võng, tôi hỏi về đời sống và công việc của Tĩnh. Cảm nhận đầu tiên của tôi là Tĩnh có cách nói chuyện thật nhẹ nhàng, thỉnh thoảng trên khuôn mặt thanh tú của em nở một nụ cười kín đáo, có lẽ tiềm ẩn trong em những suy nghĩ sâu xa hơn.",Phạm Minh Hoàng,viettan.org
Giải Thưởng Nhân Quyền Lê Đình Lượng vinh danh Thầy giáo Nguyễn Năng Tĩnh: Tiếng hát từ ngục tù,"Tôi thật sự vui mừng khi thầy Nguyễn Năng Tĩnh là khôi nguyên giải thưởng mang tên người anh, người bạn của mình bởi cả hai đã có một quá trình kề vai sát cánh nỗ lực cho lý tưởng mình theo đuổi.Hẳn có người tới nay vẫn chưa biết là cả hai anh đều là những người không xa lạ gì với nhau và với những ai hoạt động ở các tỉnh Nghệ An – Hà Tĩnh. Sự đơn sơ và nhiệt huyết trên từng cây số có lẽ là điểm chung lớn nhất của hai anh.",Trần Minh Nhật,viettan.org
Phóng sự: Gia đình các tù nhân lương tâm vững tin vào con đường người thân đã chọn,"Quyền con người bị xâm phạm nghiêm trọng và có hệ thống tại Việt Nam, đơn cử như quyền tự do báo chí, bao gồm bắt và truy tố tùy tiện những người chỉ trích chính quyền, kiểm duyệt và hạn chế nghiêm trọng tự do Internet; ngăn cấm quyền tự do hội họp và tự do lập hội; hạn chế tự do đi lại, trong đó có việc cấm xuất cảnh đối với các nhà hoạt động; cấm đoán các hoạt động chính trị đối lập. Trong khi tình trạng tham nhũng lại diễn ra hết sức nghiêm trọng.",Youtube Việt Tân,viettan.org
Hãy tìm hiểu về Tuyên Ngôn Quốc Tế Nhân Quyền vì đó là quyền của bạn,"Nhân dịp 74 năm ngày Quốc Tế Nhân Quyền (10/12/1948 – 10/12/2022), xin chia sẻ đến quý độc giả video tóm lược về quyền con người. Tuyên Ngôn Quốc Tế Nhân Quyền với nhiều điều khoản thể hiện sự tiến bộ và nhân văn. Rất mong nhận được sự tiếp tay lan tỏa của độc giả đến mọi người!",Youtube Việt Tân,viettan.org
Ước vọng Nhân Quyền và cuộc chiến để làm Người,"Một ví dụ đại diện cho “thế hệ vàng” đã làm nên sự giàu có, cường thịnh của Trung Quốc hôm nay, đã từng nhiệt thành ủng hộ đảng Cộng Sản Trung Quốc và đã có cơ hội phát tài to lớn đó là Jack Ma… Giờ đây, khi ẩn thân ở Nhật Bản trốn tránh sự truy bức của Trung Quốc Cộng Sản đảng, người thông minh như Jack Ma, có lẽ đã thấu hiểu rằng Nhân Quyền là tất cả, không chỉ là bánh mì, không chỉ là phát tài. Rằng khi không còn Nhân Quyền thì tài sản có hàng chục tỷ Mỹ Kim, bạn cũng khó giữ được mạng sống, phẩm giá của chính mình.",Tân Phong,viettan.org
Nhân quyền cho những người yêu nước!,"Việt Nam vẫn chưa có sự tiến bộ đúng nghĩa nào về nhân quyền. Theo các tổ chức nhân quyền quốc tế, CSVN đang giam giữ hàng trăm tù nhân lương tâm. Họ là những nhà báo, Facebooker, chức sắc tôn giáo, những người chống Trung Quốc xâm lược, nhà hoạt động vì dân chủ và quyền đất đai. Họ không hề phạm tội, trên thực tế họ là những người yêu nước và trăn trở trước vận mệnh dân tộc, nhưng bị bỏ tù vì lên tiếng trước những bất công, sai trái của chế độ.",Ban Biên Tập Việt Tân,viettan.org
Phụ nữ Iran cương quyết đấu tranh đến cùng – cảnh sát ‘đạo đức’ mất dạng trên đường phố!,"Hôm nay nở rộ tin đồn, rằng Iran đã hủy bỏ cảnh sát ‘đạo đức’ và đang xét lại luật bắt phụ nữ đội khăn trùm đầu. Sự việc bắt nguồn từ câu tuyên bố của Tổng trưởng Tư Pháp Iran, Mohamed Jafar Montazeri với truyền thông ngày 4/12/2022 khi được hỏi về hiện tượng “không thấy cảnh sát đạo đức xuất hiện trên đường phố.” Ông Montazeri cho biết “vì cơ chế tạo ra nó đã bị giải thể,” theo hãng thông tấn nhà nước Iran ISNA.",Ban Biên Tập Việt Tân,viettan.org
Sức mạnh từ tờ giấy trắng bất bạo động,"Có thể nói biểu tượng tờ giấy trắng vừa tạo nên một dấu mốc trong lịch sử đấu tranh ở Trung Quốc. Nó phản ánh một tầm nhận thức mới và cao hơn trong lãnh vực đối đầu với chế độ cầm quyền. Không cần các biểu ngữ, băng rôn như trong các cuộc biểu tình truyền thống, chỉ là tờ giấy trắng đơn sơ vì đó là thứ ai cũng có sẵn, ai cũng có thể giơ lên. Kiến thức và kỹ năng về đấu tranh bất bạo động nhiều vô số kể và sức mạnh của nó cũng vô biên. Nhiều người vẫn chưa thực sự hiểu và đánh giá đúng về phương pháp đấu tranh này.",Vũ Việt ,viettan.org
Nỗ lực đấu tranh chống chính sách “zero Covid” của dân Trung Quốc đã mang lại kết quả,"Chưa đầy 24 giờ sau những cuộc đụng độ giữa người biểu tình với cảnh sát chống bạo động, tại tỉnh Quảng Châu, lệnh phong tỏa đã được dỡ bỏ tại ít 7 quận. Một số nơi ít bị xét nghiệm hơn. Đồng thời, người ta được tiếp xúc gần cận với người nhiễm bệnh cách ly tại nhà, theo truyền thông nhà nước.",Reuters - Lê Vĩnh lược dịch,viettan.org
"Doanh nghiệp BOT thua lỗ, sao người dân phải gánh thay","Ngày 24/11, báo Công An Nhân Dân đưa tin “Lại thêm doanh nghiệp muốn bán lại các dự án BOT về Bộ Giao thông Vận tải.” Trước đây, bộ nầy cũng đã đề xuất mua lại 8 dự án BOT thua lỗ với số tiền lên đến 13.115 tỷ đồng (hơn 500 triệu USD). Mang tiếng là bán lại cho Bộ GTVT, nhưng thực chất vẫn là lấy tiền thuế của dân ra mà mua lại các dự án BOT thua lỗ mà thôi.",Hồng Hà,viettan.org
Biểu tình giấy trắng – nói lên tất cả những điều không được nói,"Tờ giấy trắng khổ A4 đã trở thành một thông điệp chung – nói lên rất nhiều mà không cần nói gì cả. Đây là một biểu tượng chống đối mạnh mẽ chế độ độc tài, chống chế độ kiểm duyệt, khống chế mọi quyền căn bản của người dân, chống “Zero Covid,” đòi dân chủ,…",Ban Biên Tập Việt Tân,viettan.org
Việt Nam có nguy cơ giống Venezuela,"Tình hình Việt Nam hiện nay khá giống Venezuela giai đoạn những năm 2015-2016, kiểm soát lạm phát tốt (chỉ số lạm phát là 4-5%). Bất ngờ giá dầu giảm sâu, do các tác động bên ngoài, nhà nước Venezuela in thêm nhiều tiền, dùng đồng nội tệ để ổn định nền kinh tế, và hậu quả là kinh tế rơi vào khủng hoảng, tiền Venezuela mất giá rất nhanh, còn đời sống dân chúng như thế nào thì ai cũng biết.",Hồng Hà,viettan.org
Tức nước vỡ bờ: Trung Quốc biểu tình tràn lan chống chính sách Zero Covid,"Nhưng sự kiện “VinFast xuất 999 chiếc xe VF8 sang thị trường Hoa Kỳ” được tổ chức rầm rộ cũng như lời khẳng định như “đinh đóng cột” của ông Thủ tướng công an Phạm Minh Chính “VinFast đại diện cho thế hệ doanh nghiệp làm ăn đúng pháp luật” …giống như một lời công khai bảo kê cho Vingroup đã có tác dụng ít nhiều với đám “oan gia trái chủ” đang sôi sùng sục đòi tiền, đòi nhà. Mã chứng khoán của Vin đang nằm sàn, ngay lập tức trở nên xanh lét. Quả là vi diệu. Nhưng, phép màu này có kéo dài được bao lâu thì quả thực khó đoán.",Tân Phong,viettan.org
Hãy nghĩ tới một nước Việt Nam tự do dân chủ,"Khi đó, bạn bật TV lên thấy những vấn đề của đất nước như giáo dục, y tế, Biển Đông, tham nhũng được thảo luận sôi nổi và không có vùng cấm. Các chính trị gia tranh luận thẳng thắn, gay gắt một mất một còn về các vấn đề đất nước và về các chính sách liên quan đến đời sống nhân dân. Ngân sách chi tiêu quốc gia được công khai minh bạch để bạn biết rõ những lãnh vực nào đang được vận hành và được tài trợ ra sao.",Vũ Việt ,viettan.org
Việt Tân lên án CSVN chậm trễ chăm sóc y tế khiến TNLT Phan Văn Thu chết trong trại giam,"Cái chết của tù nhân lương tâm Phan Văn Thu một lần nữa tố cáo những vi phạm nhân quyền nghiêm trọng của nhà nước CSVN đối với những người bất đồng chính kiến. Từ lâu, đảng Cộng Sản Việt Nam ngược đãi các tù nhân chính trị bằng nhiều hình thức khác nhau: Ăn uống kham khổ, chế độ giam giữ khắc nghiệt, mất vệ sinh, trong khi điều kiện chăm sóc y tế thì vô cùng tồi tệ. Đây là nguyên nhân khiến gần như tất cả TNLT tại Việt Nam đều mắc bệnh trong nhà tù, bị suy giảm về sức khoẻ, thậm chí có nhiều người đã phải chết trong tù.",Ban Biên Tập Việt Tân,viettan.org
Lối thoát cho nền kinh tế có đuôi,"Hiện nay, Việt Nam đang đứng trước rất nhiều nguy cơ và rủi ro hệ thống. Nhưng điều đang thấy rõ nhất và cũng là rủi ro lớn nhất là khủng hoảng tài chính, chen lấn tín dụng, sụt giảm ngoại hối nhanh chóng, mất kiểm soát tỷ giá hối đoái và vỡ nợ doanh nghiệp trên qui mô quốc gia. Thảm họa này đến nhanh hơn dự đoán bởi nó được kích hoạt bởi sự kiện Ngân hàng SCB.",Tân Phong,viettan.org
Thấy gì qua việc Bộ Tài Chính nói nhà đầu tư tự chịu trách nhiệm khi mua trái phiếu?,"Những ngày vừa qua, Bộ Tài Chính liên tục kêu gọi nhà đầu tư không nên nóng vội, không nên bán sớm trái phiếu vì như thế ảnh hưởng tới quyền lợi nhà đầu tư, nhưng cũng chính họ nói rằng nhà đầu tư sẽ tự chịu trách nhiệm toàn bộ về quyết định mua trái phiếu của mình.",Hồng Hà,viettan.org
Đại Hội ACAT Quốc Tế đồng hành với tù nhân lương tâm Việt Nam,"Sau phần trình bày về tình trạng nhân quyền tại Việt Nam của ông Trịnh Đỗ Tôn Vinh và sau buổi cầu nguyện trang trọng, các thành viên ACAT đã bày tỏ tình liên đới đồng hành cùng với các Tù Nhân Lương Tâm Việt Nam bằng những tấm hình chụp chung với chân dung của những Người Yêu Nước đang bị cầm tù.",Nam Hưng,viettan.org
Miếng da lừa cuối cùng đã hết!,"Thị trường chứng khoán Việt Nam đã mất hơn 80 tỷ Mỹ Kim vốn hóa và nỗ lực “bơm tiền” của Ngân Hàng Trung Ương không còn nhiều tác dụng. Chỉ trong vòng nửa đầu tháng Mười Một năm 2022, hàng trăm ngàn tỷ đã được “bơm ròng” cho khối ngân hàng thương mại để đảm bảo tính thanh khoản hệ thống trước làn sóng rút tiền ào ạt của người dân lan nhanh như một đám cháy rừng.",Tân Phong,viettan.org
Những nền tảng tinh thần cho công cuộc canh tân: Tinh thần trách nhiệm,"Tinh thần trách nhiệm cần phải hiểu là một yếu tố quan trọng cần có trong mọi ngành nghề, trong mọi vị trí trong một xã hội tiên tiến. Từ người quân nhân, anh thợ xây dựng, bác tài lái xe bus, chị y tá, cô giáo, bác nông dân, chị bán hàng rong, anh lính cứu hỏa, anh kỹ sư cầu đường, người công nhân, anh cảnh sát,… cho đến người giám đốc, thị trưởng, dân biểu, bộ trưởng, thủ tướng, tổng thống.",KS Nguyễn Ngọc Bảo - Facebook Ước Mơ Việt Tân,viettan.org
Hội chứng Bắc Kinh của chính quyền Hà Nội,"Để bày tỏ sự phục tùng và tôn kính Bắc Kinh, Nguyễn Phú Trọng đã tuyên bố từ chối mọi liên minh quân sự và không cho phép bất kỳ nước nào đặt căn cứ quân sự trên đất Việt Nam. Đúng là, đây là chính sách của CS Việt Nam từ lâu. Nhưng lần này, ông Trọng đã đi xa hơn bất kỳ nhà lãnh đạo cộng sản nào khác của Việt Nam trong việc ưu tiên quan hệ với Trung Quốc.",Hoàng Tứ Duy/ The Diplomat,viettan.org
Chuyến đi định mệnh?,"Việc Nguyễn Phú Trọng, năm nay đã 78 tuổi, vận động đi lại thậm chí còn khó khăn, vội vã sang Bắc Kinh để “chúc mừng” hoàng đế Tập Cận Bình đăng cơ, xem ra có nhiều ý nghĩa và nội dung quan trọng hơn là một chuyến đi mang tính biểu tượng. Chuyến đi này, cần đặt trong bối cảnh biến động địa chính trị toàn cầu và mục tiêu trọng tâm của Tập Cận Bình giai đoạn tiếp tới. Quan trọng hơn là vai trò của Việt Nam trong bàn cờ và tham vọng bá quyền của Trung Quốc là gì?",Tân Phong ,viettan.org
"Nội dung bài phát biểu của ông Hoàng Tứ Duy, Tổng Bí Thư Đảng Việt Tân trong chuyến vận động dân chủ, nhân quyền cho Việt Nam ở Quốc Hội Canada ","Tôi muốn chia sẻ với quý vị về tầm nhìn của Việt Tân đối với Việt Nam, tầm nhìn này có liên quan như thế nào đến lợi ích của Canada ở vùng Ấn Độ Dương – Thái Bình Dương và những gì chúng ta có thể làm để thúc đẩy lợi ích chung – mà tôi tin rằng đó là một Việt Nam tự do và dân chủ hơn.",Ban Biên Tập Việt Tân,viettan.org
"Đảng Việt Tân gặp chính giới Canada vận động dân chủ, nhân quyền cho Việt Nam","Ngày 27/10/2022, đại diện Đảng Việt Tân có cuộc gặp gỡ với các dân biểu Canada để vận động cho dân chủ và nhân quyền Việt Nam tại quốc hội ở thủ đô Ottawa, Canada. Dân Biểu Judy Sgro chủ trì phiên họp với sự tham dự của 8 dân biểu, 2 đại diện của văn phòng chính phủ, và khoảng 25 thành viên hoặc thân hữu. Ông Hoàng Tứ Duy, Tổng Bí Thư Đảng Việt Tân là diễn giả chính. Bài phát biểu của ông thu hút sự quan tâm đặt câu hỏi của các dân biểu.",Nhóm Truyền Thông đảng bộ Việt Tân Toronto-Ottawa tường trình ,viettan.org
Khủng hoảng đúng qui trình,"Vốn hóa của thị trường chứng khoán Việt Nam đã bốc hơi khoảng 2,2 triệu tỷ đồng tương đương khoảng hơn 90 tỷ Mỹ Kim kể từ đầu tháng Tư, 2022 đến 22/10/2022 và một lần nữa xác lập kỷ lục giảm giá mạnh nhất thế giới. Chỉ số VNindex vào tuần cuối cùng của tháng Mười đã rớt xa khỏi mốc 1000 điểm, xuống còn 986 điểm, mất thêm hơn 5 tỷ USD vốn hóa chỉ trong một phiên ngày 24/10. Đây không còn là một bước hụt chân nữa, đây là một cuộc sụp đổ.",Tân Phong,viettan.org
Chưa từng thấy tại Iran: Tuổi trẻ và phụ nữ lãnh đạo cuộc nổi dậy chống độc tài,"Suốt hơn một tháng qua, người ta thấy thành phần lãnh đạo phong trào nổi dậy là những phụ nữ Iran rất trẻ, tuổi trung bình khoảng 15, cùng với những bạn thanh niên trung học đã can đảm xuống đường biểu tình với khẩu hiệu “Phụ nữ, Đời sống, Tự do.” Trong thái độ tranh đấu cương quyết, dứt khoát và can đảm, họ đã đốt khăn trùm đầu, cắt tóc ngắn, xé hình của Giáo Chủ Ruhollah Khomeini cùng người kế nhiệm Ali Khamenei, và hô vang “Kẻ độc tài phải chết.”",TS Trần Diệu Chân,viettan.org
"Thấy gì từ điệp khúc “giá lên thì bán, giá xuống thì… hết”","Đây không phải là lần đầu tiên các cây xăng trong khu vực miền Nam dừng hoạt động với lý do là không còn xăng để bán. Trong khi giới chức Bộ Công Thương thì luôn miệng nói rằng vấn đề này chỉ là “cục bộ” và do sự “chậm trễ nhất thời.” Điệp khúc này cứ lặp lại mỗi khi giá xăng xuống thấp. Nó khiến nhiều người dân nghi ngờ chủ các cây xăng “găm hàng” đợi tăng giá thì mới bán, tạo thêm bức xúc cho người dân vốn đã chịu quá nhiều áp lực từ cuộc mưu sinh khó nhọc.",Tân Phong ,viettan.org
Đại gia: Những con cừu béo của chế độ Cộng Sản,Dư luận Việt Nam rung động trong suốt hơn một tuần qua trước liên tiếp tin tức về vụ bắt giam và khởi tố “bà trùm” Trương Mỹ Lan và hàng loạt những cái chết bí ẩn các CEO tập đoàn Vạn Thịnh Phát chỉ trước và sau khi bị bắt giam ít ngày. Tất cả diễn biến cùng với những câu chuyện lan truyền lâu nay về thế lực hắc ám Trung Nam Hải đỡ đầu cho tập đoàn Vạn Thịnh Phát này khiến người ta lạnh gáy liên tưởng đến “luật im lặng” trong giới mafia và các cuộc đồ sát tanh mùi máu.,Tân Phong,viettan.org
Vụ tặng 155 triệu Bảng Anh của bà Phương Thảo cho Đại Học Oxford có vấn đề,"Năm ngoái, bà Nguyễn Thị Phương Thảo, Chủ Tịch HĐQT Tập Đoàn Sovico, tuyên bố tặng trường Linacre College thuộc đại học danh tiếng Oxford một 155 triệu Bảng Anh (tương đương 172 triệu USD), với điều kiện ngược lại là trường này phải đổi tên thành Thảo College. Cách đây vài ngày, câu chuyện lại trở nên xôn xao vì khoản tiền đầu tiên, 50 triệu Bảng Anh, mà bà Phương Thảo hứa hẹn giao cho trường Linacre vào cuối tháng Sáu vừa qua đã không đến, và thỏa thuận đang bị nghi ngờ là gặp trục trặc.",Trần Diệu Chân tổng hợp,viettan.org
Cộng Sản Việt Nam được chọn vào Hội Đồng Nhân Quyền LHQ,Việc một quốc gia vi phạm nhân quyền như Việt Nam lại có thể giành chiến thắng trong cuộc bầu cử vào cơ quan này nói lên cấu trúc nhân quyền quốc tế hiện nay có vấn đề.,Sebastian Strangio/ Diplomat - Trần Diệu Chân tóm lược,viettan.org
Chủ Tịch Đảng Việt Tân – Lý Thái Hùng: Tân lãnh đạo & đường lối mới của Đảng Việt Tân,"Trung tuần tháng Chín vừa qua, Đảng Việt Tân đã tổ chức Đại Hội Đảng lần thứ 9. Tại đại hội này, một tân ban lãnh đạo đảng đã được bầu lên với đa số là những ủy viên Trung Ương Đảng sinh ra ở thập niên 70, 80 và 90. Đại hội cũng đã bầu ra hai nhân sự lãnh đạo cao cấp gồm ông Lý Thái Hùng, tân Chủ Tịch Đảng và ông Hoàng Tứ Duy, tân Tổng Bí Thư Đảng. Đại hội cũng đã quyết định rút ngắn nhiệm kỳ của tân ban lãnh đạo còn 3 năm thay vì là 5 năm.",Youtube Việt Tân ,viettan.org
"Trợ lý Tập Đoàn Vạn Thịnh Phát đột ngột qua đời sau 2 ngày bị khởi tố, tạm giam","Bà Nguyễn Phương Hồng, 39 tuổi, trợ lý Công ty Cổ Phần Tập Đoàn Vạn Thịnh Phát đã qua đời ngày 9 tháng Mười, 2022, sau hai ngày bị khởi tố, bắt tạm giam để điều tra về tội “lừa đảo chiếm đoạt tài sản.”Bà Hồng bị khởi tố, bắt tạm giam ngày 7 tháng Mười, cùng với Trương Mỹ Lan, Chủ Tịch Hội Đồng Quản Trị Công ty Cổ Phần Tập Đoàn Vạn Thịnh Phát và nhiều lãnh đạo khác của tập đoàn.",Diễm Quỳnh,viettan.org
GDP tăng trưởng kỷ lục nhưng nền kinh tế chỉ còn cái… vỏ,"Các viên chức cộng sản với tầm nhìn không vượt qua nổi cái bụng của họ, chỉ cần những bảng thành tích tăng trưởng GDP trong nhiệm kỳ của mình “đẹp.” Còn chất lượng tăng trưởng và hậu quả của việc tăng trưởng bằng mọi giá như thế nào thì là việc của… nhiệm kỳ sau. Những vị thủ tướng CSVN đều ưa thích sử dụng đòn bẩy tài chính lớn, tăng chi tiêu công, đầu tư vào hạ tầng… vốn dĩ đã là căn bệnh nghiện khó chữa.",Tân Phong,viettan.org
Khi Thăng Long …đứt long mạch?,"Tràn ngập trên mạng xã hội Việt Nam trong mấy ngày vừa qua là hình ảnh ông cháu ngoại của cựu Chủ Tịch Quốc Hội Nguyễn Sinh Hùng – Trần Sỹ Thanh, người mới được “bế” vào cái ghế “đô trưởng” thành phố Hà Nội, tiếp đón đại sứ Pháp Quốc với một kiểu cách hết sức hợm hĩnh khi vừa đút tay túi quần, vừa bắt tay ông đại sứ.",Tân Phong,viettan.org
Việt Nam không đủ tiêu chuẩn vào Hội Đồng Nhân Quyền LHQ,"Một tuần trước khi Đại Hội Đồng Liên Hiệp Quốc bỏ phiếu bầu các thành viên vào Hội Đồng Nhân Quyền, một liên minh các tổ chức nhân quyền phi chính phủ từ Châu Âu, Mỹ và Canada đã lên tiếng kêu gọi các quốc gia thành viên Liên Hiệp Quốc không bỏ phiếu cho Afghanistan, Algeria, Sudan, Venezuela và Việt Nam, vì chính phủ các quốc gia này “không đủ tiêu chuẩn” để làm thành viên của cơ quan nhân quyền cao nhất của LHQ. Đánh giá của liên minh các tổ chức nhân quyền được dựa trên hồ sơ nhân quyền cũng như hồ sơ biểu quyết của họ về các nghị quyết của Liên Hiệp Quốc liên quan đến nhân quyền.",Ban Biên Tập Việt Tân,viettan.org
CSVN không xứng đáng là thành viên của Hội Đồng Nhân Quyền LHQ,"Đảng Việt Tân cùng Tổ chức UN Watch và các NGO tổ chức họp báo trước Liên Hiệp Quốc hôm nay, 3 tháng Mười, 2022 để kêu gọi các thành viên của Đại Hội Đồng LHQ không bỏ phiếu bầu cho CSVN vào Hội Đồng Nhân Quyền Liên Hiệp Quốc nhiệm kỳ 2023-2025 sẽ được diễn ra vào ngày 11 tháng Mười tới đây.Trong cuộc họp báo, Tổng Bí Thư Đảng Việt Tân ông Hoàng Tứ Duy phát biểu, tình trạng nhân quyền tại Việt Nam trong thực tế đang ngày càng tồi tệ hơn không như những khoe khoang và hứa hẹn trong hồ sơ ứng cử, CSVN không xứng đáng là thành viên của Hội Đồng Nhân Quyền LHQ.",Việt Tân,viettan.org
Gỗ của Nga lách lệnh trừng phạt của Mỹ thông qua Việt Nam,"Cơ quan Điều Tra Môi Trường (EIA), một nhóm giám sát phi lợi nhuận có trụ sở tại Anh, phát hiện ra rằng hầu hết các sản phẩm gỗ bạch dương hiện đang được xuất khẩu từ Việt Nam sang Hoa Kỳ có nguồn gốc từ Nga. Theo số liệu của hải quan Việt Nam, khoảng 40.000 mét khối gỗ bạch dương được vận chuyển hàng tháng từ Nga và Trung Quốc vào Việt Nam, nơi chúng được lắp ráp thành đồ nội thất và ván ép. Và những chiếc ghế và khung giường này sẽ được bày bán trên kệ của các nhà bán lẻ lớn của Mỹ.",Ban Biên Tập Việt Tân,viettan.org
Nhiều nước Châu Á lên tiếng phản đối Nga sát nhập 4 vùng lãnh thổ của Ukraine,"Một ngày sau khi Nga chính thức tuyên bố sát nhập 4 tỉnh của Ukraine, nhiều quốc gia châu Á đã lên tiếng phản đối động thái trên.Thủ Tướng Hun Sen trong bài phát biểu nói rằng, Campuchia giữ vững lập trường “phản đối chủ nghĩa ly khai, cũng như sát nhập bất hợp pháp lãnh thổ của một quốc gia có chủ quyền.” Hun Sen nói thêm “Tôi từng tuyên bố rằng Campuchia sẽ không ủng hộ việc một quốc gia sử dụng vũ lực để chống lại quốc gia khác,”",Diễm Quỳnh,viettan.org
Tổng Trọng điều phe Nam ra ‘Bắc phạt’,"Tin đồn về việc ông Trọng sẽ nghỉ giữa nhiệm kỳ vì lý do sức khỏe bắt đầu từ lúc ông đột quị ở Kiên Giang… Thế nhưng, cho đến nay, sau 3 năm, ông Trọng vẫn ngồi đó. Mặc cho các phe phái sát phạt nhau một sống hai chết, ông vẫn yên vị, ung dung định đoạt chính trường bằng việc “đốt lò” và chơi cờ người.",Tân Phong,viettan.org
Việt Tân phản đối tình trạng công an gia tăng bạo lực với dân,Việt Tân phản đối tình trạng công an gia tăng bạo lực với dân,Ban Biên Tập Việt Tân,viettan.org
Gia đình thiếu niên bị công an tỉnh Sóc Trăng đánh nộp đơn tố cáo,"Ông Nguyễn Văn Đồng, ở thị xã Vĩnh Châu, tỉnh Sóc Trăng, cha của một trong 2 thiếu niên bị công an Sóc Trăng đánh cho biết gia đình đã gửi đơn tố cáo đến cơ quan chức năng.Ông Đồng còn cho biết hôm 28 tháng Chín có người gọi điện thoại năn nỉ gia đình bỏ qua, đừng làm đơn thưa kiện, sẽ có người đến xin lỗi. Ông nói: “Đánh con tui rồi giờ xin bỏ qua là sao. Tôi đề nghị cơ quan chức năng phải xử lý đến nơi đến chốn.”",Ban Biên Tập Việt Tân,viettan.org
Đức cảnh cáo Iran và Hezbollah chớ can thiệp vào xung đột đang nóng ở Trung Đông,"Thủ tướng Đức Scholz tuyên bố trước khi lên đường tới Israel để bày tỏ tình liên đới: “Cùng với các đồng minh của mình, chúng tôi với tư cách là chính phủ Cộng hòa Liên bang Đức đang tìm cách bảo đảm rằng cuộc xung đột này không leo thang thêm nữa;” và “Một lần nữa tôi cảnh cáo, Hezbollah và Iran không được can thiệp vào cuộc xung đột,” ông cảnh cáo.",Nguyễn Đức,viettan.org
Cái hộp Pandora ở Trung Đông đã mở,"Cuộc tấn công bất ngờ của lực lượng Hamas hôm 7/10 vừa qua được nhiều người ví như là sự kiện 11 tháng 9 của Do Thái và cho đây là một thất bại không thể biện minh của các cơ quan tình báo Do Thái như Mossad, Shin Bet, Aman và cả tình báo Mỹ CIA.",Tùng Phong ,viettan.org
À Ơi Cánh Cò,"Năm giờ sáng ngày 30/9/2023, mẹ tôi đã khép mắt. Cánh cò đã lặng lẽ bay về quê hương như ước mơ muôn đời của mẹ. Từ nay, con phố Bolsa không còn bóng mẹ áo nâu – nón lá nữa mẹ ơi! Con ngồi đây nhớ thương da diết cánh cò của mình…",Hương Giang,viettan.org
Báo cáo viên Đặc biệt LHQ bàng hoàng trước việc hành quyết một tội phạm ở Việt Nam,"Sau vụ cháy chung cư thảm khốc lấy đi 56 sinh mạng ở Hà Nội thì cái chết của Lê Văn Mạnh là sự kiện bi thương tiếp nối. Chúng ta chỉ có thể cầu nguyện cho những linh hồn khổ đau ấy được đến một thế giới khác tốt đẹp hơn. Rồi sao nữa? Để chờ đợi đến lượt chính chúng ta hoặc con em chúng ta trở thành những nạn nhân thê thảm của một xã hội mục nát và băng hoại, nơi mà Công lý đã bị tử hình từ lâu?",OHCHR,viettan.org
Trung Quốc và Hoa Kỳ chơi cờ vây trên bàn cờ Đông Nam Á,"Nếu nói đến bộ môn cờ vây truyền thống của văn hóa Trung Hoa, hẳn nhiên Hoa Kỳ là một “tay mơ.” Nhưng nếu coi thường đối thủ trong bộ môn này thì một kỳ thủ cũng có thể thua lấm bụng, đặc biệt đối thủ là một tay thông minh, quan sát tốt.",Tùng Phong,viettan.org
"Tập Cận Bình không tới G20, tín hiệu đáng ngại từ “rồng Trung Hoa”","Sự vắng mặt của Tập Cận Bình ở diễn đàn 20 nền kinh tế lớn nhất thế giới G20 tại Ấn Độ vào ngày 8-9 tháng Chín tới đây được nhiều báo chí quốc tế khai thác và bình luận. Nhận định chung coi đó là chính sách tự cô lập, rời bỏ các định chế và sân khấu quốc tế hay sự lu mờ hình ảnh của đại cường mới nổi…",Tùng Phong,viettan.org
Công lý đã bị tử hình?,"Sau vụ cháy chung cư thảm khốc lấy đi 56 sinh mạng ở Hà Nội thì cái chết của Lê Văn Mạnh là sự kiện bi thương tiếp nối. Chúng ta chỉ có thể cầu nguyện cho những linh hồn khổ đau ấy được đến một thế giới khác tốt đẹp hơn. Rồi sao nữa? Để chờ đợi đến lượt chính chúng ta hoặc con em chúng ta trở thành những nạn nhân thê thảm của một xã hội mục nát và băng hoại, nơi mà Công lý đã bị tử hình từ lâu?",Tùng Phong,viettan.org
"Cảnh giác về Trung Quốc, Mỹ xích lại gần hơn với cựu thù Việt Nam","Ông Hoàng Tứ Duy, Tổng bí thư Việt Tân, một tổ chức chính trị vì dân chủ ở Việt Nam, cho biết, Washington nên kiên quyết đòi hỏi phải có tiến bộ về nhân quyền và tự do dân sự, ngay cả khi thực hiện điều này một cách lặng lẽ. “Để có một khu vực Ấn Độ – Thái Bình Dương tự do và cởi mở,” ông nói, “chúng ta cần phải có các xã hội tự do và cởi mở.”",Ellen Nakashima & Rebecca Tan/ Washington Post,viettan.org
Phó Thủ tướng Lê Văn Thành từ trần: Lỗi hệ thống của thể chế chính trị bị phơi bày bằng những vụ thanh trừng phe phái!,"Có tin đồn từ năm ngoái đến năm nay mới “chính thức phát tang.” Vật vã trụ được gần năm, giờ mới nhắm mắt hẳn. Mặc dù trước đó đã có tin đồn ông phó thủ tướng chết lâu rồi mà đến giờ chính quyền mới cho đưa tin. Việc ông ta vắng mặt cũng không thấy giải thích nguyên nhân, theo thói quen che đậy sự thật.",Hạnh Nhân,viettan.org
Vingroup và canh bạc tất tay ở dự án Hạ Long Xanh,"Ngay tại thời điểm hiện tại, hàng trăm ngàn căn hộ shophouse, condotel, biệt thự biển ở khắp mọi miền đang tình trạng bỏ hoang, không có người ở, không có người thuê, gần như không có giao dịch. Vậy ngài tỷ phú Phạm Nhật Vượng xây dựng cả một đại đô thị Hạ Long Xanh – nơi chỉ dành cho giới nhà giàu, với quĩ đất tương đương với quận Đồ Sơn- Hải Phòng, thì sẽ để bán cho ai?",Tùng Phong ,viettan.org
Việt Nam đàn áp bất đồng chính kiến,"Hầu hết người Úc biết đến Việt Nam nhờ những món ăn ngon, những bãi biển đẹp như tranh vẽ và lịch sử thời chiến kinh hoàng. Nhưng nhiều người có thể không biết rằng quốc gia Đông Nam Á này cũng có một sự khác biệt khét tiếng là có hơn 150 tù nhân chính trị, bị giam giữ vì các hành vi tự do ngôn luận ôn hòa. Người ta hiếm khi nghe nói về những tù nhân chính trị này bởi vì chính phủ Việt Nam đang cố gắng hết sức để thể hiện mình là một đối tác an ninh và thương mại đáng tin cậy đối với phương Tây.",Elaine Pearson/ The Diplomat,viettan.org
Đạo quân tí hon của bạo chúa,"Tổng thống Nga Vladimir Putin mới đây đã ra lệnh cho tất cả trẻ tiền mẫu giáo Nga phải được dạy những bài học quân sự để bảo đảm sẽ có những thế hệ quân nhân tương lai, theo tin của RadarOnline.com.",nan,viettan.org
Những lý do cuộc nổi loạn tại Pháp và hướng giải quyết trong một chế độ pháp trị,"Vào ngày thứ ba 27/6/2023, Nahel M. một thiếu niên 17 tuổi trong vùng ngoại ô Nanterre, phía Tây Bắc Paris, đã bị cảnh sát bắn chết, khi muốn lái xe vượt chạy khỏi sự kiểm soát của cảnh sát. Cuộc điều tra đang diễn ra và cho thấy, việc cảnh sát xử dụng súng không cần thiết trong biến cố này. Ngay sau đó, trong bốn ngày liên tiếp vừa qua, các cuộc bạo loạn đã xảy ra trên hầu hết các thành phố lớn tại Pháp như Paris, Lyon, Marseille, Nantes, Bordeaux, Toulouse, Lille, Strasbourg,…",KS Nguyễn Ngọc Bảo,viettan.org
Tướng hàng đầu của Nga bị bắt vì liên quan đến cuộc nổi dậy Wagner,"Hai tướng hàng đầu của Nga đã biệt tăm kể từ cuộc nổi dậy của lực lượng đánh thuê Wagner do thủ lĩnh Yevgeny Prigozhin cầm đầu ngày 24/6 vừa qua. Một người thì có tin đồn đã bị bắt, người kia mất dạng.",Tổng hợp,viettan.org
"Putin biệt tăm trong khi mọi người tự hỏi, làm thế nào mà quân nổi dậy Wagner tiến được gần Moscow như vậy","Vladimir Putin đã biến mất khỏi tầm nhìn của công chúng kể từ khi yêu cầu dân chúng Nga không ủng hộ một cuộc đảo chính trong khi bộ máy tuyên truyền của ông ta đặt câu hỏi, làm thế nào mà quân nổi dậy có thể tiến về gần Moscow như vậy?",James Kilner/ The Telegraph,viettan.org
Nguồn gốc tội ác và bạo loạn ở Tây Nguyên,"Cuộc bố ráp đang biến thành một cuộc trả thù sắc tộc không kiểm soát có thể tạo ra xung đột sâu sắc thêm, hậu quả sẽ vô cùng nghiêm trọng. Điều đó cần phải chấm dứt ngay. Cuộc khủng hoảng này cần nhanh chóng khép lại bằng tiến trình luật pháp. Điều quan trọng hơn là Hà Nội nhìn nhận ra ngọn nguồn của mâu thuẫn dẫn đến tội ác và bạo loạn như đã xảy ra trong nhiều thập kỷ qua và vẫn nhức nhối tới hôm nay dù nhà cầm quyền đã tiêu tốn một nguồn lực khổng lồ. Vấn đề cần được giải quyết ở gốc rễ chứ không phải bằng bạo lực và đàn áp sắt máu.",Tùng Phong,viettan.org
"Máy bay C919 của Trung Quốc cất cánh, nhưng có bay được hay không còn tùy thuộc vào lệnh cấm của Hoa Kỳ","Nhật báo Bắc Kinh do nhà nước Trung Quốc (TQ) điều hành đã hớn hở tuyên bố: “Sau nhiều thế hệ nỗ lực, cuối cùng chúng ta đã phá vỡ thế độc quyền hàng không của Tây Phương và thoát khỏi nỗi nhục phải ngồi may (chai đít) ‘800 triệu chiếc áo sơ mi cho một chiếc Boeing’.” Tuy vậy, các nhà phê bình đã nhanh chóng lưu ý rằng động cơ, hệ thống điện tử hàng không và các thành phần quan trọng khác của C919 đều được mua từ các nhà cung cấp của Hoa Kỳ và Châu Âu. Tạp chí The Wall Street Journal đã đưa tin rằng, C919 “phải leo lên một con đường dốc mới dẫn đến sự thành công.”",Scott Foster/ Asia Times,viettan.org
Geneva Summit kỳ thứ 15: Phản bác các tuyên truyền của các chế độ độc tài ,Mục đích của Hội Nghị Thượng Đỉnh Geneva về Nhân Quyền và Dân Chủ là để nêu lên tình trạng nhân quyền và đặc biệt là để hướng cộng đồng thế giới quan tâm vào một số trường hợp cấp bách cần phải có sự can thiệp nhanh chóng để giảm đi những khổ nạn có thể xảy đến với các nạn nhân. Hội nghị Geneva Summit là môi trường thuận lợi cho các nhà hoạt động nhân quyền cũng như các nạn nhân có một diễn đàn rộng lớn để nói lên các vi phạm nhân quyền mà chính quyền nước họ đang cố tình che dấu dư luận thế giới.,Hải Đăng tường trình từ Geneva ,viettan.org
Những bất hợp lý qua vụ tăng giá điện tại Việt Nam,"Trong phiên họp Quốc hội ngày 25/5/2023 vừa qua, việc tăng giá điện lên 3%, việc lỗ khủng của Tập đoàn Điện lực Việt Nam (EVN), đặc biệt là việc “Việt Nam là cường quốc điện gió, điện mặt trời, thiên nhiên ưu đãi như thế nhưng vì sao phải nhập khẩu điện từ Lào và Trung Quốc, và lại xác định sẽ nhập điện lâu dài?” đã làm lộ ra nhiều vấn đề uẩn khúc và hầu như “hết thuốc chữa.”",GS Phạm Minh Hoàng ,viettan.org
Quốc Hội California Công Nhận Ngày 11 Tháng 5 là Ngày Nhân Quyền Cho Việt Nam,"Quốc Hội Tiểu Bang California đã thông qua Nghị Quyết ACR 45, công nhận ngày 11 tháng 5 hàng năm là ngày tranh đấu cho nhân quyền tại Việt Nam.",nan,viettan.org
Tuổi trẻ Thái Lan đang thay đổi cục diện chính trị,"Trong một căn nhà nhỏ hẹp chật chội ở một vùng ngoại ô Bangkok, một nhóm tình nguyện viên đang sốt sắng soạn các tờ rơi để vận động cho cuộc tổng tuyển cử tại Thái Lan. Căn nhà nhỏ hẹp đó chính là trụ sở của đảng Move Forward (đảng Tiến Lên), dùng để vận động cho các thành viên của họ ứng cử vào ghế Quốc Hội.",FB Ước Mơ Việt Tân,viettan.org
Viết cho Anh: Anh Trương Dũng,"Thầy Vũ Hùng đã kể cho tôi biết có thể anh Trương Dũng là người bị công an hành hung nhiều nhất trong các anh chị em đấu tranh trong Nam lẫn ngoài Bắc. Tôi nghe mà thấy xót xa. Theo thống kê của RFA, kể từ năm 2013 đến năm 2018, anh Dũng đã bị công an đánh ít nhất sáu lần. Lần gần nhất là vào ngày 14/3/2018 khi Dũng bị đánh đến gãy răng ở Cơ quan An ninh điều tra Công an TP Hà Nội sau khi cùng những người khác thắp hương tưởng niệm các liệt sĩ đã hy sinh bảo vệ đảo Gạc Ma ở Trường Sa trong một trận hải chiến với Trung Quốc hồi năm 1988.",Phạm Minh Hoàng ,viettan.org
Sám hối,"Tôi không phải là một trong số những thuyền nhân năm xưa. Nhưng tôi biết ngay trong thời điểm này, có không ít người vẫn đang phải lưu vong trên chính quê hương mình hoặc phải tất bật nơi xứ người. Có không ít những giọt nước mắt được chôn chặt trong tim của nhiều người. Chẳng ai muốn lìa bỏ quê hương mình cả. Chẳng ai muốn phải bỏ mình trong những chuyến xe tử thần để vượt biên bằng đủ hình thức cả. Thảm cảnh 39 nạn nhân Việt bị tử vong trên xe đông lạnh vào Anh Quốc, vừa là tiếng khóc vừa là tiếng than của giới trẻ: Quê hương có còn là “chùm khế ngọt”?",Trần Minh Nhật,viettan.org
Quân đội Việt Nam có một đội quân troll và Facebook là vũ khí của họ,"Lực lượng 47 lạm dụng các công cụ an toàn của Facebook để bịt miệng những người chỉ trích chính phủ ở quê nhà và mọi nơi trên thế giới. Đội quân troll thao túng các công cụ kiểm duyệt của Facebook để bịt miệng những tiếng nói bất đồng chính kiến; Nhắm mục tiêu vào các bài viết bằng tiếng Việt, các chiến dịch báo cáo hàng loạt tấn công cả các mục tiêu bên ngoài Việt Nam; Meta cho biết “rất có khả năng Facebook sẽ bị chặn toàn bộ” nếu công ty cấm đội quân này hoạt động.",Danielle Keeton-Olsen - Rest of World ,viettan.org
