title,text,author,source_domain
Liệu Tổng Bí thư Tô Lâm có thể bị mắc “bệnh lạ”?,"Một số ý kiến cho rằng, việc Tổng Bí thư, Chủ tịch nước Tô Lâm bất chấp tất cả, nỗ lực thâu tóm mọi quyền lực trong Đảng, đã tạo ra những tranh chấp lớn trong nội bộ. Đồng thời ông Tô Lâm được cho là ngày càng công khai tỏ thái độ chống Trung Quốc, ủng hộ Hoa Kỳ và các quốc gia phương Tây, bất chấp các áp lực từ giới chức tướng lĩnh quân đội thân Trung Quốc. Cũng theo một số ý kiến, những điều vừa kể đã khiến cho Bắc Kinh hết sức không hài lòng. Theo giới quan sát, trong mối quan hệ Việt-Mỹ, cứ mỗi lần 2 nước có những động thái thắt chặt hơn về quan hệ, thì lập tức ban lãnh đạo Bắc Kinh sẽ tìm cách ngăn cản, hay chọc gậy bánh xe. Tại Hội nghị Trung ương 10 diễn ra chóng vánh trước chuyến công du Mỹ và thăm chính thức Cuba. Tổng Bí thư, Chủ tịch nước Tô Lâm được cho là đã chịu sức ép rất lớn từ phe bảo thủ trong Đảng, với trung tâm là lực lượng tướng lĩnh quân đội trung thành với cố Tổng Bí thư Trọng trước đây và thân Trung Quốc. Việc Ban Chấp hành Trung ương Đảng không nhất trí sửa đổi Điều lệ Đảng theo đề nghị của Tổng Bí thư Tô Lâm là một thất bại không nhỏ đối với ông. Tuy nhiên tại Hội nghị Trung ương 10, trên cương vị người đứng đầu Đảng Cộng sản Việt nam, ông Tô Lâm trích dẫn các huấn thị của cố Tổng Bí thư Lê Duẩn, liên quan đến thái độ của Việt Nam đối với chính quyền Bắc Kinh, trước cuộc chiến tranh Biên giới phía Bắc năm 1979. Khi đó, Tổng Bí thư Lê Duẩn chỉ đạo và khẳng định trong lời mở đầu của Hiến pháp Việt Nam năm 1982, “Trung Quốc luôn là kẻ thù trực tiếp và nguy hiểm đối với Việt Nam”. Theo một số đánh giá, đó có thể là một trong những nguyên nhân đã khiến cho ông trùm “cảnh sát tư tưởng” – Thượng tướng Nguyễn Trọng Nghĩa, Trưởng Ban tuyên giáo Trung ương được cho là bày tỏ thái độ “đối đầu” rõ rệt với Tổng Bí thư Tô Lâm. Không chỉ là việc Tướng Nghĩa đã có hành động “ghế trên nhảy tót sỗ sàng”, trong buổi Chủ tịch nước Tô Lâm hội đàm với Tổng thống Joe Biden ngày 25/9. Theo đó, qua màn ảnh truyền hình, người ta thấy, Thượng tướng Nguyễn Trọng Nghĩa, Trưởng Ban tuyên giáo Trung ương ngồi bên tay phải của ông Tô Lâm, chỉ cách ông Nguyễn Hòa Bình, nhưng ngồi trên ông Phan Văn Giang, trong vai trò như là “giám sát” Tổng Bí thư. Ngay sau đó, các phát biểu của Tổng Bí thư Tô Lâm về “những người bạn Mỹ là lực lượng nước ngoài duy nhất bên cạnh Chủ tịch Hồ Chí Minh”, trên truyền thông nhà nước lập tức bị gỡ bỏ, được cho là theo lệnh của Ban Tuyên giáo Trung ương. Điều đó đã cho thấy, kể cả Tổng Bí thư Tô Lâm là người đứng đầu của Đảng Cộng sản Việt Nam cũng bị lực lượng “cảnh sát tư tưởng” – Ban Tuyên giáo Trung ương kiểm duyệt, cắt bỏ phát biểu. Theo một số nhận định, điều đó cũng cho thấy, Ban Đảng và các tướng lĩnh thân Trung Quốc đã sẵn sàng chơi “sát ván” Tổng Bí thư Tô Lâm để chiều ý Bắc Kinh. Theo giới quan sát quốc tế, trong những ngày gần đây, Trung Quốc đã nhiều lần tấn công “thô bạo” các tàu cá của ngư dân Quảng Ngãi trên Biển Đông, được cho là để thể hiện thái độ không hài lòng với chính quyền Việt Nam nói chung, và Tổng Bí thư Tô Lâm nói riêng. Việc người phát ngôn của Bộ Ngoại giao Việt Nam sau đó đã lên tiếng mạnh mẽ hơn trước đây, nhất là khi nêu đích danh thủ phạm cướp bóc, đánh đập là lính Trung Quốc, cho thấy mối quan hệ Việt Nam và Trung Quốc đang ở mức thấp nhất chưa từng thấy. Thậm chí, người ta lo lắng tới tình huống, vì một lý do nào đó, ông Tô Lâm có thể bị mắc “bệnh lạ” bí ẩn, giống như cố Chủ tịch nước Trần Đại Quang trước đây sau khi thăm Bắc kinh. Tương tự như Phó thủ tướng Lê Văn Thành, hay tướng Nguyễn Chí Vịnh mới đây qua đời bởi mắc “bệnh lạ” là điều rất có thể. ",Trà My –  Thoibao.de,thoibao.de
"Tô Lâm và Phạm Minh Chính, cặp đấu cương – nhu. Ai sẽ thắng?","Từ khi Tô Lâm lên Tổng Bí thư, vai trò của Phạm Minh Chính mờ nhạt hẳn. Mặc dù, võ đài chính trị chỉ còn lại 2 nhân vật được xem là mạnh nhất hiện nay, nhưng xem ra, ông Chính đang bị che lấp bởi cái bóng của ông Tô Lâm. Giữa ông Chính và ông Tô Lâm có nhiều duyên nợ. Cả 2 đều trưởng thành từ ngành công an, từng là đối thủ trong Bộ Công an, cùng được thăng quân hàm một lúc, và được bố trí những chức vụ tương đương trong Bộ Công an. Rồi đến năm 2011, cả 2 cùng vào Trung ương Đảng. Tuy nhiên, sau đó, ông Chính rời Bộ Công an, tìm hướng đi mới, còn Tô Lâm ở lại Bộ này. Từ Bộ Công an, Phạm Minh Chính đến làm Bí thư Tỉnh uỷ Quảng Ninh, rồi sau đó về Ban Bí thư, và bất ngờ rẽ ngang sang Chính phủ, nắm chức Thủ tướng vào năm 2021. Khi ông Chính thành Thủ tướng – vị trí làm sếp của các bộ trưởng, có nghĩa, ông đã vượt lên trên ông Tô Lâm. Những tưởng, ở lại Bộ Công an khiến Tô Lâm bị bỏ lại sau lưng Phạm Minh Chính. Nhưng bất ngờ, đến giữa năm 2024, ông Tô Lâm dùng Bộ Công an tạo phản, chiếm lấy cả ghế Chủ tich nước lẫn ghế Tổng Bí thư. Lúc này, Tô Lâm lại vượt lên trên Phạm Minh Chính. Té ra, ở lại Bộ Công an lại là lợi thế lớn của ông Tô Lâm. Nhờ nắm chắc Bộ Công an, Tô Lâm đã đánh đâu thắng đấy, và thẳng tiến đến chiếc ghế quyền lực nhất của Đảng. Con đường tiến thân của Tô Lâm và Phạm Minh Chính rất khác nhau. Tô Lâm sử dụng sức mạnh cơ bắp, còn ông Chính thì có sức mạnh từ những mối quan hệ, cộng với những đòn đánh hiểm, chớp thời cơ đúng lúc. Trên võ đài, có thể xem Tô Lâm là dùng cương, còn Phạm Minh Chính dùng nhu. Như vậy, giờ đây, với 2 đối thủ mạnh nhất võ đài, liệu rằng nhu sẽ thắng hay cương thắng? Lợi thế lớn của Tô Lâm là đã ngồi vào ghế Tổng Bí thư, và nhiệm vụ của ông lúc này là giữ ghế. Còn nhiệm vụ của Phạm Minh Chính là chiếm ghế, nên ông Chính khó khăn hơn nhiều, so với ông Tô Lâm. Tuy nhiên, phần chìm bên dưới tảng băng cho thấy, ông Tô Lâm gặp khó khăn không ít. Khó khăn lớn nhất của ông là hiện nay, ông có quá nhiều kẻ thù. Thậm chí, có những kẻ thù mà Tô Lâm không hề biết đến. Điều đáng nói là, khi ông Tô Lâm lên làm Tổng Bí thư, phần còn lại trong Đảng luôn cảm thấy bị đe dọa, nên rất khó để họ trung thành với Tô Lâm. Và ông cũng biết điều đó, nên ông sử dụng hầu hết là người Hưng Yên, và một số nhân vật khác có quan hệ với ông theo tính chất gia đình. Nếu ông Tô Lâm cũng dùng người dễ dãi như ông Nguyễn Phú Trọng, thì rất dễ bị tạo phản. Mà ngay cả ông Trọng cũng đã bị phản vào những lúc cuối đời. Ông Nguyễn Phú Trọng ngồi ngôi đến 13 năm mới bị tạo phản, mà kẻ phản trắc ấy, không ai khác, chính là kẻ mà ông Trọng tin dùng. Kẻ phản nghịch thường rất giỏi che đậy, chính ông Tô Lâm là ví dụ rõ nét nhất. Với 8 năm bên cạnh ông Trọng, ông Tô Lâm luôn tỏ ra là một mãnh tướng tận tụy và trung thành. Cho đến khi sức khỏe của ông Trọng yếu đi, tạo ra cơ hội chín muồi, thì Tô Lâm mới ra mặt tạo phản. Vậy nên, trong số thuộc hạ của Tô Lâm, không chắc không tiềm ẩn một kẻ phản trắc trong tương lai. Giữa Tô Lâm và Phạm Minh Chính, khả năng, ông Tô Lâm dễ bị đồ đệ tạo phản, cướp ngôi, cao hơn Phạm Minh Chính. Nguyên nhân là, ghế Tổng Bí thư là ghế quyền lực mà bất kỳ quan chức nào cũng muốn. Hơn nữa, từ xưa đến nay, những kẻ tạo phản chỉ cướp ngôi vua, chứ không ai cướp ngôi thừa tướng. Vì vậy, có thể nói, ông Tô Lâm có nguy cơ bị phản cao hơn. Nếu khi ông Tô Lâm bị phản, mà ông Chính vẫn còn trụ lại ghế Thủ tướng, thì có khi, ông Chính lại là người vượt lên trên ông Tô Lâm. Chính trường diễn biến khó lường, mọi kịch bản đều có thể xảy ra. Hãy đợi xem! ",Trần Chương –  Thoibao.de,thoibao.de
Việt Nam lên án cuộc tấn công ngư dân ở Hoàng Sa,"Ngày 3/10, VOA Tiếng Việt cho hay “Việt Nam phản đối hải cảnh Trung Quốc tấn công, làm ngư dân bị thương”. Theo đó, ngày 2/10, Bộ Ngoại giao Việt Nam đã lên tiếng phản đối hành vi “thô bạo”, và gây thương tích của hải cảnh Trung Quốc, đối với các ngư dân Việt Nam đang đánh bắt ở khu vực quần đảo Hoàng Sa trên Biển Đông – nơi mà cả Hà Nội lẫn Bắc Kinh đều tuyên bố chủ quyền. VOA dẫn lời người phát ngôn Bộ Ngoại giao Việt Nam Phạm Thu Hằng, được báo Tuổi Trẻ đăng tải, nói rằng, lực lượng thực thi pháp luật của Trung Quốc đã “trấn áp, đánh bị thương, tịch thu tài sản” của ngư dân Việt Nam, trên tàu cá QNg 95739 TS của tỉnh Quảng Ngãi, khi con tàu này đang hoạt động tại khu vực quần đảo Hoàng Sa, vào ngày 29/9. “Việt Nam hết sức quan ngại, bất bình và kiên quyết phản đối cách hành xử thô bạo của lực lượng thực thi pháp luật Trung Quốc đối với ngư dân và tàu cá Việt Nam.” “Bộ Ngoại giao Việt Nam đã giao thiệp nghiêm khắc với Đại sứ quán Trung Quốc tại Hà Nội, mạnh mẽ phản đối hành động nói trên của lực lượng thực thi pháp luật Trung Quốc, yêu cầu Trung Quốc tôn trọng đầy đủ chủ quyền của Việt Nam đối với quần đảo Hoàng Sa, khẩn trương điều tra và thông báo kết quả cho phía Việt Nam, không tái diễn các hành động tương tự” – bà Hằng nói thêm. VOA trích dẫn tin từ một hãng tin quốc tế, cho biết, hôm 2/10, Bộ Ngoại giao Trung Quốc đã mô tả từ góc nhìn của họ, rằng, các tàu đánh cá Việt Nam đánh bắt trái phép, ở vùng biển liên quan của quần đảo Hoàng Sa, mà không có sự cho phép của Bắc Kinh, do đó chính quyền Trung Quốc đã áp dụng các biện pháp ngăn chặn. Hãng tin quốc tế trên dẫn lời Bộ Ngoại giao Trung Quốc, cho rằng: “Các hoạt động tại chỗ rất chuyên nghiệp, có chừng mực, và không có ghi nhận gì về thương tích.” VOA dẫn nhận xét của nhà nghiên cứu Raymond Powell, ở California, Mỹ: “Việc khẳng định các yêu sách hàng hải của Trung Quốc ngày càng trở nên bạo lực. Các tàu chấp pháp của họ thực tế đã biến thành một lực lượng bán quân sự, được phép sử dụng mọi phương tiện sẵn có, để buộc các nước láng giềng phải phục tùng.” “Việc sẽ có người thiệt mạng trong một trong những cuộc chạm trán như vậy, dường như chỉ là vấn đề thời gian” – ông Powell dự báo. VOA cũng dẫn nhận định của Thạc sĩ – nhà nghiên cứu Hoàng Việt, từ Sài Gòn, cho rằng: “Hai tàu hải cảnh của Trung Quốc, Sansha Zhifa 101 và Sansha Zhifa 301 đã tấn công vô cớ ngư dân, tàu cá của Việt Nam. Đây cho thấy rõ âm mưu độc chiếm Biển Đông của Trung Quốc.” “Có lẽ, lần này Việt Nam lên tiếng khá nhanh so với những lần trước.” “Điều này cho thấy rằng, mặc dù luôn đặt mối quan hệ với Trung Quốc lên hàng đầu, nhưng Việt Nam cũng đặt chủ quyền, toàn vẹn lãnh thổ lên quan trọng hơn” – ông Việt nhận xét. VOA trích dẫn VietnamNet, cho biết, vụ việc khiến 4 ngư dân ở Quảng Ngãi phải nhập viện, trong tình trạng bị thương nặng. Theo ông Hoàng Việt: “Mối quan hệ của Việt Nam với nhiều quốc gia khu vực và phương Tây, trong đó có Mỹ, đang tăng cường, thì đây có lẽ là điều mà Trung Quốc đang muốn nhắc nhở Việt Nam, chưa kể là có những cuộc cạnh tranh quyết liệt giữa Trung Quốc và Mỹ, cũng khiến Trung Quốc phải dằn mặt trước Việt Nam.” VOA cho biết, việc tàu cá của ngư dân Việt Nam bị Trung Quốc tấn công, xảy ra chỉ một tuần sau khi Tổng Bí thư, Chủ tịch nước Tô Lâm có cuộc gặp với Tổng thống Hoa Kỳ Joe Biden, tại New York. Trong cuộc gặp này, ông Biden tái cam kết với nhà lãnh đạo Việt Nam, về chính sách của Washington đối với “một đại dương rộng mở, tự do hải hành, tuân thủ luật pháp quốc tế”, ngụ ý nói đến tình hình ở Biển Đông. ",Xuân Hưng – thoibao.de,thoibao.de
"Tại sao Tổng Bí thư Tô Lâm vẫn vững tin, để công khai chống Trung Quốc?","Gần đây, mối quan hệ Việt – Trung Quốc được đánh giá là rất xấu, kể từ khi ông Tô Lâm trở thành Tổng Bí thư kiêm Chủ tịch nước. Trong khi đó, ông Tô Lâm ngày càng tỏ thái độ công khai chống Bắc Kinh, ủng hộ Hoa Kỳ và phương Tây, bất chấp áp lực từ các tướng lĩnh quân đội thân Trung Quốc. Những điều vừa kể, chắc chắn sẽ khiến cho Trung Nam Hải không hài lòng. Điều đó đã thể hiện rất rõ trong thái độ của lực lượng hải cảnh của Trung Quốc, những ngày gần đây đối với ngư dân Việt Nam trên Biển Đông. Ngày 29/9, lính Trung Quốc đã cho thuyền áp sát tàu cá Việt Nam, sau đó lên tàu và dùng gậy sắt tấn công các ngư dân, ở khu vực gần quần đảo Hoàng Sa, khiến 10 người thương. Đồng thời, họ đã cướp tất cả hải sản, công cụ đánh bắt của ngư dân, chỉ để lại một máy định vị để tàu cá có thể quay vào bờ. Một bất ngờ lớn, ngày 2/10, Bộ Ngoại giao Việt Nam đã tổ chức họp báo, để phản đối Trung Quốc hành xử thô bạo đối với với ngư dân Việt Nam. Theo đó, phát ngôn viên Bộ Ngoại giao Việt Nam Phạm Thu Hằng đã lên tiếng phản đối, và chỉ đích danh lực lượng Trung Quốc đã “hành sử thô bạo”. Theo bà Hằng, Việt Nam hết sức quan ngại, bất bình, và kiên quyết phản đối cách hành xử thô bạo của Trung Quốc, đối với ngư dân và tàu cá Việt Nam, đang hoạt động tại khu vực quần đảo Hoàng Sa của Việt Nam. Đồng thời, bà cũng yêu cầu Trung Quốc khẩn trương điều tra, và thông báo kết quả cho Việt Nam, không để tái diễn các hành động tương tự. Theo giới quan sát, đây là điều hết sức bất thường trong mối quan hệ Việt – Trung. Đáng chú ý, trong một báo cáo mới nhất gửi Bộ Ngoại giao, Hội thủy sản Việt Nam đã liệt kê các vụ việc ngư dân Việt Nam từng bị phía Trung Quốc cướp phá, đánh đập gây thương tích. Trong đó, có vụ việc xảy ra đúng vào ngày 19/8, là ngày ông Tô Lâm đang ở thăm Trung Quốc và hội đàm với ông Tập Cận Bình. Mới đây, Tổng Bí thư Tô Lâm và giới lãnh đạo Việt Nam đã cho Tập Cận Bình và Bắc Kinh một vố đau. Cụ thể, Việt Nam đã thống nhất và quyết định chủ trương, dự án Đường sắt cao tốc Bắc – Nam không phụ thuộc vào nước ngoài, tức là, sẽ không để Trung Quốc làm chủ đầu tư theo kế hoạch ban đầu, dưới thời cố Tổng Bí thư Trọng. Đây được cho là quyết định có chủ ý của Ban lãnh đạo Hà Nội, dưới sự chỉ huy của “nhạc trưởng” Tô Lâm. Ngược dòng thời gian, ngày 18/7, đúng vào ngày Bộ Chính trị ra thông báo, phân công ông Tô Lâm tạm thay thế cương vị Tổng Bí thư của ông Trọng, thì cùng ngày, Bộ Ngoại giao Việt Nam bất ngờ tuyên bố, về việc Việt Nam nộp đệ trình Ranh giới thềm lục địa mở rộng ngoài 200 hải lý, ở khu vực giữa Biển Đông, lên Liên Hợp Quốc. Được biết, đây là một quyết định đã có từ 15 năm trước, nhưng đã bị Tổng Bí thư Trọng gác lại. Vậy mà, ngay sau khi Tổng Bí thư Trọng qua đời, ông Tô Lâm đã chỉ đạo Bộ Ngoại giao chính thức hóa quyết định này. Điều vừa kể đã khiến cho Bắc Kinh giận dữ, và họ lập tức cho máy bay quân sự không người lái quấy rối gần bờ biển Việt Nam. Hiện nay, Bắc Kinh đang nỗ lực tìm mọi cách đẩy Việt Nam và Tổng Bí thư Tô Lâm vào thế “tứ bề thọ địch”. Việt Nam sẽ khó có lối thoát, nếu Bắc Kinh cố tình tạo các sự kiện “bất ổn” trên Biển Đông, nhằm châm ngòi cho một cuộc xung đột quy mô lớn giữa 2 bên. Giới quan sát quốc tế đánh giá: “Ông Tô Lâm tự tin khi thực hiện các chuyến công du dài ngày, mà không lo ngại về việc mất quyền lực trong nước, cho thấy, vị thế lãnh đạo của ông hiện khá vững chắc.” Phải chăng, lực lượng tướng lĩnh quân đội dưới quyền kiểm soát của Đại tướng, Bộ trưởng Bộ Quốc phòng Phan Văn Giang, cũng như các lãnh đạo thuộc phe công an, vẫn kiểm soát tốt tình hình? ",Trà My –  Thoibao.de,thoibao.de
Tổng Bí thư Tô Lâm chọn thăm 2 nước “cựu” Cộng Sản Mông Cổ và Cuba với mục đích gì?,"Các hoạt động đối ngoại liên tiếp của Tổng Bí thư, Chủ tịch nước Tô Lâm sẽ quyết định sự thành công, cũng như ngày càng củng cố quyền lực của ông Tô Lâm trong nội bộ Đảng. Theo giới quan sát, gần đây, Tổng Bí thư Tô Lâm liên tiếp thực hiện các chuyến công du ngoại quốc nhưng dường như ông ta không lo ngại về việc mất quyền lực. Điều đó đã cho thấy vị thế lãnh đạo cao nhất trong Đảng của ông Tô Lâm vẫn vững chắc. Sau khi kết thúc chuyến công cán đến Mỹ và thăm chính thức Cuba, một đồng minh ở Tây Bán Cầu từ ngày 21 đến 27/9. Từ 30/9 đến 7/10 ông Tô Lâm đến thăm chính thức cấp nhà nước Mông Cổ, Ireland và Pháp, đồng thời tham dự Hội nghị cấp cao các nước nói Tiếng Pháp lần thứ 19. Một câu hỏi đặt ra, tại sao Tổng Bí thư, Chủ tịch nước Tô Lâm lại chọn thăm Mông Cổ và Cuba vốn là 2 nước “cựu” Cộng sản với mục đích gì? Phải chăng ông Tô Lâm muốn chứng minh cho nội bộ lãnh đạo đảng, và người dân thấy sự chuyển đổi dân chủ đã khiến cho đất nước Mông Cổ thành công vượt bậc trong việc chuyển đổi chính trị? Trước khi Liên Xô tan rã và hệ thống Xã hội Chủ nghĩa ở Đông Âu sụp đổ giai đoạn 1989 – 1990, cả Việt Nam, Mông Cổ, và Cuba đều là các quốc gia trong hệ thống Xã hội Chủ nghĩa do Liên Xô lãnh đạo. Cùng chung mục đích xây dựng Chủ nghĩa Xã hội dưới sự lãnh đạo toàn diện và độc tôn của Đảng Cộng sản. Với nền kinh tế kế hoạch hóa tập trung theo mô hình xô viết, với chế độ sở hữu nhà nước là hình thức duy nhất. Mô hình Cộng sản vừa kể đã khiến cho nền kinh tế kiệt quệ, người dân đói khát…, và đẩy tất cả các quốc gia trong hệ thống Xã hội Chủ Nghĩa đến bờ vực sụp đổ. Khi đó, tất cả các quốc gia cựu Cộng sản ở Đông Âu và Mông cổ lập tức cải cách thế chế chính trị chuyển sang đa đảng và hầu hết đã thành công. Ngược lại, theo gương Trung Quốc, năm 1986, Việt Nam cải cách chuyển đổi sang mô hình kinh tế thị trường định hướng Xã hội Chủ nghĩa, nhưng vẫn duy trì chế độ độc đảng về chính trị. Riêng Cuba vẫn kiên trì con đường Xã hội Chủ nghĩa từ đó cho đến nay, kết quả là nền kinh tế nước này đã kiệt quệ, dân chúng luôn ở trong tình trạng đói khát. Đó là lý do mỗi khi lãnh đạo Việt Nam đến thăm Cuba thường tặng hàng ngàn tấn gạo. Theo thống kê của các tổ chức quốc tế, thu nhập bình quân đầu người của Mông Cổ năm 2023 ở mức 16.300 USD, cao gấp rưỡi Việt Nam và gấp đôi Cuba. Nhưng đáng chú ý, theo bảng đánh giá tình trạng tự do, dân chủ toàn cầu năm 2024, trong hơn 30 năm qua người Mông Cổ đã xây dựng được một xã hội tự do, dân chủ ở mức cao gần tương đương với nước Mỹ. Trái ngược hẳn với thể chế độc tài ở Cuba và Việt Nam, dưới sức ép của dư luận đặc biệt vai trò của lực lượng sinh viên. Đảng Nhân Dân Cách Mạng Mông Cổ cầm quyền khi đó đã chấp nhận từ bỏ vai trò đảng chính trị hợp pháp duy nhất. Đồng thời từ bỏ đặc quyền sử dụng ngân sách nhà nước, và kiểm soát bộ máy chính phủ, quân đội cũng như công an. Đổi tên đảng thành Đảng Nhân Dân Mông Cổ, để tiến hành công cuộc cải cách chính trị sâu rộng năm 1990. Sau đó trở thành một đảng chính trị bình thường trong một xã hội đa nguyên đa đảng, để cạnh tranh với các đảng chính trị khác. Vậy mà sau cuộc tổng tuyển cử tự do, công bằng theo Hiến pháp mới, Đảng Nhân Dân Mông Cổ vẫn nắm quyền lãnh đạo đất nước với tỷ lệ ủng hộ ở mức 60% số phiếu bầu, và 86% tổng số ghế trong Quốc Hội, các đảng khác giữ vai trò đảng đối lập chiếm 40% số phiếu bầu. Tổng Bí thư Tô Lâm được đánh giá là một con người thực dụng, không quan tâm đến các học thuyết giáo điều. Chắc chắn ông Tô Lâm, một nhân vật được đánh giá là có ý chí cải cách, thừa sức hiểu và quyết định lựa chọn giữa mô hình của Cuba hay Mông Cổ, để đưa Việt Nam theo hướng nào? Chúng ta hãy chờ xem. ",Trà My –  Thoibao.de,thoibao.de
Một gián điệp Trung Quốc bị bắt tại Đức,"Ngày 2/10, VOA Tiếng Việt loan tin “Đức bắt một phụ nữ Trung Quốc tình nghi làm gián điệp”. Theo đó, một phụ nữ Trung Quốc bị bắt tại thành phố Leipzig của Đức, vì tình nghi có các hoạt động của đặc vụ nước ngoài, và chuyển thông tin liên quan đến việc chuyển giao vũ khí, tổng công tố viên cho biết trong một tuyên bố hôm 1/10. VOA dẫn nội dung tuyên bố trên, cho biết, nghi phạm chỉ được nêu tên là Yaqi X, bị cáo buộc chuyển thông tin thu được, khi làm việc cho một công ty hậu cần tại sân bay Leipzig/Halle, cho một thành viên của cơ quan mật vụ Trung Quốc, người đang bị truy tố riêng. Theo VOA, công dân Trung Quốc thứ 2, được nêu tên là Jian G, bị bắt vào năm nay, khi đang làm trợ lý cho Maximilian Krah – một thành viên của Nghị viện châu Âu, bị tình nghi làm gián điệp “đặc biệt quan trọng” cho Bắc Kinh. Tổng công tố viên cho biết, thông tin được Yaqi X chuyển vào năm 2023 và 2024, bao gồm dữ liệu chuyến bay, hàng hóa và hành khách, cũng như thông tin chi tiết về việc vận chuyển thiết bị quân sự, và những người có quan hệ với một công ty vũ khí Đức. VOA cho biết, sự lo lắng về gián điệp Trung Quốc đã gia tăng trên khắp Tây Âu gần đây. Bắc Kinh đã phủ nhận các cáo buộc, nói rằng, chúng xuất phát từ “tư duy Chiến tranh Lạnh”, và được thiết kế để đầu độc bầu không khí hợp tác giữa Trung Quốc và châu Âu. VOA cho biết thêm, căng thẳng cũng đã âm ỉ giữa Berlin và Bắc Kinh trong năm qua, sau khi Thủ tướng Olaf Scholz công bố chiến lược giảm rủi ro cho mối quan hệ kinh tế của Đức với Trung Quốc, gọi Bắc Kinh là “đối tác, đối thủ cạnh tranh và đối thủ có hệ thống”. Không chỉ ở châu Âu, nhiều gián điệp Trung Quốc đã bị bắt ở Mỹ. Ngày 6/9, VOA cho hay, “Vụ trợ lý một Thống đốc Mỹ bị buộc tội làm gián điệp cho Trung Quốc, phơi bày chiêu thức tinh vi của Bắc Kinh”. Theo đó, các công tố viên New York đã buộc tội bà Linda Sun, cựu phụ tá của Thống đốc New York, với tội danh hoạt động như một đặc vụ bất hợp pháp cho Chính phủ Trung Quốc. VOA cũng cho biết, bà Linda Sun đã đảm nhiệm nhiều chức vụ trong chính quyền tiểu bang New York, bao gồm cả chức Phó Chánh văn phòng của Thống đốc Kathy Hochul. Bà bị cáo buộc thúc đẩy lợi ích của Trung Quốc, trong đó có việc ngăn cản các đại diện từ Đài Loan gặp Thống đốc New York, để đổi lấy các lợi ích tài chính trị giá hàng triệu đô la. Bà Sun bị bắt ngày 3/9, có lẽ là vụ gây chú ý nhất trong một loạt vụ án mà Bộ Tư pháp Hoa Kỳ đã truy tố trong những năm gần đây, để loại bỏ các điệp viên của Bắc Kinh trên đất Hoa Kỳ. Vẫn theo VOA, các vụ án trước đây liên quan đến các cáo buộc chống lại những điệp viên Trung Quốc, bị tình nghi vì đã đưa tin và theo dõi những người bất đồng chính kiến, chỉ trích Đảng Cộng sản Trung Quốc. Còn vụ án ngày 3/9, dường như cho thấy, Trung Quốc đang cố gắng tác động trực tiếp đến chính trường Hoa Kỳ theo hướng có lợi cho mình, ngay cả ở cấp địa phương. VOA đánh giá, vụ án của bà Sun cho thấy, Trung Quốc muốn gây ảnh hưởng ở cấp độ tinh vi — ví dụ như bằng cách thúc đẩy các thông điệp phù hợp với quan điểm của Bắc Kinh. Các công tố viên cho biết, bà Sun đã đưa các quan điểm của một quan chức Trung Quốc vào bài phát biểu của bà Hochul, khi bà còn là Phó Thống đốc, để chúc mọi người một năm mới vui vẻ. Các công tố viên cho biết, bà đã cố tình không cho bà Hochul đề cập đến các vấn đề nhân quyền của Trung Quốc. Bà cũng bị cáo buộc đã ngăn cản các đại diện của Chính phủ Đài Loan gặp gỡ các quan chức cấp cao của tiểu bang New York. ",Ý Nhi – thoibao.de,thoibao.de
"Vì sao, sau chuyến công du Mỹ của Tô Lâm, quan hệ Việt – Trung xấu đi nhanh chóng?","Giới quan sát quốc tế đánh giá, Tổng Bí thư Tô Lâm không giống với người tiền nhiệm Nguyễn Phú Trọng. Tờ báo The Economis đã “huỵch toẹt” rằng, Tô Lâm là một chính khách thực dụng, thích Chủ nghĩa Tư bản, và là người thích hưởng thụ. Người ta không hiểu lí do vì sao, sau chuyến đi Mỹ của ông Tô Lâm, quan hệ Việt – Trung đã xấu đi nhanh chóng? Điều đó thể hiện rất rõ trong thái độ của Bắc Kinh đối với ngư dân Việt Nam, trên Biển Đông. Gần đây, truyền thông nhà nước liên tiếp đưa tin, về việc, lực lượng Hải cảnh Trung Quốc tấn công các tàu cá của ngư dân tỉnh Quảng Ngãi, ở gần quần đảo Hoàng Sa, khiến 10 ngư dân bị thương. Ông Phùng Bá Vương, Chủ tịch xã Bình Châu, huyện Bình Sơn, tỉnh Quảng Ngãi, cho biết: “Ngày 29/9, tàu cá QNg-95739-TS đánh bắt hải sản hợp pháp ở quần đảo Hoàng Sa, đã bị tàu của Trung Quốc mang số hiệu 101 truy đuổi, và tiếp cận tàu bằng 3 ca nô, với khoảng hơn 30 người có trang bị hung khí. Khi tiếp cận được tàu cá, những người này lên tàu đánh đập dã man ngư dân, làm 4 người bị thương tích nặng, và lấy toàn bộ trang thiết bị trên tàu và hải sản ngư dân đánh bắt được.” Vụ việc vừa kể đã được Thông Tấn Xã Việt Nam loan tin, nhưng ngay sau đó, bản tin đã được rút xuống mà không rõ lý do. Trong khi, một số báo chí nhà nước, vào trưa 1/10, vẫn đưa tin phỏng vấn những nạn nhân, nhưng không đề cập đến quốc tịch của “tàu lạ”. Báo Kinh tế Đô thị cho hay: “khoảng 6 tấn hải sản của ngư dân đánh bắt được đã bị lấy đi, và hầu hết dụng cụ trên tàu bị đập phá. Nhóm người lạ hung hãn kia chỉ chừa lại một máy định vị, để các ngư dân quay về bờ. Tổng thiệt hại ban đầu ước chừng khoảng 300 triệu đồng”. Theo giới phân tích, khu vực Đông Nam Á đang trở thành khu vực trọng điểm, trong chiến lược đầu tư và ngoại giao của Ban lãnh đạo Bắc Kinh. Trong khi, đa số các quốc gia trong khu vực có thái độ “thiện chí” ủng hộ Trung Quốc, như Singapore, Malaysia…, kể cả Thái Lan – vốn là một đồng minh của Mỹ. Nhưng lãnh đạo Việt Nam, Philippines… lại tỏ ra “cứng đầu”. Đó là lý do, Ban lãnh đạo Việt Nam được cho là đang chịu áp lực từ sự “giằng kéo” giữa Bắc Kinh và Washington. Trong bối cảnh Bắc Kinh cố tình tạo ra sự gia tăng căng thẳng ở Biển Đông, không chỉ với Hải quân Philippines, mà còn “gây hấn” với Việt Nam. Ở phía tây Việt Nam, Bắc Kinh duy trì quan hệ quân sự sâu rộng với Campuchia và Lào, đẩy Ban lãnh đạo Hà Nội vào thế “tứ bề thọ địch”, khó có lối thoát, nếu xảy ra xung đột giữa Việt Nam và Trung Quốc. Theo giới quan sát, việc quân đội Trung Quốc phóng tên lửa xuyên lục địa có khả năng bắn đến Hoa Kỳ, trước cuộc hội đàm giữa người đứng đầu nhà nước Việt Nam – Tổng Bí thư Tô Lâm, và Tổng thống Mỹ Joe Biden, vào ngày 25/9, là bằng chứng khó có thể bác bỏ. Chưa kể đến các diễn biến trong chính trường Việt Nam gần đây, khi cơ quan ngoại giao của Trung Quốc đã “đổ dầu vào lửa”, trong vụ kênh truyền hình Quốc phòng Việt Nam đã đăng tải một video phóng sự, về một cuộc “cách mạng màu” trong tưởng tượng, do Đại học Fulbright Việt Nam dẫn đầu. Sau khi đăng tải phóng sự nói trên một thời gian, kênh truyền hình Quốc phòng Việt Nam đã xóa video. Tuy nhiên, ngày 11/9, tài khoản Facebook của Tổng Lãnh sự quán Trung Quốc tại Đà Nẵng, đã đăng tải lại video vừa kể. Chưa rõ, vì sao Tổng Lãnh sự quán Trung Quốc tại Đà Nẵng đăng tải lại video “nhạy cảm” nói trên? Nhưng có lẽ, đó là một trong những dấu hiệu cho thấy, mối quan hệ Việt – Trung đã và đang xấu đi nhanh chóng, liên quan đến chuyến công du Mỹ của ông Tô Lâm? ",Trà My –  Thoibao.de,thoibao.de
"Mới tập “đu dây”, Tô Lâm bị “kẹt đạn” khi đang diễn trò đánh đu?","Chuyện Tô Lâm ngả về Mỹ được báo chí trong và ngoài nước đặt kỳ vọng lớn. Đầu tiên là chuyến đi Mỹ của ông Phan Văn Giang gây nhiều tranh cãi. Có ý kiến cho rằng, ông Giang thừa lệnh ông Tô Lâm để kết nối với phía Mỹ. Ý kiến khác lại cho rằng, đường lối ngoại giao của ông Giang chống lại Tô Lâm. Trước chuyến đi của ông Phan Văn Giang, dư luận kỳ vọng bao nhiêu, thì sau khi chuyến đi kết thúc, đã gây thất vọng bấy nhiêu. Cũng như lần ông Phạm Minh Chính đi Mỹ, báo chí nước ngoài loan tin, ông Chính có ý định muốn mua tiêm kích F16 của Mỹ. Nhưng đến nay, đây vẫn chỉ là ý định, chưa thành thực tế. Còn chuyến đi ông Giang, báo chí nước ngoài cũng cho biết, ông Giang có ý định mua máy bay vận tải quân sự của Mỹ. Tuy nhiên, đến nay vẫn không thấy báo chí trong nước đưa tin. Có khả năng cao, chuyến thăm Mỹ của ông Giang chỉ để tỏ thái độ khác biệt, so với chính sách ngoại giao của ông Tô Lâm. Ngay sau khi Tô Lâm lên nắm quyền, ông đã kết nối với Tập Cận Bình, và xin sang gặp. Thật ra, ông không cần phải thực hiện chuyến đi tốn kém này, vì trong nhiệm kỳ này, ông Nguyễn Phú Trọng đã đi Bắc Kinh, và ký kết nhiều văn kiện với Tập Cận Bình. Nay, ông Tô Lâm trong vai trò tiếp nối nhiệm kỳ dang dở của ông Trọng, nên có thể không cần phải sang Bắc Kinh lần nữa. Chuyến công vụ không cần thiết này của Tô Lâm, cho thấy, ông vẫn đặt nặng quan hệ với Trung Quốc, hơn với Mỹ. Cũng như bao đời tổng bí thư khác, ông Tô Lâm muốn trung thành với Bắc Kinh, nhưng đồng thời cũng muốn đô la Mỹ, nên vẫn phải thực hiện chính sách “đu dây”. Trong chuyến đi Mỹ vừa rồi, ban đầu, ông bị Tổng thống Mỹ từ chối gặp gỡ. Nhưng do vận động hành lang, nên cuối cùng, ông cũng có cuộc gặp với Tổng Thống Mỹ bên lề Hội nghị. Điều này cho thấy, ông Tô Lâm vẫn “đu dây”, để cố giữ thăng bằng giữa Mỹ và Trung Quốc. Tuy nhiên, cuộc gặp Tổng Thống Mỹ chỉ mang tính chiếu lệ; bởi gặp bên lề Hội nghị, thì không thể bằng một gặp chính thức tại Nhà Trắng. Đây được xem là thất bại của ông Tô Lâm. Đáng chú ý là, trong chuyến đi Mỹ vừa qua, ông Tô Lâm có đi thăm các danh nghiệp hàng đầu nước Mỹ. Mới đây, Công ty Google đã đầu tư 1 tỷ đô la Mỹ tại Thái Lan, để xây dựng cơ sở hạ tầng AI. Đây rõ ràng là một thất bại nữa của ông Tô Lâm. Đại công ty của Mỹ vẫn không muốn chọn Việt Nam để gửi gắm niềm tin. Như vậy, có thể thấy, chuyến đi Mỹ của ông Tô Lâm đã thất bại ê chề, không thể thuyết phục được giới chính trị gia và cả giới doanh nhân, tại cường quốc số 1 thế giới này. Điều này cho thấy, trò “đu dây” giữa 2 cường quốc của Tô Lâm không mấy suông sẻ. Mỹ không tin tưởng ông. Tập Cận Bình cũng đặt nghi ngờ rất lớn, khi mà ông mới lên Tổng Bí thư, thì đã có liên tiếp 2 chuyến thăm Mỹ, cấp Bộ trưởng và cấp Chủ tịch nước. Nếu Tô Lâm tiếp tục trung thành vô điều kiện với Bắc Kinh, thì Việt Nam mất đi cơ hội xích lại gần hơn với Mỹ. Còn nếu Tô Lâm xích lại gần Mỹ, thì rất có thể, Tập Cận Bình sẽ phản ứng. Tô Lâm bị “kẹt đạn” ở giữa đoạn dây, chẳng biết buông hẳn bên nào bám bên nào. Tô Lâm đã chọn phương Tây để cả con gái và con trai du học. Nhưng ở phương diện quốc gia, ông cũng không dễ theo ý muốn. Hiện nay, các phe phái thân Tàu trong Đảng còn rất mạnh, cam kết của các tổng bí thư tiền nhiệm với Bắc Kinh vẫn còn đó. Trong vai trò đứng đầu Đảng, ông Tô Lâm vừa phải thực hiện nhiệm vụ với Bắc Kinh, vừa muốn kiếm đô la Mỹ, nên ông rơi vào thế kẹt. Kết quả, việc ông trung thành với Trung Quốc vẫn là ưu tiên số 1, bởi hiện nay, Tập Cận Bình đang nghi ngờ ông. ",Thái Hà –  Thoibao.de,thoibao.de
Tàu cá Việt Nam ở Hoàng Sa lại bị người Trung Quốc tấn công,"Ngày 1/10, RFA Tiếng Việt cho hay, “Chủ tịch xã: Ba xuồng Trung Quốc với 30 người tấn công tàu cá Việt Nam ở Hoàng Sa”. RFA cho biết, ông Phùng Bá Vương – Chủ tịch Uỷ ban Nhân dân xã Bình Châu, huyện Bình Sơn, tỉnh Quảng Ngãi, viết trên mạng xã hội tối 30/9, khẳng định, người Trung Quốc đi trên 3 ca nô đã tấn công tàu cá của tỉnh Quảng Ngãi, ở gần quần đảo Hoàng Sa, khiến 10 ngư dân bị thương. Theo đó, tàu cá gặp nạn mang số hiệu QNg-95739-TS, do thuyền trưởng Nguyễn Thanh Biên, sinh năm 1984, ở thôn Châu Thuận Biển, xã Bình Châu, đã cập cảng Sa Kỳ vào lúc 21 giờ 15 ngày 30/9. RFA dẫn báo chí nhà nước, cho biết: “Trước đó, ngày 29/9/2024 tàu cá QNg-95739-TS đánh bắt hải sản hợp pháp ở quần đảo Hoàng Sa, đã bị tàu của Trung Quốc mang số hiệu 101 truy đuổi, và tiếp cận tàu bằng 3 ca nô, với khoảng hơn 30 người có trang bị hung khí.” “Khi tiếp cận được tàu cá, những người này lên tàu đánh đập dã man ngư dân, làm 4 người bị thương tích nặng, lấy toàn bộ trang thiết bị trên tàu và hải sản ngư dân đánh bắt được.” RFA cũng cho biết, Chủ tịch xã Bình Châu đăng tải các tấm ảnh cho thấy, các quan chức huyện cùng bộ đội biên phòng lên tàu cá thăm hỏi ngư dân với thương tích đầy mình. Ông Vương nói, hành động tấn công các ngư dân là hết sức dã man, và bày tỏ “kịch liệt phản đối với hành động trên của Trung Quốc”. Điều kỳ lạ là, theo RFA, sau khi Thông Tấn Xã Việt Nam loan tin vụ việc này, thì đã lặng lẽ rút tin đó xuống, mà không giải thích lý do. Một số tờ báo nhà nước vào trưa 1/10 đã đưa các tin, bài, phỏng vấn những nhân chứng, khi tàu cá về đến cảng Sa Kỳ, nhưng không đề cập gì đến quốc tịch của tàu tấn công. RFA dẫn lời ông Nguyễn Thanh Biên (40 tuổi), thuyền trưởng tàu cá QNg 95739 TS, kể lại trên báo Tiền Phong rằng, khoảng 6 giờ sáng ngày 29/9, ông phát hiện con tàu mang số hiệu 301 trên máy định vị của tàu. Khoảng một tiếng sau, tàu 301 tiếp cận và rượt đuổi tàu cá Quảng Ngãi. Khi đến gần, tàu này thả 2 chiếc ca nô xuống, chạy 2 bên, kẹp tàu cá ở giữa, để cho người lên tàu, nhưng không được. Theo ông Biên, một lúc sau, có thêm 1 tàu sắt khác mang số hiệu 101 tiếp cận, thả thêm 1 ca nô nữa, bao vây, kẹp tàu cá Quảng Ngãi vào giữa. “Lúc này khoảng 10 giờ, lực lượng trên 2 tàu sắt mang đồ rằn ri, khoảng 40 người leo lên tàu, mỗi người cầm một tuýp sắt rồi đánh xối xả… gặp đâu đánh đó. Lúc này, tôi cố gắng chạy về phía trước mũi tàu, tuy nhiên, có 2 người kẹp tôi lại, đánh tới tấp vào người khiến tôi bất tỉnh không biết gì nữa, khoảng một giờ sau tôi mới tỉnh lại” – thuyền trưởng Biên nhớ lại. Vẫn theo RFA, đến 1 giờ chiều thì lực lượng này rời tàu, chỉ để lại 5 người, kèm 1 thông dịch viên. RFA dẫn lời ông Thương – em ông Biên, kể lại: “Lúc này, thông dịch viên nói, cho tàu chạy về Việt Nam. Khi anh em kiểm tra thì ngư lưới cụ, máy móc trên tàu đã bị lấy đi hết, chỉ để lại một máy định vị để quay về bờ.” RFA dẫn báo Kinh tế Đô thị, nói, khoảng 6 tấn hải sản các ngư dân đánh bắt được, bị lấy đi, và hầu hết dụng cụ trên tàu bị đập phá. Nhóm người hung hãn kia chỉ chừa lại một máy định vị, để các ngư dân quay về bờ. Tờ báo này cho biết thêm, một con tàu khác mang số hiệu QNg 90659TS, đang neo đậu tại tọa độ 16 độ 11 phút vĩ độ Bắc, 112 độ 23 phút kinh độ Đông, ngay khu vực quần đảo Hoàng Sa, vào 3 giờ chiều ngày 29/9, thì bị 1 tàu nước ngoài áp sát, khống chế, hành hung thuyền trưởng và uy hiếp các thuyền viên, sau đó lấy hết trang thiết bị. Tổng thiệt hại ban đầu khoảng 300 triệu đồng. ",Hoàng Anh –  thoibao.de,thoibao.de
"Ai đang dùng cháu nội của Nguyễn Xuân Phúc, để tạo áp lực với Tổng Bí thư Tô Lâm?","Trong những ngày gần đây, trên mạng xã hội của người Việt, đang chia sẻ rộng rãi hình ảnh chàng trai mang tên Nguyễn Như Khôi, 18 tuổi, được cho là cháu nội của cựu Thủ tướng, cựu Chủ Tịch nước Nguyễn Xuân Phúc. Đây là điều bất ngờ, vì cho đến nay, người ta chỉ biết ông Bảy Phúc có 2 người con với phu nhân Trần Thị Nguyệt Thu. Đó là cô Nguyễn Thị Xuân Trang và cậu Nguyễn Xuân Hiếu. Với độ tuổi của Trang và Hiếu con ông Phúc, thì chưa thể có con lớn đến 18 tuổi, như Nguyễn Như Khôi. Như vậy, nếu thực sự Khôi là cháu nội của ông Bảy Phúc, thì có nghĩa là, ông Phúc có ít nhất 2 người vợ!? Điều đáng nói là, chàng trai Nguyễn Như Khôi còn rất trẻ, nhưng trên Instagram đã thấy “khoe” các bức ảnh chụp chung với ông Phúc và nhiều lãnh đạo cấp cao của chính quyền Việt Nam. Ngoài ra, chàng trai này còn khoe bộ sưu tập hàng hiệu và cả tài khoản ngân hàng, được cho là có giá trị lên tới hàng triệu USD. Nhiều ý kiến cho rằng, nếu thực sự Khôi là cháu nội của ông Bảy Phúc, và có khối tài sản lớn như vậy, thì có liên quan gì đến hàng vạn người chết oan bởi kit test Việt Á hay không? Một câu hỏi đặt ra là, tại sao, chuyện cháu nội của ông Bảy Phúc lại nổi lên tại thời điểm này, khi Tổng Bí thư, Chủ tịch nước Tô Lâm đang ở trong tình thế “thập diện mai phục”. Nhất là, cách đây chưa lâu, các nguồn thạo tin đã khẳng định răng, ông Nguyễn Xuân Phúc và phu nhân Trần Thị Nguyệt Thu sắp bị khởi tố, bắt giam. Vợ chồng ông Phúc bị cáo buộc là “trùm cuối” trong vụ Việt Á, và nhận “quà khủng” của bà trùm Trương Mỹ Lan – Vạn Thịnh Phát, lên đến 100 triệu USD. Nhưng không hiểu vì lý do gì, chuyện mà dân tình “ai, ai cũng quan tâm”, bỗng chìm xuồng không sủi tăm. Hơn thế nữa, tại sao, tin đồn liên quan đến một nhân vật từng giữ 2 cương vị trong bộ máy “Tứ trụ”, mà không thấy Ban Tuyên giáo Trung ương và Bộ Thông tin Truyền thông bác bỏ hay cải chính. Nhất là có những đồn đoán khẳng định, gia đình ông Phúc đang sở hữu khối tài sản có thể lên đến cả trăm ngàn tỷ. Đầu năm 2023, Chủ tịch nước Nguyễn Xuân Phúc đã bị cho thôi chức, vì trách nhiệm của người đứng đầu. Từ sau đại dịch Covid-19, đã có những đồn đoán râm ran về việc bà Trần Thị Nguyệt Thu – vợ ông Phúc, là “trùm cuối”, đồng thời cũng là chủ sở hữu 80% cổ phần còn lại của Công ty Việt Á, do Phan Quốc Việt làm Tổng Giám đốc. Khi đó, giới thạo tin vẫn khẳng định, vợ chồng ông Phúc bà Thu là “trùm cuối” trong đại án Kit Test Việt Á. Bộ Công an đã lập chuyên án, trong khuôn khổ của một đại án đặc biệt nghiêm trọng. Theo đó, Cơ quan Điều tra của Bộ Công an đã đưa ra các chứng cứ, ông Phúc, bà Thu, cùng thuộc cấp đã dính tới những sai phạm tày đình, không thể chối cãi. Trong một diễn biến khác, hồi tháng trước, mạng xã hội dấy lên tin đồn rằng, vợ chồng ông Phúc sắp sửa bị bắt với cáo buộc là “trùm cuối” trong vụ Việt Á. Tuy vậy, đến nay, tin đồn này được cho là không có cơ sở, vì theo luật bất thành văn ở Việt Nam, giới chức hàng “Tứ trụ” nghiễm nhiên được miễn truy cứu trách nhiệm hình sự, và sẽ được “hạ cánh an toàn”. Ngay sau đó, theo giới thạo tin, vụ việc vừa kể đã được ông Bảy Phúc và gia đình “dàn xếp” xong xuôi, bằng số tiền lên đến vài triệu USD. Thoibao.de không có khả năng xác thực tin vừa kể. Ngay sau khi nhậm chức, Tổng Bí thư Tô Lâm đã khẳng định, sẽ tiếp chống tham nhũng không ngừng nghỉ, không có vùng cấm. Đó là lý do, công luận mong muốn ông phải ra tay, xử lý đến nơi đến chốn vợ chồng ông Phúc, để đáp ứng đòi hỏi của công luận. Phải chăng, mối quan hệ của cựu Chủ tịch nước Nguyễn Xuân Phúc và cháu nội Nguyễn Như Khôi, đang được một thế lực chính trị trong Đảng sử dụng, như một âm mưu, để gây áp lực đối với ông Tô Lâm? ",Trà My – Thoibao.de,thoibao.de
“Sào huyệt kiên cố” của Phạm Minh Chính đang bị Tô Lâm đe dọa?,"Ngày 29/9, ông Tô Lâm – Tổng Bí thư kiêm Bí thư Quân ủy Trung ương, đã có buổi làm việc với Tổng cục Tình báo Quốc phòng (Tổng cục II), Bộ Quốc phòng. Xuất hiện ở Tổng Cục 2 lần này, Tô Lâm kéo theo đàn em thân cận là Nguyễn Duy Ngọc – Chánh Văn phòng Trung ương Đảng. Tiếp ông Tô Lâm có ông Phan Văn Giang – Bộ trưởng Bộ Quốc phòng. Về mặt Đảng, ông Tô Lâm là sếp cao nhất trong Bộ Quốc phòng. Ông Phan Văn Giang là cấp phó cho Tô Lâm. Tổng Cục 2 được xem là cơ quan tình báo phục vụ cho Đảng và Nhà nước. Tuy nhiên, thông tin nội bộ cho thoibao.de biết, cơ quan này đặt nặng vấn đề theo dõi nội bộ, hơn là công tác tình báo ở nước ngoài. 70% công việc là điều tra, thu thập thông tin về các “đồng chí” trong Đảng; chỉ 30% là điều tra về những vấn đề liên quan đến an ninh quốc gia. Đáng chú ý, Tổng Cục 2 được cho là vừa thực hiện những kết nối với Israel, vừa nắm giữ những bí mật của bà Nguyễn Thị Thanh Nhàn và AIC, trong hoạt động mua bán vũ khí. Hiện nay, Tổng Cục 2 được phe quân đội tận dụng, để thực hiện những thương vụ lớn, liên quan đến mua bán vũ khí, nhằm kiếm những khoản lại quả khổng lồ. Tổng Cục trưởng Tổng Cục 2 là Trung tướng Phạm Ngọc Hùng, hiện đã 64 tuổi – quá 4 tuổi so với tuổi nghỉ hưu theo quy định. Đáng nói là, ông Hùng đã ngồi ghế này từ năm 2014 đến nay, thời gian quá dài nhưng ông vẫn chưa chịu buông. Vậy, thế lực nào đang hậu thuẫn để ông Tướng này ở lại? Công ty AIC của bà Nhàn từng đánh bại 2 đại gia trong lĩnh vực nhập khẩu vũ khí của Bộ Quốc phòng, là Tổng Công ty Kinh tế Kỹ thuật Công nghiệp Quốc phòng (GAET) và Tổng Công ty Xuất nhập khẩu Tổng hợp Vạn Xuân (VAXUCO), để dành quyền tham gia vào thương vụ mua vũ khí từ các nhà cung cấp Israel. Trong đó, bà Nhàn được ưu ái làm người trung gian, kết nối giữa Tổng Cục 2 và phía Israel. Theo tờ The Diplomat của Anh Quốc, nhà báo David Hutt dẫn nguồn tin riêng mà ông có được, thì cả ông Phạm Minh Chính và ông Phan Văn Giang đều từng là người tình của bà chủ AIC nổi tiếng. Khả năng cao, bà Nhàn được 2 nhân vật này tin tưởng, giao cho vai trò trung gian trong các thương vụ mua bán vũ khí với Israel. Theo đánh giá của giới thạo tin, ông Tô Lâm muốn phá thế phòng thủ của ông Phạm Minh Chính, thì phải đánh vào 2 tử huyệt. Thứ nhất là phải bắt cho bằng được bà Nhàn. Thứ nhì là phải chiếm lấy Tổng Cục 2 – nơi đang nắm giữ những bí mật của bà Nhàn và các chính trị gia hàng đầu của Việt Nam. Ông Phạm Ngọc Hùng được xem là “người gác đền”, không cho phe của Tô Lâm xâm nhập vào để lấy thông tin. Trong lần làm việc này với Tổng Cục 2, báo chí không đề cập đến tên của ông Phạm Ngọc Hùng. không rõ vì lý do gì. Dù hiện nay, Tướng Hùng vẫn là người đứng đầu đơn vị này. Phải chăng, ông Hùng là người mà ông Tô Lâm muốn thay thế? Hiện ông Tô Lâm đang là Bí thư Quân ủy Trung ương, ông có quyền thọc tay vào những vấn đề của Bộ Quốc phòng. Thêm một lợi thế lớn cho Tô Lâm, là ông Phạm Ngọc Hùng đã quá tuổi nghỉ hưu 4 tuổi. Nếu có thể gây áp lực buộc ông Hùng nghỉ hưu, đồng thời, chuẩn bị nhân sự của phe Hưng Yên nhảy vào, nắm giữ Tổng Cục 2, khi đó, sào huyệt kiên cố của Phạm Minh Chính và Phan Văn Giang sẽ bị phá. Trong quân đội, Tô Lâm có 2 tướng gốc Hưng Yên. Người thứ nhất là ông Hoàng Xuân Chiến – Ủy viên Trung ương Đảng, Thượng tướng, Thứ trưởng Bộ Quốc phòng. Ông Chiến đủ khả năng để tranh chức Bộ trưởng Bộ Quốc phòng, trong nhiệm kỳ tới. Người thứ 2 là ông Nguyễn Hồng Thái – Ủy viên Trung ương Đảng, Trung tướng, Tư lệnh Quân khu 1. Ông Thái đủ khả năng để nắm giữ chức Tổng Cục trưởng Tổng Cục 2. Sau lần làm việc này, liệu ông Tô Lâm có đủ khả năng để khoan thủng sào huyệt kiên cố của ông Phan Văn Giang và ông Phạm Minh Chính hay không? Hãy chờ xem! ",Thái Hà –  Thoibao.de,thoibao.de
"Nếu không kiên định Xã hội Chủ nghĩa, có thể Cuba đã giàu như Dubai","Ngày 29/9, báo Tiếng Dân đăng bài “Tiếc cho Cuba, làm “tiền đồn gác cổng” làm chi!” của tác giả Nguyên Tống. Thoibao.de giới thiệu bài viết này đến quý khán thính giả, nội dung như sau: Nhìn đất nước Cuba khốn khó bây giờ, mình cảm thấy tiếc cho họ vô cùng. Có một vị trí cực kỳ thuận lợi, không bị chiến tranh hay bất cứ ai xâm chiếm (mà thực ra là chính họ đã di cư từ Tây Ban Nha sang chiếm được hòn đảo này), thiên nhiên ưu đãi, sóng và gió biển dạt dào… Lại được ở ngay cạnh một siêu cường. Vậy mà họ lại không lo làm ăn, tận dụng điều kiện tự nhiên và địa chính trị để phát triển, lại chấp nhận đi làm thằng gác cửa, làm tiền đồn canh gác cái gì đó cho ông Liên Xô ở bên kia địa cầu, chả liên quan gì tới mình?! Ông Liên Xô sụp đổ 30 năm rồi, mà họ vẫn kiên định làm “tiền đồn gác cổng”, không biết cho ai? Để dân chìm trong đói khổ và nằm mơ về thiên đường! Với khoảng cách đến Miami của Mỹ, chỉ như từ Kiên Giang đến Phú Quốc ở ta, như vậy, nếu họ tự cường phát triển đất nước bằng con đường du lịch thôi, thì có lẽ, họ đã trở thành một thiên đường cho dân Mỹ đến nghỉ ngơi mua sắm. Đời sống chắc sẽ không kém gì đảo Sip hay Maldives, Bahama rồi. Còn nếu chăm chỉ và có chút đầu óc nữa, thì họ còn đã có thể trở thành một trung tâm tài chính và trung chuyển hàng hoá vào ra Mỹ, như Hong Kong với Trung Quốc ngày xưa, hay như Singapore, Dubai rồi. Sẽ có hàng triệu công ty, văn phòng của châu Âu, châu Á và Mỹ đặt tại đây, vừa làm việc, vừa “nghỉ dưỡng”, và “cống hiến” cho đất nước họ ngay. Dân ăn rồi chả phải làm gì như Dubai. Có khi họ thành Xã hội Chủ nghĩa lâu rồi, khi dân họ làm theo năng lực, hưởng theo nhu cầu, như dân Dubai rồi. Quá khứ thì bảo đã qua, không lấy lại được. Nhưng điều kiện vẫn còn nguyên đó. Vì sao giờ đói khổ như vậy, họ cũng là con nhà “dòng dõi” châu Âu, sao họ không nhìn mấy anh em Đông Âu cũ, hay tổ tiên Tây Ban Nha của họ, mà đi nhỉ? Vẫn kiên định và chỉ thích kết giao với ông bạn nối khố nghèo khổ Việt Nam? Một điều kỳ lạ nữa, có thể nói là đến mức kỳ quái về logic và tư tưởng, mà mình không thể hiểu: Họ chống lại đường lối phát triển xã hội của Mỹ, nhưng lại cứ xin Mỹ phải mở cửa, bỏ cấm vận, để họ được làm ăn buôn bán với Mỹ? Rồi không có lý do chiến tranh như Việt Nam, thì lại đổ tại nghèo đói là do Mỹ cấm vận?! Kỳ quái vậy? Không chịu nhìn ra nguyên nhân nghèo đói là do con đường mình lựa chọn sai lầm?! Nếu họ “kiên định” đi theo con đường của mình thì cứ đi đi. Mỹ nó cấm vận mình, thì mình cũng cấm vận lại cho nó chết mẹ nó đi, chứ gì mà phải xoắn? Không làm được thì cũng quân tử nhất ngôn, xin thua hoặc chấp nhận chết không chịu nhục chứ? Logic nào, tư tưởng kiểu gì mà lại đẻ ra suy nghĩ lạy lục nó nới cấm vận, xin nó thức ăn để mình sống thoi thóp, để tiếp tục chửi bới và chọc ngoáy nó, to mồm kêu gào mình ưu việt hơn nó? Quái đản… Bình luận dưới bài viết, nick dângian cho rằng: “Đặt vấn đề của tác giả hay lắm, rất xác đáng. Từ đó, nhìn lại chế độ Cộng sản Việt Nam thì có khác gì . Lúc nào cũng kè kè cái đuôi cáo “thị trường định hướng Xã hội Chủ nghĩa”, nên đi lạy lục mãi để được công nhận nền “kinh tế thị trường”, mà Mỹ có chịu bố thí cho mấy chữ đó đâu.” “Chỉ cần cắt bỏ đuôi cáo đi, thì hồ ly tinh sẽ hiện hình người. Lúc đó, cái ước muốn từ lâu sẽ thành sự thật.” “Thử hỏi, tại sao không bỏ ? Rồi thử trả lời: Một là, sợ anh bạn vàng bốn tốt; hai là bảo thủ, cứ khư khư ôm lấy nó; ba là, sĩ diện hão.” ",Xuân Hưng –  thoibao.de,thoibao.de
Phải chăng 2 tướng Lương Cường và Nguyễn Trọng Nghĩa chống Tổng Bí thư Tô Lâm?,"Từ ngày 30/9 đến 7/10, Tổng Bí thư, Chủ tịch nước Tô Lâm cùng đoàn đại biểu cấp cao Việt Nam sẽ thăm chính thức Mông Cổ, Ireland và Pháp, đồng thời tham dự Hội nghị cấp cao Pháp ngữ lần thứ 19. Đây là cơ hội cuối cùng của ông Tô Lâm, để thăm các nước khác, với tư cách nguyên thủ quốc gia của Việt Nam. Vì sau chuyến công tác này, theo dự kiến, Quốc hội sẽ bầu Chủ tịch nước mới, theo Nghị quyết của Trung ương Đảng. Theo thông báo chính thức, kỳ họp thứ 8 của Quốc hội khóa 15, sẽ khai mạc vào ngày 21/10. Dự kiến thời gian làm việc là 29 ngày, chia thành 2 đợt. Theo một số đánh giá, chuyến công du này của ông Tô Lâm, diễn ra trong bối cảnh trong nội bộ Đảng không yên tĩnh. Mới nhất, Quân ủy Trung ương, Bộ Quốc phòng, và Bộ Công an, được cho là đã nhận thấy có nhiều dấu hiệu “bất bình thường”. Thậm chí, “Hà Nội sẽ là mục tiêu, địa bàn tiến công xâm lược của kẻ thù!?”. Đây là lý do, ngày 29/9, Bộ Quốc phòng chỉ đạo Bộ Tư lệnh Thủ đô Hà Nội, diễn tập chiến đấu hiệp đồng quân, binh chủng, khu vực phòng thủ thành phố Hà Nội, trong 4 ngày. Sau khi kết thúc chuyến làm việc tại Mỹ, và thăm chính thức Cuba, theo một số suy đoán, ông Tô Lâm đang tìm mọi cách để lật lại hồ sơ, xử lý một số tướng lĩnh cấp cao của quân đội, thuộc dạng “cứng đầu”, đang chống phá các nỗ lực cải cách của ông. Trong đó, Thường trực Ban Bí thư – Đại tướng Lương Cường, và Trưởng ban Tuyên giáo Trung ương – Thượng tướng Nguyễn Trọng Nghĩa, có sự bất hòa với Bộ trưởng Bộ Quốc phòng Phan Văn Giang và cả Tổng Bí thư Tô Lâm. Theo giới thạo tin, khi Đại hội 13 sắp diễn ra, Đại tướng Lương Cường được cố Tổng Bí thư Trọng lựa chọn, và cũng là người có triển vọng nhất để ngồi vào ghế Bộ trưởng Bộ Quốc phòng. Nếu Tướng Lương Cường lên Bộ trưởng, thì đương nhiên, Tướng Nguyễn Trọng Nghĩa sẽ ngồi thay ở ghế Chủ nhiệm Tổng cục Chính trị. Khi đó, hoạn lộ của Tướng Nghĩa sẽ thênh thang, có thể vào được Bộ Chính trị, và cũng có thể sẽ có quân hàm cấp Đại tướng. Nhưng với sự ủng hộ của các tướng lĩnh khối tác chiến, Tướng Phan Văn Giang đã giành được ghế Bộ trưởng Bộ Quốc phòng vào giờ chót. Điều đó đã khiến 2 tướng Cường và Nghĩa “vỡ mộng”. Chưa hết, sự bành trướng quyền lực của phe công an, đã áp đảo phe quân đội, với số lượng ủy viên Bộ Chính trị xuất thân từ công an lên đến 6 người. Trong khi, số xuất thân từ quân đội chỉ là 3 ủy viên, bằng một nửa. Đó được cho là một trong những lý do, khiến sau Đại hội 13, Tướng Nghĩa được phân công giữ chức Trưởng ban Tuyên giáo Trung ương. Theo thông lệ, người ngồi ghế này sẽ đương nhiên sẽ là Uỷ viên Bộ Chính trị. Nhưng không hiểu vì lý do gì, Tướng Nghĩa vẫn là Ủy viên Trung ương Đảng, cho mãi đến Hội nghị Trung ương 9 mới được bầu bổ sung vào Bộ Chính trị. Đây cũng được cho là lý do, vì sao Đại tướng Lương Cường và Thượng tướng Nguyễn Trọng Nghĩa luôn chống đối Tổng Bí thư Tô Lâm. Đáng chú ý, trong cuộc gặp với Tổng thống Biden, ngồi bên phải ông Tô Lâm là 4 ủy viên Bộ Chính trị, nhưng Tướng Nguyễn Trọng Nghĩa, Trưởng ban Tuyên giáo Trung ương, tân Ủy viên Bộ Chính trị lại chiếm vị trí được cho là “giám sát” ông Tô Lâm. Hôm đó, ông Nghĩa ngồi ở vị trí cao hơn Bộ trưởng Quốc phòng Phan Văn Giang, một nhân vật có ảnh hưởng rất lớn trong quân đội. Theo một số nhận định, đây là một biểu hiện rất bất thường, dấy lên nhiều nghi vấn về sự chống đối ra mặt của một số tướng lĩnh trong quân đội. Liệu điều đó có liên quan gì đến vụ Ban Tuyên giáo Trung ương ra lệnh xóa bỏ một đoạn phát biểu của ông Tô Lâm, về “những người bạn Mỹ” không? Có ý kiến cho rằng, ông Tô Lâm sẽ thông qua Tổng Cục Tình báo Quân đội – Tổng cục 2, để lật lại hồ sơ, nhằm xử lý các tướng lĩnh cấp cao của quân đội, đang chống lại công cuộc cải cách của ông. Nhưng có lẽ, đối với 2 tướng đi lên từ công tác chính trị, như Lương Cường và Nguyễn Trọng Nghĩa, thì khó tìm được dấu vết nhúng chàm. ",Trà My –  Thoibao.de,thoibao.de
Bao giờ cậu cả nhà Ba Dũng mới “thôi nôi”?,"Ông Võ Văn Thưởng lên hàng Tứ trụ khi mới 54 tuổi – là nhân tố trẻ nhất trong hàng ngũ lãnh đạo cấp cao từ xưa đến nay. Thế nhưng, ông Thưởng không thể trụ được lâu trên vũ đài chính trị Việt Nam. Tuổi 54 là ở độ chín của giới chính trị gia trên thế giới, thậm chí, có nhiều nguyên thủ quốc gia thắng cử khi còn trẻ hơn ông Thưởng rất nhiều. Ví dụ như Tổng Thống Pháp Macron, đắc cử khi chưa tới 40. Tuy nhiên, ở Việt Nam, U60 dường như chưa đủ trưởng thành trên chính trường. Hệ thống chính trị Việt Nam vẫn duy trì chế độ lý lịch. Nghĩa là, con cái quan chức được nâng đỡ để thăng quan tiến chức. Tuy nhiên, khi lên đến hàng uỷ viên Bộ Chính trị, thì cần phải có phe cánh nâng đỡ, để tranh giành chức quyền. Các vị trí thuộc hàng Bộ Chính trị, thường phải giành giật rất khốc liệt. Nếu phe phái không đủ mạnh thì rất dễ ngã ngựa. Trần Tuấn Anh – con ông Trần Đức Lương, dù được nâng đỡ để vào Bộ Chính trị, nhưng cuối cùng cũng bị đánh bay, vì không lập được phe cánh của mình. Vương Đình Huệ là trường hợp xui xẻo nhất. Ông vừa có thế lực Nghệ An hậu thuẫn, vừa được Nguyễn Phú Trọng chọn làm người kế thừa. Lúc đó, thế lực Nghệ An có số uỷ viên Trung ương Đảng và uỷ viên Bộ Chính trị đông nhất. Có thể nói, ông Huệ rất thuận tiện trên con đường chinh phục “ngai vàng”. Nhưng rồi, ông gãy gánh vì thiếu khả năng chiến đấu trên vũ đài chính trị đầy khốc liệt. Nói thế để thấy, sân chơi Bộ Chính trị không phải là sân chơi cho những người trẻ tuổi. Ông Nguyễn Thanh Nghị được xem là nhân vật trẻ tuổi trên chính trường, dù ông cũng đã 48. Tuy nhiên, cho đến nay, ông Nghị chưa thể hiện cho thấy, ông có khả năng tự đứng vững trên chính trường. Bởi đến nay, ông vẫn phải dựa vào sự vận động của người cha là Nguyễn Tấn Dũng, sau hậu trường. Cú ngã ngựa của Đặng Quốc Khánh – cựu Bộ trưởng Bộ Tài nguyên Môi trường, một lần nữa gióng lên hồi chuông cảnh báo cho những nhân vật trẻ trên chính trường, đặc biệt là với ông Nguyễn Thanh Nghị – người cùng tuổi với ông Đặng Quốc Khánh. Ông Khánh không có người cha từng khuynh đảo chính trường như ông Nghị, nhưng ông Khánh lại có nhóm Hà Tĩnh hậu thuẫn. Đây là nhóm chính trị có sức mạnh tương đương với nhóm Nghệ An. Ông Khánh còn được ông Trần Hồng Hà – đồng hương Hà Tĩnh, và Vương Đình Huệ, ủng hộ. Vậy mà, ông Khánh vẫn ngã ngựa, vì có dính đến sân sau của ông Huệ. Thế mới thấy, có thế lực lớn hậu thuẫn, cũng chưa chắc đã vững vàng. Khi thời thế thay đổi, thì ghế vẫn bị bay như thường. Năng lực ông Nguyễn Thanh Nghị không hơn ông Đặng Quốc Khánh. Hai ông này giống nhau ở chỗ, chưa thể tự đứng trên đôi chân của mình, mà vẫn còn phải dựa vào các thế lực hậu thuẫn. Có thể ví von rằng, ông Nghị vẫn còn đang “nằm nôi”, và hằng ngày vẫn phải nhờ đến người cha nổi tiếng của mình, mớm từng muỗng sữa, để duy trì sự nghiệp chính trị. Câu hỏi đặt ra là, đến bao giờ thì Nguyễn Thanh Nghị mới trở thành một “võ sĩ” thực thụ, trên vũ đài chính trị? Có lẽ, ông Nghị còn cần ít nhất là hơn 1 nhiệm kỳ nữa, đến nhiệm kỳ 2031-2036, khi đã ngấp nghé tuổi 60, thì may ra mới có thể bước ra khỏi nôi. Với điều kiện là, trước đó, ông không bị đánh như ông Khánh. Ông Nguyễn Tấn Dũng đã già, rồi cũng đến lúc sức yếu. Khi đến tuổi 80, liệu ông Dũng có còn đủ sức để xoay xở nữa hay không? Trong khi, theo những diễn biến trên chính trường hiện nay, thì tuổi 60 vẫn chưa đủ độ chín, để “dẫn quân” xông pha chính trường. Hiện nay, ông Nguyễn Thanh Nghị đang được 2 thế lực mạnh nhất đỡ đầu. Đó là Tô Lâm và Phạm Minh Chính. Đấy là thuận lợi rất lớn, nhưng liệu, ông có tận dụng được lợi thế ấy, để bước ra khỏi nôi hay không, thì chỉ có thời gian mới trả lời. ",Trần Chương –  Thoibao.de,thoibao.de
"Cung đình khốc liệt! Nếu không cẩn thận, Tô Lâm có thể “nhiễm bệnh”?","Từ khi ông Nguyễn Phú Trọng lên làm Tổng Bí thư đến nay, cung đình ngày càng khốc liệt hơn, chứ không hề yên tĩnh. Chưa có nhiệm kỳ nào mà số uỷ viên Trung ương Đảng và uỷ viên Bộ Chính trị bị rụng nhiều như nhiệm kỳ khoá 13 này. Điều đó báo hiệu, Đảng Cộng sản Việt Nam là một cái “lò lửa”, trong đó, các đồng chí đang “nướng” lẫn nhau. Nhiệm kỳ này cũng có đến 3 cái chết, 2 người chết khi đang tại vị, còn 1 người chết không bao lâu sau khi rời ghế. Đó là ông Lê Văn Thành, ông Nguyễn Chí Vịnh và ông Nguyễn Phú Trọng. Ông Thành nhiễm “bệnh lạ”, sau khi rời “hang ổ” Hải Phòng về Chính phủ. Ông Trọng qua đời, có lẽ do di chứng của lần gục ngã tại Kiên Giang – sào huyệt của Ba Dũng, 5 năm trước đó. Còn ông Vịnh bị cho nhắm mắt, có lẽ bởi ông biết quá nhiều. Ông Vịnh từng nắm chức Tổng Cục trưởng Tổng cục Tình báo quân đội (tức Tổng Cục 2). Sẽ không có bất kỳ sự thừa nhận nào từ nhà cầm quyền, rằng, những cái chết kể trên là kết quả của các cuộc đấu đá cung đình. Dùng hồ sơ đen để hạ bệ lẫn nhau, là cách làm công khai. Bởi hầu hết các quan chức đều ăn bẩn để làm giàu, nên bất kỳ ai cũng có thể trở thành con mồi của Tô Lâm, khi ông nắm trong tay bộ máy điều tra khổng lồ. Rất nhiều người rất căm ghét Tô Lâm, nhưng không thể làm gì được ông, bởi ông có những bằng chứng cụ thể, không thể nào chối cãi. Cuộc chiến mà Tô Lâm đã và đang phát động, là cuộc chiến một chiều. Chỉ có Tô Lâm tấn công người khác, chứ chưa có ai đủ sức tấn công lại Tô Lâm. Có thể nói, chiêu bài “chống tham nhũng” của ông Trọng, đã đem lại lợi thế cho ông Tô Lâm. Các thế lực khác không thể dùng đòn đánh sở trường của Tô Lâm để phản công ông, bởi làm vậy là “tự sát”. Chính trường khốc liệt, Tô Lâm là kẻ khó bị hạ nhất hiện nay, chứ không hẳn là không thể bị hạ. Vậy, câu hỏi đặt ra là, liệu Tô Lâm có thể bị đồng chí của ông hạ không, và hạ bằng cách nào? Những cái chết của Nguyễn Bá Thanh, Trần Đại Quang, Lê Văn Thành, và Nguyễn Chí Vịnh, liệu có miễn nhiễm với Tô Lâm hay không? Câu trả lời là không. Nếu ông Tô Lâm bất cẩn, ông vẫn có thể góp mặt vào danh sách tử vong, vì nguyên nhân bất minh, như các “đồng chí” nêu trên của ông. Hiện nay, thế chẻ tre của Tô Lâm đã không còn. Nhưng để cân bằng quyền lực với ông thì vẫn là bài toán khó đối với phần còn lại. Hy vọng lớn nhất là phe quân đội, nếu họ bỏ qua sự bất đồng nội bộ bấy lâu nay và liên kết lại, thì Tô Lâm cũng khó mà ngăn cản được. Quân đội lâu nay vẫn được ưu tiên có nhiều uỷ viên Trung ương Đảng hơn công an, thậm chí, số uỷ viên Bộ Chính trị có lúc cũng đông hơn. Tuy nhiên, nội bộ quân đội lại cũng chia phe cánh, không thống nhất được. Đó là lý do khiến cho phe quân đội bị phe công an vượt mặt. Nói về bộ phận tình báo, công an bị lép vế so với quân đội. Năm 2018, ông Trọng cho giải thể Tổng cục Tình báo Bộ Công an, tức Tổng Cục 5, thay bằng một cơ quan tình báo mới. Giờ đây, công an không có cơ quan tình báo mạnh như quân đội đang có. Nếu nói, cơ quan điều tra Bộ Công an chỉ có thể điều tra trong khuôn khổ pháp luật. Thì ngược lại, cơ quan tình báo quân đội có thể điều tra không giới hạn, và hành vi của họ được bảo đảm bí mật. Đây chính là thứ vũ khí lợi hại mà phe quân đội đang có. Liệu họ có sử dụng để nhắm vào Tô Lâm hay không? Khi các phe phái khác bế tắc trong việc hạ bệ Tô Lâm, thì việc làm sao để Tô Lâm mắc “bệnh lạ”, cũng là một giải pháp có thể dùng. Vì thế, nếu không cẩn thận, ông hoàn toàn có thể trở thành nạn nhân của đòn hiểm này. Ngồi ngôi càng cao, càng tiềm ẩn nguy hiểm. ",Trần Chương –  Thoibao.de,thoibao.de
"Dân mình còn đói ăn, Tô Lâm hào phóng mang 10 ngàn tấn gạo đem cho xứ người!","Hiện nay, đời sống của người dân vùng cao ở Việt Nam vẫn còn rất khó khăn. Những nơi này rất cần nhà nước hỗ trợ, cung cấp lương thực cho họ. Tuy nhiên, đã nhiều năm qua, người dân gần như chẳng nhận được sự giúp đỡ nào từ chính quyền, mặc dù, chính quyền các cấp, ở khắp nơi trên đất nước này, đua nhau xây cổng chào và tượng đài trăm tỷ, ngàn tỷ. Việc cứu trợ nhân đạo khi xảy ra chiến tranh, thiên tai, dịch bệnh cho những quốc gia khác là điều cần thiết. Tuy nhiên, nếu một đất nước, vì bị thành phần bất nhân cai trị, khiến dân tình thiếu đói, khốn khổ, thì không mấy ai đến đấy để cứu trợ. Bởi với một chính quyền bất nhân, họ sẵn sàng giữ lại tiền và hàng cứu trợ, để thành phần cai trị được hưởng, còn người dân thì vẫn đói nghèo. Người dân Cuba nghèo đói, bởi họ bị chính quyền Cộng sản nước này cai trị. Muốn thoát khỏi ách nô lệ này, chính họ phải vùng lên, để tự cứu lấy mình, chứ chẳng có ai khác có thể cứu được họ. Người Cuba phải làm những việc cần thiết để giành lấy tự do, no ấm cho họ. Nước Mỹ giàu có ngay gần Cuba, nhưng họ không viện trợ cho Cuba, mà ngược lại, họ lại cấm vận đất nước này. Đấy là cách họ tạo ra áp lực, hỗ trợ cho dân Cuba vùng lên. Sẽ không một nhà nước văn minh nào lại viện trợ cho Cuba, vì tiền viện trợ sẽ rơi vào tay thành phần Cộng sản cầm quyền. Bao nhiêu năm nay, cứ mỗi lần có lãnh đạo Việt Nam sang thăm Cuba, thì lại lấy mồ hôi nước mắt của dân Việt để viện trợ cho quốc gia này. Nhưng dù Việt Nam có giúp bao nhiêu, thì dân Cuba vẫn khốn khó, nghèo đói. Hàng vạn tấn gạo mà Việt Nam hỗ trợ cho Cuba đi về đâu, liệu dân Cuba có được hưởng hay không, thì chỉ có giới lãnh đạo Cuba biết được. Đã từ lâu, nhà nước Cuba đào tạo ra những y bác sĩ, rồi đưa họ đến các nước khác làm thuê. Đồng tiền do những người này làm ra, bị nhà nước Cuba trưng thu, rồi phân phát lại cho những cán bộ ngành y này dưới dạng tem phiếu. Đó là minh chứng rõ nét nhất, về một nhà nước bóc lột chính dân mình, đến tận xương tủy, bất kể là trí thức hay bình dân. Cho nên, số gạo mà nhà nước Cộng sản Việt Nam đem tặng Cuba, chính là tặng thành phần cầm quyền, chứ sẽ không đến tay người dân Cuba bần hàn khốn khổ. Việc mang 10 ngàn tấn gạo tặng Cuba, chẳng khác nào đem mồ hôi nước mắt của nông dân Việt Nam, vứt vào túi tham không đáy của giới cai trị, ở đảo quốc vùng Caribe này. Ở Việt Nam, quan tham ăn trăm tỷ ngàn tỷ nhiều như rươi, ở Cuba, cùng một thể chế chính trị, liệu có sạch hay không? Việc đem gạo vứt vào túi tham của nhà cầm quyền Cộng sản Cuba, cho thấy, ông Tô Lâm coi thường mồ hôi công sức của dân Việt như thế nào? Tất cả các đời tổng bí thư Đảng Cộng sản Việt Nam, đều luôn không nhìn thấy dân mình đói khổ, mà thay nhau móc túi dân Việt, để nuôi dưỡng một thứ tình nghĩa anh em Cộng sản viển vông. Nói theo ngôn ngữ dân gian, thì những lãnh đạo Việt Nam chính là “khôn nhà dại chợ”. Bởi họ coi trọng những thứ bạn bè viễn vông bên ngoài, và coi thường người thân ruột thịt trong gia đình. Muốn đổi mới – cải cách, trước hết, giữa người Việt với người Việt, phải có tình yêu đồng bào. Tô Lâm mang gạo đi “vứt”, trong khi, dân Việt còn đói nhan nhản đây đó, thì lại không được chính quyền hỗ trợ gì. Vậy, làm sao ông Lâm có đủ động lực, để họ đổi mới? Đã nhiều đời tổng bí thư trôi qua, kể từ khi Đảng Cộng sản cầm quyền, người Việt chưa mấy khi nhận được sự quan tâm, hỗ trợ của Đảng. Lâu nay, cái gọi là “lo cho dân, cho nước” của người Cộng sản, chỉ tồn tại trong tuyên truyền mà thôi. ",Thái Hà – Thoibao.de,thoibao.de
"Cải Cách Thể Chế Ôn Hòa: Con Đường Cho Một Việt Nam Tự Do, Dân Chủ Và Thịnh Vượng","LS Vũ Đức Khanh Việt Nam đang đối mặt với những thách thức chưa từng có trong bối cảnh toàn cầu đầy biến động và cạnh tranh địa chính trị gia tăng. Tuy nhiên, vấn đề không chỉ nằm ở các thách thức từ bên ngoài mà còn ở sự bế tắc chính trị trong nước. Đối với nhiều lực lượng đối lập, Đảng Cộng sản Việt Nam (ĐCSVN) được xem là chướng ngại vật cuối cùng trên con đường dân chủ hóa đất nước. Trong khi đó, Đảng CSVN lại cho rằng sự ổn định chính trị hiện tại là điều kiện tiên quyết để phát triển kinh tế và bảo vệ độc lập quốc gia. Câu hỏi đặt ra là: Làm thế nào để cả Đảng CSVN và các lực lượng đối lập có thể tìm được tiếng nói chung, chấp nhận một giải pháp cải cách thể chế ôn hòa, nhằm hướng tới một Việt Nam tự do, dân chủ, và thịnh vượng? Bài viết này sẽ phân tích bốn trụ cột trong chính sách đối ngoại của Việt Nam, đồng thời đề xuất một giải pháp cải cách ôn hòa, trong đó quyền lợi quốc gia dân tộc được đặt lên trên hết. Không thể phủ nhận rằng Đảng CSVN đã đóng vai trò quan trọng trong quá trình giành độc lập và phát triển kinh tế của Việt Nam. Tuy nhiên, trong bối cảnh hiện nay, sự độc quyền lãnh đạo của Đảng đã trở thành rào cản cho quá trình dân chủ hóa và phát triển xã hội. Các lực lượng đối lập không thiếu lý do để coi Đảng CSVN là lực cản chính cho sự đổi mới thể chế. Tuy nhiên, nếu xét theo hướng thực dụng, việc loại bỏ hoàn toàn vai trò của Đảng CSVN có thể dẫn đến những xung đột chính trị nghiêm trọng, làm suy yếu sự ổn định của đất nước. Thay vào đó, một giải pháp cải cách ôn hòa, trong đó Đảng CSVN chấp nhận chia sẻ quyền lực, có thể tạo ra một quá trình chuyển đổi dân chủ hòa bình, tương tự như các quốc gia như Đài Loan hay Hàn Quốc. Đây có thể là con đường duy nhất để bảo đảm sự ổn định và đồng thời mở ra không gian cho sự dân chủ hóa. Một Việt Nam phát triển bền vững chỉ có thể xây dựng trên nền tảng của sự đoàn kết. Đoàn kết không chỉ là sự nhất trí trong nội bộ ĐCSVN mà cần sự hợp tác giữa Đảng, các lực lượng chính trị khác, và toàn thể xã hội. Điều này đòi hỏi một sự thay đổi trong cách tiếp cận của ĐCSVN – không còn là mô hình độc tài truyền thống mà là một sự chuyển đổi hướng tới hệ thống chính trị đa nguyên, nơi các bên đều có tiếng nói và đóng góp vào sự phát triển của quốc gia. Lịch sử đã chứng minh rằng những quốc gia đạt được sự đồng thuận nội bộ, dù trong bối cảnh chuyển đổi chính trị khó khăn, thường vượt qua được các thách thức và vươn lên mạnh mẽ. ĐCSVN cần nhận ra rằng, sự đoàn kết không đến từ việc duy trì quyền lực độc quyền mà từ việc tạo ra một sân chơi chính trị bình đẳng, nơi mọi lực lượng đều có cơ hội tham gia và đóng góp vào sự phát triển chung. Việt Nam không thể đứng ngoài cuộc trong bối cảnh thế giới đang thay đổi nhanh chóng. Trong môi trường toàn cầu ngày nay, các quốc gia dân chủ và minh bạch thường nhận được sự hỗ trợ mạnh mẽ từ cộng đồng quốc tế, cả về kinh tế lẫn an ninh. Việc Việt Nam hướng tới dân chủ hóa sẽ không chỉ giúp cải thiện quan hệ với các quốc gia phương Tây mà còn tạo điều kiện thuận lợi cho việc thu hút đầu tư và công nghệ, những yếu tố cần thiết để phát triển kinh tế. Tuy nhiên, ĐCSVN lo ngại rằng, một khi Việt Nam chuyển đổi sang mô hình dân chủ, sự ổn định chính trị sẽ bị đe dọa. Điều này chỉ đúng nếu quá trình chuyển đổi diễn ra đột ngột và không có kế hoạch cụ thể. Một quá trình dân chủ hóa được kiểm soát, trong đó ĐCSVN vẫn giữ vai trò trong giai đoạn chuyển tiếp, có thể đảm bảo sự ổn định và an ninh quốc gia trong khi Việt Nam tiến dần tới một hệ thống chính trị dân chủ thực sự. Việt Nam cần khẳng định vai trò của mình trong trật tự địa chính trị toàn cầu. Một quốc gia với hệ thống chính trị mở và minh bạch sẽ có nhiều cơ hội hơn để tham gia vào các tổ chức quốc tế, từ đó tăng cường vị thế và ảnh hưởng trên trường quốc tế. Đài Loan và Hàn Quốc là những minh chứng rõ ràng cho việc cải cách chính trị và mở cửa có thể tạo ra một quốc gia mạnh mẽ về cả kinh tế và chính trị. Việt Nam, nếu thực hiện cải cách chính trị, có thể trở thành một cường quốc kinh tế trong khu vực và là một đối tác đáng tin cậy trong các tổ chức quốc tế. Sự ủng hộ của cộng đồng quốc tế không chỉ mang lại lợi ích kinh tế mà còn tạo ra sự bảo đảm về an ninh trong bối cảnh các tranh chấp khu vực như Biển Đông tiếp tục gia tăng. Một trong những lý do ĐCSVN duy trì sự độc quyền lãnh đạo là lo ngại rằng sự chuyển đổi chính trị có thể dẫn đến sự mất kiểm soát trong lĩnh vực an ninh quốc phòng. Tuy nhiên, điều này không nhất thiết phải xảy ra nếu quá trình cải cách được thực hiện một cách có kiểm soát. Israel là một ví dụ cho thấy rằng, một quốc gia nhỏ nhưng có lực lượng quốc phòng mạnh mẽ và sự hỗ trợ quốc tế có thể bảo vệ được sự độc lập của mình dù phải đối mặt với nhiều thách thức an ninh. Việt Nam cũng có thể đạt được điều này thông qua sự hợp tác quân sự quốc tế và xây dựng một nền quốc phòng hiện đại, không phụ thuộc vào hệ thống chính trị độc tài. Bốn trụ cột trong chính sách đối ngoại của Việt Nam là nền tảng cho sự phát triển bền vững, nhưng để hiện thực hóa được chúng, cần có một quá trình cải cách thể chế ôn hòa. ĐCSVN cần nhận ra rằng, thay vì là chướng ngại, Đảng có thể trở thành một phần của giải pháp, giúp dẫn dắt đất nước đi qua giai đoạn chuyển đổi đầy thử thách này. Các lực lượng đối lập cũng cần thấy rằng, việc cải cách ôn hòa và có kiểm soát là con đường khả thi nhất để đảm bảo sự ổn định và tiến bộ cho Việt Nam. Sự đồng thuận chính trị không đến từ sự áp đặt mà từ sự hợp tác và chia sẻ quyền lực. Chỉ khi ĐCSVN và các lực lượng đối lập cùng đặt quyền lợi quốc gia lên trên hết, Việt Nam mới có thể tiến tới một tương lai dân chủ, thịnh vượng, và độc lập thật sự trong bối cảnh toàn cầu hóa và cạnh tranh khu vực ngày càng phức tạp. Con đường dân chủ hóa là không thể tránh khỏi, nhưng nó không cần phải là một quá trình đầy bạo lực hay xung đột. Một Việt Nam tự do, dân chủ và thịnh vượng sẽ không chỉ là kết quả của cải cách thể chế mà còn là minh chứng cho sự trưởng thành chính trị của cả ĐCSVN và các lực lượng chính trị đối lập./. ",6. Kết luận: Con đường cải cách ôn hòa,thoibao.de
Đoạn phát biểu về “những người bạn Mỹ” của Tổng Bí thư Tô Lâm bị cắt bỏ,"Ngày 27/9, RFA Tiếng Việt cho hay, “Báo Việt Nam cắt bỏ đoạn phát biểu của Tổng Bí thư Tô Lâm ca ngợi những người bạn Mỹ”. Theo đó, một đoạn trong bài phát biểu của Tổng Bí thư – Chủ tịch nước Tô Lâm tại Mỹ, đã bị báo chí nhà nước cắt bỏ. Cụ thế, RFA cho biết, hôm 23/9, ông Tô Lâm có bài phát biểu nhân Lễ kỷ niệm một năm “Đối tác Chiến lược Toàn diện Việt – Mỹ”, tại Viện nghiên cứu Asia Society, New York. Bài nói chuyện này được báo Tuổi Trẻ đăng tải toàn văn, có đoạn: “Trong Cách mạng tháng 8, những người bạn Mỹ là lực lượng nước ngoài duy nhất bên cạnh Chủ tịch Hồ Chí Minh, đã được mời tham dự Lễ Tuyên ngôn độc lập ngày 2/9/1945, và chứng kiến Hồ Chủ tịch trích dẫn Tuyên ngôn độc lập Mỹ. Hôm đó, tại quảng trường Ba Đình lịch sử, trên khán đài nổi bật khẩu hiệu “Hoan nghênh phái đoàn Mỹ”.” Tuy nhiên, theo RFA, sáng 27/9 (giờ miền Đông Hoa Kỳ), đoạn phát biểu về “những người bạn Mỹ” đã không còn trên Tuổi Trẻ online. Tờ báo này không có bất kỳ lời đính chính hay giải thích nào. Theo RFA tìm hiểu, trên wayback machine – kho lưu trữ kỹ thuật số của World Wide Web, được thành lập bởi Internet Archive, có 9 lần trang này chụp lại màn hình bài viết, từ 23/9 đến 26/9, với nhiều thay đổi. RFA cũng cho biết, các tờ báo nhà nước khác khi tường thuật về buổi lễ và về bài phát biểu trên, đã tóm tắt ngắn gọn phần về lịch sử quan hệ Việt – Mỹ, không trích dẫn câu nói ở trên. Kênh YouTube Phố Bolsa TV đã quay lại toàn bộ bài phát biểu trên của ông Tô Lâm, và đăng tải trên kênh này, cho thấy, lãnh đạo của Việt Nam có nói những lời nêu trên. RFA nhận xét, việc các tờ báo nhà nước kiểm duyệt để rút bài, rút link, sửa bài viết, mà không có bất kỳ giải thích nào, là chuyện không lạ. Tuy nhiên, lần này, không rõ lý do vì sao, đoạn nói chuyện của ông Tô Lâm tại Mỹ lại bị cắt bỏ. Trước đây, vào ngày 11/9/2023, VOA Tiếng Việt cho hay, các cơ quan truyền thông do nhà nước Việt Nam kiểm soát, đã cắt cụt phát biểu của Tổng thống Mỹ Joe Biden, về vấn đề nhân quyền của Việt Nam, trong những phiên bản được gọi là “toàn văn phát biểu” của ông, sau cuộc hội đàm với Tổng Bí thư Trọng, về việc nâng cấp quan hệ, hôm 10/9/2023. Theo khảo sát của VOA, những video thời sự có phần dịch lồng tiếng, được phát sóng trên các đài truyền hình nhà nước, cùng bài đăng trên một số website báo mạng khác, cho thấy, phát biểu của Tổng thống Mỹ, được đưa ra sau cuộc họp với nhà lãnh đạo cao nhất của Việt Nam, đã bị cắt bỏ, chỉ chừa lại một vế. Theo bản ghi do Nhà Trắng công bố và theo video thu trực tiếp tại hiện trường, Tổng thống Biden nói: “Tôi cũng đã nêu lên tầm quan trọng của việc tôn trọng nhân quyền, là ưu tiên hàng đầu của cả chính quyền của tôi và người dân Mỹ. Và chúng tôi sẽ tiếp tục đối thoại thẳng thắn về vấn đề đó.” Trong khi đó, phiên bản được sử dụng trên truyền thông nhà nước Việt Nam, chỉ nói: “Tôi cũng nhấn mạnh tầm quan trọng của việc tôn trọng quyền con người”. RFA dẫn bình luận của một số Facebooker Việt Nam, cho thấy, nhiều nhận xét khá tích cực về chuyến thăm Mỹ lần này của ông Tô Lâm, và những phát biểu của ông tại Mỹ. Những nhận định này đại ý cho rằng, có thể, ông Tô Lâm không giáo điều như cố Tổng Bí thư Trọng, và bày tỏ hy vọng về một sự đổi mới cho Việt Nam trong tương lai. RFA cho biết thêm, đoạn trích câu nói trên của ông Tô Lâm, được nhiều tài khoản Facebook cá nhân ở Việt Nam đăng lại, để minh chứng cho điều này. Tuy nhiên, RFA cũng dẫn các ý kiến, bày tỏ nghi ngờ đối với người đã có hơn 40 năm phục vụ trong ngành Công an, và là Bộ trưởng Bộ Công an suốt 8 năm, trước khi trở thành Tổng Bí thư – Chủ tịch nước. ",Ý Nhi –  thoibao.de,thoibao.de
Cựu cố vấn Trump cảnh báo mối nguy từ Trung Quốc ngày càng lớn,"Ngày 28/9, VOA Tiếng Việt cho hay, “Cựu cố vấn của Trump: Hệ tư tưởng của Trung Quốc là mối nguy cho tất cả”. VOA dẫn lời cựu cố vấn an ninh quốc gia của chính quyền Trump – ông Robert C. O’Brien, phát biểu trong một cuộc thảo luận do Viện Doanh nghiệp Hoa Kỳ, về thách thức mà Hoa Kỳ phải đối mặt khi đối đầu với Trung Quốc trên trường quốc tế, là “gần như quá mức”, và vượt xa một số cuộc khủng hoảng lịch sử tồi tệ nhất mà đất nước này từng gặp phải. “Tôi nghĩ rằng, mối đe dọa mà chúng ta phải đối mặt từ Trung Quốc, nghiêm trọng hơn nhiều so với mối đe dọa mà chúng ta phải đối mặt với Liên Xô trong Chiến tranh Lạnh” – ông O’Brien nói. VOA trích lời bà Bonny Lin – Giám đốc Dự án Quyền lực Trung Quốc, tại Trung tâm Nghiên cứu Chiến lược và Quốc tế, trong một phúc trình được công bố vào sáng ngày 26/9, cho rằng, các chính sách tương lai của Hoa Kỳ đối với Trung Quốc, có thể sẽ đi theo cùng một hướng, bất kể bà Harris hay ông Trump thắng cử. Bà Lin viết: “Nhóm Harris và Trump chia sẻ quan điểm rằng, Trung Quốc thách thức và đe dọa trật tự đã thiết lập của quốc tế, hòa bình và ổn định ở Ấn Độ Dương – Thái Bình Dương và Hoa Kỳ. “Quản lý” Trung Quốc hoặc “chiến thắng” trước Trung Quốc, sẽ là ưu tiên hàng đầu của chính quyền Hoa Kỳ tiếp theo, vì sự cạnh tranh gay gắt của Hoa Kỳ với Trung Quốc có khả năng sẽ tiếp tục.” Tuy nhiên, bà Lin cũng chỉ ra một số lĩnh vực mà chính quyền Trump có thể khác biệt, bao gồm việc thực hiện các chính sách thương mại khắc nghiệt hơn, và áp đặt các biện pháp đàn áp sâu rộng hơn, đối với các hoạt động gây ảnh hưởng của Trung Quốc tại Hoa Kỳ. Bà cho biết, điều chưa rõ ràng là, mức độ mà ông Trump sẽ tiếp tục nuôi dưỡng một số liên minh trong khu vực Ấn Độ Dương – Thái Bình Dương, mà chính quyền Biden đã nỗ lực củng cố; và liệu ông có tiếp tục hỗ trợ Đài Loan hay không. VOA tiếp tục dẫn khẳng định của ông O’Brien, rằng, chính quyền Trump trong tương lai sẽ tập trung vào việc thể hiện sức mạnh kinh tế, ngoại giao và quân sự của Mỹ, đối với Trung Quốc; và chống lại những gì mà cựu Tổng thống coi là các hành vi không công bằng của Trung Quốc. “Tổng thống Trump đã nói những gì ông ấy sẽ làm.” “Ông ấy sẽ tăng thuế đối với Trung Quốc và gửi một thông điệp mạnh mẽ rằng, chúng ta sẽ không dung thứ cho hành vi trộm cắp tài sản trí tuệ nữa. Chúng ta sẽ không dung thứ cho hành vi bán phá giá, chúng ta sẽ không dung thứ cho hành vi thao túng tiền tệ, và chúng ta sẽ có sáng kiến để các nhà sản xuất Hoa Kỳ trở về nước.” Ông O’Brien cũng cho biết, khi ông ở Toà Bạch Ốc, ông nhận thấy rằng, Trung Quốc không biết mệt mỏi trong nỗ lực mở rộng ảnh hưởng của Bắc Kinh, cho dù, bằng cách sử dụng quân đội để quấy rối các nước láng giềng ở khu vực Ấn Độ Dương – Thái Bình Dương, hay bằng cách tham gia vào các hoạt động gián điệp và gây ảnh hưởng. Theo VOA, đầu năm nay, ông O’Brien đã gây ra phản ứng giận dữ từ Bắc Kinh, khi ông đề nghị trang bị cho mọi nam giới trong độ tuổi quân dịch ở Đài Loan một khẩu AK-47, để chống lại một cuộc xâm lược tiềm tàng của Trung Quốc. Theo quan điểm của ông O’Brien, điều cần thiết là, Hoa Kỳ phải tiếp tục vun đắp các liên minh chặt chẽ ở khu vực Ấn Độ Dương – Thái Bình Dương. “Tin tốt” mà ông O’Brien đề cập, là những liên minh đó rất mạnh mẽ. Vẫn theo VOA, ông O’Brien chủ trương Hoa Kỳ cần khôi phục “bộ ba” hạt nhân của mình – năng lực kết hợp để phóng phi đạn từ trên không, trên bộ và trên biển, vì ngoài mối đe dọa mà đất nước phải đối mặt từ Nga, năng lực hạt nhân của Trung Quốc đang tăng vọt. ",Thu Phương –  thoibao.de,thoibao.de
"Vì sao chính trường Việt Nam sẽ “sóng to, gió lớn”, sau khi ông Tô Lâm công du Mỹ?","Tổng Bí thư, Chủ tịch nước Tô Lâm vừa kết thúc chuyến công cán tại Mỹ, và chuyến thăm cấp nhà nước tới Cuba, từ ngày 21 đến 27/9. Đây là chuyến đi đến Hoa Kỳ đầu tiên của ông trên cương vị Tổng Bí thư – Chủ tịch nước. Trên đất Mỹ, ông Tô Lâm đã có khoảng 50 hoạt động đáng chú ý, bao gồm cả việc gặp Tổng thống Mỹ Joe Biden; có bài phát biểu trước các lãnh đạo thế giới tại Kỳ họp thứ 79 của Đại hội đồng Liên Hiệp Quốc. Tuy nhiên, một đoạn trong bài phát biểu của ông, trong lễ kỷ niệm một năm nâng cấp lên Đối tác Chiến lược Toàn diện Việt – Mỹ, tại Viện Asia Society, New York, Hoa Kỳ, đã bị truyền thông nhà nước cắt bỏ, không rõ lý do. Điều vừa kể cho thấy, kể cả phát biểu của người đứng đầu Đảng và nhà nước Việt Nam, cũng bị “cảnh sát tư tưởng” – tức Ban Tuyên giáo Trung ương kiểm duyệt, sẵn sàng cắt bỏ. Đáng chú ý, Thượng tướng Nguyễn Trọng Nghĩa – Trưởng ban Tuyên giáo Trung ương – ông trùm “cảnh sát tư tưởng”, đã đích thân tham dự đoàn công du của Tổng Bí thư, Chủ tịch nước Tô Lâm. Trong buổi hội đàm giữa Chủ tịch Tô Lâm và Tổng thống Biden, Tướng Nghĩa ngồi bên tay phải của ông Tô Lâm, chỉ cách ông Nguyễn Hòa Bình. Theo một số suy đoán, điều đó cho thấy, dường như có sự chỉ đạo từ xa đối với lãnh đạo Ban Tuyên giáo Trung ương. Bài nói chuyện của ông Tô Lâm được báo Tuổi Trẻ đăng tải toàn văn, có đoạn: “Trong Cách mạng Tháng 8, những người bạn Mỹ là lực lượng nước ngoài duy nhất bên cạnh Chủ tịch Hồ Chí Minh, đã được mời tham dự Lễ Tuyên ngôn độc lập ngày 2/9/1945, và chứng kiến Hồ Chủ tịch trích dẫn Tuyên ngôn độc lập Mỹ. Hôm đó, tại quảng trường Ba Đình lịch sử, trên khán đài nổi bật khẩu hiệu: Hoan nghênh phái đoàn Mỹ.” Đây là một sự thật lịch sử không thể bác bỏ. Tuy nhiên, với chủ trương “bóp méo” lịch sử, nó đã bị che giấu trong một thời gian dài. Gần đây, những sự thật trong mối quan hệ Việt – Mỹ cách đây 79 năm đang dần dần phát lộ. Tuy nhiên, theo một số suy đoán, đoạn phát biểu về “những người bạn Mỹ” của ông Tô Lâm, có lẽ đã gây khó chịu không nhỏ cho người “đồng chí” phương Bắc và phe bảo thủ chiếm đa số trong Đảng Cộng sản Việt Nam. Ngoài ra, việc gặp Tổng thống Mỹ Joe Biden, cũng như sự kiện ông Tô Lâm bắt tay Tổng thống Ukraine Zelensky, được coi là hành động được lòng quốc tế và giới trí thức trong nước. Hiện nay, công luận đang chú ý, xem những phát biểu của Tổng Bí thư Tô Lâm tại Hội nghị Trung ương 10, trước khi đi công du Mỹ, có thực chất hay không? Tại Hội nghị Trung ương 10, trên cương vị người đứng đầu Đảng, ông Tô Lâm đã trích dẫn các huấn thị của cố Tổng Bí thư Lê Duẩn, liên quan đến thái độ của Việt Nam đối với chính quyền Bắc Kinh. Hồi đó, Tổng Bí thư Lê Duẩn khẳng định: “Trung Quốc luôn là kẻ thù trực tiếp và nguy hiểm”, và tinh thần đó được đưa vào Hiến pháp Việt Nam năm 1982. Một số ý kiến cho rằng, trong bối cảnh, trước, trong và sau Hội nghị Trung ương 10, ông Tô Lâm đã phải chịu sức ép rất lớn từ phe bảo thủ trong Đảng, với trung tâm là lực lượng tướng lĩnh quân đội, vốn trung thành với cố Tổng Bí thư Trọng và thân Trung Quốc. Việc Ban Chấp hành Trung ương Đảng không nhất trí sửa đổi Điều lệ Đảng, được cho là một thất bại không nhỏ đối với ông Tô Lâm. Theo một số phân tích, tới đây, ông Tô Lâm chỉ còn giữ chức Tổng Bí thư Đảng, đồng nghĩa với việc, ông không còn tư cách là người đứng đầu nhà nước, để đại diện cho Việt Nam gặp gỡ chính thức các nguyên thủ quốc gia khác. Có thể đây là những bất lợi cho chiến lược ngoại giao mới của Tổng Bí thư Tô Lâm, do phe bảo thủ cố tình tạo ra. Đó cũng là lý do, trong những ngày sắp tới, chính trường Việt Nam sẽ tiếp tục sóng gió trở lại. Liệu ông Tô Lâm có đủ bản lĩnh và năng lực để tiếp tục thay đổi hay không? Chúng ta hãy chờ xem. ",Trà My –  Thoibao.de,thoibao.de
"Thăm Cuba, tìm về nguồn cội Cộng sản man rợ, Tô Lâm gửi thông điệp gì?","Hiện nay, trên thế giới chỉ còn lại 2 quốc gia Cộng sản thuần tuý, thuộc hàng man rợ nhất thế giới. Người dân ở Triều Tiên và Cuba vẫn còn đang sống trong thời kỳ tem phiếu, bị “ngăn sông cấm chợ”, bị buộc phải bán sức lao động rẻ mạt cho nhà nước, để nhận lại những nhu yếu phẩm ít ỏi, không đủ cho đời sống tối thiểu của một con người. Có thể nói, Fidel Castro là tội đồ của người dân Cuba. Nếu không có Fidel Castro “giải phóng” dân Cuba khỏi nhà nước thân Mỹ trước đó, thì nay, dân Cuba đâu phải chịu đựng cuộc sống khốn khó. Một lãnh tụ Cộng sản độc tài, dùng mô hình chính trị và kinh tế hà khắc của Lê Nin, áp lên đầu người dân, kết quả, dân ngu dốt, đói nghèo, đất nước lạc hậu, bi đát. Rồi, cũng như Đảng Cộng sản Việt Nam, chính quyền Cuba lại đổ lỗi cho “đế quốc Mỹ”, còn Fidel Castro vẫn được tô vẽ là “anh hùng giải phóng dân tộc”. Nhật Bản và Hàn Quốc thân Mỹ, đã có những bước tiến thần kỳ. Từ nhiều năm qua, họ đã khiến các dân tộc khác trên thế giới phải ngưỡng mộ. Hậu Chiến tranh Thế giới thứ 2, Nhật Bản đã tận dụng sự bảo hộ của Mỹ, để hồi phục kinh tế một cách thần kỳ. Hàn Quốc cũng nhờ thân Mỹ, nên có được mô hình kinh tế thị trường cởi mở, cùng với tầm nhìn của các thế hệ lãnh đạo đất nước, Hàn Quốc đã tiến thẳng từ một nước nông nghiệp lạc hậu, trở thành một cường quốc kinh tế thế giới. Cùng lúc, họ cũng dân chủ hóa đất nước, để đứng vào hàng ngũ của những quốc gia tiến bộ hàng đầu thế giới. Từ sau “đổi mới” 1986 đến nay, Đảng Cộng sản Việt Nam đã trải qua rất nhiều đời tổng bí thư, nhưng chẳng có ai thật sự cởi mở về chính trị. Sự “cải cách” vào năm 1986, chỉ là sửa chữa những sai lầm do mô hình kinh tế tập trung gây ra. Đấy là sự “cải cách” nửa vời, bởi cải cách toàn diện phải là cải cách cả kinh tế lẫn chính trị. Hàn Quốc xuất phát từ một chế độ độc tài quân phiệt. Nhưng nhờ vào cải cách kinh tế kéo theo cải cách chính trị, nên vào những năm 80 của thế kỷ trước, Hàn Quốc đã có được sự cải cách xã hội toàn diện. Muốn đạt được sự cải cách toàn diện, để đất nước tiến lên, Việt Nam cần đi thêm 1 bước nữa – đó là dân chủ hóa. Từ nhiều năm qua, Việt Nam vẫn duy trì mối quan hệ gần gũi với chính quyền Cộng sản Cuba, trong khi, chẳng hề có lợi ích gì trong mối quan hệ đó. Ngược lại, chính quyền Cộng sản Việt Nam thường lấy gạo của dân Việt, để cứu đói cho dân Cuba. Trong khi, chính giới lãnh đạo Cuba vẫn hằng ngày gây nên cảnh đói nghèo, lầm than, không hồi kết, với dân của họ. Trong khi, ngay chính người Việt trong nước, nhất là người dân tộc thiểu số ở vùng cao, vẫn rất cần nhà nước cấp gạo cứu đói. Chính quyền Cộng sản Cuba là tội đồ đối với người dân của họ. Nếu là một nhà nước văn minh, thì không ai lại kết thân với một loại chính quyền như thế. Nhưng Đảng Cộng sản Việt Nam vẫn luôn giữ mối quan hệ gần gũi với Cuba, từ mấy chục năm nay. Điều đó cho thấy, Đảng Cộng sản Việt Nam không từ bỏ được cội nguồn man rợ của họ. Việc Tô Lâm tới La Havana, cho thấy, ông không thể là một nhà cải cách, và không dám tách khỏi nguồn gốc Cộng sản. Nhà nước Cuba cũng là nhà nước Công an trị, tương tự cách Tô Lâm từng thực hiện chính sách Công an trị ở Việt Nam, trong vai trò là người thừa hành – Bộ trưởng Bộ Công an. Có thể nói, nhà nước Công an trị chính là điểm tương đồng giữa Việt Nam và Cuba. Mới đây, khi Tô Lâm đến Mỹ, thì hô hào về một chính sách “đổi mới”, để Việt Nam tiến lên. Nhưng ngay sau đó, kết thúc chuyến đi Mỹ, thì ông lại tìm đến cội nguồn Cộng sản man rợ. Ngoài ra, mới đây, Tô Lâm cho cơ quan an ninh triệu tập tiến sĩ Nguyễn Quang A – một trí thức bất đồng chính kiến nổi tiếng. Vậy nên, đừng kỳ vọng gì vào Tô Lâm, rất khó để có được sự đổi mới từ ông. ",Trần Chương –  Thoibao.de,thoibao.de
"Đừng nghe những gì Tô Lâm nói, hãy nhìn những gì Tô Lâm làm!","Trên đất Mỹ, Tô Lâm đã ca bài ca “đổi mới”. Trong bài ca ấy, ông nói rằng “con đường phát triển của Việt Nam không thể tách rời xu thế chung của thế giới và nền văn minh nhân loại”. Thế giới hiện nay được chia ra làm 2 nhóm: dân chủ tự do và độc tài. Độc tài có nhiều loại, như độc tài cá nhân, độc tài toàn trị vv… Trong đó, độc tài toàn trị do Đảng Cộng sản nắm quyền rất đáng sợ. Bởi, vì quyền lợi cá nhân, quyền lợi của Đảng, họ sẵn sàng phá hủy cả dân tộc, dìm đất nước trong đói nghèo,ngu dốt, lạc hậu vv… Bắc Triều Tiên và Cuba là minh chứng rõ nét nhất về một chế độ Cộng sản còn nguyên bản. Trung Quốc và Việt Nam đang đi 2 hàng. Về chính trị, họ vẫn giữ mô hình độc tài toàn trị của Lê Nin. Về kinh tế, họ theo kinh tế thị trường của các nước dân chủ, tuy nhiên chỉ theo một cách nửa vời. Tuy đời sống kinh tế của người Việt có khá hơn Bắc Hàn và Cuba, nhưng chắc chắn, không thể bắt kịp các nước văn minh tiến bộ. Nguyên nhân là do mô hình chính trị kìm hãm sự phát triển của nền kinh tế. Thế giới phân thành nhiều tầng bậc, tầng trên là những nước văn minh tiến bộ, tầng dưới là các nước Cộng sản nguyên bản – nơi thể hiện tất cả những gì man rợ nhất, mà Đảng Cộng sản đem lại cho đất nước. Việt Nam ở vị trí lơ lửng, nhưng gần đáy hơn. Thể chế độc đảng hà khắc, được Đảng Cộng sản gọi là “con đường Xã hội Chủ nghĩa mà Bác Hồ đã chọn”, chính là nguyên nhân khiến cho Việt Nam không thể đồng hành cùng các nước văn minh trên thế giới. Điều đáng nói là, dù ông Tô Lâm hô hào “con đường phát triển của Việt Nam không thể tách rời xu thế chung của thế giới và nền văn minh nhân loại”, thế nhưng, hành động của ông thì đang đi ngược lại những điều ông nói. Bởi ông vẫn đang ca tụng công lao của Bác Hồ, sự sáng suốt của Đảng, thì ông vẫn chưa chịu thừa nhận những sai lầm của Đảng. Tô Lâm đang ghé thăm Cuba – một nhà nước man rợ vào bậc nhì thế giới, chỉ đứng sau Triều Tiên. Nơi đây, anh em nhà Castro đã đẩy dân Cuba vào đói nghèo lạc hậu. Họ áp dụng mô hình kinh tế tập trung, do nhà nước quản lý, duy trì chế độ tem phiếu v.v… Họ đã làm lãng phí nguồn lực của đất nước, khiến dân của họ không có cơm ăn, không có áo mặc, rồi đổ lỗi là bị “Mỹ cấm vận”. Mỹ vẫn bắt tay với Cộng sản Việt Nam và Cộng sản Trung Quốc, thì không lý do gì Mỹ lại không sẵn sàng bắt tay với Cuba. Nhưng vì Cuba vẫn đang cai trị một cách vô nhân đạo với chính người dân của họ, khiến Mỹ không thể chìa tay ra, nếu họ không chịu thay đổi. Như vậy, nguyên nhân của mọi nguyên nhân, chính là thành phần Cộng sản Cuba. Việt Nam vẫn tiếp tục bắt tay với Cuba, vẫn xưng tụng anh em với chính quyền bất nhân này, cho thấy, họ vẫn ủng hộ một chế độ độc tài, hại nước, hại dân của họ. Thể hiện sự thân thiện với một nhà nước độc tài, cho thấy, Đảng Cộng sản Việt Nam đã, đang, và sẽ, trung thành với đường lối cai trị như thế. Tô Lâm đến thăm Cuba, chứng tỏ ông vẫn chưa thoát được khỏi “nhà tù Cộng sản” trong tư tưởng, khó có thể hy vọng một Tô Lâm đổi mới, với hành động như thế này. Nói dối là nghề của những lãnh đạo Cộng sản, và Tô Lâm cũng không ngoại lệ. Chỉ trong thời gian ngắn, ông Tô Lâm đã nói và làm những điều trái ngược. Việc ghé thăm Cuba cho thấy, ông vẫn chưa chuẩn bị tốt để tiếp nhận tư tưởng tiến bộ, vẫn còn xem một nhà nước man rợ là anh em ruột thịt với mình. Dân Việt có câu “ngưu tầm ngưu mã tầm mã”, Tô Lâm đang tầm thành phần man rợ trên thế giới, thì ắt, ông cũng thuộc thành phần như thế. Ông từ một Tướng Công an, với thành tích đen về nhân quyền dày cộm, rất khó để trở thành một nhà cải cách tiến bộ. Hoàng Phúc – Thoibao.de ",N/A,thoibao.de
Những thất bại của Tô Lâm trong chuyến đi Mỹ vừa qua,"Ngày 25/9, tác giả J.B Nguyễn Hữu Vinh trên RFA blog có bài bình luận “Món quà không được giá”. Tác giả cho rằng, ông Tô Lâm đã có một dịp may hiếm có, để được mang danh là Tổng Bí thư Đảng Cộng sản, đi họp Đại hội đồng Liên Hợp Quốc, nhờ vào việc “kiêm nhiệm” Chủ tịch nước. Theo tác giả, nhân dịp này, Tô Lâm quyết lên đường đi Mỹ, sang tận hang ổ của “bọn tư bản giãy chết”, để hiện thái độ “sòng phẳng, mẹ nó, sợ gì”, theo nguyên tắc mà Thủ tướng Chính phủ Phạm Minh Chính đã vạch ra. Tác giả mỉa mai, những thất bại liên tiếp của “Thời đại Nguyễn Phú Trọng”, mà cái gọi là “Chống tham nhũng” được đưa ra, như một “sự nghiệp vĩ đại” của Đảng, Tô Lâm gặp được thời cơ để leo lên chức vụ cao nhất trong hệ thống. Thế là, từ một tay chuyên nghề chém giết, bỏ tù, bắt cóc và ám sát, bắt bớ và thảm sát… với bàn tay vấy máu dân lành và cả đồng chí của mình, Tô Lâm trở thành người lãnh đạo cao nhất của Đảng. Tuy nhiên, tác giả đánh giá, súng đạn, nhà tù và cơ chế Cộng sản không thể tạo ra một Tô Lâm với đầy đủ sự chính danh, uy tín, và nhất là sự kính trọng khi tiếp xúc môi trường quốc tế. Bởi trên trường quốc tế, Tô Lâm vẫn là một kẻ chịu trách nhiệm trước mọi tội ác mà chế độ này đã gây ra cho dân Việt, và cả những vụ bắt cóc xuyên quốc gia nổi danh. Tác giả chỉ ra, những nhân vật hiện diện trong đoàn dự họp tại Liên Hợp Quốc do Tô Lâm dẫn đầu, tất cả đều là tướng Công an và Quân đội. Điều này cho thấy đặc trưng của hệ thống chính trị kiểu nhà tù ở Việt Nam hiện nay. Đó cũng là một đặc trưng, mang đậm “Bản sắc Tô Lâm”. Tác giả nhận xét, dự họp Liên Hợp Quốc là một nhiệm vụ nặng nề của Tô Lâm. Bởi chuyên môn của Tô Lâm xưa nay, là bạo lực, súng đạn, là nhà tù và khủng bố, còn việc ngoại giao tiếp xúc với các quan chức, chính trị gia lão luyện, thì đó là một bài toán khó. Thế nên, vẫn theo tác giả, trước khi ra đi, Tô Lâm đã quyết định thả một số tù nhân lương tâm trước thời hạn. Đó là Trần Huỳnh Duy Thức và Hoàng Thị Minh Hồng. Việc buộc tù nhân lương tâm Trần Huỳnh Duy Thức phải nhận “Đặc xá”, dù ông phản đối dữ dội vì không thèm cái đặc xá ấy, là điều hết sức hài hước và “chỉ có ở Việt Nam”. Những tù nhân ấy, đã được biến thành món quà để Tô Lâm mang đi dự Đại hội đồng Liên Hợp Quốc, như một sự “rửa mặt” cho chế độ Cộng sản, mà ở đó, quyền con người và mọi thứ quyền khác đều được bảo đảm… nhưng chỉ ở trên giấy. Thế nhưng, tác giả đánh giá, chuyến đi của Tô Lâm đến Hoa Kỳ lần này, có vẻ như không được “hoành tráng” và không được rầm rộ như người ta nghĩ. Tác giả phân tích về những thất bại của Tô Lâm trong chuyến đi này, cụ thể: Đoàn của Tô Lâm không biến được cơ hội này thành chuyến thăm chính thức Hoa Kỳ, không được bước chân được vào Tòa Bạch ốc. Đó là một thất bại. Đến Hoa Kỳ với biết bao đảng phái, biết bao hội đoàn, từ doanh nghiệp đến khoa học Kỹ thuật, hàng đầu thế giới, nhưng Tô Lâm chỉ gặp gỡ được nhóm “Đảng Cộng sản Mỹ” – một tổ chức mà hiện nay không còn con số thống kê thành viên. Đó là một thất bại. Đến Hoa Kỳ, nơi có cộng đồng người Việt đông đúc nhất ở hải ngoại, nhưng không hề có cuộc gặp gỡ nào chính thức, đàng hoàng được tổ chức, ngoài cái sự thậm thụt kiểu “buôn bạc giả” của vài tay cò mồi lên tận nơi New York. Và bên ngoài phòng họp của Đại hội đồng, thì đồng hương người Việt tập trung đông đảo giương cờ quạt, biểu ngữ, réo tên Tô Lâm đòi nhân quyền, tự do cho đồng bào trong nước. Đó là một thất bại. Và xem ra, món quà thả tù nhân lương tâm mà Tô Lâm đem sang Mỹ lần này, có vẻ không hiệu quả. Bởi người ta biết thừa một điều: Thái độ đối với dân chủ, nhân quyền, không nằm ở chỗ thả mấy tù nhân lương tâm ấy. Đó là một thứ hàng giả và không còn có giá. ",Hoàng Anh –  thoibao.de,thoibao.de
Các quốc gia trong khu vực phản đối vụ thử tên lửa của Trung Quốc,"Ngày 26/9, BBC Tiếng Việt loan tin “Trung Quốc thử tên lửa tầm xa, quốc gia lân cận lo lắng”. Theo BBC, Trung Quốc đã có vụ phóng thử hiếm hoi tên lửa đạn đạo liên lục địa (ICBM) vào vùng biển quốc tế, khiến nhiều quốc gia phản đối. BBC dẫn thông báo của Bắc Kinh, nói rằng, vụ phóng tên lửa hôm 25/9 – vụ phóng trên biển đầu tiên sau hơn 40 năm của nước này, là “hoạt động thường lệ” và không nhằm vào bất kỳ quốc gia, hay mục tiêu cụ thể nào. BBC dẫn tin từ truyền thông Trung Quốc, nói rằng, Chính phủ nước này đã thông báo trước “cho các quốc gia liên quan”. Tuy nhiên, BBC cho biết, Nhật Bản, Úc và New Zealand đều nói rằng, họ không được thông báo trước, đồng thời bày tỏ lo ngại về vụ phóng thử. Các nhà phân tích cho rằng, vụ phóng này thể hiện rõ, khả năng hạt nhân tầm xa ngày càng phát triển của Trung Quốc. BBC nhắc lại, năm 2023, Mỹ từng cảnh báo rằng, Trung Quốc đã gia tăng kho vũ khí hạt nhân của mình, trong chiến lược nâng cấp hệ thống phòng thủ. Một tên lửa đạn đạo liên lục địa có thể bay xa hơn 5.500 km, đưa phần lãnh thổ của Mỹ ở lục địa và Hawaii vào tầm bắn của Trung Quốc. Tuy nhiên, BBC cũng cho biết, theo ước tính, kho vũ khí của Trung Quốc vẫn chưa bằng một phần năm kho vũ khí của Mỹ và Nga. Và lâu nay, Trung Quốc luôn khẳng định rằng, việc duy trì hạt nhân của họ chỉ nhằm mục đích răn đe. BBC dẫn lời các nhà phân tích, nói rằng, vụ phóng thử tên lửa ICBM vào vùng biển quốc tế gần nhất của Trung Quốc, là vào những năm 1980. Thông thường, Bắc Kinh cho phóng thử trong nội địa, vào sa mạc Taklamakan, ở khu vực Tân Cương, về phía tây. Vụ phóng thử lần này, dường như cũng thể hiện sự thay đổi trong hướng tiếp cận hạt nhân của Trung Quốc. BBC dẫn phản ứng của Nhật Bản, nói rằng, họ “không được báo trước”, và thể hiện “quan ngại sâu sắc” về sự việc. BBC cũng dẫn nhận định của Úc, rằng, vụ phóng thử “gây mất ổn định và làm gia tăng nguy cơ trong khu vực, nếu đưa ra tính toán sai”, đồng thời nói rằng, họ đã đề nghị Bắc Kinh đưa ra “một lời giải thích”. BBC dẫn tiếp đánh giá của New Zealand, gọi đây là “một động thái không được chào đón và đáng lo ngại”. BBC dẫn lời ông Ankit Panda – một nhà phân tích về tên lửa hạt nhân, cho rằng, hành động của Trung Quốc không nhằm gửi đi một thông điệp chính trị. “Nhưng việc này rõ ràng sẽ là một lời nhắc nhở mạnh mẽ đối với các quốc gia trong khu vực và Mỹ, rằng, bối cảnh hạt nhân ở châu Á đang thay đổi nhanh chóng.” BBC dẫn nhận định của ông Leif-Eric Easley – Giáo sư quan hệ quốc tế ở Hàn Quốc, rằng: “Đối với Washington, thông điệp này nói rằng, hành động can thiệp trực tiếp vào một cuộc xung đột tại eo biển Đài Loan có thể khiến Mỹ gặp nguy hiểm.” “Tuyên bố của Trung Quốc nói rằng, vụ phóng không nhằm vào bất kỳ quốc gia nào, nhưng hiện vẫn còn đó những căng thẳng cao độ giữa Trung Quốc với Nhật Bản, Philippines, và tất nhiên là căng thẳng lâu nay với Đài Loan.” BBC lưu ý, mặc dù mối quan hệ giữa Bắc Kinh và Washington đã cải thiện trong năm qua, nhưng sự quả quyết ngày càng tăng của Trung Quốc trong khu vực vẫn là một vấn đề nan giải. Trong đó, quan trọng là quan hệ giữa Trung Quốc và Đài Loan. BBC dẫn Bộ Quốc phòng Đài Loan, hôm 25/9, nói rằng, Trung Quốc đã và đang thực hiện bắn tên lửa, và các chương trình tập luyện khác, với lịch trình “dày đặc” trong thời gian gần đây. Bắc Kinh thường xuyên điều tàu và máy bay vào vùng biển và không phận của Đài Loan – đây là một “chiến thuật vùng xám” nhằm bình thường hóa hành động xâm phạm này. BBC dẫn ước tính của Lầu Năm Góc, theo đó, kho vũ khí của Trung Quốc có hơn 500 đầu đạn hạt nhân sẵn sàng để sử dụng, trong đó, khoảng 350 là tên lửa đạn đạo liên lục địa ICBM. Mỹ cũng dự đoán rằng, Trung Quốc sẽ có hơn 1.000 đầu đạn vào năm 2030. ",Minh Vũ – thoibao.de,thoibao.de
Tổng Bí thư Tô Lâm đang tính toán điều gì khi gặp Tổng thống Mỹ Biden?,"Chiều 25/9, Tổng Bí thư, Chủ tịch nước Tô Lâm cùng Đoàn đại biểu cấp cao Việt Nam, sau khi kết thúc các hoạt động tại Kỳ họp Đại hội đồng Liên Hợp Quốc, đã rời New York, bắt đầu chuyến thăm cấp nhà nước tới Cuba. Trong những ngày ở trên đất Mỹ, ông Tô Lâm khá bận rộn với những công việc được một số nhà quan sát đánh giá là gây ấn tượng. Họ nhận xét: “xem ra, người lãnh đạo Đảng và Nhà nước Việt Nam tỏ ra là một lãnh đạo khá năng động, và cởi mở”. Sự kiện Tổng thống Mỹ Joe Biden gặp Tổng Bí thư Tô Lâm ngày 25/9, được coi là tâm điểm của công luận trong và ngoài nước. Giới quan sát quốc tế đánh giá, cuộc gặp này “rất quan trọng”, trong việc giúp ông Lâm củng cố quyền lực, sau khi trở thành người đứng đầu Đảng và Nhà nước, vào đầu tháng 8/2024. Ngay sau khi cuộc gặp này kết thúc, kết quả cuộc họp được truyền thông quốc tế đánh giá là “rất nồng ấm”, 2 bên đã cam kết đẩy mạnh hợp tác hơn nữa. Tại cuộc hội đàm giữa Tổng thống Biden cùng Tổng Bí thư Tô Lâm, một vấn đề trọng tâm được ông Tô Lâm đưa ra, là ông đề nghị phía Mỹ sớm loại bỏ Hà Nội ra khỏi danh sách các nền kinh tế phi thị trường, và dỡ bỏ các hạn chế thương mại. Tuy nhiên, vấn đề đó thuộc thẩm quyền của Bộ Thương mại Mỹ, Tổng thống Biden không thể can thiệp. Trước cuộc họp này, cú bắt tay giữa Chủ tịch Việt Nam Tô Lâm và Tổng thống Ukraine Zelensky, được đánh giá là có tính toán kỹ từ phía Việt Nam, đồng thời là một vấn đề quan trọng. Từ khi bắt đầu cuộc chiến Ukraine, nhà nước Việt Nam luôn có lập trường, cũng như những động thái ủng hộ Nga và Putin. Rất có thể, nội bộ Đảng Cộng sản Việt Nam một lần nữa sẽ nổi sóng, về sự kiện vừa kể. Phe bảo thủ thân Nga và Trung Quốc trong Đảng, sẽ lại “sục sôi”, và sẽ “tính sổ” với ông Tô Lâm. Trong cuộc tiếp Tổng Bí thư Tô Lâm, khi nói về những thành tựu trong một năm vừa qua giữa 2 nước, Tổng thống Biden phát biểu rằng: “Chúng ta đã khởi động sự hợp tác chưa từng có, cùng nhau đoàn kết xây dựng một Ấn Độ Dương rộng mở và an toàn hơn”. Tổng thống Biden đã hàm ý về các tranh chấp hàng hải với Trung Quốc trên khu vực Biển Đông. Dường như để thanh minh rằng Việt Nam không ngã về phía Hoa Kỳ, Tổng Bí thư Tô Lâm đã đối đáp với Tổng thống Biden: “Việt Nam sẽ tiếp tục kiên định thực hiện đường lối đối ngoại độc lập, tự chủ, đa phương hóa, đa dạng hóa, là bạn, là đối tác tin cậy, có trách nhiệm trong cộng đồng quốc tế.” Theo các quan chức Hoa Kỳ, “Hai nhà lãnh đạo thừa nhận thực tế, là Việt Nam nằm trong một khu vực phức tạp”, đồng thời cũng cho rằng, Hà Nội “phải rất thận trọng và có chiến lược trong cách tiếp cận khu vực”. Nhận xét về sự tính toán, cũng như mục đích thực sự của Tổng Bí thư, Chủ tịch nước Tô Lâm, trong chuyến công du Hoa Kỳ lần này, giới thạo tin cho rằng, Tô Lâm đang có nhu cầu củng cố quyền lực của ông. Ông phải thể hiện cho người dân trong nước thấy rằng, ông có khả năng và sự năng động về ngoại giao, trong khi vẫn bảo sự thăng bằng trong quan hệ giữa các cường quốc, như Trung Quốc, Hoa Kỳ và Nga. Cú bắt tay đối ngoại vừa kể, đã đem lại một điểm cộng lớn cho Tổng Bí thư Tô Lâm. Tuy nhiên, ở chiều ngược lại, chắc chắn, nó sẽ là điểm trừ với Moscow và Bắc Kinh. Song, về mặt đối nội, đây sẽ là cú bồi tiếp theo của Tổng Bí thư Tô Lâm đối với phe bảo thủ, và các thành phần chống đối trong nội bộ Đảng. Do đó, có nhiều ý kiến cho rằng, muốn để phe chống đối trong Đảng chịu hoà hoãn, thì Tổng Bí thư Tô Lâm phải quyết không lùi bước, đồng thời, sẽ phải ra những đòn mạnh tay hơn nữa, trong thời gian sắp tới. ",Trà My – Thoibao.de,thoibao.de
"Sau bão, Thủ Chính khéo léo “móc túi dân giúp dân”!","Sau bão, Thủ Chính khéo léo “móc túi dân giúp dân”! Ông Tô Lâm từng ăn thịt bò dát vàng với giá hàng ngàn đô la Mỹ. Ông cũng cho con cái du học Anh Quốc, với chi phí lên đến vài tỷ đồng mỗi năm, vậy sao ông không xuất tiền túi ra giúp dân?——Xem thêm tin khác… pic.twitter.com/qkb2Vott4D — Thoibao.de (@thoibao_de) September 13, 2024 ",N/A,thoibao.de
Vấn đề kê khai tài sản cán bộ và trách nhiệm của Tổng Bí thư Tô Lâm?,"Vấn đề kê khai tài sản cán bộ và trách nhiệm của Tổng Bí thư Tô Lâm? Ngày 6/9, tại phiên họp của Ủy ban Tư pháp của Quốc hội về công tác phòng chống tham nhũng năm 2024, Phó Chủ nhiệm Nguyễn Mạnh Cường khẳng định, nhiều trường hợp cán bộ lãnh đạo sau… pic.twitter.com/YqVIWNNJGb — Thoibao.de (@thoibao_de) September 13, 2024 ",N/A,thoibao.de
"Tô Lâm vừa lên ngôi, bão tố tai hoạ ập đến với dân đen!","Tô Lâm vừa lên ngôi, bão tố tai hoạ ập đến với dân đen! Sau thiên tai lại lòi ra nhân họa. Theo quan niệm thời xưa, khi một hoàng đế vừa lên ngôi, mà thiên tai liền ập đến, là điểm báo chẳng lành. Ngày nay, dù quan niệm ấy bị xem là mê tín, nhưng vẫn tồn… pic.twitter.com/JRRwg7t0t7 — Thoibao.de (@thoibao_de) September 13, 2024 ",N/A,thoibao.de
Vì sao Tổng Bí thư Tô Lâm quyết nói không với chính sách ngoại giao cây tre?,"Vì sao Tổng Bí thư Tô Lâm quyết nói không với chính sách ngoại giao cây tre?Tổng Bí thư Tô Lâm đang cố gắng tạo ra những cải cách, mang dấu ấn riêng biệt cho mình. Kể từ khi chính thức trở thành Tổng Bí thư Đảng Cộng sản Việt Nam, trong các bài viết hay… pic.twitter.com/0b4OH1lEPd — Thoibao.de (@thoibao_de) September 11, 2024 ",N/A,thoibao.de
"Thăm Cuba, Tổng Bí thư Tô Lâm sẽ làm gì để giúp Đảo quốc Cộng sản thoát nghèo đói?","Thăm Cuba, Tổng Bí thư Tô Lâm sẽ làm gì để giúp Đảo quốc Cộng sản thoát nghèo đói? Không biết, khi đến Cuba, ông Tô Lâm có để lại cho Ban lãnh đạo Đảo quốc này lời khuyên nào đó hay không? Có thể là, Cuba hãy học theo Việt Nam cách đây 38 năm, tiến hành một… pic.twitter.com/m3DpIgKJS1 — Thoibao.de (@thoibao_de) September 25, 2024 ",N/A,thoibao.de
"Thế chẻ tre của Tô Lâm bị chặn đứng, lực lượng chống Tô đang lớn mạnh?","Thế chẻ tre của Tô Lâm bị chặn đứng, lực lượng chống Tô đang lớn mạnh? Đi lên bằng “bạo lực cách mạng”, cai trị cũng bằng “bạo lực cách mạng” với các đồng chí, Tô Lâm đang gặp phải cản lực rất lớn. Cản lực đấy do chính ông tạo ra.——Xem thêm… pic.twitter.com/JwAeoh4Wm6 — Thoibao.de (@thoibao_de) September 25, 2024 ",N/A,thoibao.de
"Bị “chạm nọc”, Tô Lâm xua binh phản pháo lại ông Trần Huỳnh Duy Thức!","Bị “chạm nọc”, Tô Lâm xua binh phản pháo lại ông Trần Huỳnh Duy Thức!Việc chối bỏ hành động cưỡng bức công dân rồi đánh tráo khái niệm để chụp mũ người dám nói lên sự thật. Thì điều đó cho thấy còn rất rất lâu Cộng Sản mới có thể thay đổi.——… pic.twitter.com/3afVgusUyv — Thoibao.de (@thoibao_de) September 25, 2024 ",N/A,thoibao.de
Ai có thể tẩy được tâm thế “nô lệ ý thức hệ” khỏi đầu Tô Lâm?,"Sự kết nối của Tô Lâm với thành phần Cộng sản vô dụng trên thế giới, phần nào cho thấy, tư tưởng nô lệ ý thức hệ Cộng sản của ông còn rất nặng nề. Muốn làm việc hiệu quả, muốn đem lại lợi ích thiết thực cho đất nước, thì không thể để tâm đến những mối quan hệ chỉ mang lại phiền phức cho dân cho nước. Ý thức hệ Cộng sản là một sản phẩm độc hại, đã bị những dân tộc ở các nước Đông Âu vứt vào sọt rác. Rất nhiều thành phần trong các Đảng Cộng sản ở các nước này, đã đứng về phía nhân dân và đất nước, quyết tẩy rửa cho bằng được chế độ độc hại đã tồn tại trên đất nước họ. Ngày nay, với công nghệ internet phát triển, khiến cả thế giới xích lại gần nhau hơn, thông tin dễ chia sẻ hơn, nên mọi người có thể tiếp cận sự thật, kể cả thành phần trong chính quyền Cộng sản. Sự khác biệt giữa Bắc Triều Tiên và Hàn Quốc, là sự khác biệt giữa dân chủ và độc tài, thể hiện rất rõ ràng. Tuy nhiên, Đảng Cộng sản Việt Nam vẫn như một lô cốt, chứa đầy những tư tưởng độc hại. Họ cố thủ trong cái lô cốt ấy, cố tình giả điếc, cố bào chữa cho cái thể chế đang cho họ hưởng những đặc quyền đặc lợi. Đây là sự bất hạnh lớn của dân tộc. Trong Đảng Cộng sản Việt Nam, nhiều kẻ biết rõ, Đảng là độc hại. Nhưng vì quyền lợi quá lớn từ miếng bánh quyền lực được Đảng chia phần, nên họ vẫn nhất quyết bảo vệ Đảng. Nhưng cũng có thành phần tin vào chủ thuyết Cộng sản một cách mê muội, mà ông Nguyễn Phú Trọng là một điển hình. Câu hỏi đặt ra là, ông Tô Lâm thuộc thành phần biết Đảng độc hại, hay thuộc thành phần mù quáng tin vào chủ thuyết này? Nhìn bề ngoài, có vẻ, ông Tô Lâm không thuộc tuýp người như ông Trọng. Tuy nhiên, những hành động gần đây cho thấy, ông cũng trung thành mù quáng với ý thức hệ Cộng sản. Ví dụ, ông không buông bỏ được Trung Cộng, vẫn thề thốt tiến lên Xã hội Chủ nghĩa với Tập Cận Bình; vẫn gặp đại diện của các đảng Cộng sản khác trên thế giới, mặc dù họ không có giá trị hợp tác vv… Như vậy, ít nhất, cho đến thời điểm này, tâm thức nô lệ ý thức hệ Cộng sản vẫn còn rất đậm đặc, trong đầu ông Tổng Bí thư. Nếu ông Tô Lâm muốn thay đổi, trước hết, ông cần phải rời khỏi cái lô cốt ý thức hệ Cộng sản này. Cần phải nhìn nhận rằng, nó chính là nguyên nhân gây ra tình trạng ì ạch của nền kinh tế đất nước, tạo ra một xã hội thiếu sự tử tế, thiếu vắng lòng trung thực, và khiến con người mất lòng tin lẫn nhau. Việc thả một số tù nhân lương tâm chưa đủ để thuyết phục rằng, Tô Lâm muốn thay đổi. Điều quan trọng hơn là, ông phải tẩy rửa được tâm thức nô lệ trong bản thân ông. Ông cần cho thấy những hành động mạnh mẽ, để thay đổi thể chế v.v.. Lúc đó, may ra, mới có hy vọng về một Tô Lâm cải cách, dám phá bỏ những giá trị cổ hủ, để tìm đến những giá trị cao cả hơn. Thật ra, khi lên Tổng Bí thư, mỗi người đều có cơ hội để trở nên vĩ đại hơn ông Hồ Chí Minh. Ông Hồ là người đã mang mớ lý thuyết độc hại Cộng sản, từ phương Tây về tròng lên đầu dân tộc Việt. Ý thức hệ này đã khiến người Việt Nam phải đổ máu trong một cuộc chiến vô nghĩa. Ý thức hệ này cũng đã khiến người dân phải chịu đói, chịu khổ, và ngu dốt. Vậy nên, nếu có một Tổng Bí thư nào đó, chủ trương phá bỏ chế độ Cộng sản, thì người đó sẽ trở nên vĩ đại hơn ông Hồ Chí Minh. Tuy nhiên, đã qua bao đời Tổng Bí thư, nhưng chẳng có ai đủ bản lĩnh để làm được điều đó, bởi tâm thức nô lệ đã ràng buộc họ. Với Tô Lâm, khi ông cũng mang nặng tâm thức nô lệ này, thì khó có thể làm nên chuyện lớn. Chỉ có bản thân ông mới tẩy rửa được tâm thức này. ",Thái Hà –  Thoibao.de,thoibao.de
"Tổng Bí thư Tô Lâm chọn “chuyển đổi mềm”, hay vẫn theo định hướng?","Ngày 24/9, VOA Tiếng Việt đăng bài bình luận của tác giả Đinh Hoàng Thắng, với tựa đề “Ngã rẽ quyền lực của Tô Lâm sẽ theo hướng nào?” Tác giả cho hay, một lần nữa, giới quan sát và các nhà phân tích lại “soi” kỹ lưỡng Tổng Bí thư – Chủ tịch nước Tô Lâm. Hội nghị Trung ương 10, từ ngày 18 đến 20/9, đã đưa ra nhiều quyết định then chốt cho tương lai của Đảng và nhà nước, trong đó, vai trò và định hướng quyền lực của ông Tô Lâm, đang là một trong những điểm mấu chốt. Tác giả đề cập đến phát biểu bế mạc Hội nghị của ông Tô Lâm, nói rằng, Trung ương đã thống nhất, xác định 4 nhóm vấn đề lớn, để tiếp tục hoàn thiện Văn kiện Đại hội 14. Ông Tô Lâm đã đảo ngược “phương thức lãnh đạo” xưa nay, đặt người dân lên vị trí hàng đầu: “Nhân dân làm chủ, Nhà nước quản lý, Đảng Cộng sản lãnh đạo”. Tác giả đặt vấn đề, nếu người dân có điều kiện để kiểm chứng được sự đảo ngược trật tự này trên thực tế, thì rõ ràng, ông Tô Lâm đã có bước chuyển nhất định trong phương thức lãnh đạo. Đảng sẽ không bao biện làm thay chính quyền, và người dân sẽ đứng ở vị trí trung tâm? Tác giả cũng đề cập đến chuyến công tác Tây bán cầu của ông Tô Lâm, từ ngày 21 đến 27/9, tạo kỳ vọng về “các bước chuyển đổi mềm” trong đối ngoại của Việt Nam. Bên cạnh đó, tác giả nhận xét, nếu trước đây, lãnh đạo Đảng thường nhấn mạnh quyền kiểm soát và quản lý xã hội, thì nay, “chuyển đổi mềm” có mở ra được một hướng đi mới. Lúc này, những năng lượng tích cực và sự đồng thuận, giữa người dân – chính quyền – và các nhà lãnh đạo, có thể dẫn đến một quá trình tiến hóa ôn hòa, nhưng sâu rộng, và bền vững? Tác giả cho biết, mới đây, các nhà lãnh đạo của Úc, Ấn Độ, Nhật Bản và Hoa Kỳ, nói rằng, sẽ công bố kế hoạch cho các sáng kiến an ninh mới ở Ấn Độ Dương, khi Tổng thống sắp mãn nhiệm Joe Biden tiếp đón những người đồng cấp từ nhóm Bộ Tứ QUAD tại Mỹ, do những lo ngại chung về Trung Quốc. Riêng Việt Nam cũng đang tính toán nâng cấp quan hệ cao nhất với Indonesia, giữa biến thiên địa – chính trị. Tác giả đặt vấn đề, ngã rẽ quyền lực của Tô Lâm sẽ đi về đâu? Rõ ràng, trong bối cảnh quốc tế ngày càng phức tạp và căng thẳng như hiện nay, sự lựa chọn của ông Tô Lâm, không chỉ ảnh hưởng đến tương lai của Đảng Cộng sản Việt Nam, mà còn định hình vị thế của đất nước trên trường quốc tế. Tác giả nhận định, việc tham gia sâu hơn vào các cơ chế an ninh khu vực, như các “tiểu liên kết”, hay nâng cấp quan hệ đối tác với các nước láng giềng, là những bước đi cần thiết, để Việt Nam bảo vệ lợi ích quốc gia trước sự lấn lướt của Trung Quốc. Tuy nhiên, điều này đặt ra thách thức lớn đối với ông Tô Lâm và giới lãnh đạo Việt Nam, vì, liệu họ có thể thực hiện thành công “chuyển đổi mềm”, mà vẫn duy trì được ổn định nội bộ và quyền lực của Đảng? Tác giả lưu ý, cần phải phòng xa cho một kịch bản không mong muốn, khi “chuyển đổi mềm” có thể dẫn đến sự tự mãn, trong cả giới lãnh đạo lẫn công chúng. Bằng cách, đưa ra những cải cách nửa vời, hoặc chỉ thay đổi ngôn từ, giới lãnh đạo có thể làm dịu đi những đòi hỏi ngày càng tăng về một nền quản trị dân chủ hơn, mà không thực sự giải quyết các vấn đề cấu trúc sâu xa. Tác giả cho rằng, điều này có thể tạo ra cảm giác về một tiến bộ giả tạo, và có thể phản tác dụng, nếu người dân nhận ra không có thay đổi thực sự, và đi đến vỡ mộng. Tác giả đánh giá, ngoại giao mềm nhiều khi không đủ để đối phó với những chiến thuật hung hăng của một cường quốc như Trung Quốc. Việt Nam, vì vậy, có thể và cần phải tính toán trước các chiến lược quyết đoán hơn, trong cả chính sách an ninh quốc tế lẫn kinh tế, để bảo vệ lợi ích quốc gia. ",Xuân Hưng – thoibao.de,thoibao.de
"Phải chăng Hoa Kỳ nghi ngờ về thực tâm của Việt Nam, trong việc muốn phát triển hơn nữa quan hệ song phương?","Truyền thông quốc tế đưa tin, vào giờ chót Tổng thống Mỹ Joe Biden dự kiến sẽ gặp Tổng Bí thư, Chủ tịch nước Tô Lâm, vào ngày 25/9, bên lề kỳ họp lần thứ 79 của Đại hội đồng Liên Hợp Quốc, tại New York. Mặc dù trước đó có tin Tổng thống Biden từ chối gặp Tô Lâm. Theo một số ý kiến, điều đó cho thấy, bất chấp áp lực từ các phe phái trong nội bộ Đảng, ông Tô Lâm vẫn kiên định với lập trường thân Hoa Kỳ và phương Tây, vẫn tìm cách gặp Tổng thống Biden cho bằng được. Trước khi đến Hoa Kỳ lần này, ông Tô Lâm đã chọn Trung Quốc là điểm đến đầu tiên cho chương trình công du ngoại quốc, với tư cách Tổng Bí thư. Đây là truyền thống ngoại giao của các thế hệ lãnh đạo cấp cao Việt Nam. Cuộc gặp giữa ông Tô Lâm và Tổng thống Joe Biden, là đúng vào dịp tròn 1 năm nâng cấp quan hệ Đối tác Chiến lược Toàn diện giữa Việt Nam và Mỹ. Điều này sẽ giúp Tô Lâm nâng cao vị thế của ông trong nội bộ Đảng, giữa bối cảnh được cho là quyền lực của ông đang sụt giảm nhanh chóng. Tháng 6/2024, ông Tô Lâm – trên cương vị Chủ tịch nước, đã có cuộc hội đàm với Tổng thống Nga Putin tại Việt Nam. Trung tuần tháng 8, ông cũng đã hội đàm với Chủ tịch Trung Quốc Tập Cận Bình, trong chuyến thăm Bắc Kinh. Và hiện nay, trong chuyến đi công cán Hoa Kỳ, ông sẽ có cuộc gặp với Tổng thống Mỹ Biden. Một số phân tích cho rằng, Tổng Bí thư Tô Lâm cố gắng thể hiện sự kiên định với chính sách “ngoại giao cây tre”, để tránh những nghi ngờ trong nội bộ Đảng. Do đó, diễn biến và kết quả cuộc gặp giữa ông và Tổng thống Joe Biden, rất được công luận trong nước cũng như quốc tế chú ý. Tuy nhiên, việc Mỹ từ chối công nhận Việt Nam là một nền kinh tế thị trường, là một bước lùi rất lớn, trong quan hệ đối tác chiến lược toàn diện giữa 2 nước. Việc Việt Nam không được công nhận, không chỉ vì Việt Nam không có nền kinh thế thị trường thực sự, mà còn do Hoa Kỳ vẫn có nhiều nghi kỵ đối với Hà Nội. Trong quá khứ, Hoa Kỳ sẵn sàng công nhận kinh tế thị trường cho các nước đồng minh, như Hàn Quốc, Nhật Bản, hay Đài Loan, mặc dù, lúc bấy giờ, tình trạng nền kinh tế của các quốc gia này cũng không khác Việt Nam hiện nay. Mỹ đã cấp quy chế kinh tế thị trường, để giúp đỡ các nước này phát triển, dưới sự bảo hộ của Mỹ. Hiện tại, Việt Nam không nhận được sự ưu ái đó. Vì lý do, Việt Nam chưa phải là đồng minh của Mỹ, liên quan đến ý thức hệ Cộng sản. Việc nội bộ lãnh đạo Việt Nam đang chia rẽ sâu sắc, với số đông thiên về Bắc Kinh, khiến chính quyền Biden nghi ngờ về thực tâm của Việt Nam, trong việc muốn phát triển hơn nữa quan hệ với Hoa Kỳ. Việc Mỹ không công nhận Việt Nam là một nền kinh tế thị trường, cho thấy, cả 2 phía, Việt Nam và Hoa Kỳ, vẫn chưa có đủ thiện chí, và quan hệ Đối tác Chiến lược Toàn diện giữa 2 bên hiện nay, chỉ mang tính hình thức. Tuy nhiên, chuyến thăm gần đây của Bộ trưởng Quốc phòng Việt Nam Phan Văn Giang, đến Washington, có ý nghĩa quan trọng trong quan hệ đối tác an ninh đang phát triển giữa Hoa Kỳ và Việt Nam. Nhưng liệu, Việt Nam có thể dựa vào Mỹ nhiều hơn, để đối phó với Trung Quốc ở Biển Đông hay không? Câu trả lời sẽ là, không dễ để Mỹ can thiệp vào tranh chấp lãnh thổ hay lãnh hải, giữa Việt Nam và Trung Quốc. Theo giới quan sát, trong tương lai, khi cán cân sức mạnh quân sự trên Biển Đông ngày càng nghiêng về Trung Quốc, Mỹ sẽ khó mà hỗ trợ đồng minh và đối tác trong khu vực. Chỉ cần nhìn qua Philippines, Việt Nam nên thấy rằng, quan hệ đồng minh với Mỹ sẽ không giải quyết được triệt để các vấn đề an ninh nổi cộm hiện nay. Một số nhận định cho rằng, hiện nay Hoa Kỳ rõ ràng chưa tin Việt Nam có thực tâm trong việc muốn phát triển hơn nữa quan hệ song phương. ",Trà My – Thoibao.de,thoibao.de
Chuyến công tác đến Mỹ của Tổng Bí thư Tô Lâm chưa đạt được mục tiêu trọn vẹn,"Ngày 3/10, RFA Tiếng Việt bình luận, “Chuyến đi Mỹ của ông Tô Lâm có đạt được mọi mục tiêu?”. RFA dẫn phát biểu của Bộ trưởng Bộ Ngoại giao Việt Nam Bùi Thanh Sơn, rằng, chuyến công tác của ông Tô Lâm trong cương vị Chủ tịch nước – Tổng Bí thư Đảng Cộng sản Việt Nam tại New York, từ ngày 21 đến 25/9, đã thành công tốt đẹp, “đạt được ở mức cao tất cả các mục tiêu, nhiệm vụ đề ra”. Theo ông Bùi Thanh Sơn, ông Tô Lâm đã chuyển tải được thông điệp mạnh mẽ, rõ rang, ở cấp cao nhất, về đường lối đối ngoại của Việt Nam, và cùng các nước đề ra các định hướng chính sách quan trọng, nhằm giải quyết các thách thức toàn cầu. RFA dẫn nhận định của một nhà quan sát chính trị ở Việt Nam, cho rằng, chuyến đi của ông Tô Lâm mang nhiều ý nghĩa quan trọng, đối với vị thế của Việt Nam trên trường quốc tế nói chung, cũng như đối với cá nhân ông Tô Lâm nói riêng. Theo nhà quan sát này, trong khoảng 2 – 3 năm gần đây, Việt Nam đang trở mình rất mạnh trên chính trường thế giới. Bằng chứng là, từ năm ngoái đến nay, Việt Nam đã nâng cấp mối quan hệ lên Đối tác chiến lược toàn diện, với Mỹ, Úc và Nhật Bản. Ông cho rằng: “Chuyến đi này giống như để đánh tín hiệu ra, cho thế giới biết là, Việt Nam đã sẵn sàng nhận một vai trò lớn hơn, quan trọng hơn trong chính trường thế giới.” Cũng theo ông, qua chuyến đi Mỹ lần này, cuộc chơi chính trị của Việt Nam cũng đã được nâng lên một cấp bậc mới. Về góc độ cá nhân ông Tô Lâm, chuyến đi mang tính chất giới thiệu một nhà lãnh đạo mới, như là người kế thừa của Tổng Trọng, lần đầu tiên bước ra “vũ đài chính trị quốc tế”. Nhà phân tích này đánh giá “về mục tiêu đối ngoại của Việt Nam thì được 6/10 điểm thì, còn đối với ông Tô Lâm được khoảng 8/10 điểm.” Đánh giá về sự thể hiện của ông Tô Lâm, trong lần đầu ra mắt lãnh đạo Mỹ và phương Tây, nhà phân tích cho biết, ông chưa thấy có gì đột phá: “Các hoạt động của ông Tô Lâm ở Liên Hiệp Quốc đã có sự chuẩn bị rất kỹ càng, từng câu từng chữ rất rõ ràng, vì vậy cũng không có gì đột phá, nhưng ông Tô Lâm đã thể hiện tròn vai của mình ở Liên Hiệp Quốc.” RFA cũng dẫn nhận định của chuyên gia kinh tế Nguyễn Huy Vũ, rằng, những hoạt động, phát biểu của ông Tô Lâm ở Mỹ, chỉ mang tính chất khoa trương là chính, chưa thực chất. Ngay cả khi gặp trực tiếp Tổng thống Biden thì cũng không đạt được điều gì cụ thể, để phát triển mối quan hệ 2 nước và cả phát triển về kinh tế. Về bài phát biểu tại Đại học Columbia, ông Vũ cho rằng, nó giống như là một cái show đã được dàn dựng sẵn, và ông Tô Lâm đã thể hiện là một nhà lãnh đạo thất bại. RFA cho biết, tại trường Đại học Columbia, khi Giáo sư Nguyễn Thị Liên Hằng – Giám đốc Viện Đông Á Weatherhead của Đại học Columbia, đặt câu hỏi cho ông Tô Lâm rằng, ông sẽ làm gì để thúc đẩy hòa giải giữa người Việt trong nước và hải ngoại. Đồng thời, bà đề cập đến câu nói của cố Thủ tướng Võ Văn Kiệt, rằng, ngày 30/4 có “triệu người vui nhưng cũng có triệu người buồn”. Tuy nhiên, ông Tô Lâm lại không đi thẳng vào nội dung câu hỏi, mà trả lời rằng “quan hệ Việt – Mỹ có được những bước tiến như ngày nay, là vì tinh thần hàn gắn và tôn trọng lẫn nhau, hướng về phía trước”. RFA cũng cho biết, Tiến sĩ Nguyễn Huy Vũ đánh giá, cách trả lời của ông Tô Lâm cho thấy, các nhà lãnh đạo Đảng hiện nay chưa thể hiện dấu hiệu nào, cho thấy, họ thật lòng muốn hòa giải dân tộc. Còn theo nhà phân tích giấu tên, ông Tô Lâm tham dự sự kiện tại Đại học Columbia, với tư cách là nguyên thủ quốc gia, nên ông cũng chỉ nói về các vấn đề liên quan đến các quốc gia với nhau. ",Ý Nhi – thoibao.de,thoibao.de
Các thể loại “ôm” đặc thù Việt Nam,"Ngày 3/10, báo Tiếng Dân đăng bình luận “Ngoài bia ôm, còn có “họp ôm”, “dạy ôm”, “học ôm” và cả “báo ôm”!”, của tác giả Mai Bá Kiếm. Thoibao.de giới thiệu bài viết này đến quý khán thính giả, nội dung như sau: “Yêu nhiều thì ốm, ôm nhiều thì yếu”. “Dân gian” nói câu trên để chỉ mối quan hệ nhân quả giữa yêu và ôm. Nhưng “quan gian” nghĩ, không cần phải yêu mới được ôm. Mà, chỉ cần “có boa là có ôm” và càng ôm thì càng mạnh, bởi không yêu thì không thể yếu! Từ đó, “bia ôm” mọc lên, các cô gái cho khách ôm lấy tip, tự xóa đói giảm nghèo. Rồi, các “quan quyền” không muốn tốn tiền, và chỉ cần “có quyền” là có “gái sạch” ôm liền. Uỷ ban Nhân dân thị xã Hồng Lĩnh nhiều lần gửi công văn đến Phòng Giáo dục Đào tạo, trường mẫu giáo, tiểu học, trung học cơ sở trên địa bàn, yêu cầu cử nữ giáo viên đi “tiếp khách” VIP trong các cuộc họp, nhân các ngày lễ lớn. Trưởng phòng, hiệu trưởng nịnh, cử các cô giáo đẹp, uống cừ đi tiếp quan. Rượu vào lời dê ra, tiger vào tay quơ vô body, tạo ra phong trào “họp ôm”, bên cạnh “bia ôm”. Bị mạng xã hội và báo chí phanh phui, Trưởng phòng Giáo dục Đào tạo thanh minh, “chuyện điều động nữ giáo viên đi “tiếp khách” là chuyện bình thường thôi”, cũng may ổng chưa nâng quan điểm lập trường “là nhiệm vụ chính trị”. Ở huyện Tuy Đức, trên Tây Nguyên, không có công văn của huyện, nhưng nữ hiệu trưởng mầm non Hoa Lan cũng điều nữ giáo viên đi tiếp khách, là Công ty Nam Tây Nguyên, Đồn Biên phòng và Ban Quản lý Rừng phòng hộ, vào những ngày không phải là ngày lễ. Trong bia ôm có “má mì” điều đào, trong “họp ôm” có hiệu trưởng điều đào, dưới sự chỉ đạo của “tía mì” Trưởng phòng Giáo dục Đào tạo. Năm 2018, dưới thời Bộ trưởng Phùng Xuân Nhạ, Bộ Giáo dục Đào tạo ban hành quy định, nữ sinh viên sư phạm bán dâm đủ 3 lần mới bị đuổi học. Bán dâm là hành vi chịu sự điều chỉnh của các nghị định xử phạt hành chính, do Chính phủ ban hành, mắc mớ gì anh Nhạ ra quy định ngọng nghịu vậy? Thấy nữ sinh viên còn được quyền bán dâm 3 lượt, các thầy “giáo gian” nghĩ, “chỗ quen biết” thầy ôm, nựng trò tí có sao đâu? Vậy là phong trào “dạy ôm” mọc lên. Hậu quả, một giảng viên trường Đại học thủ đô Hà Nội bị khiển trách, và thôi chức Trưởng Bộ môn Giáo dục Quốc phòng vì tội “dạy ôm” (cầm tay, ôm nữ sinh viên). Một thầy ở trường Trung học Cơ sở Nguyễn Bỉnh Khiêm, Nhà Bè, xin nghỉ việc không lương, chờ “hưu đợi”, vì ôm, sàm sỡ một nữ sinh trong giờ dạy. Một thầy giáo trường Trung học Cơ sở Vĩnh Bình Nam 1 (Kiên Giang), bị đình chỉ công tác vì ôm hôn một nữ sinh trong giờ dạy. Thấy phong trào “dạy ôm” của mấy thầy phát triển, một nam sinh lớp 10 trường Trung học Phổ thông Thạch Bàn (quận Long Biên, Hà Nội) mạnh dạn phát động phong trào “Học ôm”. Trong giờ giải lao giữa 2 tiết, cô giáo trẻ đẹp 23 tuổi, buồn ngồi trên bàn giáo viên, nam sinh lớp 10 lên ngồi, ôm cô an ủi… ui ản! Nhờ thầy Nhạ, nữ sinh viên sư phạm được “buôn tam bận”, nhờ thầy Trưởng phòng Giáo dục thị xã Hồng Lĩnh, quan quyền mới có “họp ôm”, nhờ môi trường ô trọc, thầy dâm, trò dê, mới được “dạy ôm” và “học ôm”. Cũng có tổng biên tập, trưởng ban, ôm nữ phóng viên trong tòa soạn, cũng có phóng viên thực tập chịu “đổi tình lấy nhuận bút”, mới tạo nên “báo ôm”. Nói luôn vậy cho công bằng! ***** Được biết, vụ cô giáo và nam sinh thân mật trong lớp học, xảy ra sáng ngày 27/9, tại phòng học lớp 10A4 của trường Trung học Phổ thông Thạch Bàn. Nhà trường đã tạm thời đình chỉ dạy và học đối với cô giáo và học sinh có liên quan, để phục vụ điều tra. Tuy nhiên, Hiệu trưởng trường này vẫn bao biện rằng, do góc quay nên gây ra hiểu lầm. ",Thu Phương – thoibao.de,thoibao.de
"Hai tàu chấp pháp Trung Quốc tấn công tàu cá Quảng Ngãi, đánh đập ngư dân dã man","Ngày 2/10, BBC Tiếng Việt cho hay “Tàu Trung Quốc đã tấn công, đánh đập ngư dân Quảng Ngãi như thế nào?” BBC dẫn lời kể của thuyền trưởng tàu cá QNg 95739 TS – ông Nguyễn Thanh Biên, 40 tuổi, ngụ thôn Châu Thuận Biển, xã Bình Châu, huyện Bình Sơn, tỉnh Quảng Ngãi. Theo đó, tàu của ông Biên đánh bắt ở ngư trường Hoàng Sa, tới 6h sáng ngày 29/9 thì phát hiện tàu 301 của Trung Quốc. Sau khoảng một tiếng đồng hồ rượt đuổi, thì tàu Trung Quốc bắt kịp tàu cá của ông và tìm cách lên tàu nhưng không thành công. Sau đó, tàu 301 đã gọi thêm taù 101 tới, áp sát, kẹp và rượt đuổi tàu cá. Đến khoảng 9h sáng thì tàu 101 dùng móc sắt, quăng lên tàu cá và cho người đu lên. Khoảng 40 người Trung Quốc leo lên tàu cá của ngư dân Quảng Ngãi, mỗi người cầm một cái dùi cui, gặp đâu đánh đó. Thuyền trưởng Biên bị đánh ngất xỉu, thuyền viên Huỳnh Tiến Công bị đánh gãy tay và bị thương nhiều nơi khác trên cơ thể, thuyền viên Nguyễn Thương bị đánh bằng tuýp sắt đến hở khớp tay. Đến khoảng 13h thì thông dịch viên thông báo, cho tàu cá của ngư dân chạy về Việt Nam, sau khi đã lấy hết lưới, máy móc và “mấy tấn cá”. Ông Biên cho biết: “Tàu có cờ Trung Quốc. Chúng tôi đánh bắt ở ngư trường đó và (tàu tấn công) là tàu của Trung Quốc, nhưng không biết loại nào. Chúng lên tàu thì bận đồ rằn ri, chúng đánh thì anh em gục hết rồi nên không biết gì hết.” BBC cho biết, cho đến nay, Bộ Ngoại giao Việt Nam chưa có tuyên bố chính thức liên quan đến vụ việc. Việt Nam trong nhiều năm qua luôn khẳng định “có bằng chứng lịch sử không thể chối cãi ở Hoàng Sa – Trường Sa”. Tuy nhiên, do Trung Quốc đã kiểm soát thực địa tại quần đảo Hoàng Sa từ hơn nửa thế kỷ qua, nên ngư dân Việt Nam khi đánh cá tại ngư trường này, luôn đối mặt với sự xua đuổi, thậm chí hành hung của các lực lượng Trung Quốc. Theo BBC, Hội Thủy sản Việt Nam đã gửi công văn cho Bộ Nông nghiệp và Phát triển Nông thôn, Bộ Ngoại giao, Ban đối ngoại Trung ương, vào hôm 2/10 về việc: “Phản đối phía Trung Quốc cản trở, cướp phá tài sản, đánh đập ngư dân và kiến nghị cần tăng cường hỗ trợ ngư dân khi đi đánh cá trên biển”. Trong khi đó, BBC dẫn phát ngôn của Bộ Ngoại giao Trung Quốc, trả lời một hãng tin quốc tế hôm 1/10, cho biết, các tàu cá của Việt Nam đã đánh bắt trái phép ở vùng biển quần đảo Hoàng Sa, mà không được Chính phủ Trung Quốc cho phép. Các cơ quan chính quyền Trung Quốc liên quan, đã thực hiện các biện pháp để ngăn chặn. Bộ Ngoại giao Trung Quốc không đề cập trực tiếp đến vụ tấn công ngày 29/9. BBC dẫn chia sẻ của nhà nghiên cứu độc lập Đặng Sơn Duân, trên website của ông, ngày 1/10: “Hai tàu Trung Quốc tấn công các ngư dân Quảng Ngãi ở quần đảo Hoàng Sa của Việt Nam ngày 29/9, là tàu Tam Sa Chấp Pháp 101 và Tam Sa Chấp Pháp 301.” Dữ liệu tàu biển cho thấy, 2 tàu này đã xuất hiện tại khu vực này vào sáng 29/9. “Đây là các tàu thuộc Cục chấp pháp hành chính tổng hợp và quản lý tình trạng khẩn cấp, của cái gọi là thành phố Tam Sa. Sự trùng hợp về số hiệu, vị trí hoạt động, cũng như cách hành xử bạo lực và vô nhân đạo, cho phép kết luận, chúng chính là 2 tàu đã tấn công dã man các ngư dân Quảng Ngãi.” Theo BBC, việc tàu cá Việt Nam bị phía Trung Quốc xua đuổi, tấn công, thậm chí đánh đập và cướp, tịch thu tài sản là điều không hiếm. ",Minh Vũ – thoibao.de,thoibao.de
Liệu ông Tô Lâm có phải là một nhà lãnh đạo cởi mở?,"Ngày 1/10, BBC Tiếng Việt bình luận “Tổng Bí thư, Chủ tịch nước Tô Lâm: cởi mở hơn, ủng hộ hòa giải và tự do học thuật?” BBC nhắc lại, trong chuyến công tác tại Mỹ, từ ngày 22 đến ngày 25/9, ông Tô Lâm đã tham gia nhiều sự kiện và đề cập đến vấn đề hòa hợp, hòa giải. Với tư cách là người đứng đầu Đảng và nhà nước, những phát ngôn của ông Tô Lâm gây nhiều chú ý, vì nó thể hiện tầm nhìn của nhà lãnh đạo mới. Việc ông làm diễn giả chính trong buổi tọa đàm ở Đại học Columbia, được đánh giá là một sự cởi mở, mạnh dạn của nhà lãnh đạo Cộng sản. BBC dẫn lời cựu Đại sứ Mỹ tại Việt Nam – Ted Osius, nói rằng, ông tin ông Tô Lâm “sẽ tiếp tục củng cố mối quan hệ giữa Hoa Kỳ và Việt Nam, vì quan hệ hữu nghị gắn kết là lợi ích chung của cả 2 dân tộc chúng ta”. BBC cho biết, sự kiện kỷ niệm 1 năm nâng cấp quan hệ lên Đối tác Chiến lược Toàn diện Việt – Mỹ, diễn ra tại New York ngày 22/9, có sự tham dự của cựu Ngoại trưởng John Kerry, Thượng nghị sĩ Dan Sullivan, cùng nhiều quan chức, cựu quan chức cấp cao trong chính quyền Mỹ. Theo BBC, trong bài phát biểu tại sự kiện này, ông Tô Lâm đã nhắc đến vai trò của những “người phá băng”, và những người bạn thân thiết của Việt Nam, gồm Tổng thống Bill Clinton và các tổng thống kế nhiệm, các thượng nghị sĩ John McCain, John Kerry,.. BBC tiếp tục dẫn lời cựu Đại sứ Ted Osius, cho biết, ông Tô Lâm đã phát biểu trong sự ngỡ ngàng rằng “ba mươi năm trước, chúng tôi không thể tưởng tượng được rằng, chúng ta sẽ tiến xa đến thế này”. Cựu Ngoại trưởng John Kerry đã đáp lại tinh thần “tạo dựng tương lai” của ông Tô Lâm, nói rằng, Hoa Kỳ có thể ủng hộ tham vọng của Việt Nam, trở thành một cường quốc công nghệ, với nền kinh tế được thúc đẩy bởi trí tuệ nhân tạo và đổi mới, ông Osius kể lại. Đại sứ Ted Osius còn nhắc đến các màn trình diễn nghệ thuật mang tính tôn vinh và tinh thần hòa giải của các nghệ sĩ tầm vóc quốc tế. Nhiều người trong số họ, theo ông Osius, đã sống cuộc đời giữa Mỹ và Việt, và giúp thu hẹp khoảng cách giữa hai nước. Tuy nhiên, BBC cũng cho biết, câu chuyện giữa người Việt với nhau lại không được chú trọng, thậm chí bị lảng đi. Tại buổi nói chuyện tại Đại học Columbia, ông Tô Lâm đã tránh trả lời thẳng thắn về sự hòa giải giữa người Việt với nhau, sau chiến tranh. Ông không đề cập gì đến vấn đề hòa hợp, hòa giải dân tộc, mà chỉ nói tới quan hệ Việt – Mỹ. BBC nhận xét, gần nửa thế kỷ sau khi chiến tranh chấm dứt, trong khi, hòa giải giữa Việt Nam và Mỹ có những bước tiến rõ rệt; thì việc hòa giải giữa những người Việt từng đứng 2 bờ chiến tuyến vẫn còn nhiều trắc trở. Một trong những biểu hiện nổi cộm là phong trào dư luận viên trên mạng, ngày càng tăng cường đả kích những gì liên quan đến Việt Nam Cộng hòa. BBC cũng nhắc lại vụ tấn công vào Đại học Fulbright Việt Nam vừa qua. Trong cuốn hồi ký của mình, ông Ted Osius đã kể rằng, trong quá trình đàm phán về Fulbright Việt Nam, thì một trong những khâu khó khăn nhất là đảm bảo trường có được tự do học thuật, và việc Việt Nam đồng ý cho phép Fulbright Việt Nam ra đời, được coi là một bước đột phá. Ông Ted Osius cũng nhắc đến phát biểu của ông Tô Lâm, rằng “cải cách giáo dục là điều cần thiết để Việt Nam có được một nền kinh tế đổi mới, được thúc đẩy bởi sự tiến bộ công nghệ”. Ô Osius nói thêm rằng, một điều đương nhiên, Đại học Fulbright không phải là một phần hay mầm mống của cuộc “cách mạng màu” nào, mà trường đang tìm cách thúc đẩy tinh thần tìm tòi và đổi mới, trong số những sinh viên xuất sắc nhất của Việt Nam, từ khắp mọi miền đất nước. Vẫn theo BBC, ông Tô Lâm cũng chỉ rõ “con đường phát triển của Việt Nam không thể tách rời xu thế chung của thế giới và nền văn minh nhân loại”. Chưa rõ câu nói này mang ý nghĩa thực tiễn như thế nào, nhưng đây được cho là dấu hiệu của một sự cởi mở hơn, trong tư duy của nhà lãnh đạo có xuất thân từ ngành công an như ông Tô Lâm. ",Ý Nhi –  thoibao.de,thoibao.de
"“Địa chấn” Nguyễn Phương Hằng, nhà Phan Văn Mãi rung chuyển?","Có thể nói, khi nổi tiếng trên cõi mạng, đã đủ để khiến nhà nước Cộng sản lo âu; giờ đây, bà Nguyễn Phương Hằng còn nổi tiếng ở ngoài đời thật. Những khán giả trước đây từng theo dõi bà Nguyễn Phương Hằng trên mạng, giờ kéo đến tận Khu du lịch Đại Nam để nghe bà nói chuyện. Như vậy, rõ ràng, sau khi ra tù, sức hút của bà Hằng không hề suy giảm, thậm chí, có phần còn mạnh hơn xưa. Bà Hằng vừa mới ra tù, đã góp 10 tỷ từ thiện – là một nghĩa cử cao đẹp. Việc bà công khai ủng hộ tiền từ thiện thông qua Mặt trận Tổ Quốc, được xem là hành động khôn ngoan của nữ đại gia, bởi sống dưới chế độ này, không thể quá thẳng thắng, mà phải biết vuốt đuôi họ. Rõ ràng, sau khi ra tù, bà Hằng vẫn thẳng thắn thể hiện sự không tin tưởng với giới showbiz đen và giới luật sư bẩn. Nhưng bà không thể thẳng thắn như vậy với chế độ, bởi chính chế độ này đã bỏ tù bà, bằng một điều luật mơ hồ, có thể suy diễn thế nào cũng được. Khi bà Hằng bị buộc tội theo Điều 331 – Bộ luật Hình sự 2015, thì đấy cũng xem như là cách “phân loại tội phạm” của chính quyền này. Bởi nhiều người lên tiếng vì tự do dân chủ, vì công bằng xã hội, cũng bị chế độ áp đặt theo Điều luật này. Bà Hằng vốn không có tội, nhưng chế độ áp tội cho bà, bởi họ thật sự e ngại bà. Trước khi bị bắt 2 ngày, trong một livestream, bà Hằng đã nhắc đến tên ông Phan Văn Mãi – Chủ tịch kiêm Phó Bí thư Thường trực Thành ủy thành phố Hồ Chí Minh. Việc bà bị Công an thành phố Hồ Chí Minh bắt, cho thấy, ông Phan Văn Mãi đang là “vùng cấm”. Rộng hơn là, hậu trường chính trị của giới quan chức là vùng cấm đối với thường dân. Chỉ khi quan to đánh nhau, mới dám moi ra mảng tối này, còn thường dân thì không được phép, mặc dù, chế độ vẫn hô hào “chống tham nhũng không có vùng cấm”. Có vẻ như, sau khi ra tù, bà Hằng đã hiểu về giới hạn của “khu vực cấm” dành cho quan chức, bằng chứng là bà công khai thông báo rằng, bà tin tưởng Mặt trận Tổ quốc. Tuy nhiên, nếu bà vẫn tiếp tục muốn khui ra những mảng tối, đôi khi, bà có thể đi quá giới hạn lúc nào không biết. Có ai nghĩ rằng, ban đầu chỉ là livestream tố cáo ông Võ Hoàng Yên, lại có thể réo đến tên ông Phan Văn Mãi, sau đó 1 năm? Tất cả đều do những mối liên hệ đan xen phức tạp, tự nhiên, sẽ dẫn đến vùng cấm. Sức ảnh hưởng đối với công chúng của bà Hằng rất mạnh, có thể ví như một “cơn địa chấn”. Chỉ cần bà lên tiếng, thì người hâm mộ tụ về khu du lịch Đại Nam rất đông. Đây là điều khiến ông Phan Văn Mãi lo lắng, dù rằng, bà Hằng đã biết giới hạn, nhưng liệu bà có vượt giới hạn hay không, thì không ai có thể đoán trước được. Cung đình đang đấu đá, hiện ông Mãi vẫn chưa bị các thế lực mạnh cho lên thớt. Một khi ông Mãi bị tấn công từ các “đồng chí” của ông, thì lúc đó, bà Hằng có thể phụ hoạ theo. Còn lúc này, cái tên Phan Văn Mãi vẫn là vùng cấm, đối với bất kỳ thường dân nào. Xã hội này vốn đã quá thối nát. Quan chức thì ăn trăm tỷ ngàn tỷ, rồi chỉ lo đấu đá giành ăn, mà không quan tâm tới đời sống dân sinh. Tiêu cực xã hội bị che giấu, trong đó, có sự tiếp tay của quan chức các cấp. Chính vì thế, lời nói thật và thẳng của bà Nguyễn Phương Hằng, như là cơn mưa rào đổ xuống vùng đất hạn hán lâu năm. Lập tức, bà được người dân ủng hộ mạnh mẽ. Xã hội nhiễu nhương, “người quét rác” xã hội như bà Hằng lại dễ động chạm đến quyền lợi của giới quan chức. Bởi hơn ai hết, chính giới quan chức đã tạo ra xã hội nhiễu nhương, để trục lợi. Nếu ai muốn “dọn rác”, thì người đấy sẽ là đối tượng mà họ muốn triệt hạ. Có thể nói, sống dưới chế độ này, cần rất cẩn thận, đặc biệt là với người nổi tiếng như đại gia Nguyễn Phương Hằng! ",Trần Chương –  Thoibao.de,thoibao.de
VTV vẫn chưa chừa thói đưa tin vịt,"Ngày 30/9, RFA Tiếng Việt đăng bình luận “Vua Tin Vịt Vơ Tiền Về (VTV)” của tác giả Nguyễn Nhơn. Tác giả đề cập đến một phóng sự trên VTV, ghi lại bữa ăn của một trong những em bé học sinh tại điểm trường Màng Mủ, trường mầm non Mồ Dề, xã Mồ Dề, huyện Mù Cang Chải, tỉnh Yên Bái. Trọng tâm của phóng sự này là: Phóng viên VTV cho biết, bé A., 5 tuổi, mang một chén cơm với gừng đi ăn trưa tại trường. Theo phóng viên VTV, do hoàn cảnh quá khó khăn, gia đình không có thức ăn nào khác, nên các bé học sinh ở điểm trường này thường xuyên phải ăn cơm trắng với gừng chấm muối. Một số cháu khác ăn cơm với đường. Trường có 141 cháu, từ 2 đến 5 tuổi. 98% dân số huyện này là người Mông. Tuy nhiên, tác giả cho biết, ngay hôm sau, trước ống kính của các phóng viên khác, anh Hờ A Dê – cha của bé A., hồn nhiên nói: Hôm ấy, anh đang chuẩn bị chiên trứng cho con mang đi, thì phóng viên VTV đến hỏi có gừng không, thái một ít bỏ vào cặp lồng cơm cho cháu. Anh Dê bèn vác cuốc ra vườn sau nhà đào thêm gừng. Rồi anh Dê thái gừng xong, phóng khoáng bỏ vào cặp lồng cho con, và đã đến giờ đưa cháu đi học, nên vội không kịp cả chiên trứng. Tác giả cũng cho biết, tuy nhà anh Hờ A Dê có nhiều gừng, nhưng anh còn trồng lúa, thu hoạch đều đều mỗi năm 30 bao thóc. Anh Dê còn siêng năng đi làm thuê kiếm thêm tiền, và có “lương chức vụ” là 1,3 triệu đồng/ tháng, do anh kiêm chức Tổ phó An ninh của bản. Năm nay, gia đình anh Dê có tên trong danh sách được chính quyền hỗ trợ 60 triệu đồng để làm nhà mới. Còn hàng ngày, con anh vẫn được ăn cơm với cá, thịt, trứng… Theo tác giả, trẻ em miền núi thiếu ăn, ăn không đủ dinh dưỡng, là sự thật. Nguyên nhân có thể từ gia đình chúng, hoặc từ chính nhà trường, hay sự bất cập trong chính sách hỗ trợ của Nhà nước. Nhưng, trong vụ việc cụ thể này, không thể lấy điều đó để lấp liếm việc VTV đã dựng lên một câu chuyện không có thật. Vẫn theo tác giả, chỉ sau một ngày khi “phóng sự” của VTV lên sóng, Đoàn kiểm tra của huyện Mù Cang Chải, đặc biệt là phóng viên các báo khác, đều đến tìm hiểu. Sự thật sau đó đã được phơi bày. VTV đã xóa video trên tất cả các nền tảng xã hội. Nhưng bất ngờ vẫn còn ở phía trước, tác giả dẫn khẳng định trên trang Facebook của VTV, rằng, họ có đủ chứng cứ để chứng minh phóng sự trên hoàn toàn là sự thật, và “sẽ sớm liên hệ với Uỷ ban Nhân dân huyện Mù Cang Chải để làm rõ”. Tác giả cho hay, trong nội bộ làng báo Việt Nam, VTV được gọi chết tên là “Vua Tin Vịt” hay “Vơ Tiền Về”, tùy thuộc vào nội dung. Nhiều phóng viên có thể chứng thực về cách quay “phóng sự”, nhưng hoàn toàn sắp xếp, dàn dựng sai sự thật, để phục vụ ý đồ của mình, của không ít phóng viên VTV. Tác giả nhận xét, những vụ thông tin sai sự thật của VTV đều rất giống nhau: chọn chủ đề nóng, hoặc đánh vào tâm lý giàu cảm xúc của người Việt, rồi dàn dựng, phân vai… Tuy thế, những lỗi sai nghiêm trọng, khi được phát sóng rộng rãi lại rất dễ phát hiện, vì khán giả có thể tự mình đối chứng với sự thật, cho dù nó diễn ra ở miền núi hay nước ngoài. Trong nhiều trường hợp, VTV biện bạch, do phóng viên chỉ đang tập sự, nên trình độ non kém. Nhưng càng nói, VTV càng chứng tỏ sự non kém của cả hệ thống VTV, và đặc biệt, họ phủi tay thật nhanh. Tác giả đặt vấn đề, nếu xã hội, khán giả không phát hiện và làm ầm lên, liệu VTV có tự phát hiện những thông tin sai sự thật của mình, hay vẫn tiếp tục sừng sững là cơ quan báo chí quốc gia, và kêu gọi tiền đóng góp ủng hộ cho các chương trình đẫm nước mắt, đầy nhân văn? Tác giả kết luận, sai sót thì ai cũng có, cơ quan nào cũng có. Nhưng để sai sót một cách chủ động, nghiêm trọng, có hệ thống và bài bản, như các vụ việc đã xảy ra trên VTV, thì khó trách, vì sao họ mãi được độc quyền cái tên Vua Tin Vịt. ",Ý Nhi – thoibao.de,thoibao.de
"Nguyễn Phương Hằng tái xuất, chị Đại lợi hại hơn xưa?","Sau khi ra tù, bà Nguyễn Phương Hằng đã có buổi tái xuất với người hâm mộ, tại khu du lịch Đại Nam. Đáng nói là, số người hâm mộ bà tập trung về đây rất đông – một hiện tượng chưa từng có, với một người không thuộc showbiz. Tại buổi gặp mặt này, bà Hằng trình bày 2 bài hát do bà chế ra lời. Đáng nói là, bài nhạc chế “T30 và Tôi”, khẳng định rằng, bà đã hy sinh và tranh đấu cho người dân. Điều này như là một sự phản kháng với giới cầm quyền. Trước khi bị bắt, bà Hằng đã tấn công vào những mặt tối của xã hội. Ban đầu là tố cáo thầy lang Võ Hoàng Yên, sau đó là khui ra hàng loạt mảng tối, sau hoạt động của những người nổi tiếng. Một số người trong giới showbiz, lâu nay vẫn tự cho mình là “vùng cấm”, cũng bị bà Hằng tấn công. Dù là ca sĩ có lượng fan hâm mộ rất đông, thì cũng phải ôm hận vì bà. Ngoài giới showbiz, còn có một số người trong giới luật sư cũng bị bà khui ra. Cho đến khi, bà réo đến tên ông Phan Văn Mãi, thì bà bị bắt. Sau đó, bà bị cáo buộc vi phạm Điều 331 – Bộ luật Hình sự 2015 – một điều luật do chính quyền này tạo ra, vốn để đàn áp giới bất đồng chính kiến. Những vấn đề mà bà Hằng động chạm rất rộng, trải dài từ một lang băm, đến giới showbiz, rồi đến giới luật sư, cuối cùng lại có liên quan đến giới chính trị. Trong xã hội nhiễu nhương hiện nay, giới chính trị gia được cho là đã tiếp tay cho những hoạt động phi pháp. Nếu không tham gia trực tiếp, thì họ cũng là những người nuôi lớn những loại mô hình lừa đảo, bằng cách hậu thuẫn cho kẻ phạm pháp, hoặc đơn giản là làm ngơ. Ông Võ Hoàng Yên – người đã bị bà Hằng vạch mặt chỉ tên, là lừa đảo bệnh nhân, nhưng ông không bị pháp luật động đến. Được biết, ông có quen biết với ông Phan Văn Mãi – Chủ tịch Ủy ban Nhân dân thành phố Hồ Chí Minh. Có ý kiến cho rằng, bà Nguyễn Phương Hằng bị bắt, vì nhà cầm quyền sợ bà nổi tiếng hơn lãnh tụ của họ. Đỉnh điểm, kênh YouTube và Facebook của bà thu hút lượng người xem nhiều hơn đài truyền hình quốc gia. Đáng nói là, những lãnh tụ được 800 tờ báo luôn tô hồng và phong thánh, nhưng vẫn không đủ lực để thu hút người dân, như bà Nguyễn Phương Hằng. Một chế độ biến lãnh tụ của họ thành huyền thoại, rồi nấp sau lưng huyền thoại để hưởng lợi từ người dân, thì họ rất e ngại đối với những người có khả năng nổi tiếng hơn lãnh tụ của họ. Đó là lý do khiến một số nhà phân tích cho rằng, chính quyền Cộng sản cần phải bắt bà Hằng để răn đe. Và tất nhiên, họ dùng một Điều luật mơ hồ, dễ suy diễn, như Điều 331, để buộc tội bà. Lần tái xuất này, có lẽ, bà Nguyễn Phương Hằng đã ý thức được rằng, không nên đụng đến giới quyền lực. Tuy nhiên, việc bà có một lượng fan hâm mộ khổng lồ, cũng đủ để khiến cho chế độ này lo lắng. Ngoài lượng fan hùng hậu, bà còn có một địa điểm sở hữu riêng, để người hâm mộ có thể tìm đến. Bà có cách nói chuyện đầy cảm xúc chân thật, không hoa mỹ, không màu mè, nên rất dễ được một số đông đón nhận. Đây mới là điều khiến bà bị chú ý. Trước đây, bà Hằng cần dùng mạng xã hội truyền tải thông điệp. Nay, người hâm mộ ùn ùn kéo đến tận nơi để nghe bà nói. Rõ ràng, bà Hằng đã tái xuất, mà còn lợi hại hơn xưa. Tuy nhiên, sự nổi tiếng của bà, khả năng thu hút đám đông của bà, chính là điểm cần chú ý hơn cả. Chính quyền này sẽ tiếp tục tìm cách bịt miệng bà. Họ có đủ thứ lý do để chụp mũ, có những điều luật mơ hồ để kết tội, và có lực lượng thực thi pháp luật để ra tay. Ở một đất nước dân chủ, chính quyền có trách nhiệm bảo vệ những người lên tiếng chống bất công, mà bị đe doạ, uy hiếp. Còn ở xứ độc tài Cộng sản, thì “pháp quyền” chỉ là khẩu hiệu, họ sẽ có cách để vu tội và chụp mũ, nếu họ muốn. ",Hoàng Phúc –  Thoibao.de,thoibao.de
Ba tù nhân lương tâm Trại Số 6 tuyệt thực,"Ngày 28/9, RFA Tiếng Việt cho hay, “Ba tù nhân lương tâm Trại giam Số 6 đồng loạt tuyệt thực đòi nhà nước phóng thích hết tù chính trị”. Theo đó, 3 tù nhân lương tâm ở Trại giam Số 6, Thanh Chương, Nghệ An, đã thông báo tuyệt thực, kể từ ngày 28/9, để phản đối chế độ giam giữ hà khắc, và yêu cầu trả tự do cho tất cả các tù nhân lương tâm ở Việt Nam. RFA cho biết, trong một cuộc gọi điện thoại về cho gia đình, hôm 27/9, ông Trịnh Bá Tư đã nói với chị dâu của mình, là bà Thu Đỗ, rằng, từ ngày 28/9, ông cùng với 2 tù nhân lương tâm khác là Bùi Văn Thuận và Đặng Đình Bách, sẽ bắt đầu tuyệt thực. RFA trích dẫn thông điệp và mục tiêu của cuộc tuyệt thực, được bà Thu Đỗ loan tải trên Facebook của mình, như sau: “Một là kêu gọi Nhà nước phóng thích tù chính trị, và các nhà hoạt động xã hội, nhằm mở đường cho đất nước dân chủ hoá, để thiết lập một nhà nước pháp quyền. Từ đó mới có thể bảo vệ thực chất quyền con người cho từng người dân. Chỉ có như vậy đất nước mới bước vào một cuộc chuyển mình vĩ đại. Đảng Cộng sản Việt Nam cần từ bỏ quyền độc tôn với nhà nước và xã hội.” “Thứ hai là phản đối chế độ giam giữ hà khắc, vô nhân đạo, của Thái Văn Thuỷ, Nguyễn Văn Du – là những người đứng đầu phân Trại 1, Trại giam Số 6, Nghệ An. Yêu cầu chấm dứt ngay “chuồng cọp” và sự hủy hoại sức khỏe, tinh thần của tù nhân chính trị.” RFA cũng cho biết, trong cuộc gọi điện nói trên, ông Trịnh Bá Tư cho biết, lần này, mọi người sẽ chiến đấu quyết liệt để đạt được mục tiêu đề ra. RFA cũng dẫn lời bà Trịnh Nhung, vợ của tù nhân lương tâm Bùi Văn Thuận, nói rằng, kể từ ngày 11/4, các tù nhân chính trị khu K1, bao gồm chồng bà, đã bị giam giữ trong các khu vực biệt lập, thường được gọi là “chuồng cọp”, không được phép ra ngoài để tập thể dục hoặc sinh hoạt. Điều này là trái với quy định của trại giam, rằng, các tù nhân được ra sân chung để sinh hoạt văn nghệ, thể thao vào mỗi chủ nhật hàng tuần. Đặc biệt là trong mùa hè nóng bức, theo lời ông Thuận kể lại với bà Nhung, các tù nhân lương tâm phải sống trong những phòng giam nhỏ hẹp, với điều kiện vệ sinh rất kém. Bên trong phòng giam chỉ có một chiếc quạt, không đủ để lưu thông không khí trong thời tiết nóng bức: “Anh Thuận bị giam ở trong một căn phòng 3 người, nhưng chỉ rộng 12 mét vuông, và nhà vệ sinh tắm giặt ở trong cái buồng giam đó luôn, thì cái không gian rất là bé, mà 3 người ở trong đó rất là tù bức, và bị nhốt trong phòng gần như suốt ngày” – Bà Nhung kể lại. Điều này đã khiến ông Thuận bị giảm cân và suy yếu về sức khỏe, tinh thần căng thẳng và mệt mỏi, trong thời tiết khắc nghiệt của mùa hè miền Trung. Theo RFA, khi biết chồng mình chuẩn bị tuyệt thực trong trại giam, bà Nhung bày tỏ nỗi lo lắng cho sức khoẻ của ông, vốn đã không tốt do điều kiện sinh hoạt thiếu thốn. Tuy nhiên, bà cho rằng, hành động này của ông Thuận là chính đáng, và bà luôn đồng hành ủng hộ chồng. Vẫn theo RFA, ông Trần Huỳnh Duy Thức – cựu tù nhân lương tâm nổi tiếng, vừa bị Trại giam Số 6 “cưỡng bức đặc xá” vào ngày 19/9, đã công khai lên tiếng ủng hộ 3 người từng ở chung trại giam, trước khi ông được phóng thích. RFA cho biết thêm, đây không phải là lần đầu tiên, 3 tù nhân lương tâm này tuyệt thực trong Trại giam Số 6. Ông Trịnh Bá Tư (35 tuổi) là một nhà hoạt động vì quyền đất đai, bị tuyên án 8 năm tù giam hồi năm 2020, với tội danh “phát tán tài liệu nhằm chống Nhà nước”, cùng với mẹ và anh trai. Ông Bùi Văn Thuận, 43 tuổi, đang thi hành bản án 8 năm tù giam, về tội danh “tuyên truyền chống Nhà nước”, theo Điều 117 của Bộ luật Hình sự. ",Hoàng Anh –  thoibao.de,thoibao.de
Báo cáo viên Liên Hiệp Quốc lên tiếng về việc Tiến sĩ Nguyễn Quang A bị mời làm việc nhiều lần,"Ngày 28/9, VOA Tiếng Việt cho hay “Báo cáo viên đặc biệt Liên Hiệp Quốc quan ngại việc công an “mời” Tiến sĩ Nguyễn Quang A làm việc”. VOA dẫn nhận định của bà Mary Lawlor – báo cáo viên đặc biệt của Liên Hiệp Quốc về Người bảo vệ nhân quyền, viết trên trang X, hôm 27/9: “Tôi quan ngại về các tin tức từ Việt Nam, cho thấy, Tiến sĩ Nguyễn Quang A, một nhà bảo vệ nhân quyền kỳ cựu, đã bị công an “mời” lên để thẩm vấn liên quan đến các bài đăng, và cuộc phỏng vấn trên mạng xã hội của ông.” VOA cho biết, bà Mary Lawlor – Giáo sư thỉnh giảng thuộc Trung tâm Đổi mới Xã hội, trường Kinh doanh, Đại học Trinity Dublin, Ireland, được Hội đồng Nhân quyền Liên Hiệp Quốc bổ nhiệm làm Báo cáo viên đặc biệt về tình hình của những Người bảo vệ Nhân quyền, vào ngày 1/5/2020. Bà là một chuyên gia độc lập, tham gia vào các cơ chế giám sát và tìm hiểu thực tế của Hội đồng Nhân quyền Liên Hiệp Quốc. Bà nhấn mạnh: “Tiến sĩ Nguyễn Quang A đã bị thẩm vấn và quấy rối nhiều lần, vì hoạt động bảo vệ nhân quyền của ông – ông phải được phép tự do bảo vệ và thúc đẩy nhân quyền.” VOA cũng cho biết, hôm 26/9, Luật sư nhân quyền Đặng Đình Mạnh ở Mỹ, đã đăng trên Facebook cá nhân của ông, ảnh chụp 2 “giấy mời” của Công an thành phố Hà Nội gửi Tiến sĩ Nguyễn Quang A. Giấy mời thứ nhất, yêu cầu ông A phải có mặt vào ngày 25/9 để làm việc, với nội dung “hỏi về việc tham gia hội luận trên mạng xã hội YouTube”. Giấy mời thứ 2, yêu cầu ông phải có mặt hôm 27/9, để “hỏi về việc tham gia hội luận, trả lời phỏng vấn trên mạng xã hội”. VOA đã liên lạc với cán bộ phụ trách, được nêu tên trong thư mời của Công an Hà Nội, và liên lạc với Bộ Ngoại giao Việt Nam, đề nghị họ nói thêm về thư mời và đưa ra bình luận về phát biểu trên của Báo cáo viên đặc biệt của Liên Hiệp Quốc, nhưng chưa được trả lời. Theo VOA, Tiến sĩ Nguyễn Quang A – một trí thức phản biện nổi tiếng, và là một trong những lãnh đạo của phong trào xã hội dân sự tại Việt Nam, thường xuyên trả lời phỏng vấn của báo đài nước ngoài. Trong đó, ông có tham gia hội luận trực tuyến về các vấn đề chính trị, xã hội, và thời sự, liên quan đến Việt Nam, trên đài Tiếng nói Hoa Kỳ VOA. VOA dẫn lời ông Quang A, cho biết, ông đã không đến trụ sở Công an Quận Long Biên, Hà Nội, như thư mời yêu cầu. “Tôi là người được mời và tôi từ chối lời mời.” “Tôi yêu cầu họ không đến nhà riêng của tôi để đưa bất cứ giấy tờ gì, và hãy gửi cho tôi qua bưu điện, tôi cũng sẽ trả lời bằng văn bản qua bưu điện.” VOA nhắc đến việc nhà chức trách Hà Nội đã phóng thích các nhà hoạt động Trần Huỳnh Duy Thức, Hoàng Thị Minh Hồng và Hoàng Ngọc Giao, trước hạn tù, ngay trước khi Tổng Bí thư, Chủ tịch nước Việt Nam Tô Lâm khởi hành đi Mỹ, để tham dự phiên họp của Đại hội đồng Liên Hiệp Quốc. Vẫn theo VOA, hồi tháng 5/2023, ông Nguyễn Quang A cũng bị giới hữu trách Việt Nam chặn xuất cảnh, với lý do “an ninh quốc gia”, khi ông khởi hành đi Thái Lan từ sân bay Nội Bài. VOA cho biết thêm, Tiến sĩ Nguyễn Quang A là cựu Viện trưởng Viện Nghiên cứu Phát triển IDS. Viện này đã bị Chính phủ Việt Nam giải thể, vì có những kiến nghị táo bạo, bị xem là đi ngược với đường lối của Đảng. Ông cũng được bình chọn là một trong 10 người có ảnh hưởng đến sự phát triển của Internet Việt Nam, trong 10 năm, từ năm 1997 đến 2007. VOA nhắc lại, chính quyền Việt Nam luôn bác bỏ các cáo buộc vi phạm nhân quyền, hay thực hiện những hành vi nhằm vào người bảo vệ nhân quyền. Hà Nội thường khẳng định các “chính sách nhất quán” về việc đảm bảo quyền con người, trong đó có quyền tự do phát biểu và tự do ngôn luận. ",Thu Phương –  thoibao.de,thoibao.de
Sự xấu xa của những kẻ mang danh nhà giáo và sự vô năng của chính quyền,"Ngày 29/9, báo Tiếng Dân đăng bình luận “Cô giáo và laptop” của bác sĩ – Facebooker Võ Xuân Sơn. Tác giả đề cập đến sự việc, cô giáo yêu cầu phụ huynh cung cấp tiền để mua cái laptop, rồi không chịu soạn đề cương bài giảng, do phụ huynh không đáp ứng yêu cầu, được dư luận đặc biệt quan tâm. Tác giả đánh giá, đây là một sự việc xấu, rất xấu. Có bạn sau đó đưa ra một ví dụ, ở bộ môn Mác-Lê, Đại Học Y Dược thành phố Hồ Chí Minh. Bạn ấy kể về vụ thầy giáo thông báo mất cái xe Dream II, và nói, học sinh tính sao thì tính. Khi bạn ấy kể câu chuyện, tác giả nghĩ ngay đến một kẻ, mà lúc đó ông phải gọi là thầy. Tác giả cho biết, bản thân ông đã 2 lần là nạn nhân của những kẻ như vậy trong cái bộ môn Mác-Lê ấy, một lần khi còn là sinh viên, và lần sau, khi học sau đại học. Một kẻ điển hình trong nhóm đó đã bị ghi âm, ghi hình và sau đó bị bắt, kết án tù, đi tù, và hình như bây giờ đã mãn hạn tù. Đó là một trong những điển hình của những kẻ mang danh nhà giáo, nhưng luôn tìm cách trấn lột học sinh và phụ huynh học sinh của mình. Tuy nhiên, tác giả nhận xét, nói cho cùng thì bọn đó chỉ là những cá nhân lẻ tẻ, hành động không có tổ chức. Chúng sử dụng quyền lực để trấn lột người khác, nhưng vì quyền lực của chúng nhỏ nhoi, nên những đòi hỏi của chúng cũng vụn vặt, tầm vóc của chúng cũng chỉ lóp ngóp đâu đó bên dưới đáy của xã hội. Tác giả nhận định, chỉ buồn là, có rất nhiều kẻ có quyền lực lớn hơn, trấn lột những thứ to lớn hơn, vĩ đại hơn. Chúng hành động có tổ chức, những việc chúng làm có sức ảnh hưởng lớn hơn rất nhiều, và không chỉ mang tính vật chất, hay tác động xã hội nhỏ lẻ, mà phá tan niềm tin, làm mất định hướng của cả một thế hệ. Thế nhưng, cái gọi là “dư luận” lại im thin thít, hay chỉ cho thông tin nhỏ giọt theo kiểu cho gì nói đó. Theo tác giả, Thủ Thiêm là một ví dụ. Chưa kể những ví dụ đẫm máu khác. Đúng là, con mèo tha con cá thì đánh nó, còn con cọp bế con heo thì nín khe. Trở lại vụ cô giáo xin tiền phụ huynh mua laptop, ngày 28/9, báo chí nhà nước cho biết, sự việc xảy ra ở lớp 4/3, trường Tiểu học Chương Dương, quận 1, thành phố Hồ Chí Minh. Cụ thể, cô H. – giáo chủ nhiệm lớp 4/3, bị mất laptop, nên ngỏ ý muốn phụ huynh ủng hộ khoảng 5 – 6 triệu, cô bỏ vào 5 triệu, để mua lại laptop mới. Cô cũng nhắn tin xin phụ huynh chiếc laptop này. Kết quả, có 3 phụ huynh không đồng ý, nên cô “dỗi”, không nhận laptop và “cũng không soạn đề cương ôn tập cho các con”. Tuy nhiên, sau đó, khoản kê 6 triệu mua laptop vẫn thể hiện trong bảng chi phí, mà cô H. gửi Ban đại diện phụ huynh. Sự việc bùng lên, khiến phụ huynh bức xúc và phản ánh với báo chí, là cô H. đã cho học sinh học qua tivi, YouTube quá nhiều, rồi tự làm bài tập theo. Nhiều học sinh không chép kịp, phải bỏ luôn… Điều nực cười là, chiều 27/9, ông Lê Công Minh, Hiệu trưởng trường Tiểu học Chương Dương, cho báo chí biết, cô H. đã sai hoàn toàn, nhưng ông chưa biết giải quyết sự việc thế nào. Rồi ông cho tổ chức một buổi hòa giải giữa cô H. và phụ huynh của lớp, để cô xin lỗi phụ huynh. Phụ huynh nào thấy bất an thì cho con chuyển lớp. Thông tin mới nhất mà báo chí cho biết, chiều 28/9, bà Mai Thị Hồng Hoa – Phó Chủ tịch Uỷ ban Nhân dân quận 1, đã làm việc với trường, yêu cầu tạm dừng đứng lớp với cô giáo H. Đồng thời hoàn trả tiền đóng góp mua laptop từ phụ huynh. Một sự việc, tuy rất đáng xấu hổ, nhưng cũng chỉ bé tẻo teo, vậy mà, một Hiệu trưởng lại lúng túng không biết xử lý. Rồi Uỷ ban quận cũng nhảy vào chỉ đạo khẩn. Những điều này cho thấy sự vô năng của hệ thống công quyền ở Việt Nam. ",Quang Minh –  thoibao.de,thoibao.de
Đài Truyền hình Việt Nam VTV hay “Vua tin vịt”: Vẫn chứng nào tật nấy,"Gần đây, Đài truyền hình Việt Nam VTV buộc phải xóa bỏ phóng sự “Bữa cơm trắng với gừng” ở điểm trường Màng Mủ, huyện Mù Cang Chải, tỉnh Yên Bái. Lý do, phóng sự này bị cho là đã dàn dựng, để tuyên truyền những điều không có thật. Câu chuyện vừa kể, một lần nữa đã làm cho mạng xã hội “nổi sóng”. Tối 26/9, VTV1 đã phát Chương trình Chuyển động 24h, với phóng sự “Bữa cơm trắng với gừng”. Phóng sự cho thấy, các cháu bé học sinh mầm non ở đây phải ăn cơm với gừng chấm muối, hay ăn cơm với đường. Theo báo Tuổi Trẻ, ngày 27/9, Ủy ban huyện Mù Cang Chải đã xác minh, cho biết, nội dung phản ánh trong phóng sự nói trên của VTV, là có sự dàn dựng và phản ảnh không đúng thực tế. Báo Tuổi Trẻ dẫn lời bà Lương Thị Xuyến, Phó Chủ tịch huyện Mù Cang Chải, cho biết: “Hình ảnh học sinh phải ăn cơm gừng chấm muối trên truyền hình là hơi quá, phản ảnh không chính xác về cuộc sống hiện tại của người dân.” Bà Xuyến cho biết, ở Mù Cang Chải, ăn cơm với gừng là điều bình thường, như một gia vị, người Mông rất hay ăn. Ngay sau đó, tất cả các video về phóng sự này đã bị xóa khỏi các nền tảng mạng xã hội. Theo báo cáo của Ủy ban huyện Mù Cang Chải, trường Màng Mủ chỉ tổ chức nấu 2 buổi/ tuần. Các buổi còn lại, học sinh tự mang cơm đến lớp bằng cặp lồng. Ngày thứ Hai – 23/9, khi đoàn phóng viên của VTV1 đến trường làm phóng sự, là ngày học sinh ở đây mang cặp lồng cơm theo. Hôm đó, nhà trường đã tổ chức nấu canh cải bắp để các cháu ăn thêm. Trong báo cáo của huyện Mù Cang Chải, anh Hờ A Dê – phụ huynh học sinh đào và thái gừng trong phóng sự, cho biết, sáng 23/9, đoàn làm phóng sự đã đến nhà và hỏi“nhà có gừng không, thì mang đi cho con.” Lúc đầu, anh Hờ A Dê chỉ thái vài lát gừng, nhưng các phóng viên bảo thái thật nhiều để quay phim, nên anh có thái thêm. Trên mạng xã hội, nhiều ý kiến chỉ trích và mỉa mai VTV rằng, “các ông phóng đại chứ phóng sự cái nỗi gì”, hay “tại sao nhà đài lại có thể lấy các em bé ra câu view, và tuyên truyền những điều không có thật như vậy?”… Đáng chú ý, đây không phải là lần đầu tiên, một phóng sự của VTV bị đặt câu hỏi về độ trung thực, và tính chính xác. Ví dụ, vào tháng 5/2016, VTV3 từng phải lên tiếng xin lỗi, vì sai sót trong phóng sự “Dùng cây chổi quét rau để lừa người tiêu dùng”. Video phóng sự quay cảnh một nông dân dùng chổi quét lên ngọn các luống rau xanh, vừa quét vừa nói: “Rau mà non người ta không dám ăn. Nên bây giờ phải quét để giả sâu ăn. Quét xong khoảng 2 – 3 hôm sau mới thu hoạch cho giống sâu ăn thật.” Ngay sau khi phóng sự này được phát, người dân xã Vĩnh Thành, huyện Vĩnh Lộc, tỉnh Thanh Hóa, đã nổi giận. Vì những hình ảnh trong video là vùng trồng rau của họ. Phóng sự này khiến nhiều hộ trồng rau ở đây bị thiệt hại nặng nề, do các đại lý thu mua từ chối nhập hàng. Được biết, trước đó, có một nhóm phóng viên VTV3 đã về làng này để tìm hiểu nghề trồng rau. Phóng viên đã “hứng chí”, nhờ một người họ hàng, vốn không phải là người trồng rau vùng này, mang chổi ra đồng quét để quay phim. VTV sau đó đã có có công văn xin lỗi xã Vĩnh Thành, huyện Vĩnh Lộc, tỉnh Thanh Hóa. Đây chỉ là một trong rất nhiều các phóng sự không phản ảnh đúng sự thật, được dàn dựng, với mục đích tuyên truyền của VTV. Đài Truyền hình Việt Nam VTV là đài truyền hình quốc gia, chịu sự quản lý của Bộ Thông tin Truyền thông, có nhiệm vụ “tuyên truyền đường lối của Đảng”. Đây là Đài truyền hình lớn nhất của Việt Nam. Ngoài việc được hưởng ưu đãi về chính sách, VTV còn được cấp tiền từ ngân sách nhà nước, khoảng 700 tỷ đồng/ năm. VTV làm việc và đưa tin theo định hướng của Đảng. Vậy, tại sao, lại hay dàn dựng để đưa tin giả, thậm chí đưa tin bịa đặt, cũng như bẻ cong sự thật. Đó là lý do, công luận từ lâu đã khẳng định, Đài Truyền hình Việt Nam VTV là “Vua tin vịt”. Đến nay vẫn chứng nào tật nấy. ",Trà My – Thoibao.de,thoibao.de
"Việt Nam tặng gạo, máy tính và tỏ tình đoàn kết với Cuba, trong chuyến thăm của ông Tô Lâm","Ngày 27/9, RFA Tiếng Việt loan tin “Việt Nam tặng Cuba 10.000 tấn gạo, 500 máy vi tính nhân chuyến thăm của ông Tô Lâm”. Theo đó, tại buổi hội đàm cấp cao vào chiều 26/9, tại Havana, Cuba, ông Tô Lâm đã thông báo với Chủ tịch nước, Bí thư thứ nhất Cuba Miguel Díaz-Canel Bermúdez, về việc Đảng, Nhà nước và nhân dân Việt Nam trao tặng nhân dân Cuba 10.000 tấn gạo. Ngoài ra, Trung ương Đảng Cộng sản Việt Nam cũng tặng Trung ương Đảng Cộng sản Cuba 500 máy tính,… RFA dẫn Đài tiếng nói Việt Nam VOV, cho biết, Chủ tịch nước kiêm Tổng Bí thư Tô Lâm khẳng định lập trường không đổi của Đảng, Nhà nước và nhân dân Việt Nam, là “đoàn kết, ủng hộ sự nghiệp đấu tranh chính nghĩa của nhân dân Cuba, yêu cầu dỡ bỏ các lệnh bao vây, cấm vận đối với Cuba, đưa Cuba ra khỏi Danh sách đơn phương các nước bảo trợ khủng bố”. RFA cho biết, ông Tô Lâm thực hiện chuyến thăm cấp Nhà nước đến Cuba, sau chuyến làm việc tại New York, Mỹ, để dự Hội nghị tại Đại hội đồng Liên Hiệp Quốc. Ông Tô Lâm cũng có cuộc gặp ngắn với Tổng thống Mỹ Joe Biden, trước khi lên đường sang Cuba, và khẳng định quan hệ đối tác chiến lược toàn diện với Washington. Theo RFA, trong cuộc gặp mới đây tại Cuba, lãnh đạo 2 nước đồng ý tăng cường hợp tác, trao đổi giữa các ban, cơ quan tham mưu của 2 Đảng, trong việc trao đổi, chia sẻ kinh nghiệm, lý luận xây dựng chủ nghĩa xã hội, xây dựng Đảng. Hai nhà lãnh đạo ủng hộ các cơ quan liên quan, tăng cường phối hợp nghiên cứu mô hình hợp tác sản xuất nông nghiệp, nhằm hỗ trợ Cuba gia tăng sản lượng và năng lực sản xuất tại chỗ, phát triển ngành nông nghiệp, bảo đảm an ninh lương thực. Cả 2 nhất trí tiếp tục tích cực hỗ trợ, ủng hộ lẫn nhau tại các tổ chức, diễn đàn quốc tế. Trước đó, ngày 25/9, RFA đưa tin “Ông Tô Lâm kêu gọi Mỹ bỏ cấm vận Cuba”. RFA cho hay, trong bài đọc tại phiên thảo luận chung cấp cao Đại hội đồng Liên Hợp Quốc, vào tối 24/9, Chủ tịch nước Tô Lâm đã kêu gọi Hoa Kỳ bỏ cấm vận đối với Cuba – nước Cộng sản anh em với Việt Nam, đồng thời “quyết liệt phản đối các hành vi cô lập và cấm vận đơn phương”. Vẫn theo RFA, bài phát biểu của ông Tô Lâm được thực hiện tại Lễ khai mạc phiên Thảo luận chung cấp cao, Đại hội đồng Liên Hợp Quốc Khóa 79, với chủ đề “Không để ai bị bỏ lại phía sau: Hành động đoàn kết để thúc đẩy hòa bình, phát triển bền vững, phẩm giá con người vì các thế hệ hôm nay và tương lai”. RFA cũng cho biết, trong bài phát biểu của mình, ông Tô Lâm đã chia sẻ tầm nhìn của Việt Nam cho một tương lai hoà bình, ổn định… Trong đó có “tôn trọng thể chế chính trị mỗi nước đã lựa chọn và được nhân dân ủng hộ”, và “quyết liệt phản đối các hành vi cô lập và cấm vận đơn phương, đi ngược lại với luật pháp quốc tế và Hiến chương Liên hợp quốc”. “Khẳng định đoàn kết với Nhà nước và nhân dân Cuba, kêu gọi Hoa Kỳ gỡ bỏ các biện pháp bao vây, cấm vận đơn phương chống lại Cuba, và đưa Cuba ra khỏi danh sách các quốc gia tài trợ khủng bố.” “Đây là những hành động cụ thể, thiết thực vì sự phát triển bình đẳng, hạnh phúc của các quốc gia, cần thúc đẩy mạnh mẽ trong thời gian tới” – ông Tô Lâm đọc phát biểu của mình trước lãnh đạo các quốc gia tại Liên Hợp Quốc. RFA cho biết thêm, Hoa Kỳ đã bắt đầu có các biện pháp cấm vận mạnh mẽ đối với Cuba, từ đầu những năm 1960. Các doanh nghiệp Mỹ đã không được có hoạt động kinh doanh với Cuba từ năm 1958. Dưới thời của Tổng thống Barack Obama, Hoa Kỳ đã nới lỏng một số cấm vận với Cuba, nhưng vào tháng 11/2017, chính quyền của Tổng thống Donald Trump đã cho áp dụng các biện pháp cấm vận nghiêm ngặt trở lại đối với Cuba. ",Xuân Hưng –  thoibao.de,thoibao.de
Một phóng sự “phông bạt” của VTV,"Ngày 28/9, BBC Tiếng Việt cho hay “VTV xóa phóng sự “Bữa cơm trắng với gừng” sau xác minh của chính quyền địa phương”. Theo đó, tối 26/9, Đài truyền hình Việt Nam đã phát phóng sự “Bữa cơm trắng với gừng ở điểm trường Màng Mủ, Yên Bái”, trong bản tin Chuyển động 24h trên kênh VTV1. Cảnh các học sinh mầm non phải ăn cơm với gừng chấm muối, cơm với đường… trong phóng sự, khiến nhiều người đã bày tỏ sự xót xa, nhưng cũng có nhiều ý kiến thắc mắc: “phóng sự có đang dàn dựng?”, “người dân còn nghèo nhưng liệu có nghèo tới mức này?”… BBC cho biết, đến ngày 27/9, Uỷ ban Nhân dân huyện Mù Cang Chải đã có báo cáo với Uỷ ban Nhân dân tỉnh Yên Bái, theo đó, phóng sự này chưa toàn diện về thực tế tại cơ sở điểm trường Màng Mủ. Hiện tại, tất cả các video nói trên đều đã bị xóa khỏi các nền tảng mạng xã hội. BBC dẫn lời bà Lương Thị Xuyến, Phó Chủ tịch Uỷ ban Nhân dân huyện Mù Cang Chải, nói với báo Tuổi Trẻ: “Đưa câu chuyện lên truyền hình như vậy là không chính xác về cuộc sống hiện tại của người dân.” Bà Xuyến cho biết, người Mông ở Mù Căng Chải rất hay ăn gừng như một gia vị. BBC dẫn báo cáo của Uỷ ban Nhân dân huyện Mù Cang Chải, rằng, trường Màng Mủ chỉ tổ chức nấu 2 buổi/tuần, vào thứ Ba và thứ Năm, với mức 10.000 đồng/bữa/trẻ (do phụ huynh đóng góp thực phẩm). Các buổi thứ Hai, Tư, Sáu, học sinh mang cơm cặp lồng thì nhà trường “đã kêu gọi xã hội hóa để nấu thêm canh nóng bổ sung bữa ăn cho các cháu”. Theo BBC, trong phóng sự trên, một phụ huynh là anh Hờ A Dê, đã đào gừng tươi, sau đó thái lát nhỏ, kèm theo một ít muối trắng, để cho con mang tới trường ăn cơm trưa. BBC dẫn tường thuật của anh Hờ A Dê, cho biết: “Sáng 23/9, tôi đang chuẩn bị cơm và trứng gà, cho vào cặp lồng để con đi học. Lúc ấy, các anh phóng viên đến gia đình, có hỏi tôi nhà có gừng không thì mang đi cho con, nên tôi đã đi lấy gừng và thái lát để mang đi cho con.” “Để đưa con đến lớp đúng giờ, vội quá nên tôi không kịp làm thêm trứng cho con mang đi học được. Đồng thời qua nói chuyện, chia sẻ và một phần theo ý của phóng viên, nên tôi có nói như vậy về việc mang cơm cặp lồng đến trường của con tôi.” BBC cũng dẫn lời cô giáo Nguyễn Thị Yến, người bật khóc trong phóng sự khi nói đến những khó khăn vất vả của học sinh, cho hay, cô đã trao đổi với phóng viên hơn 1 giờ về điều kiện học tập của học sinh và những khó khăn vất vả, khi học sinh đi học mang cơm cặp lồng có cơm, rau và lát gừng thời gian trước, nên cô không kìm nén được cảm xúc nên nói và khóc như vậy. Vẫn theo BBC, khi chính quyền địa phương lên tiếng và nhà đài gỡ bỏ video, vụ việc đã thu hút sự quan tâm của dư luận, cho rằng: “Đây cũng là một kiểu phông bạt của nhà đài.” BBC nhận xét, đây không phải là lần đầu tiên, một phóng sự của VTV bị đặt câu hỏi về độ trung thực, chính xác. BBC liệt kê một số phóng sự tai tiếng của VTV, trong đó, năm 2016 có 3 vụ. Vụ thứ nhất là phóng sự Cây chổi quét rau, phản ánh hành vi lừa người tiêu dùng của một số người trồng rau, đã bị nông dân ở Thanh Hoá phản ứng quyết liệt. Vụ thứ 2 là phóng sự phá rừng ở tỉnh Đắk Lắk, Công an tỉnh này cho rằng, một nhóm phóng viên VTV đã trả tiền cho một số người dân chặt hạ cây rừng, để quay phóng sự này. Vụ thứ 3 là Ký sự Syria của VTV với nhà báo Lê Bình, bị cho là, chương trình “chưa thể hiện đúng bản chất cuộc chiến”, hay những đoạn phóng viên khóc bị cho là “kịch quá mức”. Trước đó, vào năm 2011, chương trình Người xây tổ ấm của VTV phát phóng sự có tên Mối tình đầu của Lượm. Trong đó, “cô Lượm” trình bày hoàn cảnh của mình rất bi đát. Nhưng hóa ra, nhân vật này là một phụ nữ sống ở tỉnh Thừa Thiên Huế và có hoàn cảnh hoàn toàn khác. ",Hoàng Anh –  thoibao.de,thoibao.de
Ukraine: Đại diện Crimea tham dự cuộc thi hoa hậu tại Việt Nam là bất hợp pháp,"Ngày 27/9, BBC Tiếng Việt cho hay, “Ukraine phản đối “đại diện Crimea” dự thi hoa hậu tại Việt Nam”. Theo đó, Đại sứ quán Ukraine tại Hà Nội đã lên tiếng phản đối việc cô Anna Baranova tham gia cuộc thi hoa hậu Miss Cosmo 2024, đang được tổ chức tại Việt Nam. BBC dẫn tuyên bố từ Đại sứ quán Ukraine, cho biết, cô Anna Baranova đã được “giới thiệu bất hợp pháp là đại diện của Crimea” tại cuộc thi này. Tuyên bố của Đại sứ quán Ukraine viết: “Chính quyền chiếm đóng của Nga đã thúc đẩy cô Baranova đại diện cho Crimea, trong một nỗ lực trắng trợn, nhằm hợp pháp hóa việc sáp nhập bất hợp pháp các vùng lãnh thổ của Ukraine, bao gồm Crimea.” BBC cho biết, sau sự can thiệp của Đại sứ quán Ukraine, Ban tổ chức cuộc thi Miss Cosmo đã khắc phục, bằng việc gỡ bỏ băng đeo chéo “Miss Cosmo Crimea” của cô Baranova. Hiện tại, cô này vẫn tham gia cuộc thi, và được giới thiệu là thí sinh đến từ Nga, cùng với một thí sinh Nga khác là cô Alisa Oganezova. Theo BBC, Crimea là một bán đảo nhô ra Biển Đen, thuộc Ukraine, và bị Nga chiếm đóng vào năm 2014. BBC dẫn lời ông Yevhen Zhupieiev, Phó Đại sứ, Tham tán Chính trị của Ukraine tại Việt Nam, cho biết, mối quan ngại của Đại sứ quán Ukraine phản ánh một mô hình rộng hơn, về việc Nga cố gắng thao túng các sự kiện và thể chế quốc tế, để hợp pháp hóa việc sáp nhập bất hợp pháp đối với Crimea. “Trong trường hợp này, việc cho phép cô Anna Baranova đại diện cho Crimea tại Miss Cosmo 2024, chính là sự công nhận ngầm đối với việc sáp nhập bất hợp pháp của Nga” – ông Zhupieiev nhấn mạnh. Ông cũng cho biết, việc Ban tổ chức cuộc thi gỡ bỏ dải băng, cho thấy, nhận thức về tính nhạy cảm của vấn đề. Tuy nhiên, việc cô Anna Baranova tiếp tục tham gia dưới bất kỳ danh xưng nào, vẫn đặt ra một mối quan ngại đáng kể. BBC cũng cho biết, Miss Cosmo (tức Hoa hậu Hoàn vũ Quốc tế) do Công ty Unimedia có trụ sở ở Sài Gòn, tuyên bố sáng lập, tổ chức lần đầu tiên năm 2024 tại Việt Nam. Cuộc thi Miss Cosmo đầu tiên đang diễn ra tại Việt Nam, với sự tham gia các thí sinh đến từ hơn 60 quốc gia, tranh tài từ tháng 9/2024. Cuộc thi cũng tổ chức các lễ hội, và sự kiện lớn trên khắp Việt Nam, như Hà Nội, Sài Gòn, Ninh Bình, Long An và Đà Lạt. Vẫn theo BBC, đêm chung kết cuộc thi sẽ diễn ra vào ngày 5/10, tại Sài Gòn. Theo Ban tổ chức, giải thưởng dành cho hoa hậu, gồm vương miện, 100.000 USD, một năm đương nhiệm sử dụng căn hộ, xe hơi… Sau đăng quang, tân hoa hậu sẽ sinh sống và làm việc chính tại Việt Nam trong thời gian đương nhiệm, đồng hành cùng tổ chức Miss Cosmo thực hiện các công việc và hoàn thành nhiệm kỳ của mình. BBC tiếp tục dẫn lời Phó Đại sứ Ukraine Yevhen Zhupieiev, rằng, mục tiêu của Nga là đưa câu chuyện của họ vào các tổ chức quốc tế. “Chiến thuật này là một sự thao túng có chủ đích, để ép buộc các cơ quan đơn vị được tôn trọng và người dân, những bên thường không hiểu đầy đủ về hậu quả địa chính trị của vấn đề, nhằm củng cố các mục tiêu phi pháp của Nga” – ông Zhupieiev nói. Tham tán Chính trị của Ukraine tại Việt Nam nói rằng, bằng cách tiếp tục cho phép cô Baranova tham gia, những người tổ chức cuộc thi đã trở thành nạn nhân của các chiến dịch tuyên truyền, và thông tin sai lệch, theo kiểu KGB – Ủy ban An ninh Quốc gia của Nga. Theo quan điểm của Ukraine, sự đại diện kép này đã vượt quá phạm vi cuộc thi sắc đẹp, là một nỗ lực nữa nhằm thúc đẩy câu chuyện rằng, Crimea là một phần của Nga, âm thầm làm thay đổi nhận thức toàn cầu. “Và những người tổ chức Việt Nam, dù cố ý hay không, đang tích cực ủng hộ những câu chuyện sai sự thật của Nga, bằng cách để tình hình này tiếp diễn” – Phó Đại sứ Zhupieiev nói thêm. ",Ý Nhi – thoibao.de,thoibao.de
"Nguyễn Phú Trọng để lại gì, liệu Tô Lâm có đi theo vết xe đổ?","Ông Nguyễn Phú Trọng là một Tổng Bí thư rất tham vọng, ông muốn nắm giữ quyền lực suốt đời và lưu danh sử sách. Riêng về việc ngồi ghế suốt đời, ông đã toại nguyện. Còn giấc mơ lưu danh sử sách theo cách mà ông muốn, thì ông không đạt được, dù ông đã cố gắng. Ông Trọng lập nên “lò đốt tham nhũng: nhằm 2 mục đích. Thứ nhất là dẹp bỏ các thế lực khác, giúp ông ngồi ngai suốt đời. Thứ nhì là để lấy tiếng về một Tổng Bí thư thanh liêm, mạnh tay diệt trừ sâu bọ trong Đảng, mang lại bình yên cho dân. Đây chính là cách mà ông muốn lưu danh sử sách. Rõ ràng, ông Trọng chống tham nhũng mạnh tay hơn các tổng bí thư trước đó. Nhưng sự thật, ông càng chống thì chỉ càng phơi bày rõ nét hơn sự xấu xa của thành phần mang thẻ Đảng, lâu nay vẫn lên giọng đạo lý trước nhân dân. Ông Trọng bị kẹt giữa 2 phạm trù mâu thuẫn nhau, mà ông không nhận ra. Đó là, ông chống tham nhũng, nhưng lại bảo vệ nguyên nhân sinh ra tham nhũng. Bởi nguyên nhân sinh ra tham nhũng, chính là hệ thống chính trị Cộng sản. Nhưng ông Trọng lại là người bảo vệ Đảng Cộng sản đến “hơi thở cuối cùng”. Thực tế đã cho thấy, ông Trọng càng chống, thì tham nhũng càng tăng. Ngay cả những người thân cận được ông chọn kế vị, cũng tham nhũng khủng, để rồi bị Tô Lâm đánh gục. Hiện nay, ông Trọng được Ban Tuyên giáo thần thánh hóa, tuy nhiên, những điều họ tuyên truyền lại chẳng có giá trị lịch sử. Ngay cả ông Hồ Chí Minh hay ông Võ Nguyên Giáp, cũng chỉ là những ông thánh được tuyên giáo tô vẽ. Lịch sử của các nước cựu Cộng sản trên thế giới, đã chứng minh rằng, sau khi chế độ Cộng sản ở các nước này sụp đổ, thì hồ sơ về các lãnh tụ Cộng sản cho thấy, họ đều là tội đồ. Những thứ xây dựng trên nền tảng Cộng sản đều là phù phiếm, chỉ để lại ô danh trong sử sách. Nguyễn Phú Trọng không thể làm nên điều vĩ đại để lưu danh sử sách, thì những điều mà tuyên giáo tô vẽ về ông cũng chỉ là phù phiếm. Ngày sau, lịch sử đất nước cũng chỉ ghi nhận ông là một người Cộng sản bảo thủ, kéo chậm sự tiến bộ của quốc gia, chứ không phải là “nhân vật vĩ đại”. Là người nắm giữ quyền lực tuyệt đối trong Đảng, dẹp bỏ mọi thế lực chống đối trong suốt một thời gian dài, ông Trọng có cơ hội rất lớn để làm nên lịch sử, nếu ông dám dẹp bỏ Đảng Cộng sản, để dân chủ hóa đất nước, như Gorbachev của Liên Xô. Tuy nhiên, ông Trọng đã không làm, ngược lại, ông còn ra sức bảo vệ cái di sản tệ hại này, để nó tiếp tục tàn phá đất nước. Vậy, câu hỏi đặt ra là, với ông Tô Lâm thì sao? Liệu Tô Lâm có đi vào vết xe đổ của ông Nguyễn Phú Trọng hay không? Bất kỳ một ai, khi đã lên được ghế Tổng Bí thư, thì đều có cơ hội để lưu danh sử sách, với tên tuổi vượt qua Hồ Chí Minh và Võ Nguyên Giáp. Những bước đi gần đây cho thấy, ông Tô Lâm có nhiều cái mới hơn, so với ông Nguyễn Phú Trọng. Tuy nhiên, đấy chỉ là chiêu bài chính trị, hay là thiện chí thực sự của ông, thì vẫn chưa thể kết luận. Với quyền lực của một Tổng Bí thư trong tay, ông Tô Lâm hoàn toàn có cơ hội để tạo nên cơn địa chấn chính trị, và đưa đất nước đi lên. Đã rất nhiều đời tổng bí thư hô hào rất mạnh miệng, nhưng rồi, đất nước vẫn nghèo nàn, lạc hậu, bất công, mất tự do vv… Còn nhớ, năm 2006, Tổng Bí thư Nông Đức Mạnh hô hào, đưa đất nước trở thành nước công nghiệp tiên tiến vào năm 2020, nhưng rồi thất bại thảm hại. Nguyên nhân của mọi nguyên nhân, vẫn bởi còn tồn tại Đảng Cộng sản. Nếu Tô Lâm muốn làm nên lịch sử, ông hoàn toàn có thể. Nếu ông đủ can đảm để loại bỏ cái nguyên nhân của mọi nguyên nhân, chính là sự độc quyền cai trị của Đảng Cộng sản. Nếu không, ông cũng chỉ đi vào vết xe đổ của ông Nguyễn Phú Trọng mà thôi. ",Trần Chương –  Thoibao.de,thoibao.de
Những kết quả và kỳ vọng trong chuyến thăm Mỹ của Tổng Bí thư Tô Lâm,"Ngày 26/9, RFA Tiếng Việt đăng bài bình luận của blogger Trần Hiếu Chân, với tựa đề “Tô Lâm qua Mỹ: Thành tựu và kỳ vọng từ các phía”. Tác giả cho biết, cả dư luận Việt Nam và quốc tế đều mong chờ những sự kiện nổi bật, liên quan đến chuyến công tác của ông Tô Lâm tới Mỹ. Trong chuyến công du này, các hoạt động của ông Tô Lâm tại Liên Hợp Quốc và trên đất Mỹ, cùng các cuộc gặp gỡ với Tổng thống Biden và giới doanh nghiệp Mỹ… tất cả không chỉ là nghi thức ngoại giao thông thường. Tác giả đặt vấn đề, hàng năm, hàng chục nguyên thủ quốc gia đến Mỹ dự họp Liên Hợp Quốc, đều có cuộc gặp với Tổng thống Mỹ, không riêng Chủ tịch nước Việt Nam. Vậy tại sao, phái đoàn của ông Tô Lâm lại nhận được sự chú ý đặc biệt, từ truyền thông và báo chí? Theo tác giả, phát biểu trước Liên Hợp Quốc, hôm 24/9, Tổng thống Mỹ nói về những bất ổn trên thế giới, gồm cả chiến tranh Việt Nam, từ khi ông bắt đầu sự nghiệp Thượng nghị sĩ vào năm 1972. Ông Biden đề cập đến sự hàn gắn giữa 2 cựu thù, để trở thành những đối tác chiến lược tin cậy lẫn nhau, trong bối cảnh có các cuộc xung đột lớn đang diễn ra trên thế giới. Ông nhắc tới các cuộc chiến ở Ukraine, Gaza, hay Sudan, và nguy cơ xung đột lớn ở Biển Đông. Tác giả dẫn một hãng tin quốc tế, cho hay, Tổng thống Joe Biden đã gặp Tổng Bí thư Tô Lâm, bên lề phiên họp thứ 79 của Đại hội đồng Liên Hợp Quốc, vào chiều 25/9. Trước đó, vẫn theo tác giả, ông Tô Lâm đã gặp đại diện của các công ty Hoa Kỳ tại New York, bao gồm Meta – Công ty đã cam kết mở rộng đầu tư vào Việt Nam. Ông cũng đề nghị các nhà lãnh đạo doanh nghiệp ủng hộ nỗ lực của Hà Nội, nhằm yêu cầu Washington xóa tên Hà Nội khỏi danh sách các nền kinh tế phi thị trường, và dỡ bỏ các hạn chế thương mại khác, đồng thời tạo điều kiện để Hoa Kỳ và Việt Nam hợp tác về chuỗi cung ứng chất bán dẫn. Trong khi đó, tác giả cho hay, Tổng thống Biden nhắc lại, kể từ khi nâng cấp quan hệ ngoại giao vào năm ngoái, 2 nước đã đầu tư vào chất bán dẫn và chuỗi cung ứng, đồng thời đã khởi động hợp tác chưa từng có về an ninh mạng. Ông cũng cho biết, Hoa Kỳ và Việt Nam nhất trí trong các cam kết về tự do hàng hải và pháp quyền, ám chỉ đến các tranh chấp hàng hải trong khu vực với Trung Quốc. Tác giả nhận định, các cuộc tiếp xúc và thỏa thuận với giới doanh nghiệp, dường như đã thành công hơn cuộc nói chuyện của ông Tô Lâm tại Đại học Columbia. Trong buổi đối thoại này, ông Tô Lâm đã né tránh các câu hỏi tế nhị về vấn đề hòa giải và hòa hợp dân tộc, hay làm cách nào để đối phó với sự cạnh tranh Trung – Mỹ. Dù sao, tác giả đánh giá, chuyến công du Tây Bán Cầu lần này của Tô Lâm, có thể gợi mở đường hướng mới trong chính trị đối ngoại của Đảng Cộng sản Việt Nam. Phía Hoa Kỳ muốn thăm dò quan điểm của Tô Lâm đối với các vấn đề nhân quyền, kinh tế và an ninh khu vực. Ngược lại, phía Việt Nam muốn tìm hiểu xem, người đứng đầu tương lai của Nhà Trắng, rồi đây sẽ có chiến lược như thế nào đối với khu vực Ấn Độ Dương – Thái Bình Dương nói chung, và đối với Việt Nam nói riêng. Tác giả kết luận, sau chuyến công tác của ông Tô Lâm, quan hệ song phương Việt – Mỹ có thể có thêm đà mới. Dù có phản ứng trái chiều, và kết quả cụ thể vẫn còn ở phía trước. Tuy nhiên, tác giả dẫn nhận định của một số nhà quan sát, rằng, sự kiện này không chỉ dừng lại ở những cuộc gặp gỡ chính thức, mà sau đó, cả 2 phía cần nỗ lực nhiều hơn nữa. Những diễn tiến tiếp theo cũng cần thời gian, để kiểm chứng tầm quan trọng thực sự của chuyến công du này. ",Thu Phương –  thoibao.de,thoibao.de
Trí thức Việt ở Mỹ hoài nghi về lời kêu gọi của ông Tô Lâm,"Ngày 25/9, RFA Tiếng Việt bình luận “Cơ chế chính trị là rào cản lớn nhất ngăn trí thức đóng góp cho Việt Nam?” RFA cho biết, trong chuyến đi Mỹ vừa qua, hôm 22/9, Tổng Bí thư, Chủ tịch nước Tô Lâm đã gặp gỡ một nhóm trí thức người Việt, đến từ Houston, bang Texas. Tại đây, ông Tô Lâm nhấn mạnh rằng, Đảng và Nhà nước Việt Nam luôn coi trọng cộng đồng người Việt sinh sống ở nước ngoài. Đồng thời, ông bày tỏ hy vọng rằng, trí thức Việt Nam tại Mỹ và khắp nơi trên thế giới nên đoàn kết, đồng lòng và đóng góp cho sự phát triển của đất nước, hướng tới một kỷ nguyên mới của đất nước. RFA dẫn lời Luật sư Linh Nguyễn, thành viên Liên minh vì Dân chủ cho Việt Nam, người cũng có mặt tại Hội nghị Thượng đỉnh Liên Hiệp Quốc, cho biết: “Căn bản trí thức là tự do và khai phóng, còn căn bản của Cộng sản là áp bức, là giáo điều, coi người dân như là công cụ, chứ thực sự ra cũng không biết tận dụng trí thức của con người, cho nên chưa thể thu hút được nhiều người Việt đóng góp cho Việt Nam.” RFA dẫn quan điểm của ông Võ Ngọc Ánh, từ tiểu bang Washington, tin rằng, đã là người Việt, dù sinh sống ở đâu, theo bất kỳ đảng phái nào, thì cũng đều muốn góp sức xây dựng một Việt Nam phát triển hơn. Theo ông Ánh: “Chính trị là trở ngại lớn nhất. Chính trị đã chi phối tất cả các lĩnh vực của đời sống, từ giáo dục, khoa học… Nó rất là khó cho những người làm việc được tôn trọng, họ quen với cái môi trường giáo dục cũng như khoa học, công nghệ, tự do độc lập ở các nước phát triển.” Theo RFA, lời kêu gọi của tân Tổng Bí thư không có gì mới mẻ, điều đó được lặp đi lặp lại qua nhiều thời kỳ, và qua nhiều đời lãnh đạo. Nó còn được xây dựng thành đường lối, chính sách chung của Việt Nam, thông qua các Nghị quyết 36 hay Quyết định 1334, về “Phát huy nguồn lực của người Việt Nam ở nước ngoài, phục vụ phát triển đất nước”. RFA đề cập đến bài phân tích về Quyết định 1334 của Giáo sư Nguyễn Văn Chữ, đăng trên trang web của Viện nghiên cứu Việt – Mỹ thuộc Đại học Oregon, chỉ ra vai trò quan trọng của cộng đồng người Việt ở nước ngoài, về mặt kinh tế và sự phát triển chung của đất nước. Ngoại tệ do cộng đồng này gửi về, giúp ổn định nền kinh tế, giữ giá trị cho đồng tiền Việt Nam; và tất yếu là gián tiếp bảo vệ chế độ. Nhưng Giáo sư Chữ cũng nêu ra nhiều thách thức, mà người Việt ở nước ngoài phải đối mặt, như pháp lý, văn hóa, và sự khác biệt trong cách tiếp cận quản lý, nếu muốn về Việt Nam đầu tư. Điều này đòi hỏi những chính sách và môi trường làm việc cởi mở hơn từ phía Chính phủ Việt Nam, để kiều bào có thể yên tâm đóng góp. Đồng tình với nhận định trên, RFA cho hay, ông Võ Ngọc Ánh nói thêm rằng: “Cần phải thay đổi thì mới thu hút được trí thức. Ít ra thì Việt Nam phải mở một không gian tự do, cho giáo dục có quyền tự chủ hơn, được kết nối khoa học công nghệ với nước ngoài tốt hơn, độc lập hơn… May ra mới đem lại một sự khởi sắc cho Việt Nam.” “Còn để thay đổi chính trị với Việt Nam, thì đó là điều rất là nhiều người Việt ở hải ngoại, trong đó có trí thức mong muốn. Nhưng để làm được điều đó, thì phải có một sự thay đổi rất lớn… Trí thức họ không muốn phải dấn thân vào con đường chính trị để thay đổi nó.” Trong khi đó, RFA cũng cho biết, luật sư Linh Nguyễn nhấn mạnh rằng, nếu Việt Nam không thực sự cải cách, mở rộng tự do và dân chủ, thì việc thu hút trí thức từ nước ngoài sẽ chỉ là những lời nói suông. Luật sư này cũng cho biết, cộng đồng người Việt ở Mỹ sẽ luôn ủng hộ Việt Nam, nếu Việt Nam là một quốc gia dân chủ pháp trị, độc lập, với một hệ thống chính trị đa nguyên đa đảng; Quyền lực của Hiến Pháp phải thuộc về 3 cơ quan Lập pháp, Hành pháp và Tư pháp; Luật pháp phải bảo đảm nền dân chủ và nhân quyền, tôn trọng quyền bầu cử tự do và công bằng… ",Quang Minh –  thoibao.de,thoibao.de
Việt Nam đang trở thành một đồng minh của Mỹ ở Đông Nam Á: Sự thật hay tin đồn?,"Chỉ sau chưa đầy 2 tháng giữ chức Tổng Bí thư kiêm Chủ tịch nước, ông Tô Lâm được giới quan sát quốc tế đánh giá là người thực dụng hơn là giáo điều như cố Tổng Bí thư Nguyễn Phú Trọng. Ông Tô Lâm tập trung vào phát triển kinh tế và ổn định chính trị, hơn là những vận động giáo điều. Cuộc gặp giữa Tổng Bí thư, Chủ tịch nước Tô Lâm với Tổng thống Mỹ Joe Biden, đã đem lại điểm cộng cho ông đối với quốc tế và trong nước, nhưng sẽ là điểm trừ cho ông đối với Nga và Trung Quốc. Theo giới quan sát, ông Tô Lâm gặp Tổng thống Hoa Kỳ Joe Biden vào chiều 25/9, bên lề Kỳ họp thứ 79 của Đại hội đồng Liên Hiệp Quốc, được coi là một phần trong chiến lược của Hoa Kỳ nhằm cải thiện quan hệ ngoại giao với các nước Đông Nam Á, trước sự gia tăng ảnh hưởng ngày càng cao của Trung Quốc trong khu vực. Đáng chú ý, trước đó cú bắt tay giữa ông Tô Lâm và Tổng thống Zelensky có thể sẽ mở ra cơ hội hợp tác về quân sự giữa Việt Nam và Ukraine. Trong bối cảnh, Việt Nam đã giảm bớt việc mua vũ khí Nga, thì khí tài của Ukraine, nhất là hệ thống phòng không và máy bay không người lái, chắc chắn sẽ rất cần cho Việt Nam. Ngoài ra, kinh nghiệm tác chiến của Ukraine sẽ là bài học giá trị cho Quân đội Việt Nam, trong việc tổ chức phòng thủ, để bảo vệ chủ quyền trên Biển Đông. Đáng chú ý hơn nữa, theo tờ Bưu điện Hoa Nam Buổi sáng, sau khi ông Tô Lâm hội đàm với Tổng thống Biden vài giờ, thì quân đội Trung Quốc đã bắn hỏa tiễn liên lục địa. Đây là loại tên lửa có tầm bắn tới đất liền của Hoa Kỳ. Hỏa tiễn này không mang đầu đạn thật, cũng như không nhắm vào quốc gia nào, và đã rơi xuống vùng biển quốc tế. Quân đội Trung Quốc khẳng định, vụ bắn thử này là việc thường kỳ và đã có lịch từ trước. Theo giới phân tích, cuộc gặp mặt ngắn ngủi với ông Biden, sẽ giúp ông Tô Lâm chứng minh sự “trung lập” của Việt Nam, trong việc duy trì mối quan hệ tốt đẹp với các cường quốc, kể cả các đối thủ của Hoa Kỳ, là Trung Quốc và Nga. Từ đầu năm 2024, ông Tô Lâm đã có chuyến đi quan trọng, tới Trung Quốc để tiếp xúc và hội đàm với Chủ tịch Tập Cận Bình. Trước đó, trên cương vị Chủ tịch nước, ông cũng đã tiếp Tổng thống Nga Putin tại Hà Nội, vào tháng 6/2024. Chuyến đi của ông Tô Lâm tới New York lần này, phản ánh quan điểm cân bằng của chính quyền Việt Nam, đồng thời, cũng muốn khẳng định, Việt Nam là một thành viên của Liên Hợp Quốc có ảnh hưởng trong địa chính trị toàn cầu. Do vậy, các nghi ngờ cho rằng, Tổng Bí thư Tô Lâm và Ban lãnh đạo Việt Nam đang tiến tới trở thành một đồng minh của Hoa Kỳ, là điều thiếu căn cứ. Dưới con mắt của Chính phủ Mỹ thời Tổng thống Biden, Việt Nam là một đất nước có vị trí địa chiến lược ở Đông Nam Á, đồng thời là một trong những trung tâm sản xuất, chế tạo… và là nơi mà nước Mỹ muốn thắt chặt mối quan hệ, với mục đích làm đối trọng với Nga và Trung Quốc. Vấn đề quan trọng hơn, yếu tố ý thức hệ là một trong những nguyên nhân chính, đằng sau việc Hoa Kỳ không công nhận Việt Nam là một nền kinh tế thị trường. Việc các tướng lĩnh quân đội cáo buộc trường Đại học Fulbright Việt Nam, đang thực hiện một âm mưu tổ chức “cách mạng màu”, cho thấy, giới chức lãnh đạo cấp cao ở Việt Nam vẫn nghi ngờ mục tiêu thực sự của Mỹ. Tổng Bí thư, Chủ tịch nước Việt Nam Tô Lâm, là lãnh đạo Đảng Cộng sản đầu tiên được mời làm diễn giả và đọc tham luận tại một trường đại học Mỹ, đã khẳng định, Việt Nam “chọn đối thoại thay vì đối đầu”, và nhấn mạnh “thiện chí hợp tác” với Mỹ, trên tất cả các lĩnh vực. ",Trà My –  Thoibao.de,thoibao.de
"Hát “bài ca đổi mới” trên đất Mỹ, Tô Lâm sẽ là nhà cải cách hay chỉ là “ca sĩ”?","Chuyến đi Mỹ của ông Tô Lâm được dư luận trong và ngoài nước đặc biệt chú ý. Đáng nói là, Tô Lâm có cuộc đối thoại về chính sách của Việt Nam tại Đại học Colombia. Người dẫn chương trình là Giáo sư Sử học Nguyễn Thị Liên Hằng thuộc Đại học Columbia, và cũng là giáo sư của Đại học Fulbright, người từng bị phe thân Tàu trong Đảng, lùa dư luận viên tấn công phủ đầu trong thời gian vừa qua. Đáng chú ý, trong lần đối thoại này, ông Tô Lâm nhấn mạnh “về kỷ nguyên vươn mình của dân tộc Việt Nam”. Đây cũng là ý mà chính ông đã đề cập trong ngày khai mạc Hội nghị Trung ương 10, vào hôm 18/8 vừa qua. Nói về tham vọng làm được chuyện “đại sự” cho đất nước, thì đâu phải chỉ mình Tô Lâm “hô hào”. Còn nhớ, năm 2006, Tổng Bí thư Nông Đức Mạnh cũng đưa ra mục tiêu, đến năm 2020, Việt Nam sẽ trở thành nước công nghiệp phát triển. Tuy nhiên, chỉ mới đến năm 2016, thì Đảng đã phải thừa nhận, mục tiêu này đã hoàn toàn thất bại. Ông Nông Đức Mạnh bị đánh giá là lãnh đạo bất tài nhất, trong các đời Tổng Bí thư. Còn theo đánh giá của nhà báo Huy Đức, trong tác phẩm Bên Thắng Cuộc, thì ông Mạnh chỉ đáng làm quan chức cấp phường. Từ trước năm 1975, Tổng thống Việt Nam Cộng hoà Nguyễn Văn Thiệu từng nói: “Đừng nghe những gì Cộng sản nói, hãy nhìn những gì Cộng sản làm”. Cho tới nay, Đảng vẫn chưa thể chứng minh rằng, câu nói của ông Thiệu là sai. Có thể nói, giữa việc Cộng sản nói, và việc họ làm, thường không liên quan, thậm chí là trái ngược nhau. Nếu Cộng sản có thể nói được làm được, thì họ đã không cần đến bộ máy tuyên truyền khổng lồ, không cần cấm báo chí tư nhân, cấm tự do ngôn luận. Nếu một chính quyền tốt, thì người dân tự đánh giá, sẽ không có sự vu khống nào có thể tồn tại. Như vậy, chỉ cần nhìn cách tổ chức bộ máy nhà nước, cũng biết ngay năng lực của Đảng Cộng sản cầm quyền. Bước lên vị trí cao nhất trong Đảng, ông Tô Lâm có trong tay cả bộ máy tuyên truyền khổng lồ, để tô hồng thành tích. Tuy nhiên, dù có tô hồng thế nào, thì cũng không che đậy được thực tế, đó là, ngân sách dành cho Bộ Công an gấp 16 lần ngân sách dành cho Bộ Y tế và Bộ Giáo dục. Như vậy, sẽ không có an sinh nào cho dân, mà chỉ có khoan vào sức dân để trục lợi. Dân tộc có vươn mình hay không, thì phải nhìn vào những lợi ích mà người dân đang và sẽ được hưởng. Tô Lâm đi lên bằng sức mạnh của Công an, thì ông sẽ gia cố ngành Công an, chứ không ưu tiên cho lợi ích của người dân. Công an tiêu tốn tiền thuế của dân ngày một nhiều, để “chạy đua vũ trang” với phe quân đội, và y tế – giáo dục sẽ phải tiếp tục khoan vào sức dân mà tồn tại. Ở vị trí Tổng Bí thư, ông Tô Lâm có quyền đánh bóng tên tuổi bằng những lời nói có cánh, bằng những mục tiêu cao đẹp. Tuy nhiên, ông có thực hiện, hoặc thực hiện được hay không, lại là chuyện khác. Với một mục tiêu lớn lao cho đất nước, cần nhiều đời lãnh đạo nối tiếp thực hiện. Để đạt được điều này, chỉ có thể chế dân chủ mới làm được, còn độc tài toàn trị thì hoàn toàn không có khả năng. Vì sao? Thế chế dân chủ là một thể chế tự sửa sai. Lãnh đạo đất nước được người dân bầu chọn, nên hầu hết là những lãnh đạo có năng lực. Nếu dân chọn nhầm, họ có thể loại bỏ người đó thông qua lá phiếu của họ. Đó chính là một trong những cơ chế tự sửa sai của nhà nước dân chủ. Còn với thể chế độc đảng, lãnh đạo đi lên bằng đấu đá nội bộ, thì tìm đâu ra người có năng lực để đưa đất nước tiến lên? Cho nên, có thể thấy rất rõ rằng, ông Tô Lâm sẽ chỉ là ca sĩ “nghiệp dư”, hát “bài ca đổi mới” để đánh bóng tên tuổi. Còn muốn trở thành nhà cải cách thực sự, trước hết, cần dẹp bỏ Đảng Cộng sản, sau đó mới có thể đổi mới cho đất nước này. Liệu Tô Lâm có dám hay không? ",Hoàng Phúc –  thoibao.de,thoibao.de
"Tổng Bí thư Tô Lâm gặp Tổng thống Ukraine Zelensky tại Mỹ, cho thấy điều gì?","Ngày 24/9 tại New York, Hoa Kỳ, trên cương vị người đứng đầu Nhà nước Việt Nam, ông Tô Lâm đã phát biểu trước Đại hội đồng Liên Hiệp Quốc, với nội dung nói về tầm nhìn của Việt Nam, về xoá bỏ áp bức, bóc lột và xây dựng thế giới hoà bình, tốt đẹp. Trong bài phát biểu, ông Tô Lâm lưu ý rằng, từ góc nhìn của Việt Nam, “hoà bình, ổn định là nền tảng để kiến tạo tương lai thịnh vượng”, do vậy, “cần thúc đẩy tuân thủ luật pháp quốc tế, và Hiến chương Liên Hợp quốc ở tất cả các quốc gia, trước hết là các nước lớn”. Tuy nhiên, theo giới quan sát, ông Tô Lâm không đề cập đến cuộc chiến tranh xâm lược của Nga ở Ukraine, các hành vi bành trướng của Trung Quốc ở Biển Đông, hay cuộc chiến ở Dải Gaza… Một thông tin được công luận Việt Nam hết sức quan tâm, đó là, ngày 24/9, bên lề kỳ họp thứ 79, Đại hội đồng Liên Hiệp Quốc, Tổng Bí thư, Chủ tịch nước Tô Lâm đã có cuộc gặp với Tổng thống Ukraine Zelensky. Ngày 25/9, Thông tấn xã Việt Nam đưa tin, “Tổng Bí thư, Chủ tịch nước Tô Lâm gặp Tổng thống Ukraine”. Bản tin cho biết, chiều 24/9, theo giờ địa phương, Tổng Bí thư, Chủ tịch nước Tô Lâm đã gặp .Tổng thống Ukraine Zelensky. Tại cuộc gặp này, Tổng Bí thư, Chủ tịch nước Tô Lâm khẳng định, Việt Nam luôn coi trọng quan hệ hữu nghị truyền thống, và khuôn khổ quan hệ Đối tác Toàn diện với Ukraine. Đồng thời ông Tô Lâm nêu lên quan ngại, về tình hình xung đột hiện nay giữa Nga và Ukraine, và khẳng định lập trường nhất quán của Việt Nam: Tất cả các tranh chấp cần được giải quyết bằng biện pháp hòa bình, với các nguyên tắc cơ bản của luật pháp quốc tế và Hiến chương Liên Hợp Quốc. Tổng thống Ukraine đánh giá cao lập trường của Việt Nam, đồng thời cảm ơn Nhà nước và nhân dân Việt Nam đã hỗ trợ nhân đạo cho Ukraine, mong muốn Việt Nam ủng hộ tuyên bố của Hội nghị Hòa bình lần thứ nhất tại Thụy Sĩ, cũng như, giúp Ukraine trong việc rà phá bom mìn, khắc phục hậu quả chiến tranh. Theo giới quan sát, việc lãnh đạo chính quyền Việt Nam gặp gỡ tiếp xúc với Tổng thống Ukraine Volodymir Zelensky, là một việc không mới. Hồi đầu năm nay, vào ngày 16/1, Thủ tướng Việt Nam Phạm Minh Chính và Tổng thống Ukraine Volodymyr Zelensky đã có cuộc gặp ngắn, bên lề Diễn đàn Kinh tế Thế giới tại Davos, Thụy Sỹ. Trước đó, hồi tháng 5/2023, Thủ tướng Chính cũng đã có cuộc gặp ngắn với Tổng thống Zelensky, trong khuôn khổ Hội nghị Thượng đỉnh G7 mở rộng, tại Hiroshima, Nhật Bản. Tuy nhiên, vào thời điểm đó, phía Việt Nam đã có những thái độ không thân thiện với Ukraine. Cụ thể, tất cả các bức ảnh bắt tay giữa Thủ tướng Phạm Minh Chính và Tổng thống Zelensky, trong các bài báo đã đăng, đều bị gỡ bỏ. Chỉ còn lại những dòng tin với nội dung sơ sài, khô khan. Lần này, Tổng Bí thư, Chủ tịch nước Tô Lâm gặp gỡ với Tổng thống Ukraine Zelensky với một thái độ chân thành và cởi mở hơn, cho thấy, chính quyền Việt Nam tiếp tục duy trì chính sách ngoại giao, muốn làm bạn với tất cả các quốc gia trên thế giới. Trong quan hệ với Cộng hòa Liên bang Nga, Việt Nam luôn trân trọng sự giúp đỡ chí tình của Nga, trong cuộc đấu tranh giành độc lập dân tộc, thống nhất đất nước trước đây, cũng như sự nghiệp xây dựng và phát triển đất nước ngày nay. Trong khi, theo lời ông Tô Lâm nói với ông Zelensky, Việt Nam luôn ghi nhớ sự ủng hộ và giúp đỡ chí tình của Liên Xô, trong đó có Ukraine, đã dành cho Việt Nam trước đây và hiện nay. Những điều vừa kể có liên quan gì đến chủ trương thúc đẩy sự hợp tác với Hoa Kỳ và Ukraine – một đồng minh của Mỹ, ngày càng mạnh mẽ hơn hay không? Sự kiện này không chỉ thể hiện thiện chí “làm bạn với tất cả các quốc gia” của Việt Nam, mà còn chứng tỏ, vai trò ngày càng quan trọng của Nhà nước Việt Nam trên trường quốc tế, đặc biệt trong bối cảnh địa chính trị phức tạp hiện nay. ",Trà My –  Thoibao.de,thoibao.de
Các tổ chức quốc tế không coi việc “đặc xá” cho ông Trần Huỳnh Duy Thức và bà Hoàng Thị Minh Hồng là cải cách,"Ngày 24/9, BBC Tiếng Việt cho hay “Quốc tế lên tiếng về việc “đặc xá” ông Trần Huỳnh Duy Thức và bà Hoàng Thị Minh Hồng” Theo đó, việc Chính phủ Việt Nam trả tự do cho ông Trần Huỳnh Duy Thức và bà Hoàng Thị Minh Hồng, ngay trước chuyến đi Mỹ của ông Tô Lâm, tiếp tục thu hút sự chú ý của công luận, đặc biệt là từ các tổ chức nhân quyền quốc tế. BBC dẫn lời bà Patricia Gossman, Phó Giám đốc Bộ phận châu Á của Tổ chức Theo dõi Nhân quyền Quốc tế, nói rằng: “Họ lẽ ra, ngay từ đầu đã không nên bắt giữ Trần Huỳnh Duy Thức và Hoàng Thị Minh Hồng.” “Hơn 160 người hiện vẫn đang bị cầm tù tại Việt Nam, vì chỉ trích Chính phủ.” “Các chính phủ muốn lôi kéo Việt Nam để thay thế Trung Quốc, nên cảnh giác – khi quyền lực của ông Tô Lâm tăng lên thì đó cũng là một dấu hiệu cho thấy sự đàn áp ở Việt Nam cũng sẽ tăng lên.” BBC cho biết, bà Hoàng Thị Minh Hồng chưa bao giờ nhận mình là nhà hoạt động, hay bất đồng chính kiến. Công việc của bà chỉ đơn thuần về bảo vệ môi trường, đào tạo người trẻ, và vận động chính sách về khí hậu và năng lượng sạch. Việc bà Hồng bị bắt giữ và tổ chức CHANGE do bà thành lập bị đóng cửa, được coi là một cú sốc đối với cộng đồng NGO Việt Nam. BBC dẫn thông cáo của Liên minh Bảo vệ Khí hậu Việt Nam, một nhóm gồm hơn 30 tổ chức môi trường, khí hậu, nhân quyền quốc tế và khu vực, ngày 23/9, đã bày tỏ sự vui mừng khi bà Hồng được trả tự do sớm hơn thời hạn. “Trong khi Hồng được tự do, tổ chức của bà vẫn đóng cửa, và những nhà bảo vệ môi trường và khí hậu khác ở Việt Nam vẫn ở phía sau song sắt”, Liên minh này viết. BBC trích dẫn bài viết ngày 23/9, của ông John Sifton, Giám đốc vận động Châu Á của Tổ chức Theo dõi Nhân quyền, đăng trên website của tổ chức này, với tiêu đề: “Lãnh đạo mới của Việt Nam cũng chỉ là một kẻ vi phạm nhân quyền cũ”. Ông John Sifton nhắc lại việc bà Hoàng Thị Minh Hồng từng theo học Đại học Columbia, với tư cách là một học giả Quỹ Obama. “Có lẽ, cộng đồng Columbia đã phản đối và buộc chính quyền Việt Nam phải trả tự do cho bà Hồng, vào ngày 20/9, ngay trước khi ông Lâm tới New York.” Bài viết đề cập việc ông Trần Huỳnh Duy Thức, sau khi ra tù đã cho hay, ông không nộp đơn xin đặc xá và cũng từ chối lệnh đặc xá. Bài viết cũng nhắc lại việc ông Bùi Tuấn Lâm bị bắt giữ và kết cán 5,5 năm tù, vì giễu nhại việc ông Tô Lâm ăn bò bít tết dát vàng. Bài viết kêu gọi ông Biden, các lãnh đạo Meta và Google, nên công khai kêu gọi trả tự do cho tất cả những người bị cầm tù, chỉ vì các bài viết trên mạng xã hội, “để chứng minh rằng, tự do ngôn luận trên mạng xã hội tại Việt Nam sẽ được bảo vệ” BBC cũng dẫn thông cáo của Tổ chức Văn bút Mỹ, hôm 23/9, về sự kiện trên, trong đó có đoạn: “Văn bút Mỹ PEN một lần nữa kêu gọi Chính phủ Việt Nam trả tự do cho tất cả các nhà văn, nhà báo và nhà hoạt động bị cầm tù vì những phát biểu của họ.” “Nếu Chủ tịch nước Tô Lâm muốn chứng minh cam kết của mình đối với vai trò lãnh đạo toàn cầu, trước tiên ông phải ưu tiên và thực thi nhân quyền tại đất nước của mình.” BBC cũng đề cập đến thư ngỏ của gần 100 trí thức Việt Nam và quốc tế, gửi ông Tô Lâm nhân dịp ông đi Mỹ, kêu gọi trả tự do cho nhà báo Huy Đức. Một cuộc vận động tương tự cũng được tiến hành trực tuyến, với sự tham gia ký tên của nhiều người trong và ngoài nước. BBC dẫn Chỉ số Tự do Viết của Tổ chức Văn bút Mỹ năm 2023, theo đó, Việt Nam là quốc gia giam giữ nhiều nhà văn/người viết thứ 3 thế giới, sau Trung Quốc, Iran, và ngang bằng với Ả Rập Xê Út. Năm 2023, Việt Nam đã giam giữ 19 nhà văn, trong đó có bà Phạm Đoan Trang, người được trao giải Tự do Viết của PEN/Barbey năm 2024. ",Thu Phương –  thoibao.de,thoibao.de
Vì sao Đại học Columbia mời Tổng Bí thư Tô Lâm phát biểu trước sinh viên?,"Ngày 24/9, VOA Tiếng Việt cho hay “Đại học Columbia giải thích lý do mời lãnh đạo Đảng Cộng sản Tô Lâm đến nói chuyện”. Theo đó, Tổng Bí thư, Chủ tịch nước Tô Lâm đã có bài phát biểu tại Diễn đàn Lãnh đạo Thế giới, của Đại học Columbia, ở thành phố New York, hôm 23/9. Trong cuộc nói chuyện do bà Nguyễn Thị Liên Hằng, Giáo sư sử học của Đại học Columbia, điều phối, ông Lâm đã trả lời các câu hỏi của sinh viên sau đó. VOA cho biết, Đại học Columbia nói rằng, họ cam kết quyền tự do ngôn luận, và không tán thành quan điểm của diễn giả nào, khi tổ chức buổi nói chuyện với Tổng Bí thư Việt Nam. VOA đề cập đến việc Dân biểu Mỹ Michelle Steel phản đối buổi nói chuyện này, khi bà kêu gọi trường hủy bỏ sự kiện. Bà Steel đã gửi một bức thư tới Chủ tịch tạm quyền của trường, bà Katrina Armstrong, vào ngày 20/9, để đề nghị trường rút lại lời mời ông Lâm. Sau đó, bà Steel đưa ra một thông cáo, ngay trước khi buổi nói chuyện diễn ra, hôm 23/9, để nhắc lại lời phản đối này. Bà Steel – người đại diện địa hạt 45 của California, tại Quốc hội Mỹ, cho rằng, ông Lâm là một “nhà độc tài nguy hiểm đã kìm hãm quyền tự do ngôn luận, và bắt giữ nhiều tù nhân lương tâm ở Việt Nam”. Theo vị dân biểu này, Đại học Columbia không thể thúc đẩy một môi trường học thuật có tự do ngôn luận, và tự do biểu đạt, khi tiếp đón một trong những lãnh đạo nổi tiếng nhất của chủ nghĩa độc tài. VOA dẫn lời người phát ngôn của Đại học Columbia, khi trả lời yêu cầu bình luận qua email, nói rằng, Diễn đàn Lãnh đạo Thế giới của trường “mời những nhân vật có ảnh hưởng từ khắp nơi trên thế giới, tham gia cộng đồng trường”. VOA cũng cho biết, ông Tô Lâm có bài phát biểu gần 30 phút, trong đó, ông nói về “ngoại giao thời đại mới” của Việt Nam, sự hàn gắn vết thương chiến tranh giữa Việt Nam và Mỹ, để từ 2 cựu thù trở thành đối tác chiến lược toàn diện. Theo VOA, trong phần trả lời câu hỏi của Giáo sư Liên Hằng – người đồng thời là một thành viên quản trị của Đại học Fulbright Việt Nam, ông Tô Lâm đã đọc những tờ giấy được chuẩn bị sẵn, khi trả lời các câu hỏi về việc hàn gắn quan hệ Mỹ – Việt dưới sự lãnh đạo của mình, và đưa ra lời khuyên để giải quyết mối căng thẳng trong quan hệ Mỹ – Trung. Sau phần nói chuyện với người điều phối, ông Lâm đã trả lời câu hỏi của 7 sinh viên, được Giáo sư Liên Hằng gọi tên, trong đó có các sinh viên Việt Nam, Trung Quốc, Úc và Nhật. Họ hỏi về chính sách quốc phòng Việt Nam, về ngoại giao “cây tre”, và chính sách của Việt Nam để khuyến khích sinh viên về nước, sự hợp tác giữa Việt Nam và Mỹ, hay sự cân bằng của Việt Nam trong quan hệ giữa Mỹ và Trung Quốc. VOA dẫn bức thư phản đối của Dân biểu Steel, cho rằng, ông Lâm có tiền sử được ghi nhận về việc kìm hãm quyền tự do ngôn luận, trong vai trò trước đây của ông là Bộ trưởng Bộ Công an Việt Nam, và việc tiếp đón ông Lâm tại trường cho thấy, “một tổ chức thường xuyên tự nhận mình là người bảo vệ quyền công dân, lại đang bỏ qua tình cảnh của những người bị ảnh hưởng nhiều nhất”. VOA nhắc lại, Việt Nam bị các tổ chức quốc tế và cả Chính phủ Mỹ đánh giá thấp về hồ sơ nhân quyền. Nhưng Chính phủ Việt Nam do Đảng Cộng sản cầm quyền, luôn phản bác những cáo buộc về vi phạm nhân quyền. VOA cũng dẫn lời kêu gọi của Tổ chức Theo dõi Nhân quyền, có trụ sở tại Mỹ, hôm 23/9, gửi tới Tổng thống Joe Biden và lãnh đạo các tập đoàn công nghệ Mỹ, nói rằng, không nên xem việc trả tự do cho 2 tù nhân lương tâm nổi tiếng của Việt Nam, là dấu hiệu rằng, ông Tô Lâm sẽ là nhà lãnh đạo có quan điểm cải cách. ",Quang Minh –  thoibao.de,thoibao.de
"Bệnh nan y bất trị, Tô Lâm “gặm” giấy khi trả lời phỏng vấn!","Sáng 23/9 theo giờ Mỹ, ông Tô Lâm nhận trả lời phỏng vấn của Giáo sư Nguyễn Thị Liên Hằng – Giám đốc Viện nghiên cứu Đông Á Weatherhead, thuộc Đại học Columbia. Không như lãnh đạo các nước dân chủ, ông Tô Lâm đã yêu cầu phải đưa câu hỏi trước, để thư ký soạn sẵn câu trả lời, và khi phỏng vấn thì đem ra đọc. Đặc biệt hơn nữa, chỉ những du học sinh Việt Nam từ miền Bắc mới được cho phép đặt các câu hỏi. Có lẽ, những du học sinh này cũng phải cung cấp trước nội dung câu hỏi. Thứ nhất, ông Tô Lâm muốn tránh những câu hỏi nhạy cảm về nhân quyền, về tự do ngôn luận trong nước Việt Nam. Thứ nhì là để thư ký soạn thảo sẵn câu trả lời. Ở các nước dân chủ, các nguyên thủ quốc gia phải đi khắp đó đây thuyết trình, bằng chính tài hùng biện của mình, để tranh thủ lá phiếu. Có thể tự ứng phó trước những vấn đề không chuẩn bị trước, họ vừa có tài ăn nói, vừa có kiến thức đủ rộng, đủ sâu, để giải quyết vấn đề. Cho nên, việc trả lời phỏng vấn không cầm giấy, là chuyện bình thường của giới lãnh đạo, ở các nước dân chủ. Ngược lại, từ trước đến nay, lãnh đạo Cộng sản Việt Nam qua nhiều thế hệ, chỉ biết cắm mặt vào tờ giấy mà đọc, chứ hoàn toàn không có khả năng ứng biến linh hoạt. Đây được xem là căn bệnh nan y của giới lãnh đạo Cộng sản. Nó giống như một căn bệnh di truyền, nối tiếp từ thế hệ trước đến thế hệ sau. Còn nhớ, hồi đám tang ông Nguyễn Phú Trọng, ông Võ Văn Thưởng – cựu Chủ tịch nước, phải mang theo “phao” khi ghi sổ tang. Khả năng chữ nghĩa của ông Thưởng nghèo đến mức, không thể tự viết nổi một câu chia buồn vào sổ tang. Có ý kiến giải thích rằng, sở dĩ, những lãnh đạo ở các nước dân chủ không cần chuẩn bị giấy, vì họ có kiến thức. Họ có thể “thao thao bất tuyệt” về vấn đề mà họ tâm huyết. Ngược lại, những người đầu óc rỗng tuếch, tri thức hạn hẹp, thì họ có thể lấy kiến thức ở đâu ra để dùng, khi được phỏng vấn? Vì thế, họ cần có câu hỏi được chuẩn bị trước. Nếu buộc họ phải tùy cơ ứng biến, thì có khi, họ lại “hóa câm”, lúc đó, Việt Nam lại mang một nỗi nhục quốc thể khác. So sánh giữa lãnh đạo các nước dân chủ và lãnh đạo Cộng sản Việt Nam, thì thấy, có rất nhiều điểm trái ngược. Các quan chức Cộng sản thì “phàm ăn”, nhưng tri thức thì rỗng tuếch. Phàm ăn ở đây chỉ về cả nghĩa đen và nghĩa bóng. Ông Tô Lâm thì đớp bò dát vàng, và hàng ngàn tỷ trong các vụ án tham nhũng. Có lẽ, với quan chức Cộng sản, thì cái gọi là “kiến thức” của họ chính là những miếng thịt bò dát vàng đắt đỏ, những bộ gậy đánh golf sang chảnh, những biệt phủ lộng lẫy, và những đồng hồ bạc tỷ vv… Việc giới lãnh đạo Việt Nam phải “gặm” giấy, mỗi khi trả lời phỏng vấn của nước ngoài, nói lên rất nhiều điều. Trước hết, nó vạch trần rằng, trong đầu những lãnh đạo Cộng sản là chẳng có gì, ngoài những âm mưu và thủ đoạn, cũng như những trò ma mãnh vv… Với những lãnh đạo như vậy, thì đất nước này sẽ đi về đâu? Đảng đã dẫn dắt đất nước đi lạc lối, nhưng vẫn không chịu nhận sai lầm. Vận mệnh đất nước đang bị những cái đầu thiếu trí tuệ điều khiển, như vậy, bất hạnh nào bằng? Câu “trí tuệ giới hạn nhưng thủ đoạn vô biên”, là một câu miêu tả rất đúng về những người Cộng sản và cả Đảng Cộng sản Việt Nam. Hiện nay, để tìm một quan chức có trí tuệ và ít thủ đoạn, thì chắc chắn là không thể. Môi trường do Đảng tạo ra không có chỗ cho người có trí tuệ, chỉ có chỗ những kẻ lừa dối và thủ đoạn. Ông Tô Lâm đã ngoi lên được ghế cao nhất trong Đảng, thì ắt, ông phải có thủ đoạn vượt trội. Còn về trí tuệ của ông, thì có lẽ đã bị “tiêu biến”, vì ông không cần đến nó từ lâu. ",Thái Hà –  Thoibao.de,thoibao.de
Các tổ chức phi chính phủ của người Việt lên án vi phạm nhân quyền của Tô Lâm,"Ngày 23/9, RFA Tiếng Việt cho hay “Tổ chức phi chính phủ gửi thư ngỏ đề nghị Mỹ và các nước phương Tây cấm vận Tổng Bí thư Tô Lâm”. RFA cho biết, một nhóm gồm 6 tổ chức phi chính phủ, vào ngày 23/9, đã công bố một bức thư ngỏ gửi Tổng thống Mỹ Joe Biden, cùng lãnh đạo các nước phương Tây khác, đề nghị điều tra và có biện pháp cấm vận đối với Tướng Công an Tô Lâm – người vừa trở thành Tổng Bí thư Đảng Cộng sản Việt Nam, vào ngày 3/8 vừa qua. Tổng Bí thư, Chủ tịch nước Tô Lâm đang có chuyến thăm New York, Mỹ, để dự Hội nghị tại Đại hội đồng Liên Hiệp Quốc, nơi ông có bài phát biểu đầu tiên trên cương vị mới, vào hôm 22/9. Theo RFA, bức thư ngỏ được gửi tới Tổng thống Mỹ Joe Biden, Thủ tướng Canada Justin Trudeau, Thủ tướng Anh Anthony Albanese, Thủ tướng Na Uy Jonas Gahr Store, và Chủ tịch Ủy ban châu Âu Charles Michel. RFA cũng cho biết, các nhóm tham gia bức thư, gồm Việt Tân, Hội Anh Em Dân Chủ, ACAT tại Bỉ, Pháp và Đức. Bức thư đã liệt kê 5 điểm đáng chú ý về vấn đề vi phạm nhân quyền, mà ông cựu Bộ trưởng Công an Tô Lâm đã thực hiện. Theo đó, ông Tô Lâm đã chỉ đạo thực hiện những vụ bắt cóc quốc tế, sử dụng bạo lực với dân, đàn áp những người bảo vệ nhân quyền, và các nhà hoạt động xã hội, bắt các nhà hoạt động phải sống lưu vong, đàn áp trên không gian mạng. Vẫn theo RFA, những vụ bắt cóc quốc tế có sự tham gia của ông Tô Lâm, được nêu trong thư, gồm: vụ bắt cóc cựu quan chức Chính phủ Việt Nam Trịnh Xuân Thanh tại Đức hồi năm 2017; bắt cóc blogger của RFA Trương Duy Nhất ở Thái Lan năm 2019; và bắt cóc nhà báo tự do Đường Văn Thái cũng ở Thái Lan, năm 2023. RFA trích dẫn một đoạn viết trong bức thư, viết rằng: “Những hành động này là những vi phạm trắng trợn luật quốc tế – xâm phạm chủ quyền của nước khác và bất chấp các quyền con người cơ bản”. Trong phần tố cáo ông Tô Lâm sử dụng bạo lực với người dân, các tổ chức phi chính phủ đề cập đến vụ cưỡng chế đất gây chết người ở ngoại thành Hà Nội, vào tháng 1/2020. Công an đã huy động lực lượng hàng ngàn người đến cưỡng chế đất đang tranh chấp, dẫn đến cái chết của cụ Lê Đình Kình. Bên cạnh đó là những đàn áp đối với người dân tộc thiểu số, đặc biệt là người Thượng ở Tây Nguyên, bắt họ bỏ đạo, cũng được đề cập. Theo bức thư, dưới thời ông Tô Lâm làm Bộ trưởng Bộ Công an, hàng trăm nhà hoạt động nhân quyền, nhà hoạt động xã hội, và các blogger, đã bị bắt giữ tuỳ tiện và kết án tù. RFA dẫn tiếp nội dung thư ngỏ: “Kể từ năm 2016, các nhà hoạt động Việt Nam phải chịu các án tù dài, chỉ đơn giản bởi vì họ thực hiện các quyền tự do phát biểu, và tự do hội họp, như đã ghi nhận trong văn thư của Nhóm Làm việc của Liên Hiệp Quốc về bắt giữ tuỳ tiện.” RFA nhấn mạnh, ông Tô Lâm cũng bị cáo buộc phải chịu trách nhiệm về việc “bắt buộc hàng chục nhà hoạt động phải sống lưu vong”. Bức thư tiếp tục tố cáo, đội ngũ an ninh của ông Tô Lâm đã gây sức ép, bắt các công ty nước ngoài phải kiểm duyệt các nội dung được đăng tải trên mạng xã hội, và nhắm mục tiêu vào những người bất đồng chính kiến trên mạng. RFA cho biết thêm, các tổ chức tham gia ký thư ngỏ, thúc giục Chính phủ Mỹ và các nước phương Tây, có hành động kiên quyết đối với các hành vi phạm tội của ông Tô Lâm, với các biện pháp, bao gồm sử dụng luật nhân quyền Magnitsky và các điều luật tương tự, để đóng băng tài sản của ông Tô Lâm và cấm ông vào nước khác, lên án công khai các hành vi vi phạm của ông, và ủng hộ cho những người Việt Nam đang là nạn nhân của các hành vi này. ",Quang Minh –  thoibao.de,thoibao.de
"Bị “chạm nọc”, Tô Lâm xua binh phản pháo lại ông Trần Huỳnh Duy Thức!","Ông Trần Huỳnh Duy Thức được cho ra tù trước thời hạn, khiến cộng đồng mạng xôn xao về sự “nhân đạo” bất thường, của chính quyền Cộng sản. Điều đáng nói là, trong gần 16 năm tù đằng đẵng, ông Thức chưa từng xin một ngày đặc xá nào. Nay, bỗng dưng, ông lại “được đặc xá”, thì rõ ràng, có sự bất thường đằng sau. Vừa ra tù, ông Thức đã công khai sự thật rằng, ông bị “cưỡng bức đặc xá”. Và câu chuyện đã nhanh chóng lan truyền mạnh mẽ trên mạng xã hội, trong những ngày qua. Là người trong cuộc, ông Thức chỉ kể lại sự thật, nhưng sự thật đó lại là lời tố cáo đanh thép, đối với hành động cưỡng bức vô pháp của nhà cầm quyền. Chuyện “cưỡng bức đặc xá” kỳ lạ này, chỉ có ông Thức, công an, và một số bạn tù của ông chứng kiến. Không có bên thứ 3 làm chứng. Tuy nhiên, một điều chắc chắn là, không có việc ông Thức xin đặc xá, bởi ông đã bất khuất không nhận tội tại tòa, kể cả trong suốt thời gian bị cầm tù, với mức án rất nặng so với các tù nhân lương tâm khác. Hơn nữa, ông đã thụ án hơn 15 năm, so với bản án 16 năm mà ông phải nhận. Nghĩa là, ông sắp được trả tự do theo luật định. Vì vậy, không lý do gì, ông Thức lại đi xin vài tháng đặc xá. Ngược lại, nhà cầm quyền lại cần phải đặc xá cho những nhân vật có ảnh hưởng quốc tế, như ông Trần Huỳnh Duy Thức, bà Hoàng Thị Minh Hồng, hay ông Hoàng Ngọc Giao, để lấy điểm với phía Hoa Kỳ, cho chuyến công du Mỹ của ông Tô Lâm. Và quả thật, sau khi bị từ chối gặp, vào phút cuối, có thông tin rằng, Tổng thống Mỹ Joe Biden sẽ gặp ông Tô Lâm bên lề Đại hội đồng Liên Hiệp Quốc. Từ những căn cứ trên, có thể thấy, nhà cầm quyền cần ban ra lệnh đặc xá, để được cái mác “nhân đạo”, làm công cụ cho mục đích ngoại giao, hơn là phía ông Thức có nhu cầu muốn đặc xá. Tuy nhiên, vì không có bên trung gian chứng kiến “quá trình đặc xá” này, nên chính quyền chối bay chối biến hành động cưỡng bức của mình. Với bộ máy tuyên truyền khổng lồ, không cho báo chí tự do tồn tại, thì Tuyên giáo Cộng sản cứ vô tư chối bỏ những việc họ đã làm. Hơn nữa, chưa bao giờ chính quyền Cộng sản Việt Nam thừa nhận họ sai. Sau bài viết của ông Trần Huỳnh Duy Thức, ngày 23/9, báo Công an Nhân dân viết bài “Cảnh giác trước thủ đoạn xuyên tạc, bôi lem chính sách đặc xá”, nhằm phản pháo lại ông Trần Huỳnh Duy Thức. Điều đáng nói là, bài viết này dùng luận điệu rất quen thuộc, chụp mũ những lời chỉ trích chế độ, và gán ghép thành “phá hoại đất nước”. Đảng Cộng sản và đất nước Việt Nam là 2 khái niệm khác nhau, tuy nhiên, gần 80 năm qua, Đảng vẫn chơi trò đánh tráo khái niệm, để chụp mũ những người dám nói lên sự thật. Báo Công an Nhân dân là tờ báo ngành, là tiếng nói của Bộ Công an. Việc tờ báo này lồng lộn lên sau lời trần thuật của ông Trần Huỳnh Duy Thức, cũng có thể xem như, đó là thái độ của ông Tô Lâm, và rộng hơn là thái độ của nhóm Hưng Yên trong Bộ Công an. Bởi chủ soái của họ bị lật mặt, nên họ đã lồng lộn, điên cuồng chống trả. Với thái độ hung hăng phản pháo, chụp mũ như thế, cho thấy, Tô Lâm vẫn là Tô Lâm. Ông vẫn không chịu tiếp thu ý kiến khác biệt, vẫn chưa có thái độ hòa nhã với dân, đặc biệt là với những người bất đồng chính kiến. Với bản chất như vậy, rất khó có sự thay đổi theo chiều hướng tích cực ở ông Tổng Bí thư mang hàm Đại tướng Công an này. Việc chối bỏ hành động cưỡng bức dân, rồi đánh tráo khái niệm, để chụp mũ người dám nói lên sự thật, cho thấy, còn rất rất lâu, Đảng Cộng sản Việt Nam mới có thể thay đổi. Họ không bao giờ tự soi chính mình, mà chỉ luôn lồng lộn lên như con thú, khi bị chỉ trích. ",Trần Chương –  Thoibao.de,thoibao.de
Cảnh giác với trò “ma mãnh” của Tô Lâm!,"Bà Nguyễn Phương Hằng, ông Trần Huỳnh Duy Thức, ông Hoàng Ngọc Giao, và bà Hoàng Thị Minh Hồng, được thả gần như cùng một lúc. Trong 4 người này, mỗi người bị bắt trong những hoàn cảnh khác nhau, nhưng tựu chung, họ là những người có ảnh hưởng đến xã hội. Đây là lần mà nhà cầm quyền Việt Nam thả người “đại trà”, khiến không ít ý kiến lạc quan về Tổng Bí thư. Ông Tô Lâm lên Tổng Bí thư, điều khó nhất là làm sao phải cân bằng giữa các thế lực. Trong nước, thành phần bảo thủ vẫn đang rất mạnh. Với ngoài nước, đặc biệt là trong ván cờ giữa Mỹ và Trung Quốc, ông Tô Lâm khó có thể quyết định theo ý mình. Trong bối cảnh có rất nhiều mối quan hệ, rất nhiều mối đe dọa, rất nhiều quyền lợi đan xen, làm sao để ông giữ cân bằng? Trong nội bộ Đảng, nếu ông Tô Lâm muốn đổi mới, ông phải triệt hạ hoàn toàn thành phần bảo thủ trong Đảng, hoặc phải kiểm soát được họ. Thành phần này còn khá đông, họ trung thành với cái gọi là Xã hội Chủ nghĩa một cách vô điều kiện. Họ không quan tâm đến lợi ích quốc gia, họ chỉ muốn duy trì chế độ độc tài toàn trị. Thành phần này rất sùng bái Nga Tàu, đặc biệt, họ thần thánh hóa Putin và Tập Cận Bình. Đại diện cho trường phái này, rõ nhất là ông Lương Cường và ông Nguyễn Trọng Nghĩa, cùng đa số trong Tổng cục Chính trị. Sau chuyến công du Mỹ, ông Tô Lâm phải ghé sang Cuba. Động thái này của ông Tô Lâm, được đánh giá là để làm hài lòng thành phần bảo thủ trong Đảng. Như vậy, Tô Lâm vẫn còn ngán và ngại thành phần này. Đây là rào cản rất lớn, khiến Tô Lâm không thể tự ý thay đổi mới được. Đối với quan hệ quốc tế, những động thái gần đây cho thấy, ông Tô Lâm vẫn ưu tiên cho mối quan hệ với Bắc Kinh. Những cam kết giữa Việt Nam và Mỹ đã không được phía Việt Nam thực hiện, nguyên nhân được cho là, Việt Nam sợ Bắc Kinh không hài lòng. Như vậy, ông Tô Lâm không thể tự tách mình và tách Đảng khỏi quỹ đạo của Bắc Kinh, thì làm sao, ông có thể mạnh dạn đổi mới? Nhiều năm qua, chính quyền Việt Nam đã từng thả một số tù nhân lương tâm, để trao đổi với Mỹ và phương Tây trong những lần ký kết hiệp định thương mại hoặc lãnh đạo đi thăm các nước Mỹ và phương Tây. Tuy nhiên, thả người này rồi, nhà cầm quyền lại cho bắt người khác. Họ luôn duy trì một số lượng tù nhân lương tâm trong “kho”, ở mức đủ để làm điều kiện trao đổi. Đấy là trò ma mãnh của một chính quyền bất lương, không phải là thiện chí. Việc thả ông Trần Huỳnh Duy Thức và những tù nhân khác, không có dấu hiệu cho thấy, Tô Lâm có thiện chí đổi mới chính trị. Khả năng cao, lần này, Tô Lâm cũng sử dụng trò ma mãnh cũ rích, như ông và Đảng của ông đã dùng trong nhiều năm. Tù nhân dự bị trong nước vẫn còn rất nhiều, thậm chí, Tô Lâm có thể cho bắt lại ngay người vừa được thả, để duy trì “kho” chứa tù nhân lương tâm của Đảng. Ngoài những yếu tố như đối nội và đối ngoại cản trở sự thay đổi, thì còn một yếu tố khác rất quan trọng, đó là, Tô Lâm và các “đồng chí” của ông đang hưởng lợi rất lớn, từ việc nắm giữ quyền lực trong tay. Một Ủy viên Trung ương Đảng như Lê Đức Thọ, đã có trong tay hàng ngàn tỷ đồng, thì người đứng đầu như ông Tô Lâm, sẽ hưởng được bao nhiêu? Nếu thay đổi, những đồng tiền bẩn của ông liệu có giấu được không, và ông cùng gia đình có còn được hưởng đặc quyền đặc lợi như hiện nay nữa hay không? Mỗi lần thả tù nhân lương tâm, như là việc Đảng cho dư luận “uống nước đường”. Chỉ khác là, lần này, ông Tô Lâm cho nhiều đường hơn mà thôi. Sau đó, mọi việc vẫn trở về như quỹ đạo cũ. Để đất nước thay đổi, cần một áp lực cực mạnh từ người dân, chứ không thể hy vọng vào sự tiến bộ của những cái đầu bảo thủ và đầy tham lam trong Đảng. Khi dân khí còn thấp, thì không có động lực đủ mạnh để thúc đẩy Đảng phải thay đổi. ",Thái Hà –  Thoibao.de,thoibao.de
Nhiều người biểu tình phản đối ông Tô Lâm tại Hội nghị Thượng đỉnh Liên Hiệp Quốc,"Ngày 23/9, VOA Tiếng Việt cho hay, “Ông Tô Lâm đề cao “tiến bộ xã hội, giải phóng con người” tại Liên Hiệp Quốc; nhiều người Việt biểu tình”. VOA dẫn phát biểu của ông Tô Lâm trên cương vị Chủ tịch nước Việt Nam, tại Hội nghị Thượng đỉnh Tương lai của Liên Hiệp Quốc, vào trưa 22/9, nhấn mạnh “mục tiêu phát triển bền vững của thế giới và lợi ích của con người, phải được đặt ở vị trí trung tâm, là mục tiêu cao nhất của chúng ta”. “Thành tựu khoa học, công nghệ phải phục vụ tiến bộ xã hội, hướng về con người, giải phóng con người, phát triển con người toàn diện…” VOA cho biết, Hội nghị Thượng đỉnh Tương Lai diễn ra trong 2 ngày 22 và 23/9 ở New York, Mỹ, với sự tham gia của nhiều nguyên thủ, nhà lãnh đạo các nước, để thông qua Hiệp ước Cho Tương lai, với các điều khoản về phát triển bền vững và chuyển đổi việc quản trị toàn cầu. Theo VOA, sự hiện diện của ông Tô Lâm ở New York, được truyền thông nhà nước Việt Nam chủ ý nêu bật. VOA dẫn lời Đại sứ Đặng Hoàng Giang tại Liên Hiệp Quốc, đăng trên Thông Tấn Xã Việt Nam: “Đây là lần đầu tiên, Tổng Bí thư Đảng Cộng sản Việt Nam tham dự trực tiếp kỳ họp Đại hội đồng Liên Hiệp Quốc, và cũng là hoạt động ngoại giao đa phương đầu tiên của Tổng Bí thư, Chủ tịch nước Tô Lâm, tại tổ chức quốc tế toàn cầu Liên Hiệp Quốc.” Vẫn trong bài phát biểu nói trên, ông Tô Lâm đưa quan điểm: “Thành tựu khoa học công nghệ cần thúc đẩy hợp tác, không trở thành công cụ chống lại các quốc gia, đi ngược lại khát vọng hoà bình, phát triển, công bằng và công lý của các dân tộc.” Ông cũng kêu gọi các quốc gia “tăng cường đoàn kết, hợp tác và tôn trọng lẫn nhau, tuân thủ luật pháp quốc tế và Hiến chương Liên Hiệp Quốc; giải quyết các bất đồng, tranh chấp bằng biện pháp hoà bình”, và, “các nước lớn cần hành xử có trách nhiệm”. VOA dẫn lời luật sư Nguyễn Văn Đài, từ Đức, cho hay, bên ngoài trụ sở Liên Hiệp Quốc đã nổ ra một cuộc biểu tình, phản đối ông Tô Lâm. Tham gia cuộc biểu tình có khoảng 100 người Việt ở Hoa Kỳ, ở Canada; thành viên đảng Việt Tân và Hội Anh em Dân chủ. Ông Đài cho rằng, những lời của ông Tô Lâm đề cao “giải phóng con người”, bị xem là không đáng tin, là giả dối. Bởi “thành tích nhân quyền” của ông Tô Lâm, sau gần 10 năm làm Bộ trưởng Công an, là những người bất đồng chính kiến ở Việt Nam đã bị xoá bỏ hoàn toàn. Phần lớn bị bắt cầm tù, một phần thì chạy ra nước ngoài tị nạn. Mặc dù vậy, ông Đài – nhà đấu tranh từng bị chính quyền Việt Nam cầm tù – nói rằng, ông mong nhìn thấy Tổng Bí thư, Chủ tịch nước Tô Lâm của Việt Nam, sẽ có những bước đi để sửa chữa các sai lầm trong quá khứ, mang lại sự thay đổi tốt đẹp cho đất nước. Ông Đài lý giải bằng việc Việt Nam đã tha tù trước hạn, cho 2 nhà hoạt động nổi tiếng là Trần Huỳnh Duy Thức và Hoàng Thị Minh Hồng, trước khi ông Tô Lâm lên đường đi Mỹ, được xem là dấu hiệu tích cực. VOA cũng cho biết, tiếp sau những bước đi trước mắt nêu trên, ông Đài bày tỏ kỳ vọng, được thấy ông Tô Lâm tiến hành sửa đổi Hiến pháp, ban hành các luật về biểu tình, lập hội, lập đảng phái… để Việt Nam có một tiến trình dân chủ. “Song song với trả tự do cho tù nhân lương tâm, tù nhân chính trị tại Việt Nam, thì ông ấy sẽ không bắt thêm bất kỳ nhà hoạt động đối lập nào ở trong nước nữa.” “Thứ hai, ông ấy phải có lộ trình cởi mở về truyền thông mạng xã hội, cho phép những tiếng nói phản biện, bất đồng chính kiến tiếp tục được thể hiện.” Thứ ba, ông ta phải cởi mở về xã hội dân sự” – luật sư Đài nhận định. ",Thu Phương – thoibao.de,thoibao.de
Phản ứng của quốc tế trước việc Thái Lan quyết định dẫn độ ông Y Quynh Bdap về Việt Nam?,"Truyền thông Thái Lan và quốc tế ngày 30/9 đồng loạt đưa tin, Tòa án Hình sự Thái Lan đã ra phán quyết, về việc nhà hoạt động nhân quyền người Thượng – Y Quynh Bdap, sẽ bị dẫn độ về Việt Nam, nơi ông sẽ phải đối mặt với bản án 10 năm tù, với cáo buộc khủng bố. Báo chí Thái Lan cho biết, tháng 1/2024, một tòa án cấp tỉnh của Việt Nam đã tuyên án vắng mặt ông Y Quynh Bdap 10 năm tù, với cáo buộc “khủng bố”, khi cho rằng, ông đã tham gia vào cuộc bạo loạn chống chính quyền ở tỉnh Đắk Lắk, vào tháng 6/2023. Thẩm phán Thái Lan khẳng định, yêu cầu của Chính phủ Việt Nam về việc dẫn độ ông Y Quynh, là có căn cứ và cơ sở, và tuyên bố: “Tòa án thấy rằng, việc dẫn độ đối với ông Y Quynh Bdap, có thể được thực hiện, bởi không có lệnh cấm nào đối với quyết định này. Chính phủ có quyền thực hiện việc dẫn độ trong vòng 90 ngày, bất kể phán quyết của tòa án có nội dung là gì.” Tuy nhiên, Tòa án cho biết thêm, ông Y Quynh có thời gian 30 ngày để kháng cáo. Nếu Chính phủ Thái Lan không có động thái nào được thực hiện trong vòng 90 ngày, thì ông Y Quynh phải được trả tự do. Theo mô tả của truyền thông Thái Lan, trước toà, ông Y Quynh mặc đồng phục tù màu nâu, tỏ ra bình tĩnh, và ngay sau đó đã được chuyển đến Trại tạm giam Bangkok. Trong khi đó, bà Luật sư Nadthasiri Bergman, người bào chữa cho ông, cho hay, ông Y Quynh đã thề rằng, ông sẽ chống án. Ngay lập tức, sau khi Tòa Hình sự Thái Lan ra phán quyết nêu trên, các tổ chức nhân quyền đã lên tiếng phản đối, đồng thời, ra lời kêu gọi chính quyền Thái Lan, không thi hành việc dẫn độ ông Y Quynh Bdap về Việt Nam. Theo Đài Á Châu Tự Do, ông Phil Robertson, Giám đốc tổ chức Những người vận động Nhân quyền và Lao động Châu Á nói rằng, “quyết định này của tòa án Thái Lan là kinh hoàng và vô lý”. Ông tin rằng, ông Y Quynh chắc chắn sẽ phải đối mặt với sự tra tấn cưỡng bức, nếu bị buộc phải trở về Việt Nam. Đồng thời, ông Robertson cho rằng, tòa án Thái Lan đã bỏ qua bản chất của phán quyết ban đầu của tòa án Việt Nam với ông Y Quynh, là giả mạo và gian lận. Ông khẳng định: Chính phủ Thái Lan phải chống lại áp lực công khai của Bộ Công an Việt Nam. Theo ông Phil Robertson: “Chính phủ Thái Lan nên để nhà hoạt động người Thượng Y Quynh được tái định cư ở một quốc gia thứ 3, nơi ông có thể nhận được sự bảo vệ thực sự.” Tổ chức Đoàn kết Công giáo Toàn cầu (CSW) có trụ sở tại Anh Quốc, ngày 30/9, cũng kêu gọi Chính phủ Thái Lan bảo vệ quyền không bị trả lại đối với ông Y Quynh Bdap, và kêu gọi Thủ tướng nước này không thực thi lệnh dẫn độ ông về Việt Nam. Cũng hôm 30/9, tổ chức Quỹ Nhân quyền (HRF) có trụ sở New York, Hoa Kỳ, đã kêu gọi Chính phủ Thái Lan ngưng dẫn độ ông Y Quynh Bdap,và kêu gọi Thái Lan trả tự do ngay lập tức và vô điều kiện cho ông. Tổ chức Người Thượng vì Công lý (MSFJ) cực lực phản đối quyết định trên của Tòa án Hình sự Bangkok, và cho rằng: “Phán quyết này không chỉ vi phạm nghiêm trọng các tiêu chuẩn nhân quyền quốc tế, mà còn dựa trên những cáo buộc hoàn toàn sai sự thật và vô căn cứ. Vì ông Y Quynh Bdap không hề liên quan đến vụ bạo động ở tỉnh Đắk Lắk hồi tháng 6/2023.” Nhà nghiên cứu cấp cao của Tổ chức Theo dõi Nhân quyền (HRW) ở Thái Lan, ông Sunai Phasuk, khẳng định, phán quyết của tòa hôm 30/9 đã gây sốc và thất vọng đối với ông, vì Tòa án Thái Lan đã phớt lờ cả nghĩa vụ quốc tế của đất nước, lẫn luật của chính nước này chống việc đẩy trả lại. Vào tháng 5/2024, Tổ chức Theo dõi Nhân quyền (HRW) đã từng công bố một báo cáo chi tiết, cáo buộc Thái Lan ngày càng trở nên nguy hiểm hơn, đối với những người xin tị nạn nước ngoài trong thập kỷ qua. Bằng cách, tham gia vào một “chợ trao đổi” không chính thức với các nước láng giềng. Theo đó, các bên trao trả những người bất đồng chính kiến của nhau, bất kể việc họ có thể bị bắt, bị tra tấn, hoặc bị giết hại ở quê nhà. ",Trà My –  Thoibao.de,thoibao.de
"Quyết định “kinh hoàng và vô lý” của toà án Thái Lan, khi cho phép dẫn độ ông Y Quynh Bdap về Việt Nam","Ngày 30/9, RFA Tiếng Việt loan tin “Toà án Thái Lan ra phán quyết dẫn độ ông Y Quynh Bdap về Việt Nam”. Theo đó, Tòa án hình sự Thái Lan đã ra phán quyết vào thứ Hai (30/9), rằng, nhà hoạt động người Thượng Y Quynh Bdap sẽ bị dẫn độ về Việt Nam, nơi ông đối mặt với bản án 10 năm tù với cáo buộc “khủng bố”. Phóng viên RFA tường thuật tại phiên toà, cho biết, thẩm phán tuyên bố: “Tòa án thấy rằng, việc dẫn độ (Y Quynh Bdap) có thể được thực hiện…” “Không có lệnh cấm nào đối với việc này.” “Chính phủ có quyền thực hiện dẫn độ trong vòng 90 ngày, bất kể phán quyết của tòa án là gì.” Tuy nhiên, tòa án cho biết thêm, ông Y Quynh có 30 ngày để kháng cáo bản án, nhưng nếu Chính phủ Thái Lan không có động thái nào được thực hiện trong vòng 90 ngày, thì ông Y Quynh phải được trả tự do. RFA cho biết, nhà hoạt động người Thượng mặc đồng phục tù màu nâu, tỏ ra bình tĩnh, và được chuyển đến Trại tạm giam Bangkok. RFA dẫn lời Luật sư Nadthasiri Bergman, người bào chữa cho ông Y Quynh, cho hay, ông đã thề sẽ chống án. “Chúng tôi thất vọng với phán quyết. Chúng tôi đang làm việc để kháng cáo”, bà nói. Bà Nadthasiri khẳng định rằng, việc dẫn độ phải được Chính phủ chấp thuận, khi tòa phúc thẩm đưa ra phán quyết cuối cùng. “Tôi hy vọng Chính phủ, Thủ tướng, sẽ ban hành lệnh hành pháp không dẫn độ ông ấy.” RFA cũng dẫn lời ông Phil Robertson, Giám đốc tổ chức Những người vận động Nhân quyền và Lao động châu Á, nói rằng, quyết định này của Tòa án Thái Lan là “kinh hoàng và vô lý”, và không hiểu rằng, ông Y Quynh chắc chắn sẽ phải đối mặt với sự tra tấn nếu bị buộc phải trở về Việt Nam. Ông Robertson cho rằng, tòa án ở Bangkok đã bỏ qua bản chất của phán quyết ban đầu của tòa án Việt Nam là giả mạo và gian lận. Ông khẳng định: “Đây là một vụ án thử nghiệm cho luật chống tra tấn và cưỡng bức mất tích mới của Thái Lan, và tòa án đã thất bại thảm hại trong cuộc thử nghiệm đó.” “Bây giờ, Chính phủ Thái Lan phải chống lại áp lực công khai của Bộ Công an Việt Nam, nơi đã cử các quan chức đến tòa án, để đe dọa những người tham gia vào quá trình tố tụng, và thừa nhận rằng, Thái Lan có nghĩa vụ thiêng liêng là phải duy trì sự bảo vệ người tị nạn.” Chuyên gia nhân quyền cho hay, những gì sẽ xảy ra tiếp theo vẫn nằm trong tay Chính phủ Thái Lan, và họ nên làm điều đúng đắn, bằng cách để nhà hoạt động người Thượng được tái định cư ở một quốc gia thứ 3 – nơi ông có thể nhận được sự bảo vệ thực sự. Ông Robertson nói, danh tiếng của Thái Lan là một quốc gia có quan tâm đến nhân quyền hay không, phụ thuộc vào quyết định đó. Ông đồng thời kêu gọi, cộng đồng quốc tế đưa ra những lời lên án mạnh mẽ, toàn diện, về sự xuyên tạc công lý của tòa án Thái Lan, và gây sức ép buộc Bangkok cho phép Y Quynh được tái định cư ở một quốc gia thứ 3. Trước đó, ngày 30/8, RFA cho hay, ông Y Quynh Bdap khai trước Tòa hình sự Thái Lan rằng, ông không liên quan gì đến nhóm người Thượng đã tấn công vào 2 trụ sở Uỷ ban xã ở tỉnh Đắk Lắk vào năm ngoái. RFA dẫn lời ông Bdap, nói: “Người Thượng có nhiều nhóm nhỏ. Nhóm của tôi không liên quan gì đến vụ việc nổ súng ở Đắk Lắk.” “Nhà tôi ở Đắc Lắk đã bị công an Việt Nam lục soát và tịch thu máy tính, điện thoại di động và Kinh thánh của tôi.” “Tôi không nộp đơn khiếu nại vì sợ cảnh sát sẽ trả thù.” “Tôi chắc chắn sẽ chết. Chính quyền Việt Nam sẽ hành hạ tôi đến chết” – nếu bị trục xuất về Việt Nam. Trước khi tuyên thệ vào hôm 30/8, ông Bdap, trong trang phục nhà tù màu nâu, cho biết, ông từ chối yêu cầu dẫn độ. Ông nói, đã bị chính quyền Việt Nam đe dọa chỉ vì thực hành tín ngưỡng tự do tôn giáo. ",Quang Minh – thoibao.de,thoibao.de
3.800 tù nhân được đặc xá nhân dịp Quốc khánh,"Ngày 30/9, VOA Tiếng Việt cho hay, “Việt Nam đặc xá cho gần 3.800 tù nhân, không gồm Đinh La Thăng và Chu Ngọc Anh”. VOA trích dẫn báo Tin Tức của Thông Tấn Xã Việt Nam, cho biết, Văn phòng Chủ tịch nước công bố Quyết định đặc xá năm 2024, do ông Tô Lâm ký ngày 29/9, trong một buổi họp báo có sự phối hợp với Bộ Công an, Bộ Ngoại giao, và Tòa án Nhân dân Tối cao, hôm 30/9. Đợt đặc xá này trả tự do cho 3.765 người, nhưng không gồm những nhà hoạt động chính trị, hay các quan chức chính quyền bị án tù trong các vụ đại án tham nhũng. VOA cho biết, ông Lâm vừa kết thúc chuyến công du tới Mỹ và Cuba, và hiện đang ở Mông Cổ trong chuyến thăm cấp nhà nước. Trước chuyến thăm Mỹ nói trên, chính quyền Việt Nam đã thả tự do trước thời hạn cho 2 nhà hoạt động Trần Huỳnh Duy Thức và Hoàng Thị Minh Hồng. VOA cũng cho biết, theo báo Tin Tức, đợt đặc xá năm nay được thực hiện, nhân dịp kỷ niệm 79 năm Quốc khánh, vốn được Việt Nam kỷ niệm vào ngày 2/9. Báo Tin Tức nói thêm, đợt đặc xá năm nay “một lần nữa tiếp tục khẳng định chính sách khoan hồng của Đảng, Nhà nước và truyền thống nhân đạo của dân tộc Việt Nam đối với những người phạm tội, khuyến khích họ hối cải, rèn luyện trở thành người có ích cho xã hội”. Tờ Tin Tức dẫn lời Thứ trưởng Bộ Công an Nguyễn Ngọc Lâm, cho biết tại buổi họp báo rằng, có 561 người dân tộc thiểu số được đặc xá năm nay. Vị Thiếu tướng cũng nói rằng, trong số gần 3.800 người được thả trước thời hạn, có 403 người phạm các tội về trật tự quản lý kinh tế, 275 người phạm các tội về chức vụ, 205 người phạm các tội về ma túy, 64 người phạm tội giết người, trong số nhiều tội phạm khác. VOA lưu ý, không có bất kỳ nhà hoạt động chính trị nào được thả tự do trong đợt đặc xá này. Việt Nam đã công bố 9 đợt đặc xá vào các dịp 2/9, một sự kiện mà chính quyền nói là trọng đại, với tổng số hơn 92.000 người đã được thả trước thời hạn. Các nhà hoạt động vì tự do và dân chủ, mà các tổ chức nhân quyền quốc tế gọi là tù nhân lương tâm, không được thả trong những đợt đặc xá trước đây. VOA trích bản tin hồi đầu tháng trước của Đài tiếng nói VOV, về đợt đặc xá năm nay, cho biết rằng, những phạm nhân bị kết án tù về tội phản bội Tổ quốc, hoạt động nhằm lật đổ chính quyền nhân dân, gián điệp, xâm phạm an ninh lãnh thổ, hay bạo loạn, không được đề nghị xét tha trước thời hạn. Vẫn theo báo Tin Tức, Thứ trưởng Công an Nguyễn Ngọc Lâm hôm 30/9 cho biết, ông Đinh La Thăng và ông Chu Ngọc Anh không nằm trong danh sách những người được đặc xá đợt này. VOA nhắc lại, ông Đinh La Thăng – cựu Bí thư Thành ủy thành phố Hồ Chí Minh, bị kết án tổng cộng 30 năm tù, vì tội “cố ý làm trái quy định của Nhà nước về quản lý kinh tế gây hậu quả nghiêm trọng”, trong vụ án xảy ra tại Tập đoàn Dầu khí Việt Nam. Trong khi đó, ông Chu Ngọc Anh – cựu Chủ tịch Uỷ ban Nhân dân thành phố Hà Nội, bị kết án 3 năm tù, về tội “vi phạm quy định về quản lý sử dụng tài sản nhà nước gây thất thoát lãng phí”, trong vụ thổi phồng giá kít xét nghiệm Việt Á. Những vụ án này được xét xử, khi cuộc chiến chống tham nhũng của Việt Nam mở rộng, từ các bộ ngành trong chính quyền tới các tập đoàn kinh doanh lớn trong nước. Theo VOA, vào tháng 8, chính quyền Việt Nam cho biết, có khoảng 643 người nước ngoài đang thụ án tại Việt Nam. Trong khi đó, tổ chức Theo dõi Nhân quyền HRW nói rằng, có hơn 160 tù nhân chính trị đang bị giam giữ tại Việt Nam. VOA cho biết thêm, dự kiến, những người được đặc xá năm nay sẽ được thả tự do vào ngày 1/10. ",Minh Vũ –  thoibao.de,thoibao.de
Người kêu gọi Đảng từ bỏ học thuyết Marx – Lenin bị kết án tù,"Ngày 27/9, VOA Tiếng Việt loan tin “Việt Nam tuyên án 8 năm tù đối với người kêu gọi từ bỏ học thuyết Marx – Lenin”. Theo đó, một tòa án ở tỉnh Lâm Đồng vừa tuyên án 8 năm tù, đối với ông Hoàng Việt Khánh, 41 tuổi, bị khép vào tội “tuyên truyền chống nhà nước”, do đăng tải các bài viết trên Facebook, kêu gọi chính quyền Việt Nam từ bỏ học thuyết Marx-Lenin, mà Đảng Cộng sản cầm quyền đã theo đuổi hơn 90 năm qua. VOA dẫn tường thuật của báo chí trong nước, cho biết, Hội đồng Xét xử tại phiên tòa sơ thẩm hôm 24/9, đã tuyên phạt án tù trên đối với ông Khánh, cáo buộc ông tạo, đăng 126 bài viết, và một video clip trên Facebook, chỉ trích các chính sách của Đảng và nhà nước Việt Nam, về chính trị, kinh tế và xã hội. Đồng thời, theo báo chí nhà nước: “Ông cũng xuyên tạc lịch sử dân tộc, phỉ báng và lăng mạ các nhà lãnh đạo, vu khống các quan chức cấp cao của Đảng, cũng như phát tán thông tin sai sự thật.” VOA dẫn trang An Ninh Ti vi của Bộ Công an, cho hay, với tài khoản trên Facebook mang tên Hoàng Dũng, từ tháng 6/2018 đến tháng 9/2023, ông Khánh bị cho là đã “tham gia các hội nhóm kín, kêu gọi từ bỏ học thuyết Marx-Lenin, xóa bỏ vai trò lãnh đạo của Đảng Cộng sản Việt Nam”. Tài khoản Facebook của ông Khánh, người bị bắt hồi 2/2024, thu hút hơn 45.000 người đăng ký và theo dõi, cáo trạng cho biết. VOA nhắc lại, Chủ nghĩa Marx-Lenin được Liên Xô áp dụng, để diễn dịch và xây dựng Chủ nghĩa Xã hội, từ đầu những năm 1920, tiếp đến được thực thi ở các nước Đông Âu, và lan sang các nước như Cuba, Venezuela, Trung Quốc, Triều Tiên, và Việt Nam. VOA cho biết, dù học thuyết này bị một số quốc gia phương Tây chỉ trích, là mô hình để các nhà lãnh đạo Cộng sản thể hiện tính độc tài, chuyên quyền, và toàn trị, Đảng Cộng sản Việt Nam vẫn theo đuổi nó, từ lúc thành lập vào năm 1930 đến nay. Chính quyền Việt Nam do Đảng Cộng sản cai trị, thường bác bỏ các cáo buộc vi phạm nhân quyền và không dung thứ những tiếng nói chỉ trích đảng cầm quyền, hay các nhà lãnh đạo của Đảng. VOA cũng cho biết, ngày 10/9, một tòa án ở Hà Nội đã tuyên phạt 6 năm tù đối với ông Hoàng Tùng Thiện, 46 tuổi, sau khi ông lập các trang web bị xem là nhằm “tuyên truyền đa nguyên, đa đảng”, và có ý định sáng lập đảng Lạc Hồng để cạnh tranh với Đảng Cộng sản Việt Nam. Theo VOA, truyền thông nhà nước dẫn cáo trạng, cho rằng, từ tháng 10/2023, ông Hoàng Tùng Thiện sử dụng 2 trang web là “Ước mơ Việt” (uocmoviet.net) và “Đảng Đoàn” (dangdoan.org) để đăng tải các bài viết, quan điểm của mình về đa nguyên chính trị, đa đảng tại Việt Nam, đồng thời vận động tham gia hội nhóm của ông. Trước đó, từ tháng 4/2023, ông Thiện đã đăng tải các bài viết “có nội dung xấu, tuyên truyền đa nguyên, đa đảng; nói xấu Đảng, chế độ chính trị, xuyên tạc về các lãnh đạo Đảng, Nhà nước”. VOA trích dẫn bài viết “Điều gì xảy ra nếu tôi bị bắt”, đăng trên Facebook của ông Thiện vào tháng 1/2024: “Đổi mới hệ thống chính trị, bao gồm đa đảng, là một chủ trương quan trọng số 1 quốc gia.” “Nếu tôi bị bắt, ít nhất đến thời điểm này, chưa ai có đủ khả năng triển khai Đổi mới hệ thống chính trị, bao gồm lật đổ Cộng sản và xây dựng chế độ đa đảng tại Việt Nam.” VOA cho biết thêm, cũng như ông Khánh, ông Thiện bị án tù với tội danh “tuyên truyền chống nhà nước”, theo quy định tại Điều 117 của Bộ luật Hình sự 2015. Vẫn theo VOA, nhiều tổ chức nhân quyền quốc tế, các quốc gia phương Tây và cả các báo viên đặc biệt của Liên Hiệp Quốc, đã nhiều lần khuyến nghị chính quyền Việt Nam bãi bỏ Điều luật 117, cùng với các điều luật khác của Việt Nam về an ninh quốc gia, cho rằng, chúng được sử dụng rộng rãi để hạn chế quyền tự do ngôn luận của người dân. Tuy nhiên, chính quyền Việt Nam bác bỏ khuyến nghị này, biện hộ rằng, chúng được xây dựng “hoàn toàn hợp hiến”, và phù hợp với các công ước quốc tế về nhân quyền. ",Quang Minh – thoibao.de,thoibao.de
9 người Việt Nam bị bắt giữ ở Thái Lan vì hành vi bắt cóc,"Ngày 27/9, VOA Tiếng Việt cho hay, “Cảnh sát Thái Lan bắt giữ 9 người Việt Nam vì bắt cóc 1 người Thái Lan, 1 người Đài Loan”. VOA trích dẫn nguồn tin từ các hãng tin quốc tế, cho hay, nhà chức trách Thái Lan đã bắt giữ 9 người đàn ông Việt Nam ở Bangkok, với cáo buộc giam giữ trái phép một phụ nữ Thái Lan và một người đàn ông Đài Loan, đồng thời đã đánh đập người đàn ông, để ép ông ấy trả khoản nợ 1,7 triệu baht, từ một giao dịch về tiền mã hóa. VOA dẫn lời Thiếu tướng cảnh sát Phanthana Nutchanart – Phó Cục trưởng Cục Xuất nhập cảnh Thái Lan, cho hay, giới chức Thái Lan đã tiến hành điều tra, sau khi nhận được thông tin rằng, một nhóm công dân nước ngoài đã bắt giữ một đôi nam nữ, vì chuyện nợ nần. VOA dẫn các trang tin quốc tế, theo đó, người phụ nữ Thái Lan được nêu tên là Suchada, 33 tuổi, và người đàn ông Đài Loan là Li, 21 tuổi. Các điều tra viên phát hiện rằng, những nghi phạm là công dân Việt Nam, điều hành một cơ sở kinh doanh tiền kỹ thuật số ở Thái Lan, cư trú tại Lat Phao Soi 41, ở khu vực Chankasem của quận Chatuchak. VOA cho biết, cảnh sát đã theo dõi hoạt động của những người bên trong ngôi nhà, họ nhận thấy, có nhiều người ở đó và hành xử một cách đáng ngờ. Theo VOA, hôm 25/9, một số người đàn ông đã lên một xe ô tô đeo biển số giả và rời khỏi ngôi nhà. Sau đó, các sĩ quan cảnh sát đã lần theo dấu vết của họ, đến một nhà kho ở tỉnh Suphan Buri. Đêm hôm đó, chiếc xe rời khỏi nhà kho và quay trở lại ngôi nhà ở Lat Phrao Soi 41. Nhóm người đáng ngờ đã đưa một người đàn ông và một người phụ nữ ra khỏi xe. VOA tiếp tục dẫn các hãng tin quốc tế, cho biết, Cục Xuất nhập cảnh Thái Lan đã nhận được thông tin từ các quan chức Đài Loan ở Bangkok rằng, cha của ông Li đã nộp đơn trình báo với cảnh sát ở Tân Đài Bắc, sau khi con trai ông gọi điện cho gia đình ở Đài Loan, đề nghị họ chuyển tiền cho ông ấy. Ông Li đã nói với cha mình rằng, ông bị một nhóm người đàn ông Việt Nam bắt giữ, hành hung, và đe dọa sẽ giết ông. VOA cũng cho biết, cảnh sát đã tìm thấy bà Suchada và ông Li trong một căn phòng của ngôi nhà. 9 người đàn ông Việt Nam đã bị bắt giữ. Cảnh sát cũng thu giữ 1 khẩu súng lục Smith & Wesson, 33 viên đạn, và 2 xe hơi. VOA dẫn lời khai của bà Suchada, trong quá trình thẩm vấn, nói rằng, bà là bạn gái của ông Li. Một nhà môi giới người Thái đã đưa họ đến ngôi nhà, vì ông Li muốn mua tiền kỹ thuật số Tether, trị giá khoảng 1,7 triệu baht, tương đương hơn 52.200 đô la Mỹ. Hai ông bà sau đó đã gặp một người đàn ông có tên là Phạm Ngọc và thảo luận việc mua bán. Những người đàn ông Việt Nam đã chuyển số tiền kỹ thuật số, tương đương với 16,3 triệu baht, vào một ví kỹ thuật số do ông Li cung cấp. Tuy nhiên, ông Li đã không chuyển số tiền Thái Lan cho nhóm người Việt. Vẫn theo VOA, ông Li chỉ là đại diện cho một người đàn ông khác, tên là Artong. Sau khi nhận được tiền chuyển khoản, Artong đã cắt đứt liên lạc, Thiếu tướng cảnh sát Phanthana cho biết. VOA dẫn lời khai của ông Li với cảnh sát, rằng, những người đàn ông Việt Nam đã khống chế ông Li và bà Suchada. Họ đã đánh người đàn ông Đài Loan bằng ống kim loại, và trói một sợi dây quanh cổ ông. Họ cũng đe dọa sẽ dùng kéo cắt đứt ngón tay của ông. Có lúc, họ đánh vào đầu ông bằng súng, và đe dọa sẽ giết ông, nếu ông không trả lại tiền. VOA cho biết thêm, cảnh sát xuất nhập cảnh đã thu hồi giấy phép lưu trú của 9 người Việt Nam, và thu giữ vũ khí, xe cộ của họ. Các nghi phạm đã được bàn giao cho đồn cảnh sát Phahon Yothin, để xử lý theo pháp luật. ",Minh Vũ – thoibao.de,thoibao.de
Ba di dân Việt bị kết án tù ở Hong Kong,"Ngày 27/9, VOA Tiếng Việt cho hay “Hong Kong kết án tù 3 di dân Việt bán thịt chó, mèo”. VOA dẫn báo Bưu điện Hoa Nam Buổi sáng cho biết, một tòa án ở Hong Hong hôm 27/9, đã tuyên án 3 người nhập cư bất hợp pháp từ Việt Nam, hơn 17 tháng tù, vì kinh doanh một nhà hàng không có giấy phép bán thịt chó và thịt mèo, cho những người đồng hương tại đây. Tờ báo nói trên ghi nhận rằng, tại phiên tòa được xét xử ở Tòa án West Kowloon, luật sư bào chữa cho 3 người Việt nói, thân chủ của bà không biết rằng, việc bán và ăn các món làm từ thịt chó, mèo, ở Hong Kong là bất hợp pháp, vì họ đến từ một quốc gia mà việc tiêu thụ những loại động vật này được chấp nhận. VOA cho biết, đầu tháng trước, chủ quán ăn người Việt, Tran Quang Tan, 51 tuổi, đã nhận tội kinh doanh dịch vụ ăn uống mà không được cấp phép. Ông Tan đã thuê vợ mình, Le Thi Oanh, 44 tuổi, và con rể, Nguyen Manh Dat, 26 tuổi, làm việc tại nhà hàng trong một căn hộ chung cư ở Mong Kok, vào đầu năm nay. Theo Bưu điện Hoa Nam Buổi sáng, cả 3 bị cáo thừa nhận tội bán thịt chó làm thực phẩm, và sử dụng thịt chó, mèo để tiêu thụ. VOA cũng cho biết, tờ báo trên dẫn lời Thẩm phán Gary Chu Man-hon, nói rằng, việc bán thịt chó, mèo, không chỉ vi phạm pháp luật, mà còn làm trầm trọng thêm tội làm việc bất hợp pháp tại Hong Kong, với tư cách là những người được cấp quyền không bị trục xuất, nhưng không có quyền làm việc. Theo VOA, lực lượng thực thi pháp luật đã tịch thu 35kg thịt chó, mèo, khi đột kích vào căn chung cư của các di dân Việt trong vụ án này. Những túi thịt này được cho là đã được vận chuyển lậu vào Hong Kong bằng đường thủy. VOA tiếp tục dẫn báo Bưu điện Hoa Nam Buổi sáng, cho biết, Hong Kong cấm giết mổ và bán thịt chó và mèo kể từ năm 1950. Những người vi phạm có thể phải đối mặt với án tù lên tới 6 tháng, và mức phạt tối đa là 5.000 đô la Hong Kong. Những hành vi như vậy cũng đã bị cấm ở Trung Quốc đại lục, từ tháng 5/2020. Bên cạnh đó, VOA dẫn báo VietNamNet cho hay, việc tiêu thụ thịt từ chó và mèo không bị cấm ở Việt Nam. Tuy nhiên, những người Việt thế hệ trẻ đã có những nhìn nhận khác, và mong muốn, hoạt động buôn bán thịt cho mèo không gây ảnh hưởng tiêu cực đến hình ảnh Việt Nam. VOA cho biết thêm, tại Hong Kong, những người nhập cư bất hợp pháp có thể yêu cầu Sở Di trú bảo vệ, để không bị trục xuất. Điều này đảm bảo rằng, họ sẽ không bị trục xuất đến một quốc gia mà họ có nguy cơ bị đàn áp hoặc tra tấn. Nhưng theo Sắc lệnh Di trú, họ bị cấm nhận bất kỳ công việc nào, dù có lương hay không, hoặc thành lập hoặc tham gia vào bất kỳ doanh nghiệp nào. Đây là một hành vi phạm tội, có thể bị phạt tối đa là 50.000 đô la Hong Kong và 3 năm tù. Liên quan đến vụ án này, trước đó, VOA đã loan tin về phiên xét xử tại Tòa án West Kowloon, đối với 3 bị cáo trên, hôm 8/8. Bản tin này cũng dẫn tờ Bưu điện Hoa Nam Buổi sáng, cho biết, bị cáo thứ 4, Tran Nhat Minh, con trai 16 tuổi của vợ chồng ông Tan và bà Oanh, đã không nhận tội trước 3 cáo buộc, gồm bán thịt chó, sử dụng thịt chó và thịt mèo để tiêu thụ, cũng như làm việc bất hợp pháp. Những người Việt bị xét xử trong vụ án này đều đã nộp đơn xin không bị trục xuất khỏi Hong Kong. VOA dẫn tin từ các tờ báo của Hong Kong, cho biết, những người trong gia đình này đã bị bắt giữ từ ngày 29/2, khi các cơ quan công quyền của Hong Kong phối hợp hành động, đột kích vào căn hộ chung cư của họ, và phát hiện ra một lượng thịt chó mèo, được cất giữ trong 34 túi. Cơ sở này đã hoạt động được khoảng 6 tháng, và chỉ phục vụ cộng đồng người Việt ở Hong Kong. ",Xuân Hưng – thoibao.de,thoibao.de
Cựu TNLT Huỳnh Thị Tố Nga lánh nạn sang Thái Lan trước nguy cơ bị bắt giam lần thứ hai,"Sau đây là bài viết mới nhất của bà Huỳnh Thị Tố Nga kể lại những gì đã xảy ra: Còn vài ngày nữa thôi là tròn sáu tháng tôi rời ngôi nhà thân thương, ngôi nhà mà tôi và chồng tôi đã tự tay gầy dựng trong bao nhiêu năm. Tôi đã phải ra đi, chọn con đường lánh nạn cộng sản để không phải vào tù một lần nữa. Sau khi ra tù, công an TPHCM đã nhiều lần mời tôi làm việc và bắt buộc tôi phải dừng việc viết bài lại, nếu tôi vẫn tiếp tục thì họ sẽ bắt tôi lần nữa, họ và tôi trao đổi thẳng thắn quan điểm này, họ thừa hành để bắt tôi vì (theo họ) tôi có tội, chứ không phải họ muốn đe dọa tôi. Tôi đã nhiều lần nói với họ rằng tôi không đồng ý, tôi không thể cúi đầu câm lặng mà sống. Cho dù tôi có cúi đầu câm lặng, với bản chất của họ, đã hiểu rõ tư tưởng của tôi, thì họ cũng không bao giờ để tôi yên. Tôi chỉ có con đường tiếp tục công việc mà tôi đã chọn. Tôi nói việc đưa ra đường lối xây dựng đất nước là “công việc” vì tôi cho rằng tôi phải có trách nhiệm với những gì tôi đã chọn, đã làm, chứ không phải thích thì nói, thích thì làm, không thích thì bỏ. Từ tháng 9/2023, tức là sáu tháng sau khi tôi ra tù, họ bắt đầu căng thẳng với tôi, họ theo dõi từng bước đi của tôi, điều tra những người có tiếp xúc với tôi, mặc dù những người này không biết gì về cá nhân tôi. Từ đó cho đến khi tôi ra đi, họ gửi giấy mời dồn dập, gọi điện cho chồng tôi nhiều lần, vào bệnh viện của chồng tôi để làm việc với anh ấy. Khi tôi không đi làm việc, họ đến nhà tìm tôi, nhưng tôi không ra khỏi nhà. Tôi biết tình hình tôi không thể nào thoát khỏi tay họ, tôi quyết định đi khỏi Việt Nam. Chỉ có hai ngày để tôi quyết định cho sự lựa chọn này, một là ở Việt Nam và vào tù lần nữa, lần ở tù này sẽ dài hơn lần đầu rất nhiều, không thể tiếp tục công việc đang làm, hai là đi khỏi Việt Nam và có thể sẽ không bao giờ còn trở về được nữa, có thể không còn gặp được người thân. Cả hai lựa chọn đều nghiệt ngã! Những người bạn biết được sự việc khuyên tôi nên đi, không được chần chừ giây phút nào, họ cố gắng giúp tôi đi khỏi Việt Nam. Tôi mạo hiểm dắt con gái theo, vì không thể nhìn con khóc khi biết tôi phải đi như vậy. Đoạn đường đi tôi phải tự thân xoay sở, có thể bị bắt lại bất cứ lúc nào hoặc bỏ mạng là bình thường. Đây là trải nghiệm không bao giờ tôi quên được. Con gái tôi nói, con cũng sẽ viết lại những cảm xúc khi con cùng mẹ đi như thế này, tuy không hiểu hết những nguy hiểm thật sự phải đối mặt khi đi như vậy, nhưng con gái cũng hiểu được phần nào. Sau khi tôi đi, công an tới nhà tôi, tìm tôi liên tục. Những ngày đó, chỉ còn con trai và chồng tôi, khi chồng tôi đi làm, con trai ở nhà một mình phải khóa cửa nhà, ở trong nhà không dám ra ngoài. Họ tới nhà đập cửa tìm tôi, con trai trong nhà sợ hãi và im lặng. Tìm không được họ hỏi hàng xóm của tôi về tôi, tất nhiên hàng xóm tôi làm sao biết được sự việc mà nói họ. Họ gọi điện chồng tôi nhiều lần, nói chồng tôi hãy khuyên tôi ra gặp họ (kiểu như ra tự thú). Cho tới khi họ bắt buộc chồng tôi phải gặp họ làm việc, thì chồng tôi im lặng và cùng con trai bay qua Thái Lan cùng tôi, nếu chậm trễ, có lẽ họ sẽ cấm xuất cảnh đối với chồng tôi. Những cuộc gọi cho chồng tôi đều là an ninh TPHCM chứ không phải Công an địa phương. Chồng tôi phải nghỉ việc không báo trước, sau khi qua Thái Lan, chồng tôi mới báo với bệnh viện anh xin nghỉ việc, may mắn sao cơ quan anh cũng thông cảm mà giải quyết cho dù họ cũng không biết tại sao lại đột ngột như vậy. Tôi đã im lặng việc tôi ra đi cho đến bây giờ, vẫn tiếp tục viết bài như bình thường, đã phải tỏ ra mọi việc bình thường cho đến hiện tại, nếu như họ không “khủng bố” những người không liên quan với tôi ở Việt Nam thì chắc tôi cũng không nói ra làm gì. Công an Việt Nam đã biết tôi sang Thái Lan từ lâu, chính họ nói với những người hàng xóm của tôi rằng tôi đã sang Thái Lan, và muốn những người này biết gì về tôi hiện tại thì nói họ biết. Họ cố tình truy hỏi những người mà họ nghĩ rằng có liên lạc với tôi ở Thái Lan để truy ra nơi tôi ở. Họ xin mật khẩu wifi của nhà hàng xóm dùng chung wifi với nhà tôi ở Việt Nam, họ đi từng nhà hỏi số điện thoại của tôi, họ dùng nghiệp vụ để mọi cách có thể biết tung tích tôi ở Thái Lan. Họ không từ bỏ thủ đoạn đàn áp xuyên quốc gia, họ lại muốn giờ trò bắt cóc hay sao? Tất nhiên là không ai biết tôi ở đâu, chỉ biết ở Thái Lan mà thôi, kể cả người thân gia đình tôi ở Việt Nam cũng vậy, họ không biết cụ thể tôi ở đâu. Tôi chưa từng tiết lộ cho bất cứ ai biết, kể cả người hướng dẫn tôi đi Thái. Không phải vì tôi không tin tưởng mà liên lạc qua thiết bị sẽ có nguy cơ rò rỉ thông tin dù là nhắn tin hay gọi điện thoại. Tôi nói vậy để an ninh hiểu rằng, đừng tốn công vô ích tìm người gia đình tôi hay bạn bè, hàng xóm của tôi mà truy hỏi tung tích tôi nữa. Các anh làm vậy chỉ thêm xấu mặt các anh mà thôi. Hãy để cho họ yên! Bôn ba rong ruổi xứ người Để xem vận nước xoay vần đến đâu! ","Huỳnh Thị Tố Nga Sep 28, 2024",thoibao.de
Hồ sơ nhân quyền kém cỏi của Tô Lâm,"VOA Tiếng Việt ngày 24/9, cho hay “HRW: Lãnh đạo Tô Lâm của Việt Nam “xưa nay vẫn là kẻ vi phạm nhân quyền”’. VOA cho biết, Tổ chức Theo dõi Nhân quyền (HRW) cho rằng, Việt Nam chỉ thả “tượng trưng” một số ít tù nhân lương tâm, trong khi, vẫn ra tay “đàn áp khắc nghiệt” đối với giới tranh đấu cho nhân quyền. VOA dẫn thông cáo của Tổ chức Theo dõi Nhân quyền, ngày 23/9, do ông John Sifton, Giám đốc vận động Châu Á, viết: “Ông Tô Lâm, tân Chủ tịch nước Việt Nam, là một trong số nhiều nhà lãnh đạo thế giới có hồ sơ nhân quyền kém cỏi, đến thăm thành phố New York trong tuần này, để tham dự cuộc họp cấp cao của Đại hội đồng Liên Hiệp Quốc.” Bởi ông Tô Lâm đã đàn áp những người bất đồng chính kiến, với hàng trăm nhà báo và người bảo vệ nhân quyền bị bắt và bị giam cầm, khi còn là Bộ trưởng Công an. VOA cũng cho biết, nhà hoạt động môi trường Hoàng Thị Minh Hồng từng theo học tại Đại học Columbia, với tư cách là người nhận học bổng Obama. “Sự phản đối trong cộng đồng Đại học Columbia, dường như đã buộc chính quyền Việt Nam phải thả bà Hồng” – ông Sifton lưu ý. Theo VOA, ông Tô Lâm đã phát biểu về chính sách và giao lưu với sinh viên tại Đại học Columbia Thông cáo của HRW đề cập đến việc ông Trần Huỳnh Duy Thức được trả tự do trước hạn, nhưng vẫn phải chịu án quản chế 5 năm sau án tù. “Sự phi lý độc đoán như vậy bao quanh ông Tô Lâm”, HRW nhận xét. Thông cáo này cũng nhắc đến việc, nhà hoạt động Bùi Tuấn Lâm bị phạt 5 năm rưỡi tù, sau khi làm video chế giễu bữa ăn bò bít tết dát vàng của ông Tô Lâm. HRW đánh giá rằng, chính quyền Việt Nam thường xuyên bắt giữ và truy tố những người bất đồng chính kiến, vì họ sử dụng các nền tảng mạng xã hội như Facebook và YouTube, để thực hiện tự do ngôn luận, bao gồm, ông Phan Vân Bách, ông Nguyễn Vũ Bình, bà Phạm Đoan Trang, blogger Huy Đức và nhiều người khác. Ông Shifton của HRW kêu gọi, ông Biden và các giám đốc điều hành của Meta và Google, khi tiếp ông Tô Lâm trong ngày 25/9, chớ xem việc trả tự do cho 2 nhà hoạt động Hoàng Thị Minh Hồng và Trần Huỳnh Duy Thức, là bằng chứng về cải cách. “Họ nên nêu lên mối quan ngại về tất cả những người bị truy tố oan, vì các bài đăng trực tuyến, công khai kêu gọi trả tự do và tìm kiếm hành động chứng minh rằng, quyền tự do ngôn luận trực tuyến tại Việt Nam sẽ được bảo vệ”, ông Shifton nhấn mạnh. Vẫn theo VOA, đối với một số người, việc ông Tô Lâm trả tự do sớm cho ông Thức và bà Hồng, cho thấy “có những tín hiệu cởi mở”. Tuy nhiên, giới đấu tranh cho tự do, nhân quyền, khẳng định rằng, không có gì gọi là sự “cởi mở” cả, vì thực chất, việc trả tự do sớm hơn hạn định ít tháng, chỉ là để “làm quà” cho chuyến thăm Hoa Kỳ, nhằm xoa dịu Chính phủ Mỹ, về vấn đề nhân quyền tại Việt Nam. VOA dẫn nhận định của nhà hoạt động, cựu tù nhân Phạm Minh Hoàng, ở Pháp, cho rằng” “Những chuyện thả như vậy là sự đổi chác, vẫn xảy ra bình thường.” “Những tiền lệ đã xảy ra, và đến nay vẫn đúng: mỗi lần có quan chức qua Mỹ thì thường có việc này, như món quà vậy đó.” VOA nhắc lại, chính quyền Việt Nam vào các dịp khác nhau, vẫn bác bỏ cáo buộc cho rằng, họ vi phạm nhân quyền, và khăng khăng rằng, các quyền căn bản của người dân luôn được đảm bảo. VOA cho biết thêm, hôm 23/9, tổ chức Ân xá Quốc tế đã ghi nhận việc ông Thức được chính quyền Việt Nam phóng thích, nhưng nói rõ rằng, “lẽ ra ông không phải ngồi tù ngay từ đầu”. “Chính phủ Việt Nam phải chấm dứt án quản chế ông Thức, cũng như trả tự do cho tất cả những người khác bị bỏ tù, vì thực hiện quyền tự do ngôn luận của họ” –Ân xá Quốc tế kêu gọi. ",Hoàng Anh –  thoibao.de,thoibao.de
Thêm một người bị bắt liên quan tổ chức của ông Đào Minh Quân,"Ngày 22/9, RFA Tiếng Việt loan tin “Kiên Giang: công an bắt giữ một phụ nữ, tịch thu hơn 3.000 tờ truyền đơn, cờ Việt Nam Cộng hoà”. RFA dẫn báo chí nhà nước ngày 22/9, cho biết, Cơ quan An ninh điều tra Công an tỉnh Kiên Giang mới đây đã bắt giữ một phụ nữ 63 tuổi (cư ngụ tại thành phố Rạch Giá), với cáo buộc “hoạt động nhằm lật đổ chính quyền nhân dân”. Công an cũng cho biết, đã thu giữ ở nhà bà này hơn 3.000 tờ truyền đơn, có nội dung kích động, gây rối an ninh trật tự, và các mảnh vải vàng ba sọc đỏ giống cờ của Việt Nam Cộng hoà. RFA cho biết, theo truyền thông nhà nước, người bị bắt giữ là bà Nguyễn Ngọc Châu. Bà Châu bị cáo buộc có liên quan tới Chính phủ Quốc gia Việt Nam lâm thời, do ông Đào Minh Quân cầm đầu. Đây là tổ chức của người Việt ở Mỹ, và đã bị Việt Nam xếp vào danh sách các tổ chức khủng bố. Đại diện của tổ chức này, trong một lần trả lời phỏng vấn của RFA trước đây, đã phản bác cáo buộc này. Theo RFA, báo chí nhà nước dẫn thông tin từ Công an tỉnh Kiên Giang, cho biết, các tờ truyền đơn được thu giữ ở nhà bà Châu, được dùng để phát tán trong các dịp lễ, nhằm mục đích lật đổ chính quyền, theo sự chỉ đạo của tổ chức Chính phủ Quốc gia Việt Nam lâm thời. Công an cho báo chí biết, bà Châu đã sử dụng mạng xã hội Facebook, để liên hệ, trao đổi, với một số thành viên của tổ chức của ông Đào Minh Quân, để được hướng dẫn tham gia tổ chức, nhận nhiệm vụ rải truyền đơn nhân các dịp lễ. RFA cũng cho biết, chỉ trong vòng chưa đầy một tháng qua, Việt Nam đã bắt giữ ít nhất 5 người, bị cáo buộc tham gia tổ chức Chính phủ Quốc gia Việt Nam lâm thời. Việc bắt giữ chủ yếu được thực hiện vào dịp lễ Quốc khánh 2/9, và những người bị bắt giữ, bị cáo buộc chuẩn bị rải truyền đơn vào dịp này. Cụ thể, RFA liệt kê 5 trường hợp này như sau: Hôm 20/9, báo nhà nước cho biết, Công an thành phố Hồ Chí Minh – trong đợt thực hiện cao điểm đảm bảo an ninh trật tự dịp Lễ Quốc khánh 2/9 – đã phát hiện một số người lên kế hoạch in ấn, rải truyền đơn, có nội dung chống phá chính trị, xâm phạm an ninh quốc gia, trong dịp Lễ Quốc khánh 2/9. Ngày 29/8, Công an thành phố Hồ Chí Minh phối hợp Cục An ninh nội địa Bộ Công an, bắt quả tang bà Nguyễn Thị Hường (56 tuổi) thực hiện hành vi chuẩn bị truyền đơn, có nội dung kích động, theo báo Nhà nước. Công an đã thu giữ ở nhà bà này 1.000 tờ truyền đơn, cùng các phương tiện như máy in, máy tính, điện thoại… Công an thành phố Hồ Chí Minh cũng đồng thời triệu tập một người đàn ông có tên Trần Văn Linh (67 tuổi), về hành vi tham gia tổ chức Chính phủ Quốc gia Việt Nam lâm thời. Ông này bị công an xác minh, là đồng phạm của bà Hường. Ông Linh có nhiệm vụ thực hiện khảo sát các địa điểm đông người trên địa bàn thành phố Hồ Chí Minh, như công viên, trường học, bệnh viện… để chuẩn bị thực hiện việc dán, rải truyền đơn. Vào ngày 30/8, 2 người này bị khởi tố bị can và bị bắt tạm giam. Vào các ngày 29/8 và 31/8, công an các tỉnh Lâm Đồng và Hậu Giang cũng tiến hành bắt giữ 2 người đàn ông khác, với cáo buộc tham gia tổ chức Chính phủ Quốc gia Việt Nam lâm thời. Ông Phạm Hoàng (67 tuổi) ở tỉnh Lâm Đồng, bị bắt vào ngày 29/8, với cáo buộc có hành vi chuẩn bị rải truyền đơn dịp Quốc khánh. Ông Vương Văn Hồng Nam (61 tuổi) bị Công an tỉnh Hậu Giang bắt giữ, và khởi tố vào ngày 31/8, với cáo buộc tội hoạt động nhằm lật đổ chính quyền, và tham gia tổ chức Chính phủ Quốc gia Việt Nam lâm thời. ",Ý Nhi – thoibao.de,thoibao.de
"Mỹ đề xuất cấm phần mềm và phần cứng Trung Quốc trên xe hơi, do lo ngại an ninh quốc gia","Ngày 23/9, VOA Tiếng Việt cho hay “Chính quyền Biden đề xuất cấm phần mềm và phần cứng Trung Quốc trên xe hơi ở Mỹ”. VOA cho biết, Bộ Thương mại Mỹ ngày 23/9, đã đề xuất cấm phần mềm và phần cứng chủ chốt của Trung Quốc, trong các xe cộ lưu thông trên đường phố Mỹ, do lo ngại về an ninh quốc gia. Động thái này trên thực tế, sẽ tương ứng với việc cấm gần như tất cả xe hơi Trung Quốc vào thị trường Mỹ. Quy định này cũng sẽ buộc các hãng ô tô lớn của Mỹ và hãng ô tô khác, phải loại bỏ phần mềm và phần cứng chủ chốt của Trung Quốc, ra khỏi các xe cộ lưu thông ở Mỹ. Theo VOA, Chính quyền Biden đã nêu những lo ngại nghiêm trọng, về việc, các công ty Trung Quốc thu thập dữ liệu người lái và cơ sở hạ tầng của Mỹ, thông qua xe cộ kết nối, cũng như về khả năng thao túng các phương tiện kết nối với internet và hệ thống điều hướng. Nhà Trắng đã ra lệnh điều tra về những nguy cơ tiềm tàng này vào hồi tháng 2. Các lệnh cấm này sẽ ngăn chặn các hãng xe Trung Quốc thử nghiệm xe tự lái trên đường phố Mỹ, mở rộng sang phần mềm và phần cứng cho xe do các nước đối thủ khác, trong đó có Nga, sản xuất. VOA dẫn phát biểu của Bộ trưởng Thương mại Mỹ Gina Raimondo, trong cuộc họp báo hôm 23/9: “Khi các đối thủ nước ngoài xây dựng phần mềm để làm một chiếc xe, có nghĩa là nó có thể được sử dụng để do thám, có thể được điều khiển từ xa, và việc này đe dọa sự riêng tư và an toàn của người Mỹ lưu thông trên đường.” “Trong tình huống cực đoan, đối thủ nước ngoài có thể làm ngưng hoạt động, hoặc kiểm soát tất cả các phương tiện của họ đang lưu thông tại Mỹ cùng một lúc, gây ra tai nạn, tắc đường.” VOA nhận xét, động thái này là sự leo thang đáng kể trong các hạn chế hiện có của Mỹ, đối với các phương tiện giao thông, phần mềm và linh kiện của Trung Quốc. Hồi đầu tháng này, chính quyền Biden đã tăng thuế mạnh lên hàng nhập khẩu của Trung Quốc, bao gồm đánh thuế 100% đối với xe điện, cũng như tăng thêm thuế đối với pin xe điện, và các khoáng sản chủ chốt. Bà Raimondo cho biết, cơ quan bà đang hành động “trước khi các nhà cung cấp, nhà sản xuất ô tô và linh kiện, có dính đến Trung Quốc hoặc Nga trở nên phổ biến, và sử dụng rộng rãi trong ngành xe hơi của Mỹ… Chúng tôi sẽ không đợi cho đến khi đường sá của chúng tôi có đầy xe, và nguy cơ là hết sức lớn mới hành động”. VOA dẫn lời cố vấn An ninh Quốc gia Nhà Trắng Jake Sullivan, trong cùng cuộc họp báo nói trên, cho biết, Mỹ có vô số bằng chứng về việc Trung Quốc cài phần mềm xấu độc, vào cơ sở hạ tầng quan trọng của Mỹ. Vẫn theo VOA, đề xuất kêu gọi lệnh cấm phần mềm, có hiệu lực đối với các mẫu xe sản xuất năm 2027, trong khi, lệnh cấm phần cứng sẽ có hiệu lực đối với mẫu xe 2030, hoặc vào tháng 1/2029. Bộ Thương mại Mỹ cho công chúng 30 ngày để góp ý về đề xuất này, và hy vọng, sẽ hoàn tất nó trước ngày 20/1/2025. Các quy tắc sẽ áp dụng cho tất cả các phương tiện lưu thông trên đường, nhưng không bao gồm các phương tiện làm nông, hoặc khai mỏ, vốn không lưu thông trên đường sá công cộng. VOA cho biết thêm, Liên minh Đổi mới Ô tô vốn đại diện cho các hãng xe hơi lớn, bao gồm General Motors, Toyota, Volkswagen và Hyundai, đã cảnh báo rằng, việc thay đổi phần cứng và phần mềm sẽ mất thời gian. Tổ chức này lưu ý rằng, phần cứng và phần mềm được kết nối trong xe, được phát triển trên khắp thế giới, trong đó có Trung Quốc, nhưng không thể nêu chi tiết mức độ phổ biến của các thành phần do Trung Quốc sản xuất, trong các mẫu xe Mỹ. ",Xuân Hưng – thoibao.de,thoibao.de
Vụ Vạn Thịnh Phát sắp xét xử giai đoạn 2,"Ngày 16/9, BBC Tiếng Việt cho hay, “Xét xử bà Trương Mỹ Lan giai đoạn 2: nạn nhân trái phiếu đỏ mắt mong chờ”. Theo đó, Tòa án Nhân dân thành phố Hồ Chí Minh dự kiến đưa vụ án bà Trương Mỹ Lan và 32 đồng phạm giai đoạn 2, với 3 tội danh “Lừa đảo chiếm đoạt tài sản”, “Rửa tiền” và “Vận chuyển trái phép tiền tệ qua biên giới”, ra xét xử công khai từ ngày 19/9 đến ngày 19/10. BBC dẫn lời bà Bảo Ngọc ở Hải Phòng – một trong số bị hại, nói rằng, bà đã đỏ mắt mong chờ phiên xét xử này. “Tôi muốn tất cả các nạn nhân đã lầm tin tưởng vào Ngân hàng SCB, sẽ được trả lại đầy đủ gốc lẫn lãi số tiền họ bị lừa mua trái phiếu. Tôi rất mong pháp luật nghiêm minh với tất cả những bị cáo, vì họ đã gây thiệt hại về kinh tế, tinh thần cho nhiều bà con trong suốt gần 2 năm qua.” BBC dẫn cáo trạng, cho biết, bà Trương Mỹ Lan được cho là đã chỉ đạo phát hành 25 mã trái phiếu “khống”, thông qua các công ty con như: An Đông, Sunny World, Quang Thuận và Setra. Theo đó, thông qua Công ty Chứng khoán TVSI và Ngân hàng SCB, để phát hành và chào bán trái phiếu cho người dân, với lãi suất cao hơn lãi suất gửi tiết kiệm tại hệ thống Ngân hàng SCB. Việc này đã thu hút hơn 35.824 nhà đầu tư, huy động được tổng cộng hơn 30.000 tỷ đồng, mà không có tài sản đảm bảo. BBC đề cập đến việc người dân đổ dồn rút tiền tại hệ thống Ngân hàng SCB trên toàn quốc, vào tháng 10/2022, sau khi có thông tin bà Trương Mỹ Lan bị bắt. Từ đó, nhiều người “ngã ngửa” khi biết, tiền của mình bỏ vào SCB là mua trái phiếu, chứ không phải là gửi tiết kiệm. Nhiều cuộc biểu tình với hàng trăm người, đã nổ ra trước các trụ sở, chi nhánh của SCB trên cả nước, để đòi quyền lợi. BBC cho biết, từ tháng 10/2022 đến tháng 10/2023, bà Bảo Ngọc cùng những người bị lừa mua trái phiếu đã tập hợp lại, và gửi hơn một chục đơn khiếu nại lên các cơ quan chức năng, chầu chực ở các điểm được gọi là tiếp nhận thông tin của SCB, nhưng cũng không đạt được kết quả gì. Tới tháng 10/2023, Cơ quan Cảnh sát điều tra (C03) của Bộ Công an, phát đi thông báo tìm bị hại trong vụ án trái phiếu SCB, những bị hại như bà Ngọc mới có hy vọng, và giờ, vụ án cuối cùng cũng được đưa ra tòa xét xử. Bà Ngọc bộc bạch: “Không chỉ riêng tôi mà rất nhiều người khác đều chịu cảnh khó khăn, khi tiền bị giam vào một chỗ mà không biết tương lai sẽ đi về đâu. Nhiều đêm tôi mất ngủ lo nghĩ, gia đình tôi, mẹ tôi đã phải điều trị rối loạn lo âu tại nhà, và một lần nhập viện do suy nhược cơ thể kèm theo bệnh hen. Mẹ tôi suy nghĩ quá nhiều về số tiền dưỡng già của mình.” Theo BBC, với tội “Lừa đảo chiếm đoạt tài sản” số tiền hơn 30.081 tỷ đồng, bà Lan có thể đối mặt với khung hình phạt cao nhất là chung thân. Bên cạnh đó, bà Lan và một số đồng phạm còn đối mặt thêm tội “Rửa tiền” và “Vận chuyển trái phép tiền tệ qua biên giới”. Theo đó, bà Trương Mỹ Lan bị cáo buộc là đối tượng chủ mưu, cầm đầu tổ chức thực hiện rửa tiền, với tổng số tiền hơn 445.000 tỷ đồng. Mức phạt cao nhất có thể áp dụng đối với tội danh “Rửa tiền”, là phạt tiền từ 10 đến 20 tỷ đồng, hoặc đình chỉ hoạt động có thời hạn từ một 1 đến 3 năm. BBC cũng cho biết, với hành vi “Vận chuyển trái phép tiền tệ qua biên giới”, bà Lan bị cáo buộc cùng đồng phạm dùng các hợp đồng khống, tiền vay được chuyển ra nước ngoài hơn 1,5 tỉ USD, từ năm 2012 đến 2022. Ở chiều ngược lại, có hơn 3 tỷ USD được chuyển về Việt Nam trái pháp luật. Tổng số được vận chuyển trái phép tương đương hơn 106.730 tỉ đồng. BBC nhắc lại, tại phiên tòa sơ thẩm xét xử vụ án Vạn Thịnh Phát giai đoạn 1, bà Lan đã bị tuyên tử hình với các tội “Tham ô tài sản”, “Đưa hối lộ” và “Vi phạm quy định về cho vay trong hoạt động của các tổ chức tín dụng”. ",Xuân Hưng – thoibao.de,thoibao.de
VinFast đối mặt với cuộc điều tra của Chính phủ Hoa Kỳ,"Ngày 13/9, RFA Tiếng Việt cho hay “VinFast bị cơ quan của Chính phủ Mỹ mở cuộc điều tra”. RFA trích dẫn hãng tin quốc tế, cho biết, Cục Quản lý An toàn Giao thông Quốc lộ Hoa Kỳ đã mở cuộc điều tra sơ bộ, đối với 3.000 xe điện do hãng xe VinFast sản xuất, liên quan đến các báo cáo của những người lái xe VinFast VF8. Theo đó, Cục Quản lý An toàn Giao thông Quốc lộ Hoa Kỳ cho hay, hệ thống hỗ trợ giữ làn đường của dòng xe này “gặp khó khăn trong việc phát hiện làn đường, cung cấp thông tin lái không đúng cách, và người lái xe khó có thể giành lại quyền điều khiển”. RFA cũng dẫn Văn phòng Điều tra Khiếm khuyết của Cục Quản lý An toàn Giao thông Quốc lộ Hoa Kỳ, cho hay, một cuộc đánh giá sơ bộ sẽ kiểm tra phạm vi, tần suất, và mức độ nghiêm trọng của vấn đề tiềm ẩn, và tìm cách xác định xem có lỗi liên quan đến an toàn nào, tồn tại trong các xe liên quan hay không. RFA trích tuyên bố của VinFast, thể hiện sự tin tưởng vào các tiêu chuẩn an toàn của mình, nói rằng: “VinFast sẽ hợp tác toàn diện với Cục Quản lý An toàn Giao thông Quốc lộ Hoa Kỳ trong suốt quá trình này… Chúng tôi coi trọng mọi mối lo ngại về an toàn và sẽ tiếp tục theo dõi chặt chẽ tình hình.” Theo RFA, trước đó, Cục Quản lý An toàn Giao thông Quốc lộ Hoa Kỳ đã mở cuộc điều tra về vụ tai nạn vào ngày 24/4, liên quan đến một chiếc VinFast VF8, ở thành phố Pleasanton, tiểu bang California, khiến 4 người trong một gia đình tử vong. Một khiếu nại được nộp lên cơ quan này vào ngày 29/4, cho biết, hệ thống lái có thể là một vấn đề trong vụ tai nạn, khiến cặp vợ chồng cùng 2 đứa con, 13 và 9 tuổi của họ, tử vong. RFA cho biết, cho đến nay, trên trang web của Cục Quản lý An toàn Giao thông Quốc lộ Hoa Kỳ, đã có 23 khiếu nại liên quan đến xe VF8, và 2 lần hãng phải triệu hồi xe, liên quan đến túi khí và hệ thống điện. Khiếu nại gần nhất liên quan đến VF8 là vào ngày 27/8, theo đó, chủ sở hữu xe cho biết, đã mua nó từ tháng 3/2023, là một trong những chiếc đầu tiên được giao ở Mỹ, nhưng đã bị lỗi từ ngày đầu nhận xe. Người này cho hay: “Một sự cố thường xuyên xảy ra mà tôi gặp phải, là với hệ thống hỗ trợ giữ làn đường, liên tục bị lỗi và suýt gây ra một số vụ tai nạn khi đang trên đường cao tốc.” Ông khẳng định, đã nêu vấn đề này với kỹ thuật viên VinFast, và được thông báo rằng, những chủ sở hữu VinFast VF8 khác cũng đã báo cáo những vấn đề tương tự, và được khuyên tắt tính năng này trước khi bắt đầu lái xe, để tránh những tình huống nguy hiểm. Báo Người Việt, ngày 6/6 đưa tin, hãng xe VinFast đã phải triệu hồi 2,000 xe điện của mình ở Việt Nam, gồm các mẫu VF-e34, VF5 Plus, VF6 Plus, VF8 và VF9, để kiểm tra và thay thế linh kiện, liên quan đến 3 lỗi khác nhau, trong thông báo triệu hồi phát đi ngày 25/5. Vẫn theo báo Người Việt, vì lỗi nghiêm trọng của túi khí, VinFast đã tiếp tục phải triệu hồi 284 xe ở Mỹ và 155 xe ở Canada. Báo cáo triệu hồi xe của Cục Quản lý An toàn Giao thông Quốc lộ Hoa Kỳ cũng hé lộ thêm nhiều thông tin, về lần triệu hồi vì túi khí không đạt chuẩn này. Đây không phải là lần đầu VinFast phải triệu hồi xe ở Mỹ và Canada. Ngày 25/5/2023, VinFast đã phải triệu hồi toàn bộ 999 xe VF8 ở Mỹ, vì lỗi màn hình trắng. Đây là một lỗi tương đối nghiêm trọng, khi màn hình hiển thị của VF8 là màn hình điều khiển duy nhất trên xe. Những thông tin này cho thấy rằng, tâm lý nghi ngờ chất lượng xe điện VinFast không bảo đảm đang tăng cao, khi xe được thiết kế và phát triển bởi Trung Quốc và Ấn Độ, trong tình trạng vội vã, cũng như sử dụng nhà cung ứng linh kiện không bảo đảm tiêu chuẩn an toàn. ",Ý Nhi – thoibao.de,thoibao.de
"Vì sao, đã đến lúc có thể đếm ngược thời gian Trần Tuấn Anh sẽ “xộ khám”?","Tổng Bí thư Tô Lâm được cho là có chủ trương sẽ dỡ bỏ các di sản cũ của cố Tổng Bí thư Trọng, đặc biệt vấn đề nhân sự, để khẳng định “đốt lò không có trường hợp ngoại lệ”. Gần đây, các vụ việc liên quan đến sai phạm của Tập đoàn Điện lực Việt Nam EVN, đã được các cơ quan chức năng đốc thúc, xử lý rốt ráo. Theo giới thạo tin, trong số các nhân sự cấp cao bị gọi tên, có cựu Ủy viên Bộ Chính trị, cựu Bộ trưởng Bộ Công thương Trần Tuấn Anh. Mới nhất, truyền thông nhà nước đồng loạt đưa tin, cơ quan An ninh Điều tra Bộ Công an vừa ban hành kết luận điều tra, và kết luận điều tra bổ sung, đề nghị truy tố 12 bị can, sai phạm trong việc ưu đãi giá điện, xảy ra ở Bộ Công thương. Theo đó, cựu Thứ trưởng Bộ Công thương Hoàng Quốc Vượng đã bị đề nghị truy tố về tội danh, “Lợi dụng chức vụ quyền hạn trong khi thi hành công vụ”. Ông Vượng đã cố ý điều chỉnh đối tượng ưu đãi, khác với chủ trương của Chính phủ, đối với các dự án điện mặt trời, để vụ lợi. Cụ thể, ông Vượng đã tạo cơ chế cho dự án Nhà máy điện mặt trời Trung Nam -Thuận Nam, được hưởng giá điện ưu đãi 9,35 Uscents/kWh, thay vì giá 7,09 Uscents/kWh. Được biết, nhà máy điện Trung Nam là một dự án của Công ty Cổ phần Đầu tư Xây dựng Trung Nam. Theo giới thạo tin, Tập đoàn Trung Nam là sân sau của gia đình ông Nguyễn Xuân Phúc và bà Trần Thị Nguyệt Thu. Kết luận điều tra, các hành vi sai phạm của cựu Thứ trưởng Vượng, đã gây thiệt hại hơn 900 tỉ đồng, cho Tập đoàn Điện lực Việt Nam – doanh nghiệp 100% vốn nhà nước. Mặc dù trước đó, Thủ tướng Chính phủ đã chỉ đạo, yêu cầu Bộ Công thương thực hiện nghiêm theo quy định. Theo đó, Tập đoàn Điện lực Việt Nam EVN đã mua điện và thanh toán 3.122 tỉ đồng cho nhà máy điện Trung Nam – Thuận Nam, để mua hơn 1,3 triệu kWh điện, với giá cao hơn quy định. Tổng số tiền thiệt hại, tính đến tháng 1/2023, ước chừng 774 tỉ đồng. Tuy nhiên, tại kết luận điều tra bổ sung vừa ban hành, cơ quan An ninh Điều tra Bộ Công an đã xác định lại số thiệt hại là hơn 900 tỉ đồng. Qua quá trình điều tra, ông Vượng khai, đã nhận của Công ty Trung Nam 1,5 tỉ đồng. Gia đình ông Vượng đã nộp lại số tiền này để khắc phục hậu quả. Trên mạng xã hội, có nhiều ý kiến khẳng định, việc ông Vượng “ưu ái” đối với nhà máy điện Trung Nam, thuộc Trung Nam Group – một sân sau của gia đình ông Nguyễn Xuân Phúc nói riêng, hay các công ty tư nhân nói chung, chắc chắn phải có “lại quả”, hay sự biếu xén quà cáp dưới gầm bàn. Với số tiền thiệt hại lên tới gần một ngàn tỷ, chắc chắn, số tiền lại quả cho Bộ Công thương không hề nhỏ, có thể lên đến hàng trăm tỷ đồng. Và chắc chắn, không thể không liên quan đến cựu Bộ trưởng Bộ Công thương Trần Tuấn Anh. Trước đó, vào đầu năm 2024, các cơ quan chức năng đã khởi tố, bắt giam, đối với hàng loạt các lãnh đạo ở Bộ Công thương và EVN. Trong đó có 2 thứ trưởng, là Hoàng Quốc Vượng và Đỗ Thắng Hải – phụ tá thân cận của cựu Bộ trưởng Trần Tuấn Anh. Công luận khẳng định, những sai phạm của ông Tuấn Anh là hết sức nghiêm trọng, đồng thời, đề nghị cần phải khởi tố hình sự và bắt giam ông, thì mới thỏa đáng. Theo giới quan sát, những ý kiến nêu trên xuất hiện chỉ sau một ngày, kể từ khi Ban Chấp hành Trung ương đồng ý để ông Trần Tuấn Anh thôi giữ các chức vụ, để nghỉ hưu sớm trước tuổi 60. Đây là chỉ dấu được cho là, ông Trần Tuấn Anh khó thoát tội, và không dễ được hạ cánh an toàn. Xin nhắc lại, theo giới phân tích, việc Bộ Công an dưới sự lãnh đạo của Tổng Bí thư Tô Lâm, nhân cơ hội này triệt hạ những vây cánh của cố Tổng Bí thư Trọng, như ông Trần Tuấn Anh, để lấy điểm với công luận, là điều chắc chắn. Cơ hội đã quá chín muồi. ",Trà My –  Thoibao.de,thoibao.de
Luật sư phản đối án oan Hồ Duy Hải bị kết án theo Điều 331,"Ngày 7/9, RFA Tiếng Việt loan tin “Toà án Việt Nam kết án tù luật sư phản đối án oan với tử tù Hồ Duy Hải”. RFA cho biết, 2 người kêu oan cho tử tù Hồ Duy Hải vừa bị Toà án Nhân dân tỉnh An Giang tuyên án tù, vào ngày 4/9 vừa qua, với cáo buộc tội lợi dụng các quyền tự do dân chủ, xâm phạm quyền, lợi ích hợp pháp của tổ chức, cá nhân. Một trong 2 người bị kết án là luật sư, thuộc Đoàn luật sư tỉnh Nam Định. RFA nhắc lại, tử tù Hồ Duy Hải đã kêu oan suốt từ năm 2008 tới nay. Đây là vụ án nổi tiếng, được nhiều luật sư và đại biểu Quốc hội lên tiếng, vì những chứng cứ điều tra không thuyết phục. RFA dẫn tin từ báo Công An Nhân Dân, hôm 4/9 cho biết, 2 người gồm bà Phan Ngọc Dung và luật sư Bùi Văn Khang của Đoàn Luật sư Nam Định, từ tháng 10/2021 đã tổ chức các hội luận, tọa đàm trực tuyến, trên kênh YouTube có tên “Tiếng Nói Lòng Dân”, để giải đáp các câu hỏi và tư vấn pháp luật cho những người tham gia buổi tọa đàm. Báo Công An Nhân Dân trích cáo trạng cho biết: “Từ tháng 10/2021 cho đến ngày 21/1/2024, Dung và Khang lợi dụng quyền tự do ngôn luận, lợi dụng vụ án Hồ Duy Hải, để tổ chức nhiều chương trình hội luận, tọa đàm trực tuyến, phát tán 1.200 video clip trên kênh YouTube “Tiếng Nói Lòng Dân” và Facebook “Diệu Nhàn” của Dung, có nội dung xuyên tạc, vu khống, xâm phạm danh dự, nhân phẩm cơ quan, tổ chức là Hội đồng Thẩm phán Toà án Nhân dân Tối cao và cá nhân là lãnh đạo Tòa án Nhân dân Tối cao, lãnh đạo Nhà nước, gây ảnh hưởng xấu đến an ninh trật tự, an toàn xã hội.” Theo RFA, ông Khang (75 tuổi) bị tòa tuyên án 2 năm tù, theo Điều 331 Bộ luật Hình sự. Bà Phan Ngọc Dung (69 tuổi) bị tòa tuyên 3 năm tù với cùng tội danh. Đây là điều luật đã bị nhiều tổ chức nhân quyền quốc tế lên án là mù mờ, và thường được chính quyền Việt Nam sử dụng để bịt miệng những tiếng nói đối lập. Được biết, vụ án Hồ Duy Hải là một vụ án hình sự nghiêm trọng, xảy ra vào tối 13/1/2008, tại Bưu Điện Cầu Voi, ấp 5, tỉnh Long An. Nạn nhân của vụ án này là 2 nữ nhân viên Bưu điện, là Nguyễn Thị Ánh Hồng (sinh năm 1985) và Nguyễn Thị Thu Vân (sinh năm 1987), bị giết bằng cách cắt cổ. Ngày 21/3/2008, nghi phạm Hồ Duy Hải sinh năm 1985 bị bắt. Hồ Duy Hải và gia đình đã liên tục kêu oan từ đó đến nay. Các phiên tòa sơ thẩm và phúc thẩm đều kết án tử hình Hồ Duy Hải, về tội giết người và cướp tài sản. Năm 2011, Viện trưởng Viện Kiểm sát Nhân dân Tối cao Nguyễn Hòa Bình đã quyết định không kháng nghị vụ án. Năm 2012, Chủ tịch nước Trương Tấn Sang bác đơn xin ân xá của Hồ Duy Hải. Năm 2014, trước phản đối của dư luận trong nước và quốc tế, cũng như của Quốc hội Việt Nam, Chủ tịch nước Trương Tấn Sang ra lệnh tạm dừng thi hành án tử hình đối với Hồ Duy Hải, việc chưa từng có tiền lệ trong lịch sử tư pháp. Năm 2019, Viện trưởng Viện Kiểm sát Nhân dân Tối cao Lê Minh Trí đã kháng nghị Giám đốc thẩm vụ án. Năm 2020, phiên Giám đốc thẩm của Tòa án Nhân dân Tối cao, do Chánh án Nguyễn Hòa Bình làm chủ toạ, đã không chấp nhận kháng nghị của Viện Kiểm sát và giữ nguyên bản án sơ thẩm. Đây là một vụ án có những vi phạm pháp luật nghiêm trọng, như: Tiêu hủy vật chứng, thay đổi vật chứng, bỏ sót các chứng cứ pháp y; ép cung, rút bỏ chứng cứ có lợi cho bị cáo… Tuy nhiên, Tòa án Tối cao nhận định, những vi phạm pháp luật này không làm thay đổi bản chất của vụ án, nên không cần thiết phải hủy các bản án sơ thẩm, phúc thẩm, để điều tra lại theo kháng nghị của Viện trưởng Viện Kiểm sát Nhân dân Tối cao. Theo dư luận, vụ án này là một vết nhơ trong sự nghiệp của ông Nguyễn Hoà Bình, trên cả cương vị Viện trưởng Viện Kiểm sát Tối cao và Chánh án Tòa án Tối cao. ",Ý Nhi –  thoibao.de,thoibao.de
Nhà báo Nguyễn Vũ Bình bị kết án 7 năm tù,"Bản án áp đặt lên đầu ông Nguyễn Vũ Bình được tuyên bố, bất chấp các lời biện hộ của các luật sư. Họ đã chứng minh rằng ông không làm gì sai trái ngoài những lời phát biểu hoặc bài viết những gì được hiến pháp công nhận. Phiên tòa xét xử và bản án đối với các người bất đồng chính kiến tại Việt Nam xưa nay thường được mọi người gọi là “án bỏ túi”. “Nhà báo Nguyễn Vũ Bình bị bắt và kết án tù 7 năm vì ông đã phát biểu quan điểm độc lập và bị nhà cầm quyền CSVN coi là có tội”. Shawn Crispin, đại diện khu vực Đông Nam Á của Ủy Ban Bảo Vệ Ký Giả Quốc Tế (CJP), cho hay. “Nhà cầm quyền Hà Nội hãy trả tự do tức khắc cho ông cũng như các nhà báo khác đang bị cầm tù một cách sai trái”. Đây là lần thứ hai ông Bình bị kết án tù. Nhà báo Nguyễn Vũ Bình tốt nghiệp khoa Kinh tế-Chính trị, đại học Tổng hợp Hà Nội. Sau khi tốt nghiệp, anh về làm việc gần 10 năm tại tạp chí Cộng sản khi ông Nguyễn Phú Trọng làm tổng biên tập tạp chí này. Tháng Mười Hai 2003, ông đã bị chế độ Hà Nội kết án 7 năm tù, vu cho ông tội danh gián điệp. Trước áp lực của phương tây, ông đã được trả tự do sớm vào Tháng Sáu 2007. Dù bị tù tội, sau khi ra tù, ông vẫn tiếp tục con đường dấu tranh cho một nước Việt Nam có nhân quyền, dân chủ tốt đẹp hơn. Chỉ trong hai tháng Tám và Chín vừa qua, tức từ khi ông Tô Lâm lên làm Tổng bí thư Chủ tịch nước của Việt Nam, đã có ít nhất 7 người bất đồng chính kiến bị kết án tù. Còn tính từ khi ông ta còn là Bộ trưởng Công an từ năm 2016 đến nay, nhà cầm quyền Việt Nam đã bỏ tù ít nhất 269 người dù họ chỉ phát biểu một cách ôn hòa các vấn đề của đất nước. Việt Nam là một trong số những nước độc tài đảng trị, hoặc quân phiệt, tôn giáo cuồng tín, luôn luôn nằm ở cuối bảng xếp hạng tự do báo chí trên thế giới, bên cạnh những nước khác như Bắc Hàn, Trung Quốc, Cuba, Iran, Myanmar. ",>> Nguyễn Hoà Bình có cứu được Nguyễn Xuân Phúc hay không?,thoibao.de
"Xét xử vụ án Trương Mỹ Lan giai đoạn 2, Tổng Bí thư Tô Lâm có thực hiện đúng cam kết?","Công cuộc chống tham nhũng của cố Tổng Bí thư Nguyễn Phú Trọng không đạt được kết quả như mong muốn. Nhưng việc cựu Bộ trưởng Công an Tô Lâm quyết định cho điều tra giai đoạn 2 vụ án Vạn Thịnh Phát, được công luận đánh giá cao. Theo giới phân tích quốc tế, đây là một vụ án tham nhũng đã gây thiệt hại lớn chưa từng thấy. Nếu vụ án này được điều tra sớm hơn và hoàn toàn độc lập, đồng thời làm tới nơi tới chốn, thì chắc chắn, sẽ có nhiều quan chức cấp cao của Đảng phải đứng trước vành móng ngựa. Vào trung tuần tháng 4/2024, tại phiên xét xử sơ thẩm, Tòa án Nhân dân thành phố Hồ Chí Minh đã tuyên mức án tử hình đối với bà Trương Mỹ Lan, trong vai trò chủ mưu. Ngay sau đó, bà Lan đã kháng cáo toàn bộ bản án sơ thẩm, đồng thời khẳng định, mình không chiếm đoạt tiền của Ngân hàng SCB, như phán quyết của Tòa. Truyền thông nhà nước ngày 6/9 đồng loạt đưa tin, “Xét xử vụ Vạn Thịnh Phát giai đoạn 2 vào ngày 19/9”. Bản tin cho biết, Tòa án Nhân dân thành phố Hồ Chí Minh vừa có quyết định, đưa vụ án Trương Mỹ Lan và 33 đồng phạm ra xét xử giai đoạn 2. Theo đó, bị cáo Lan tiếp tục hầu tòa với 3 cáo buộc “lừa đảo chiếm đoạt tài sản”, “rửa tiền” và “vận chuyển trái phép tiền tệ qua biên giới”. Theo cáo trạng, từ năm 2018 đến năm 2020, bà Trương Mỹ Lan đã đề ra chủ trương, và chỉ đạo cấp dưới phát hành 25 mã trái phiếu “khống”, để huy động vốn của 35.824 nhà đầu tư thứ cấp. Qua đó, thu về tổng số tiền hàng chục ngàn tỉ đồng, sử dụng vào nhiều mục đích khác nhau, dẫn đến mất khả năng thanh toán nợ trái phiếu. Cáo trạng còn nêu, bà Lan cùng đồng phạm đã vận chuyển trái phép số tiền hơn 4,5 tỉ USD qua biên giới. Đây là một vụ án được công luận hết sức quan tâm. Đặc biệt, dư luận muốn biết, Tổng Bí thư Tô Lâm có đôn đốc, làm rõ trách nhiệm của “sâu chúa” Lê Thanh Hải – cựu lãnh đạo có mối quan hệ mật thiết với bà Trương Mỹ Lan, hay không? Tuy nhiên, liên quan đến cuộc chiến trong Đảng Cộng sản Việt Nam, nguồn tin từ nội bộ của thoibao.de, đã tiết lộ một số chủ trương mới của Tổng Bí thư Tô Lâm. Theo đó, ông Tô Lâm chủ trương hạn chế bắt bớ lớn trong nước. Đồng thời, các quan chức cấp cao tham nhũng sẽ không xử lý hình sự, chỉ bắt nộp lại tiền rồi cho nghỉ. Kể cả các trường hợp cộm cán, tham nhũng đặc biệt lớn, như gia đình ông Nguyễn Xuân Phúc. Điều vừa kể có liên quan gì đến phản ứng bất thường của Ủy viên Bộ Chính trị, Chủ tịch Uỷ ban Mặt trận Tổ quốc Việt Nam Đỗ Văn Chiến, khi mới đây đã đưa ra tuyên bố, “lòng dân phẫn nộ, xót xa, ai oán vì các hành vi tham nhũng, hàng nghìn tỷ đồng tuồn ra nước ngoài mà không ai phải chịu trách nhiệm?”. Đồng thời, ông Chiến yêu cầu, cuộc chiến chống tham nhũng sẽ tiếp tục diễn ra, như cam kết của Tổng Bí thư Tô Lâm. Theo giới phân tích quốc tế, cơ quan chống tham nhũng của Việt Nam, lâu nay không dám cho mở tung cái “hũ mắm” có tên Vạn Thịnh Phát, của bà trùm Trương Mỹ Lan. Vì nếu bới ra, nó sẽ liên quan đến nhiều dây mơ, rễ má, trong hệ thống quan chức cấp cao của bộ máy chính quyền, kể từ năm 1992 cho đến ngày bà Trương Mỹ Lan bị khởi tố bắt giam. Việc chính quyền Việt Nam quyết định bơm 24 tỷ USD, để cứu Ngân hàng SCB, cho thấy, lãnh đạo Việt Nam thấy rõ về sự nguy hiểm, cũng như, cố gắng tránh một cuộc khủng hoảng tài chính mang tính dây chuyền. Bởi nếu không cứu Ngân hàng SCB, thì giàn lãnh đạo cấp cao của Đảng sẽ chết cả nút. Chúng ta hãy chờ xem. ",Trà My –  Thoibao.de,thoibao.de
Báo Việt Nam gỡ tin VNG bị khám xét,"Ngày 6/9, VOA Tiếng Việt cho hay “Bloomberg nói kỳ lân công nghệ VNG bị công an điều tra; báo Việt Nam gỡ tin khám xét công ty”. VOA dẫn một tuyên bố qua email của Công ty VNG Corp gửi tới hãng tin quốc tế trên, nói rằng, Công ty hiện đang bị cảnh sát thành phố Hồ Chí Minh điều tra. VOA cho biết, thông này dường như đã được đăng tải trên các trang báo mạng chính thống của Việt Nam, trong đó có Tuổi Trẻ, VietNamNet, Dân trí và Lao Động, nhưng hiện đã không thể truy cập được. Theo hãng tin quốc tế, VNG không tiết lộ bản chất của cuộc điều tra, hay cuộc điều tra sẽ kéo dài bao lâu, nhưng cho biết, họ “tiếp tục tích cực hợp tác với các cơ quan chức năng” trong quá trình điều tra. Công ty VNG, vốn sở hữu mạng xã hội Zalo, nói rằng, hoạt động của họ vẫn bình thường. VNG là doanh nghiệp khởi nghiệp đầu tiên ở Việt Nam được định giá trên 1 tỷ USD vào năm 2019, nên được gọi là “kỳ lân”. VOA cũng cho biết, khi tìm kiếm thông tin về cuộc điều tra đối với VNG, các tiêu đề liên quan vụ việc của các báo Tuổi Trẻ, VietNamNet, Dân Trí, hay Lao Động, xuất hiện trên Google. Các bản tin được đăng tải trong ngày 6/9. Tuy nhiên, các đường link này dẫn đến trang chủ, hoặc xuất hiện thông điệp “không tồn tại” sau khi nhấn vào. Theo VOA, việc các thông tin được đăng tải trên các báo mạng do nhà nước Việt Nam quản lý, rồi sau đó bị gỡ bỏ, đã xảy ra trước đây. Các nhà báo và cơ quan truyền thông ở Việt Nam cũng thường tự kiểm duyệt các nội dung của mình. Một bản tin của VietTimes với tựa đề “VNG nói gì về việc cảnh sát xuất hiện tại trụ sở”, hiện còn truy cập được, cho biết, Công ty này nói trong một thông cáo phát đi chiều ngày 6/9, rằng “Công an thành phố Hồ Chí Minh đã đến thanh tra đột xuất” trụ sở VNG Campus của Công ty, ở đường 13, phường Tân Thuận Đông, Quận 7. Theo tạp chí điện tử của Hội truyền thông số Việt Nam, VNG cho biết, công tác thanh tra vẫn đang diễn ra, và công ty vẫn đang phối hợp với cơ quan công an, cũng như cho biết rằng, các hoạt động kinh doanh và vận hành của họ vẫn diễn ra bình thường. Vẫn theo VOA, VNG – được xem là một trong những công ty khởi nghiệp công nghệ triển vọng nhất của Việt Nam, đã rút đăng ký IPO tại Mỹ hồi tháng 1. Theo hãng tin quốc tế, Công ty này cho biết, họ có kế hoạch nộp đơn đăng ký mới trong tương lai. Công ty không cung cấp bất kỳ khung thời gian nào, hay lý do cho việc rút lui. VOA dẫn bản tin của VietNamNet, đăng tải hôm 6/9 cho biết, cổ phiếu VNZ của Công ty này đã lao dốc, sau khi áp lực bán bất ngờ tăng vọt vào đầu giờ chiều cùng ngày, làm mất 77.000 tỷ đồng, tương đương gần 15%, xuống 473.800 đồng/cổ phiếu, trong bối cảnh có thông tin VNG bị công an điều tra. Theo VietNamNet, vốn hóa của VNG, do ông Lê Hồng Minh làm Tổng Giám đốc, đã tụt giảm xuống còn 12.500 tỷ đồng, trong khi, vào thời đỉnh cao, con số này đạt 55,900 tỷ đồng, tương đương khoảng 2,3 tỷ USD. Ông Minh từng lọt top 30 người giàu nhất trên sàn chứng khoán Việt Nam, và xếp thứ 2 trong top doanh nhân công nghệ giàu nhất, chỉ sau ông Trương Gia Bình – Chủ tịch FPT và hiện có 11.600 tỷ đồng. VOA cho biết thêm, tiền thân là VinaGame, VNG Corp. được biết là công ty phát hành các trò chơi điện tử, từng chiếm ưu thế trên thị trường Việt Nam. Trên trang web chính thức, VNG cho biết, Công ty sẽ kỷ niệm 20 năm thành lập vào ngày 9/9. Công ty có 14 văn phòng trên khắp châu Á, gồm Bắc Kinh, Thượng Hải, Đài Bắc, Bangkok và Singapore. VOA dẫn trang VietTimes cho hay, trong hệ sinh thái của VNG, Công ty Cổ phần ZION là đơn vị phát triển và vận hành ZaloPay, nền tảng ví điện tử và hệ thống thanh toán trực tuyến, được Ngân hàng Nhà nước Việt Nam cấp phép hoạt động trong lĩnh vực trung gian thanh toán. ",Xuân Hưng –  thoibao.de,thoibao.de
Quan chức Mặt trận Tổ quốc thừa nhận dân phẫn nộ về tham nhũng,"Ngày 5/9, VOA Tiếng Việt cho hay “Quan chức Đảng thừa nhận dân phẫn nộ về tham nhũng, hàng nghìn tỷ đồng tuồn khỏi Việt Nam”. VOA dẫn tường thuật của VietnamNet và Dân Trí, vào ngày 4/9, cho biết, một Uỷ viên Bộ Chính trị, nhóm chóp bu nắm quyền quyết định cao nhất trong Đảng Cộng sản Việt Nam, thừa nhận rằng “lòng dân phẫn nộ, xót xa, ai oán, vì các hành vi tham nhũng hàng nghìn tỷ đồng tuồn ra nước ngoài”. Cụ thể, theo VOA, Ủy viên Bộ Chính trị, Chủ tịch Ủy ban Trung ương Mặt trận Tổ quốc Việt Nam Đỗ Văn Chiến, đã nói rằng, ông và các cán bộ khác nhận thấy điều kể trên, khi họ tiếp xúc với người dân, và ông hô hào, “phải kiên quyết chống tham nhũng”. Lời phát biểu của ông Chiến được đưa ra, tại một Hội nghị của Đoàn Chủ tịch Mặt trận Tổ quốc Việt Nam, theo tin trên 2 trang VietnamNet và Dân Trí. Tuy nhiên, theo quan sát của VOA, ông Chiến không nói rõ, bao nhiêu tiền từ tham nhũng đã bị tuồn ra nước ngoài, và những kẻ tham nhũng là ai, cho dù báo Nhân Dân của Đảng từng đăng bài đặc biệt hồi năm 2023 nói rằng, cán bộ nhà nước “là gốc rễ của tham nhũng, tiêu cực, vì tham nhũng là một loại hành vi tiêu cực do người có chức vụ, quyền hạn thực hiện”. Theo tìm hiểu của VOA, trong 10 năm, từ năm 2006 đến năm 2016, tham nhũng gây thiệt hại gần 60 nghìn tỷ đồng và trên 400 ha đất ở Việt Nam. Còn từ năm 2012 đến năm 2022, hơn 7.390 đảng viên bị kỷ luật do tham nhũng, gồm hơn 170 cán bộ cấp cao và hơn 50 sĩ quan cấp tướng; bên cạnh đó, nhà chức trách kiến nghị thu hồi, xử lý tài chính hơn 975 nghìn tỷ đồng, gần 76 nghìn ha đất dính dáng đến tham nhũng. VOA cho biết, nói trước Hội nghị hôm 4/9, Ủy viên Bộ Chính trị, Chủ tịch Uỷ ban Trung ương Mặt trận Tổ quốc Việt Nam Đỗ Văn Chiến, lưu ý rằng, chống tham nhũng là “cuộc đấu tranh cam go”. Song, ông nhấn mạnh, cuộc chiến này diễn ra “không ngừng không nghỉ, không có vùng cấm, không có ngoại lệ, bất kể người đó là ai”. Ông Chiến trích dẫn Tổng Bí thư – Chủ tịch nước Tô Lâm, nhà lãnh đạo cao nhất của Việt Nam hiện nay, từng đưa ra lời phát biểu rất quan trọng, với 2 ý được nhấn mạnh, là phòng chống tham nhũng, tiêu cực “phải nhằm mục tiêu phát triển đất nước” và công cuộc này “phải triển khai đến tận chi bộ, chứ không chỉ làm ở Trung ương”. Vẫn theo VOA, một quan chức khác của Mặt trận Tổ quốc Việt Nam, đã đề cao sự tham gia của người dân vào việc chống tham nhũng, VietnamNet và Dân Trí cho biết. Hai trang tin trên dẫn lời ông Nguyễn Túc – Chủ nhiệm Hội đồng Tư vấn về Văn hóa – Xã hội, Ủy ban Trung ương Mặt trận Tổ quốc Việt Nam, nói tại Hội nghị: “Muốn hạn chế tham nhũng, tiêu cực thì phải nâng cao vai trò của nhân dân trong công cuộc đấu tranh phòng chống tham nhũng, tiêu cực hiện nay. Khi thực hiện việc này, vai trò giám sát, phản biện xã hội của Mặt trận Tổ quốc Việt Nam cũng được thực hiện mạnh mẽ hơn nữa.” Như VOA đã đưa tin, theo Chỉ số Cảm nhận Tham nhũng về năm 2023, do Tổ chức Minh bạch Quốc tế công bố đầu năm nay, Việt Nam đạt 41/100 điểm và xếp hạng 83/180 toàn cầu, như vậy, đã bị giảm điểm và đi xuống 6 bậc, so với một năm trước. Mặt khác, dư luận quốc tế và Việt Nam cho rằng, công cuộc chống tham nhũng ở Việt Nam hiện nay, chỉ là sự trá hình, che đậy cho cuộc đấu đá giành quyền lực trong nội bộ Đảng Cộng sản mà thôi. Như vậy, với việc các quan chức Mặt trận Tổ quốc Việt Nam nhấn mạnh đến công cuộc chống tham nhũng “không có vùng cấm”, cũng như nhấn mạnh đến vai trò giám sát của họ, khiến có ý kiến hoài nghi, phải chăng, Mặt trận Tổ quốc Việt Nam muốn nhảy vào tranh phần trong mâm cỗ này? ",Xuân Hưng – thoibao.de,thoibao.de
"Cả hệ thống công quyền đàn áp tiếng nói trái chiều, khiến xã hội trở nên cực đoan","Ngày 3/9, RFA Tiếng Việt bình luận “Vụ nam sinh “Đường Lên Đỉnh Olympia”: Công an vào cuộc là quá mức?”. Theo đó, Chu Ngọc Quang Vinh – học sinh lớp chuyên Anh trường Trung học Phổ thông Chuyên Nguyễn Tất Thành, tỉnh Yên Bái, là thí sinh từng đoạt vòng nguyệt quế của cuộc thi tháng 1, quý 1 “Đường Lên Đỉnh Olympia”, đang là cái tên được nhắc đến nhiều nhất trên mạng xã hội mấy ngày qua. RFA chỉ ra lý do khiến cộng đồng mạng đều biết đến nam sinh lớp 12 này. Câu chuyện bắt đầu từ status của nam sinh, đăng trên Facebook cá nhân, với nội dung bị cho là “nói xấu Đảng” và “tìm kiếm cơ hội để sống ở nước ngoài”. Sự việc bị đẩy đến cao trào, khi Quang Vinh bị Công an tỉnh Yên Bái mời làm việc vào ngày hôm sau, nam sinh buộc phải viết một status khác trên Facebook, để xin lỗi về phát ngôn của mình. RFA dẫn chia sẻ của ông Nguyễn Trí Tường, cho rằng: “Ở một xã hội mà dối trá cũng là một thứ trách nhiệm, và tung hô trong dối trá cũng là một thứ bổn phận. Ấy vậy mà cháu ấy lại nói thật, thì sao chúng để cháu đó sống yên lành được.” Theo RFA, Sở Giáo dục Yên Bái hôm 2/9, cho truyền thông nhà nước biết, đã chỉ đạo trường Trung học Phổ thông Chuyên Nguyễn Tất Thành báo cáo nhanh sự việc, đồng thời cử cán bộ, giáo viên, trực tiếp đến gia đình học sinh Chu Ngọc Quang Vinh, để nắm thêm tình hình. RFA dẫn nhận định của Phó Giáo sư – Tiến sĩ Hoàng Dũng, rằng: “Tôi thấy, nếu có người cho cháu là dũng cảm, hay chân thành… hay cho là sai trái, bậy bạ… đó là bình thường, đó là ý kiến của từng người, về một ý kiến của người khác.” “Nhưng điều động công an để mời người ta lên làm việc, tức là đặt ra vấn đề phạm pháp, thì cái đó quá sức xâm phạm đến quyền tự do suy nghĩ của người ta, cái đó là quá mức. Như vậy, khiến cho cái nhìn của cháu đối với xã hội đã tiêu cực càng được củng cố thêm, và điều đó cũng khiến cho người dân nhìn vào trường hợp này, lại có cái nhìn không thiện cảm tới nhà nước. Cách ứng xử như thế là kém, có hại nhiều hơn có lợi.” RFA dẫn nhận xét của thầy giáo Đỗ Việt Khoa, cho rằng: “Chuyện này là quan điểm của cá nhân em ấy, chỉ có 16 người được chia sẻ và không hoàn toàn sai… thì tốt nhất là im lặng. Nhưng lâu nay, ở Việt Nam, có nhiều quan chức mà cứ ai nói gì khác với các ông ấy thì bắt đầu ghét, vùi dập…” “Dùng công an để triệu tập em ấy chỉ vì một việc rất đơn giản, đã dẫn đến việc cả nước biết, cả thế giới biết, thì vô tình, phơi bày lãnh đạo của Việt Nam thiếu dân chủ, thay vì ủng hộ chính quyền, thì bây giờ, số đông lại quay sang phê phán chính quyền.” RFA cũng dẫn ý kiến của Luật sư Vũ Đức Khanh, từ Canada: “Chúng ta khoan bàn đến nội dung phát biểu của bạn Quang Vinh đó đúng, sai. Điều chúng ta cần làm, là phải tìm hiểu cho thật kỹ những ý kiến đó như thế nào, và nên thảo luận một cách nghiêm túc và không thiên kiến.” Luật sư Khanh cho rằng, đây là thời khắc lịch sử của “đổi mới” lần thứ 2 – một sự về đổi mới tư duy, về thể chế chính trị trước thời đại mới. Ông nói tiếp: “Chúng ta hiện chưa biết gì ở ngày mai, nhưng có một điều gần như chắc chắn là, lòng dân chúng ta đang hướng tới một sự thay đổi tốt đẹp hơn cho đất nước, đặc biệt là trong giới trẻ. Các bạn ấy đang đặt lại vấn đề của đất nước, và tìm giải pháp cho tất cả chúng ta.” “Cho nên, chúng ta nên có tinh thần cầu thị, lắng nghe và trao đổi thẳng thắn, nghiêm túc, hơn là dùng quyền hạn của người lớn, những người có quyền sinh sát trong tay, để áp đặt quan điểm của chúng ta. Tôi hy vọng xã hội ta nên có tinh thần khoan dung, và chấp nhận sự khác biệt, để cùng nhau xây dựng mái nhà Việt Nam cho tất cả mọi người.” ",Hoàng Anh  – thoibao.de,thoibao.de
Liệu ông Putin có bị bắt giữ khi đến thăm Mông Cổ?,"Ngày 31/8, RFI Tiếng Việt loan tin “Tòa án Hình sự Quốc tế và Ukraine yêu cầu Mông Cổ bắt giữ tổng thống Nga Putin”. RFI cho biết, hôm 30/8, Tòa án Hình sự Quốc tế và Ukraine đã yêu cầu bắt giữ Tổng thống Nga Vladimir Putin, khi ông đến thăm Mông Cổ. Nhưng điện Kremlin tuyên bố không hề lo ngại. Theo đó, Tòa án Hình sự Quốc tế vào tháng 3/2023 đã phát lệnh bắt giữ Tổng thống Putin, với cáo buộc đã đưa nhiều trẻ em Ukraine sang Nga. Cho tới nay, Moscow vẫn không công nhận toà án này, đã bác bỏ cáo buộc đó. Theo RFI, lần đầu tiên kể từ có lệnh bắt giữ nói trên, vào thứ 3 tuần tới, ngày 3/9, ông Putin sẽ đến thăm một quốc gia thành viên của Tòa án Hình sự Quốc tế, đó là Mông Cổ. Với tư cách là nước tham gia Quy chế Roma thành lập Tòa án Hình sự Quốc tế, Mông Cổ “có nghĩa vụ hợp tác” với định chế này, tức là, có nghĩa vụ phải bắt giữ Tổng thống Nga. Bộ Ngoại giao Ukraine cũng đã thúc giục chính quyền Mông Cổ chuyển giao ông Putin đến trụ sở của Tòa án Hình sự Quốc tế ở La Haye, Hà Lan. Nhưng, RFI dẫn hãng tin AFP, cho hay, tuyên bố với các nhà báo, phát ngôn viên điện Kremlin Dmitry Peskov khẳng định “không có gì đáng lo ngại”, vì “chúng tôi đối thoại rất tốt với những người bạn Mông Cổ của chúng tôi”. RFI cũng cho biết, khi một quốc gia thành viên không thực hiện các nghĩa vụ đối với Tòa án Hình sự Quốc tế, tòa án này có thể đưa vấn đề ra cuộc họp các nước thành viên, được triệu tập mỗi năm một lần. Nhưng nếu Tòa án Hình sự Quốc tế có trừng phạt, thì đó cũng chỉ là khiển trách bằng lời nói, chứ không phải bằng văn bản. Vẫn theo RFI, trong quá khứ, nhiều cá nhân bị Tòa án Hình sự Quốc tế phát lệnh bắt giữ, như nhà cựu độc tài Sudan Omar el-Bechir, từng đến các nước thành viên của Tòa án Hình sự Quốc tế mà không gặp rắc rối gì. Tuy vậy, từ gần một năm rưỡi nay, Tổng thống Putin đã tránh đặt chân đến một số quốc gia, chẳng hạn, ông đã không đến dự Thượng đỉnh của nhóm BRICS ở Nam Phi vào tháng 8/2023, và Thượng đỉnh nhóm G20 ở Ấn Độ vào tháng 9/2023. Cần nhắc lại, Tòa án Hình sự Quốc tế đã ban hành lệnh bắt giữ đối với Tổng thống Nga Vladimir Putin và bà Maria Alekseyevna Lvova-Belova – Ủy viên về Quyền Trẻ em tại Văn phòng Tổng thống Liên bang Nga, vào ngày 17/3/2023, với cáo buộc về việc trục xuất và chuyển giao bất hợp pháp trẻ em từ các khu vực của Ukraine bị chiếm đóng sang Liên bang Nga, trong cuộc xâm lược Ukraine của Nga. Đây là lệnh bắt giữ đầu tiên chống lại nhà lãnh đạo của một nước là thành viên thường trực của Hội đồng Bảo an Liên Hiệp Quốc. Sau lệnh bắt giữ trên, 123 quốc gia thành viên của Tòa án Hình sự Quốc tế có nghĩa vụ giam giữ, và giao ông Putin cho tòa án, nếu ông đặt chân lên lãnh thổ của họ. Theo một bản tin trên VOA Tiếng Việt vào tháng 3/2023, một báo cáo của các nhà nghiên cứu ở Đại học Yale cho biết, Nga đã giam giữ ít nhất 6.000 trẻ em Ukraine tại các địa điểm ở Krym, bán đảo của Ukraine mà Moskva đã chiếm và sáp nhập vào năm 2014. Báo cáo xác định, ít nhất 43 trại và các cơ sở khác, nơi trẻ em Ukraine bị giam giữ, là một phần của “mạng lưới có hệ thống quy mô lớn” do Moscow điều hành, kể từ cuộc xâm lược Ukraine vào tháng 2/2022. Theo các công ước quốc tế, việc lưu đày trẻ vị thành niên bị coi là tội ác chống lại loài người, như Công ước Geneva năm 1949 về bảo vệ thường dân trong thời chiến, Công ước Liên Hợp Quốc về quyền của trẻ em, Công ước 1948 về việc phòng ngừa và trừng phạt tội ác diệt chủng, và Công ước bảo vệ quyền con người và các quyền tự do cơ bản. Hiện nay, một số quốc gia đã chính thức công nhận các sự kiện diễn ra ở Ukraine là một cuộc diệt chủng, do các lực lượng Nga gây ra. ",Ý Nhi – thoibao.de,thoibao.de
Vợ chồng Bảy Phúc vẫn cố gắng thanh minh mình vô tội,"Một trong những chủ đề được công luận quan tâm nhất hiện nay, có lẽ là câu chuyện xử lý các sai phạm của cựu Thủ tướng, cựu Chủ tịch nước Nguyễn Xuân Phúc và gia đình. Theo giới quan sát, sau khi cộng đồng mạng chia sẻ các thông tin liên quan đến ông Phúc, ông đã vắng bóng hẳn trên truyền thông nhà nước. Nhưng bất ngờ, sáng 30/8, ông Nguyễn Xuân Phúc đã xuất hiện trong đoàn lãnh đạo Đảng, Nhà nước, đến viếng Lăng Chủ tịch Hồ Chí Minh, nhân kỷ niệm 79 năm ngày Quốc khánh 2/9. Theo mô tả, phong thái, và vị trí đứng của ông Bảy Phúc hết sức lạc lõng, cùng với thái độ xa lánh của các lãnh đạo cấp cao khác trong buổi lễ. Điều này khiến cho cộng đồng mạng không khỏi nghi ngờ, về sự thất thế của một chính khách tên tuổi từng vang bóng một thời. Được biết, trước Đại hội Đảng 13, ông Nguyễn Xuân Phúc là một trong 2 nhân vật lãnh đạo, được chọn làm trường hợp nhân sự “đặc biệt”, để tái cử Đại hội 13. Không chỉ như vậy, theo giới thạo tin, ông Nguyễn Xuân Phúc là một chính khách khôn ngoan và láu cá hơn người, đặc biệt trong việc sử dụng các thủ đoạn chính trị, để “gây thù, chuốc oán” với các “đồng chí” trong Đảng. Nhất là mối quan hệ giữa ông Bảy Phúc và phe cánh an ninh, tình báo của Bộ Công an, mà ông Tô Lâm đóng một vai trò rất quan trọng. Những sai phạm của ông Bảy Phúc và phu nhân Trần Thị Nguyệt Thu, liên quan đến các cáo buộc tham nhũng, rửa tiền, và chuyển tiền lậu ra nước ngoài, trong một loạt các đại án nghiêm trọng như Việt Á và Vạn Thịnh Phát của bà trùm Trương Mỹ Lan. Theo đó, ông Nguyễn Xuân Phúc và bà Trần Thị Nguyệt Thu đã nhận hối lộ từ bà Trương Mỹ Lan lên tới 100 triệu USD. Các nguồn tin nội bộ của thoibao.de khẳng định, hồ sơ điều tra của Bộ Công an, về các hành vi sai phạm của ông Nguyễn Xuân Phúc và phu nhân, sẽ được đích thân Tổng Bí thư, Chủ tịch nước Tô Lâm xem xét kỹ lưỡng. Tuy nhiên, việc xử lý hình sự đối với một thành viên “Tứ trụ” như ông Bảy Phúc, là điều chưa từng có tiền lệ, nên hết sức khó khăn. Mới đây, một số tin đồn cho biết, những ngày gần đây, tại Hải Phòng dư luận xôn xao việc cựu Thủ tướng, cựu Chủ tịch nước Nguyễn Xuân Phúc đã gây sức ép, để buộc các quan chức địa phương mở tiệc tiếp đón. Nguồn tin cho hay, vợ chồng ông Nguyễn Xuân Phúc trên đường đi Quảng Ninh “bái Phật cầu an”, vào buổi chiều 28/8, đã ghé thành phố Hải Phòng nghỉ ngơi. Khi đó, ông Bảy Phúc đã chỉ đạo cho cựu Thư ký, thông báo với lãnh đạo Hải phòng rằng, ông Phúc và bà Thu xuống thăm Thành uỷ và cán bộ thành phố Hải Phòng. Nguồn tin cho biết, khi nghe tin này, Bí thư Thành uỷ và Chủ tịch Hải phòng đã đùn đẩy, không ai muốn tiếp đôi vợ chồng đang chờ bị khởi tố bắt giam. Nhưng bất đắc dĩ, cuối cùng, cả 2 cũng phải mở tiệc tiếp đón. Cũng theo tin đồn mà Thoibao.de không có điều kiện xác minh, trong buổi tiệc, ông Nguyễn Xuân Phúc dõng dạc tuyên bố: “Những việc ồn ào trên mạng thời gian qua, là do tụi phản động cấu kết với một số lãnh đạo ngành công an biến chất, đã cố ý xúc phạm cá nhân tôi và gia đình”. Đồng thời, ông Bảy Phúc khẳng định: “bản thân tôi luôn luôn trong sáng như gương, đề nghị các đồng chí đừng hiểu nhầm và tiếp tay cho kẻ xấu tuyên truyền tin tức vô căn cứ đó”. Xin nhắc lại, trong một thể chế chính trị độc tài, độc đảng như nhà nước Việt Nam hiện nay, việc điều hành Nhà nước và xã hội không dựa vào Hiến pháp và pháp luật. Vì thế, việc truy cứu hình sự với ông Nguyễn Xuân Phúc và phu nhân, là một quyết định hết sức khó khăn đối với Tổng Bí thư Tô Lâm. ",Trà My – Thoibao.de,thoibao.de
Vì sao bà Nguyễn Phương Hằng không được đặc xá như ông Chu Ngọc Anh?,"Trong những ngày gần đây, mạng xã hội đưa nhiều thông tin và hình ảnh cho rằng, bà Nguyễn Phương Hằng – Tổng Giám đốc Công ty Đại Nam, người đã bị kết án tù với cáo buộc vi phạm Điều 331, Bộ luật Hình sự, sẽ được “đặc xá” và trả tự do nhân dịp lễ Quốc khánh 2/9. Tuy nhiên, truyền thông nhà nước ngày 31/8, đưa tin, bà Hằng, không được đặc xá, trả tự do trước thời hạn trong dịp này, chỉ được đề xuất giảm án 24 ngày do cải tạo tốt. Việc bà Hằng được giảm 24 ngày, được tuyên truyền là thể hiện sự nhân đạo của nhà nước. Tính đến 2/9, bà Hằng vẫn còn phải chấp hành tiếp thời gian 3 tháng và 24 ngày tù nữa. Trước đó, ngày 4/4, bà Hằng từng được tuyên giảm án 3 tháng tù, trong phiên phúc thẩm của một số đồng phạm kháng cáo, dù rằng, bà không hề kháng cáo bản án sơ thẩm. Trước khi bị bắt, bà Nguyễn Phương Hằng là người nổi tiếng trên mạng xã hội, với nhiều phát ngôn mang tính phản biện, liên quan đến việc chỉ trích các nghệ sĩ nổi tiếng, và cả một số quan chức, trong các buổi livestream trên các mạng xã hội. Sau đó, bà bị khởi tố, bắt giam, và kết án tù với cáo buộc vi phạm Điều 331 Bộ luật Hình sự. Đây là một Điều luật hết sức vô lý, đã bị công luận quốc tế chỉ trích là không rõ ràng, và thường được nhà nước Việt Nam sử dụng để bịt miệng những người dám lên tiếng chỉ trích chính quyền. Như vậy, với việc trại giam An Phước đề xuất giảm 24 ngày tù cho bà Hằng, thì đến đầu tháng 12/2024, bà Hằng mới thi hành xong bản án hình sự. Đáng chú ý, mạng xã hội cũng so sánh bà Hằng với cựu Chủ tịch Hà Nội Chu Ngọc Anh – người có thể sẽ được ân xá trong dịp này. Ngoài tội danh cố ý làm trái, gây thiệt hại cho nhà nước 19.8 tỷ đồng, bị cáo Chu Ngọc Anh – cựu Bộ trưởng Bộ Khoa học Công nghệ, còn bị Bộ Công an khởi tố bị can, và khám xét nơi ở, vì đã nhận 200.000 USD từ Phan Quốc Việt, ngay tại phòng làm việc của ông. Nhiều ý kiến thắc mắc, không hiểu vì lý do gì, ông Chu Ngọc Anh không bị truy tố về tội nhận hối lộ. Để cuối cùng, ông Anh vẫn thoát tội “nhận hối lộ”, nay lại còn được xem xét đặc xá, và được trả tự do trước thời hạn. Đã có những chia sẻ và nhận xét chua chát rằng, thế mới biết, đảng viên và người phản biện – ai lợi hại hơn ai? Đó là chưa kể đến việc, trong quá trình điều tra vụ án, một chuyện hy hữu đã xảy ra. Đó là, bà Nguyễn Phương Hằng đã bị Cơ quan Điều tra gia hạn tạm giam đến 8 lần, trước khi đưa ra xét xử. Nếu chiếu theo quy định tại Khoản 2, Điều 173, Bộ luật Tố tụng Hình sự 2015, thì trường hợp của bà Hằng thuộc diện được gia hạn 1 lần, không quá 2 tháng. Giới luật gia đặt câu hỏi, phải chăng, có một âm mưu nhằm hãm hại bà Nguyễn Phương Hằng. Tại sao, pháp luật quy định số lần cho phép gia hạn tạm giam để điều tra, rất rõ ràng, nhưng lại bị Công an thành phố Hồ Chí Minh phớt lờ? Như vậy, liệu có công bằng với bà Hằng hay không? Bà Hằng đã hết sức tỉnh táo và nhận ra dã tâm của lãnh đạo thành phố Hồ Chí Minh, nên bà đã chủ động chấp nhận bản án sơ thẩm 3 năm tù. Trong phiên phúc thẩm của các bị cáo khác, bà Hằng nói: “Xin tòa giảm án dù một tháng, một ngày cũng cảm thấy hạnh phúc. Đó là những gì tôi thực sự, thực tâm xin tòa. Hãy cho tôi một chút danh dự, một chút lòng tự trọng.” Theo Hội đồng Xét xử, tuy bà Hằng không kháng cáo, nhưng đã thể hiện sự ăn năn, hối cải về hành vi của mình, đã nộp toàn bộ số tiền bồi thường, nên tòa giảm án 3 tháng tù cho bà. Giới quan sát đánh giá, đây là điều rất lạ lùng, hình như bà Hằng đã được ai đó mớm cung, và có lẽ, đằng sau có những biểu hiện chạy án nhưng bất thành. ",Trà My –  Thoibao.de,thoibao.de
Liên tiếp bắt giữ người tham gia tổ chức của ông Đào Minh Quân,"Ngày 31/8, VOA Tiếng Việt loan tin “Việt Nam bắt giam người đàn ông định rải truyền đơn dịp 2/9”. Theo VOA, chính quyền Việt Nam vừa bắt giam ông Phạm Hoàng, cho rằng, người đàn ông này “có hành vi chuẩn bị tiến hành rải truyền đơn” tại thành phố Hồ Chí Minh, nhân dịp Quốc khánh 2/9 sắp tới. Ngoài ra, chính quyền còn cáo buộc ông tham gia tổ chức “phản động” mang tên Chính phủ quốc gia Việt Nam lâm thời, có trụ sở tại Mỹ. VOA cho biết, Công an tỉnh Nam Định hôm 29/8 phối hợp với các đơn vị nghiệp vụ của Bộ Công an và Công an tỉnh Lâm Đồng, tiến hành bắt giữ ông Phạm Hoàng, 66 tuổi, là thành viên của Chính phủ quốc gia Việt Nam lâm thời, vốn bị nhà chức trách Việt Nam coi là một tổ chức “khủng bố”, 2 báo Nam Định và Công an Nhân dân đưa tin hôm 30/8. Những trang báo nhà nước này không nêu rõ tội danh mà ông bị bắt. VOA dẫn tường thuật của trang Công an Nhân dân của Bộ Công an, theo đó, “Công an đã thu giữ nhiều tài liệu, tiền… liên quan hành vi phạm tội của đối tượng”. Tuy nhiên, trang này cũng như các trang báo khác của nhà nước không nói rõ, các tài liệu bị thu giữ là gì và truyền đơn có nội dung ra sao. Vẫn theo VOA, báo chí trong nước dẫn lời cơ quan chức năng cho hay, từ năm 2019, ông Hoàng đã tìm hiểu về tổ chức Chính phủ quốc gia Việt Nam lâm thời, do ông Đào Minh Quân điều hành ở bang California, Mỹ. Tổ chức này đã bị Bộ Công an Việt Nam liệt vào danh sách khủng bố, vào năm tháng 1/2018. Các bản tin nói rằng, sau đó, ông Hoàng đã tham gia vào tổ chức này, và ông bị cáo buộc đã “sử dụng mạng xã hội đăng tải nhiều video, bài viết, có nội dung cổ súy chủ trương, đường lối của tổ chức, và bác bỏ chế độ Cộng sản”. “Thời gian gần đây, Hoàng đã nhận tiền của các đối tượng phản động lưu vong để in truyền đơn, ý định mang đến các địa điểm đông người tại thành phố Hồ Chí Minh để rải, vào dịp lễ quốc khánh 2/9”, vẫn theo trang Công an Nhân dân. VOA đã liên lạc với tổ chức Chính phủ quốc gia Việt Nam lâm thời, và đề nghị họ đưa ra bình luận về các cáo buộc nêu trên của chính quyền Việt Nam, liên quan đến ông Hoàng, nhưng chưa được trả lời. VOA cho hay, ông Hoàng là trường hợp mới nhất bị chính quyền Việt Nam bắt giam, liên quan đến tổ chức của ông Đào Minh Quân. Trước đây, đã có một loạt người bị bắt giam và phải nhận án tù nhiều năm, cho tội “Hoạt động nhằm lật đổ chính quyền nhân dân” theo Điều 109 Bộ luật Hình sự, liên quan tổ chức này. Tin mới nhất do báo Dân Việt đưa ngày 31/8, một người khác là ông Vương Văn Hồng Nam, sinh năm 1963, trú tại Trà Vinh, bị bắt ngày 30/8, cũng liên quan tổ chức của ông Đào Minh Quân. Dân Việt dẫn kết quả điều tra ban đầu, từ năm 2015, qua mạng xã hội, ông Vương Văn Hồng Nam tổ chức Chính phủ quốc gia Việt Nam lâm thời. Sau thời gian tìm hiểu về cương lĩnh, điều lệ, đường lối hoạt động của tổ chức này, ông Nam đã viết và nộp hồ sơ xin tham gia, và được chấp nhận, được cấp bí danh, bí số để liên lạc, hoạt động. Dân Việt cho biết, quá trình bắt, khám xét, Cơ quan Công an đã thu giữ nhiều tài liệu, thiết bị liên quan hành vi phạm tội của đối tượng, và cũng không nói rõ những tài liệu, thiết bị này là gì. Trước đó, vào cuối tháng 7/2024, VOA đã đưa tin, Công an tỉnh Long An đã khởi tố, bắt giam ông Nguyễn Văn Trung, 49 tuổi, cũng với tội danh và liên quan đến tổ chức trên. VOA cho biết thêm, tổ chức Chính phủ quốc gia Việt Nam lâm thời do ông Đào Minh Quân ở Mỹ, thành lập từ năm 1990. Chính phủ Hoa Kỳ không xem tổ chức này là khủng bố, nhưng chính quyền Việt Nam xếp tổ chức này vào hạng khủng bố và ra lệnh truy nã một số thành viên của tổ chức này, bao gồm ông Quân. ",Minh Vũ – thoibao.de,thoibao.de
"Vụ án Hồ Duy Hải có được mở lại, khi Toà án tối cao có Chánh án mới?","Ngày 28/8, RFA Tiếng Việt đặt vấn đề, “Thay Chánh án Tòa án Nhân dân Tối cao, liệu vụ án Hồ Duy Hải có được “lật” lại?”. Theo đó, hơn 91% đại biểu Quốc hội đã bấm nút, bầu ông Lê Minh Trí giữ chức Chánh án Tòa án Nhân dân Tối cao, thay ông Nguyễn Hòa Bình, tại kỳ họp Quốc hội bất thường chiều 26/8. Ông Trí từng có hơn 8 năm làm Viện trưởng Viện Kiểm sát Nhân dân Tối cao. RFA cho biết, một số nhà quan sát nhận định, khi trở thành người đứng đầu ngành tòa án, có thể, ông Trí sẽ cho mở lại vụ án Hồ Duy Hải – được coi là một vụ án oan, vì không đủ chứng cứ kết tội. Hơn nữa, năm 2020, ông Trí từng lên tiếng rằng, vụ án còn có nhiều sai sót, và chứng cứ chứng minh chưa chặt chẽ. Lúc bấy giờ, ông Trí khẳng định, cần thiết phải yêu cầu kháng nghị huỷ các bản án sơ thẩm, phúc thẩm, để điều tra lại, xem có tội hay không có tội một cách thận trọng, khách quan và đảm bảo bảo vệ tính mạng của người dân… RFA dẫn phân tích của luật sư Đặng Đình Mạnh: “Khi một người đã từng có quan điểm cho rằng Hồ Duy Hải vô tội, trở thành người lãnh đạo cao nhất của ngành tòa án, thì điều đó có tạo nên sự khác biệt gì cho vụ án? Về thủ tục, điều này hoàn toàn khả thi. Vì lẽ, với cương vị Chánh án Tòa án Nhân dân Tối cao, ông Lê Minh Trí vẫn có quyền kích hoạt thẩm quyền của mình, tham chiếu theo điều 404 Bộ luật Tố tụng Hình sự, yêu cầu Hội đồng Thẩm phán xem xét lại quyết định Giám đốc thẩm bác kháng nghị trước đây.” “Trong thực tế, việc “lật” lại một quyết định đã từng được thông qua với tỷ lệ 100% (17/17) không hề dễ dàng.” Theo luật sư Mạnh, đối với một vụ án vốn đã thu hút sự quan tâm rộng rãi của công chúng, việc ông Trí trở thành người lãnh đạo cao nhất của ngành tòa án, chỉ mới là yếu tố cần thiết. Ông Mạnh nói: “Cái cần là yếu tố quyết định thì không hẳn nằm ở pháp đình, nó nằm ở Ba Đình, nơi vừa có một lãnh đạo mới và ông ấy mới là người quyết định.” Hồ Duy Hải bị kết án tử hình về các tội “giết người, cướp tài sản” tại Bưu cục Cầu Voi, tỉnh Long An, năm 2008, với bằng chứng là con dao và cái thớt được các điều tra viên mua ngoài chợ. Không chỉ Viện trưởng Viện Kiểm sát Nhân dân Tối cao Lê Minh Trí có yêu cầu kháng nghị, mà trước đó, ngày 20/1/2015, bà Lê Thị Nga – Chủ nhiệm Ủy ban Tư pháp Quốc hội, cũng có bản kiến nghị về việc xem xét kháng nghị vụ án Hồ Duy Hải. RFA dẫn lời luật sư Nguyễn Văn Miếng: “Bây giờ, nếu như ông Trí lật lại vụ án này, thì trước hết phải có sự đồng ý của ông Tô Lâm.” “Theo tôi, để củng cố vị trí của mình trong lòng dân, ông Lê Minh Trí nên lật lại vụ án này, và nếu ông Tô Lâm muốn lấy lại được lòng dân, thì ông Tô Lâm nên để cho ông tân Chánh án Lê Minh Trí thực thi quyền của mình, theo quy định của pháp luật.” RFA nhắc lại, vụ án Hồ Duy Hải là một vụ án hình sự được dư luận trong và ngoài nước quan tâm đặc biệt. Hơn 2 tháng sau ngày 2 nhân viên Bưu cục Cầu Voi bị sát hại, nghi phạm Hồ Duy Hải bị bắt. Sau đó, Hồ Duy Hải bị kết án tử hình về tội giết người, dù những chứng cứ đưa ra không thuyết phục. Gia đình Hồ Duy Hải liên tục kêu oan từ đó đến nay. RFA dẫn nhận định của luật sư Nguyễn Văn Hoà, thuộc Đoàn Luật sư Hà Nội, cho rằng, có lẽ, các cơ quan chức năng cũng thừa biết sự oan sai trong các vụ án này: “Tôi thấy rằng là cơ quan chức năng họ cũng đang rất là ngại và sợ trách nhiệm. Cho đến giờ phút này, đã có ai dám quyết định thi hành bản án tử.” ",Ý Nhi – thoibao.de,thoibao.de
Nguyên do khiến luật sư Trần Đình Triển bị bắt,"Ngày 7/6, Cơ quan An ninh Điều tra Bộ Công an cho biết, đã bắt tạm giam nhà báo Trương Huy San và luật sư Trần Đình Triển. Theo cơ quan điều tra, 2 bị can đã lợi dụng các quyền tự do dân chủ, đăng tải các bài viết trên Facebook, xâm phạm lợi ích của Nhà nước, quyền, lợi ích hợp pháp của tổ chức, cá nhân. Sau khi bị bắt, trang Facebook của cả 2 đều biến mất. Thoibao.de đã đăng lại bài viết trên Facebook của nhà báo Trương Huy San phê bình Tô Lâm, mà bài viết này đã khiến ông bị bắt. Trên trang Facebook của mình, luật sư Trần Đình Triển có một số bài viết chỉ trích Chánh án Toà án Nhân dân tối cao Nguyễn Hòa Bình. Đây chính là nguyên do khiến luật sư Trần Đình Triển bị bắt. Luật sư Triển từng cho biết, ông là bạn học cùng khoá đại học với ông Nguyễn Hoà Bình và ông Tô Lâm. Như vậy, ông Triển đã bị bắt bởi chính tay những bạn học của mình. Nhân dịp Nguyễn Hoà Bình vừa mới lên làm Phó Thủ tướng Thường trực (ngày 26/8), thoibao.de đăng lại bài viết của luật sư Trần Đình Triển ngày 23/4, với tiêu đề: NGUYỄN HÒA BÌNH – NHỮNG CÁI NHẤT KHI LÀM CHÁNH ÁN Ông Nguyễn Hoà Bình là bạn học cùng khóa đại học với tôi; trong công tác thì có thời gian cùng ngành, hoặc khác nghề nhưng lại liên quan đến nhau. Vì vậy, tôi hiểu biết Nguyễn Hòa Bình từ học hành, năng lực trình độ, sở trường sở đoản, phẩm chất đạo đức và nhân cách;… Tôi nêu một số “cái được” của Nguyễn Hoà Bình như sau: 1-/ Là Chánh án Toà án Nhân dân tối cao đầu tiên có chức vị cao nhất trong Đảng: Uỷ viên Bộ Chính trị, Bí thư Trung ương Đảng; 2-/ Là Chánh án Toà án Nhân dân tối cao có học hàm học vị cao nhất: Giáo sư, Tiến sĩ; 3-/ Là Chánh án đầu tiên đưa ra ý tưởng: Chọn và xây tượng “vị thần bảo vệ công lý” ở trụ sở hệ thống tòa án, từ cấp quận huyện trở lên; 4-/ Là Chánh án mà nhiều cấp toà, phiên toà (sơ thẩm và phúc thẩm); nhưng không cho người thân của bị cáo và đương sự; không cho nhân dân tham dự phiên tòa; bất chấp quy định của Hiến pháp. 5-/ Là Chánh án tạo nên những kết luận của bản án, hoặc câu cửa miệng của các Thẩm phán là: “ Mặc dù có vi phạm về tố tụng nhưng không làm thay đổi bản chất vụ án”; “Bị cáo có mâu thuẫn gì với người làm chứng A hoặc B,…không ?”. Tạo nên sự bất chấp các quy định trong Bộ luật Hình sự và Tố tụng Hình sự, về xử lý vi phạm các cá nhân tiến hành tố tụng; một số quy định về tố tụng phải trả hồ sơ điều tra lại, hoặc hủy án,… trở nên vô hiệu trong thực tế. Chỉ căn cứ lời khai để kết tội, bất chấp chứng cứ khách quan khác; 6-/ Là Chánh án bị nhiều người dân, nhân sỹ trí thức và mạng xã hội lên tiếng, hệ thống toà án xét xử oan sai nhiều nhất; làm mất niềm tin của nhân dân đối với hệ thống ngành tòa án cao nhất; 7-/ Là Chánh án xin được ngân sách nhà nước nhiều nhất, để xây dựng nhiều trụ sở toà án, từ cấp quận huyện đến tối cao hoành tráng nhất (dư luận các công trình xây dựng thường lại quả từ 10 đến 30% chắc không xảy ra với các công trình của toà án, vì toà là cán cân công lý). 8-/ Chánh án ghi dấu ấn nhiều nhất trên mạng xã hội, có những clip nêu đích danh vợ con và khối tài sản riêng kếch xù, mà chưa có lời giải đáp đúng hay sai? 9-/ Chánh án có con trai còn rất trẻ, đã được luân chuyển, bổ nhiệm làm Phó Chủ tịch tỉnh Gia Lai; 10-/ Chánh án sẽ đi vào lịch sử tố tụng của Việt Nam; khi bất chấp ý kiến của các cơ quan tư pháp và dư luận, về 2 vụ án oan sai là vụ Hồ Duy Hải ở Long An và vụ mẹ con cô gái síp gà ở Điện Biên. 11-/ Phiên toà xét xử công khai nhưng cấm báo chí, luật sư,… ghi âm ghi hình, bất chấp quy định của Hiến pháp và pháp luật. Vì vậy, khi xét xử sai và bị tố cáo, khiếu nại, thì được trả lời tỉnh queo “không có bằng chứng” để xem xét lại vụ án; và xử lý vi phạm của thẩm phán và hội đồng xét xử (Quy định này cả thế giới chưa có nước nào như thế). Sau bài viết kể trên, ngày 23/4, luật sư Triển có thêm một bài viết về vụ án công ty Xuyên Việt Oil, với tiêu đề: CẦN MỞ RỘNG ĐIỀU TRA VỤ ÁN LÊ ĐỨC THỌ, CÓ LIÊN QUAN ĐẾN CON TRAI ÔNG NGUYỄN HOÀ BÌNH Luật sư Triển cho biết, trước khi làm Bí thư Tỉnh uỷ Bến Tre, ông Lê Đức Thọ từng giữ chức vụ Tổng Giám đốc, Chủ tịch Hội đồng Quản trị Ngân hàng Thương mại Cổ phần Công thương Việt Nam – Vietinbank. Bên cạnh đó, Luật sư Triển “bật mí”: “Công ty Trách nhiệm Hữu hạn Một thành viên quản lý quỹ Ngân hàng Thương mại Cổ phần Công thương Việt Nam, là một trong số các công ty vệ tinh của Vietinbank, do Nguyễn Tuấn Anh (hiện là Phó Chủ tịch Ủy ban Nhân dân tỉnh Gia Lai, con trai ông Nguyễn Hoà Bình) một thời gian dài làm Chủ tịch. Công ty này đã “bung vốn đầu tư” với một khối lượng tiền vô cùng lớn”. Luật sư Triển đặt câu hỏi: Lê Đức Thọ và Nguyễn Tuấn Anh có cấu kết với nhau hay không? Có lợi dụng ảnh hưởng của ông Nguyễn Hoà Bình, và ông Bình có can thiệp, như một số đơn thư nêu vấn đề không? Mới đây, ngày 27/8, một ngày sau khi ông Bình lên Phó Thủ tướng Thường trực, Cơ quan An ninh Điều tra Bộ Công an đã ban hành kết luận điều tra vụ án Công ty Xuyên Việt Oil. Trong đó, Lê Đức Thọ bị cáo buộc nhận hối lộ hơn 1 triệu USD và nhiều hiện vật tiền tỷ, trong thời gian ông Thọ giữ các chức vụ Chủ tịch VietinBank và Bí thư Tỉnh uỷ Bến Tre. Nhưng kết luận điều tra của Bộ Công an hoàn toàn không nhắc gì đến vai trò của Nguyễn Tuấn Anh, con trai Nguyễn Hòa Bình. Thu Phương – Thoibao.de ",N/A,thoibao.de
