title,link,Processed
Trung Quốc hành hung ngư dân Việt Nam: Phép thử ngoại giao cho ông Tô Lâm?,https://www.bbc.com/vietnamese/articles/c9vpj1gkmvko,0
Ngư dân Việt Nam bị hành hung: Tại sao Trung Quốc dùng tàu chấp pháp địa phương?,https://www.bbc.com/vietnamese/articles/cdxr44z71lgo,0
Việt Nam bị vướng vào vòng xoáy thuế quan năng lượng mặt trời của Mỹ,https://www.bbc.com/vietnamese/articles/ce9jrl1g92lo,0
"Tàu Trung Quốc đã tấn công, đánh đập ngư dân Quảng Ngãi như thế nào?",https://www.bbc.com/vietnamese/articles/cwyln0zv4ppo,0
"Tổng Bí thư, Chủ tịch nước Tô Lâm: cởi mở hơn, ủng hộ hòa giải và tự do học thuật?",https://www.bbc.com/vietnamese/articles/cz04yg347e5o,0
Vì sao phiên tòa ở Bangkok xét xử vụ dẫn độ Y Quynh Bđăp về Việt Nam đông nghịt người?,https://www.bbc.com/vietnamese/articles/cn4zglxz0p7o,0
Campuchia đạt 'mục tiêu kép' khi rút khỏi Tam giác Phát triển với Việt Nam và Lào?,https://www.bbc.com/vietnamese/articles/c1wnd19zzd3o,0
"Về chuyến đi New York của Tổng Bí thư, Chủ tịch nước Tô Lâm",https://www.bbc.com/vietnamese/articles/c0m0l23mpp1o,0
Tại sao luật sư cần phải có 'bản lĩnh chính trị'?,https://www.bbc.com/vietnamese/articles/cd9dpjn0044o,0
Ông Tô Lâm gặp ông Zelensky: ‘Không nên coi là sự kiện nhất thời’,https://www.bbc.com/vietnamese/articles/ckgvjn8kz20o,0
VTV xóa phóng sự 'Bữa cơm trắng với gừng' sau xác minh của chính quyền địa phương,https://www.bbc.com/vietnamese/articles/crkd6j6m8gxo,0
Ukraine phản đối ‘đại diện Crimea’ dự thi hoa hậu tại Việt Nam,https://www.bbc.com/vietnamese/articles/cdend33k94go,0
"Đầu tư Việt Nam: Công ty của Elon Musk muốn chi 1,5 tỷ USD",https://www.bbc.com/vietnamese/articles/cz7j0v75xpqo,0
Thấy gì từ cuộc gặp giữa ông Tô Lâm và ông Joe Biden ở New York?,https://www.bbc.com/vietnamese/articles/cp3wqyp5pe0o,0
Yếu tố Việt Nam trong quyết định rút khỏi Tam giác Phát triển của Campuchia,https://www.bbc.com/vietnamese/articles/c30lqq3jy0jo,0
Ông Tô Lâm tại Đại học Columbia: Ông đã nói gì? Đâu là điểm đáng chú ý?,https://www.bbc.com/vietnamese/articles/cvglp4rnl4zo,0
Quốc tế lên tiếng về việc 'đặc xá' ông Trần Huỳnh Duy Thức và bà Hoàng Thị Minh Hồng,https://www.bbc.com/vietnamese/articles/ce8vgm725lpo,0
"Việt Nam khuyến cáo công dân rời Lebanon, chuyện gì đang xảy ra?",https://www.bbc.com/vietnamese/articles/cx2mx1z9m2go,0
Việt Nam có nên theo mô hình phát triển của Nhật Bản?,https://www.bbc.com/vietnamese/articles/ckgvv2ez94eo,0
Ông Tô Lâm gặp ông Joe Biden: Đâu là những điểm nhấn đáng chú ý?,https://www.bbc.com/vietnamese/articles/c3e94wqqjl2o,0
Vì sao ông Tô Lâm trả tự do hai tù nhân nổi tiếng trước khi sang Mỹ?,https://www.bbc.com/vietnamese/articles/cwyejpqgp7no,0
Ông Tô Lâm đi Mỹ: Gần 100 trí thức kêu gọi trả tự do cho nhà báo Huy Đức,https://www.bbc.com/vietnamese/articles/c1l4v8dgv52o,0
"Ông Trần Huỳnh Duy Thức, bà Hoàng Thị Minh Hồng được trả tự do trước chuyến đi Mỹ của ông Tô Lâm",https://www.bbc.com/vietnamese/articles/c07nk1552zvo,0
"Campuchia rút khỏi Tam giác Phát triển với Việt Nam và Lào, tại sao?",https://www.bbc.com/vietnamese/articles/c4gl98j1xxeo,0
Hội nghị lần thứ 10: Đâu là những điểm nổi bật đáng lưu ý?,https://www.bbc.com/vietnamese/articles/c8djq3d42m1o,0
Việt Nam vô địch về số tu nghiệp sinh 'biến mất' tại Nhật Bản,https://www.bbc.com/vietnamese/articles/cn8y5m4rzm0o,0
"Tổng Bí thư, Chủ tịch nước Tô Lâm đi Mỹ, chuyến công du 'củng cố quyền lực mềm'",https://www.bbc.com/vietnamese/articles/ckgn91jel3ro,0
Mỹ tìm cách loại Trung Quốc ra khỏi kế hoạch lắp cáp dưới biển của Việt Nam,https://www.bbc.com/vietnamese/articles/crl8ne1kynlo,0
"Tổng Bí thư, Chủ tịch nước Tô Lâm đi Mỹ: ‘Sẽ gặp Google và Meta vào tuần sau’",https://www.bbc.com/vietnamese/articles/cj04jv7nz88o,0
"Trung ương Đảng họp hội nghị lần thứ 10, nội dung là gì?",https://www.bbc.com/vietnamese/articles/cj9jnl8mj7jo,0
Đối phó với Trung Quốc: Chiến thuật ‘quyết liệt’ của Philipines hay ‘thận trọng’ của Việt Nam  hiệu quả hơn?,https://www.bbc.com/vietnamese/articles/cpqzjv34lzvo,0
Vì sao Trung Quốc hung hăng với Philippines nhưng không gây hấn với Việt Nam?,https://www.bbc.com/vietnamese/articles/c3ejekl78l4o,0
Tân đại sứ Trung Quốc tại Việt Nam: 'kiên trì kiểm soát khác biệt',https://www.bbc.com/vietnamese/articles/c78l8kvr7dmo,0
Việt Nam cân nhắc khôi phục kế hoạch phát triển điện hạt nhân,https://www.bbc.com/vietnamese/articles/cy8482g5vlyo,0
"Mặt trận Tổ quốc công bố sao kê, có bất cập gì?",https://www.bbc.com/vietnamese/articles/c3vxv2yw99ko,0
Các tổ chức quốc tế kêu gọi hủy bản án tù đối với blogger Nguyễn Vũ Bình,https://www.bbc.com/vietnamese/articles/cgq2xzvnqxyo,0
Bộ trưởng Quốc phòng Mỹ Lloyd Austin và Đại tướng Phan Văn Giang: 'Hợp tác chặt chẽ hơn bao giờ hết',https://www.bbc.com/vietnamese/articles/ckg25r9jdz7o,0
Vì sao Đảng cần cân bằng quyền lực giữa Bộ Công an và Bộ Quốc phòng?,https://www.bbc.com/vietnamese/articles/cm2ng9gkxero,0
Ông Tô Ân Xô làm trợ lý Tổng Bí thư Tô Lâm có đúng quy định?,https://www.bbc.com/vietnamese/articles/cg589eryyevo,0
Việt Nam hoan nghênh Space X: Sẽ dùng vệ tinh Starlink cho mục đích quân sự?,https://www.bbc.com/vietnamese/articles/c2079pqzjz8o,0
Vì sao các tập đoàn nước ngoài rút khỏi dự án điện gió ngoài khơi Việt Nam?,https://www.bbc.com/vietnamese/articles/cy4y5gl7pvwo,0
Vì sao việc Việt Nam tăng cường đầu tư điện khí LNG có thể gây hậu quả lâu dài?,https://www.bbc.com/vietnamese/articles/c1jly9xe1w8o,0
Vụ thí sinh Olympia bị 'đấu tố': yêu nước là phải yêu Đảng?,https://www.bbc.com/vietnamese/articles/c785y4j6d4qo,0
Cựu Thứ trưởng Ngoại giao kêu gọi ông Tô Lâm thay đổi 'thể chế chính trị',https://www.bbc.com/vietnamese/articles/c5ykenx89plo,0
Thí sinh Olympia 'không nhìn Đảng một cách tích cực' liền bị công kích là 'vô ơn' với đất nước,https://www.bbc.com/vietnamese/articles/cgrjp7renp1o,0
Đại học Fulbright Việt Nam và cáo buộc 'cách mạng màu',https://www.bbc.com/vietnamese/articles/ceq5wep0j80o,0
Cải cách Ruộng đất và sự thay thế bộ tứ lãnh đạo Việt Nam,https://www.bbc.com/vietnamese/articles/c3rd339v0d3o,0
"Sau Trung Quốc, ông Tô Lâm sẽ thăm Mỹ trong tháng 9?",https://www.bbc.com/vietnamese/articles/cvg5km1eld1o,0
Đại tướng Phan Văn Giang: thăm Philippines xong 'sẽ thăm Mỹ',https://www.bbc.com/vietnamese/articles/cd9dgg47j1lo,0
Hà Thị Hậu: Cô gái Việt nhỏ nhắn với tham vọng vô địch giải chạy lớn nhất thế giới,https://www.bbc.com/vietnamese/articles/c4gxk4kjdeko,0
Thực tập sinh Việt Nam tại Nhật Bản: ‘Tôi gửi tiền ăn trộm về cho gia đình',https://www.bbc.com/vietnamese/articles/crlrel03112o,0
Ai sẽ thay ông Tô Lâm làm chủ tịch nước?,https://www.bbc.com/vietnamese/articles/cn7ljeg0jreo,0
Bộ trưởng Quốc phòng Việt Nam thăm Philippines và ký các thỏa thuận hợp tác,https://www.bbc.com/vietnamese/articles/cx280p5nnyjo,0
Chính phủ Việt Nam: Hai bộ trưởng mới là ai?,https://www.bbc.com/vietnamese/articles/cj081z3e20jo,0
Chân dung ba tân phó thủ tướng,https://www.bbc.com/vietnamese/articles/c3rd78g2j73o,0
"Cải cách Ruộng đất, lịch sử đẫm máu trong sự hờ hững hiện đại",https://www.bbc.com/vietnamese/articles/crlrzzj9pr3o,0
Quốc hội họp bất thường: những ứng viên phó thủ tướng,https://www.bbc.com/vietnamese/articles/cgm7n9xyy49o,0
Người di cư Việt Nam kẹt ở sân bay Brazil trong tình trạng báo động,https://www.bbc.com/vietnamese/articles/c80exv4z892o,0
"Vì sao ngày càng nhiều phụ nữ Việt ngại kết hôn, sinh con?",https://www.bbc.com/vietnamese/articles/cql3zg9gq1qo,0
"Video, Quốc hội họp bất thường: Ai lên ai xuống?, Thời lượng 6,47",https://www.bbc.com/vietnamese/articles/c07emrr2p4zo,0
Quốc hội họp bất thường: chính phủ biến động như thế nào?,https://www.bbc.com/vietnamese/articles/ckgwype5q4go,0
Quốc hội họp bất thường: ghế chủ tịch nước của ông Tô Lâm sẽ như thế nào?,https://www.bbc.com/vietnamese/articles/cx2lp8xwyylo,0
Hàng loạt nghệ sĩ Việt bị công kích vì 'chuyện cờ vàng',https://www.bbc.com/vietnamese/articles/c9v818mnwdro,0
Tam giác Phát triển Campuchia-Lào-Việt Nam: ngọn lửa dân tộc chủ nghĩa chống Việt Nam,https://www.bbc.com/vietnamese/articles/cvg536z3m54o,0
"Quốc hội Việt Nam họp bất thường về nhân sự: bầu ai, miễn nhiệm ai?",https://www.bbc.com/vietnamese/articles/c3vxzelv3nro,0
'Không phải ngày nào bạn cũng gặp được một trẻ mồ côi người Việt như mình',https://www.bbc.com/vietnamese/articles/c77ld6y23y2o,0
"Người Việt trong nhóm xin tị nạn hàng đầu ở Brazil, vì sao?",https://www.bbc.com/vietnamese/articles/cy0rqznelpzo,0
"Cải cách Ruộng đất 1953-56 và Di cư 1954, những đoạn sử buồn nước Việt",https://www.bbc.com/vietnamese/articles/cd9djj1g335o,0
"Điểm đáng chú ý trong chỉ đạo của Tổng Bí thư, Chủ tịch nước Tô Lâm về công tác nhân sự Đại hội 14",https://www.bbc.com/vietnamese/articles/clygrrdllpko,0
Đất hiếm Việt Nam: Bao giờ phá vỡ thế độc tôn của Trung Quốc?,https://www.bbc.com/vietnamese/articles/c9904yz8pv5o,0
Ông Tô Lâm kết thúc chuyến thăm Trung Quốc: những điểm đáng lưu ý,https://www.bbc.com/vietnamese/articles/cvgx1zjgev0o,0
"Mùa tựu trường, trẻ em Việt Nam đối mặt nhiều hiểm nguy trên đường đi học",https://www.bbc.com/vietnamese/articles/cq6rmqjdydlo,0
Ông Tô Lâm hội đàm với ông Tập Cận Bình: Thấy gì từ cuộc gặp ở Bắc Kinh?,https://www.bbc.com/vietnamese/articles/c77lvx6n480o,0
Gói chuyển đổi năng lượng 15 tỷ USD cho Việt Nam: nhiều bất cập khiến mục tiêu khó đạt được,https://www.bbc.com/vietnamese/articles/cy4lvevk73do,0
Vì sao ông Tô Lâm nhanh chóng thăm Trung Quốc ngay sau khi làm tổng bí thư?,https://www.bbc.com/vietnamese/articles/cy0nkyz1e46o,0
Ông Tô Lâm thăm Trung Quốc: tăng cường kết nối đường sắt,https://www.bbc.com/vietnamese/articles/c1d7rvxryg2o,0
Bộ trưởng Lương Tam Quang vào Bộ Chính trị có đúng quy định?,https://www.bbc.com/vietnamese/articles/c0mn9ex7kpko,0
Ba người được bầu bổ sung vào Ban Bí thư là ai?,https://www.bbc.com/vietnamese/articles/c1epg31vp27o,0
Bộ trưởng Công an Lương Tam Quang vào Bộ Chính trị,https://www.bbc.com/vietnamese/articles/clyg24mzjk0o,0
Việt Nam trong quỹ đạo Đảng trị và Công an trị,https://www.bbc.com/vietnamese/articles/cnvyzvpm41zo,0
'Biến mỗi nóc nhà thành lá cờ': Nổi bật nhất lại là hình ảnh giả,https://www.bbc.com/vietnamese/articles/cdrlx8g42v2o,0
Nhà hoạt động Nguyễn Chí Tuyến bị tuyên 5 năm tù,https://www.bbc.com/vietnamese/articles/cdjwy4l7zlno,0
"Chủ tịch nước, Tổng Bí thư Tô Lâm đi Trung Quốc: những điểm đáng chú ý?",https://www.bbc.com/vietnamese/articles/ckg2n9j910zo,0
"Chủ tịch nước, Tổng Bí thư Tô Lâm nói chống tham nhũng phải 'phục vụ kinh tế'",https://www.bbc.com/vietnamese/articles/cpqj27rdgw7o,0
Ông Đỗ Mười được đặt tên đường tại TP HCM dù có di sản gây tranh cãi đối với miền Nam,https://www.bbc.com/vietnamese/articles/c935nll1g7eo,0
"Phó Thủ tướng Lê Minh Khái bị kỷ luật vì liên quan dự án Đại Ninh, tiếp theo là gì?",https://www.bbc.com/vietnamese/articles/cql3d12z12do,0
Lại Ngứa Chân: hành trình khám phá 195 nước trên thế giới,https://www.bbc.com/vietnamese/articles/c1ep82pxdw5o,0
"Tổng Bí thư, Chủ tịch nước Tô Lâm 'sắp đi thăm Trung Quốc'",https://www.bbc.com/vietnamese/articles/cz73eewy913o,0
"Biển Đông: Trung Quốc áp dụng 'chia để trị', Việt Nam và Philippines nên làm gì?",https://www.bbc.com/vietnamese/articles/cwy3py7xj1no,0
Việt Nam: Cạnh tranh nội bộ khiến lãnh đạo lơ là trước các thách thức của đất nước?,https://www.bbc.com/vietnamese/articles/cr5n4djqvl4o,0
Việt Nam và Philippines hoàn thành diễn tập chung đầu tiên trên Biển Đông,https://www.bbc.com/vietnamese/articles/cr40lv31ed0o,0
"Cựu Thủ tướng Hun Sen bác bỏ chuyện xa Việt Nam, thân Trung Quốc vì Phù Nam Techo",https://www.bbc.com/vietnamese/articles/cy9ejx91r21o,0
Trung Quốc sắp khai thác mỏ khí đốt 'siêu cạn ở vùng nước siêu sâu' trên Biển Đông,https://www.bbc.com/vietnamese/articles/ce31y073wleo,0
"Người Mỹ gốc Việt: Có muốn về sống ở Việt Nam, thích Cộng hòa hay Dân chủ?",https://www.bbc.com/vietnamese/articles/cdeyn5r924eo,0
Phó Thủ tướng Lê Minh Khái bị đề nghị kỷ luật liên quan siêu dự án Đại Ninh,https://www.bbc.com/vietnamese/articles/cjrd3v0n7w5o,0
Tướng công an Vũ Hồng Văn làm phó chủ nhiệm Ủy ban Kiểm tra Trung ương,https://www.bbc.com/vietnamese/articles/cvgrlzqvyz6o,0
Việt Nam có đánh mất cơ hội trong chiến lược ‘Trung Quốc + 1’ do bất ổn chính trị?,https://www.bbc.com/vietnamese/articles/cn49y8xx2epo,0
"Việt Nam và Philippines lần đầu huấn luyện chung trên biển, Trung Quốc phản ứng thế nào?",https://www.bbc.com/vietnamese/articles/cq8223x90geo,0
Động thổ kênh đào Phù Nam Techo: Cú hích mạnh mẽ cho tinh thần dân tộc Campuchia,https://www.bbc.com/vietnamese/articles/clynnn15rgmo,0
Máy bay quân sự không người lái của Trung Quốc 'bay gần bờ biển Việt Nam',https://www.bbc.com/vietnamese/articles/c70333p8dndo,0
Ông Trịnh Văn Quyết lãnh mức án 21 năm tù,https://www.bbc.com/vietnamese/articles/c51yyy8pngzo,0
Diễn biến trời long đất lở trên chính trường Việt Nam năm 2024,https://www.bbc.com/vietnamese/articles/c2500v3220zo,0
Những người Việt sống bên kênh đào Phù Nam Techo: 'Không biết đi đâu về đâu',https://www.bbc.com/vietnamese/articles/cp383v0ymezo,0
"Việt Nam áp giá trần LNG, đặt mục tiêu điện khí vào thế rủi ro",https://www.bbc.com/vietnamese/articles/c51y1283jz6o,0
Ông Tô Lâm làm tổng bí thư: quốc tế nói gì?,https://www.bbc.com/vietnamese/articles/cjr4r4q4d1eo,0
Phó Thủ tướng Lê Minh Khái và ba ủy viên trung ương mất chức,https://www.bbc.com/vietnamese/articles/c1vdvw923x7o,0
Tổng Bí thư Tô Lâm: ‘Đốt lò’ và 'ngoại giao cây tre’ sẽ ra sao?,https://www.bbc.com/vietnamese/articles/cnd0dnz7942o,0
Động thổ kênh đào Phù Nam Techo: Dân ủng hộ Hun Sen nhưng lo mất nhà cửa,https://www.bbc.com/vietnamese/articles/cz9xl67vwe9o,0
Chủ tịch nước Tô Lâm làm tổng bí thư,https://www.bbc.com/vietnamese/articles/c3gdg2n13vno,0
Hoa Kỳ từ chối nâng cấp Việt Nam lên 'nền kinh tế thị trường',https://www.bbc.com/vietnamese/articles/cml2lvwg80po,0
Ông Nguyễn Phú Trọng qua đời: Bầu tổng bí thư mới như thế nào?,https://www.bbc.com/vietnamese/articles/cxw2weppxywo,0
Ông Nguyễn Phú Trọng tái tập trung quyền lực về Đảng như thế nào?,https://www.bbc.com/vietnamese/articles/c51yn6d1w0po,0
"Nhập trái cây Việt Nam nhiễm ấu trùng, một phụ nữ lãnh án tù",https://www.bbc.com/vietnamese/articles/cy94xwl7nqko,0
Tổng Bí thư Nguyễn Phú Trọng qua đời ảnh hưởng thế cục Biển Đông thế nào?,https://www.bbc.com/vietnamese/articles/cj7d4v2y53yo,0
Tổng Bí thư Nguyễn Phú Trọng: đức trị và đảng trị,https://www.bbc.com/vietnamese/articles/cnk452d3q81o,0
William Calley: Cựu sĩ quan Mỹ đứng sau vụ thảm sát Mỹ Lai qua đời,https://www.bbc.com/vietnamese/articles/c1e5jgpxz09o,0
"Nguyễn Phú Trọng, hình ảnh bi tráng của ‘người cộng sản cuối cùng’",https://www.bbc.com/vietnamese/articles/c16j4z56zdpo,0
Tổng Bí thư Nguyễn Phú Trọng và ngôi vị quyền lực: cuộc hạ bệ Thủ tướng Nguyễn Tấn Dũng,https://www.bbc.com/vietnamese/articles/czvx5j2rqw5o,0
Mỹ sẽ công nhận Việt Nam là nền kinh tế thị trường?,https://www.bbc.com/vietnamese/articles/cpwd77dz738o,0
Quốc tế phản đối bản án dành cho bà Ngô Thị Tố Nhiên trước chuyến thăm Việt Nam của đại diện cấp cao EU,https://www.bbc.com/vietnamese/articles/c4ngxx63p99o,0
Ông Lâm Hồng Sơn 34 năm kêu oan: 'Tôi chết thì con tôi sẽ đi đòi công lý',https://www.bbc.com/vietnamese/articles/cpe3lv29le0o,0
'Ngoại giao cây tre': từ Đổi mới đến Tổng Bí thư Nguyễn Phú Trọng,https://www.bbc.com/vietnamese/articles/c7294jdlgxzo,0
"Tổng Bí thư Nguyễn Phú Trọng: 'sau Hồ Chí Minh, Trường Chinh, ngang Lê Duẩn'",https://www.bbc.com/vietnamese/articles/cy79133w99wo,0
Mỹ sẽ bán máy bay quân sự C-130 cho Việt Nam?,https://www.bbc.com/vietnamese/articles/c0kr295r4d5o,0
Quốc tang Tổng Bí thư Nguyễn Phú Trọng diễn ra như thế nào?,https://www.bbc.com/vietnamese/articles/cye025186n7o,0
Ông Nguyễn Phú Trọng qua đời: 'Lò' có tiếp tục cháy?,https://www.bbc.com/vietnamese/articles/cv2gdlep1glo,0
"Ông Nguyễn Phú Trọng qua đời, buồn sao cho đúng?",https://www.bbc.com/vietnamese/articles/c51ywl2jnq2o,0
Tổng Bí thư Nguyễn Phú Trọng qua đời: Tại sao ông Tô Lâm là ứng viên kế nhiệm hàng đầu?,https://www.bbc.com/vietnamese/articles/cxx2e37gdw6o,0
Nguyễn Phú Trọng - 'người cộng sản kiên định cuối cùng' và di sản 'đốt lò',https://www.bbc.com/vietnamese/articles/ckrgmezy4jmo,0
Ông Trịnh Văn Quyết hầu tòa: Có gì đáng chú ý?,https://www.bbc.com/vietnamese/articles/cn387p1gzjzo,0
Ông Tô Lâm 'có thể tăng cường thâu tóm quyền lực',https://www.bbc.com/vietnamese/articles/c3g9wxkezzlo,0
Góc khuất của Hiệp định Genève,https://www.bbc.com/vietnamese/articles/c886ypzvz7wo,0
Di sản Nguyễn Phú Trọng từ góc nhìn báo chí quốc tế,https://www.bbc.com/vietnamese/articles/c903v280jyno,0
Quốc tang Tổng Bí thư Nguyễn Phú Trọng: những thông tin cần biết,https://www.bbc.com/vietnamese/articles/cd1dglp433ro,0
"Tổng Bí thư Nguyễn Phú Trọng: báo chí kể chuyện 'rau muống chấm tương', 'viết chữ trên cát'",https://www.bbc.com/vietnamese/articles/cl4ym2831m4o,0
"Tổng Bí thư Nguyễn Phú Trọng: 'Ngoại giao cây tre', 'Đốt lò' và quyền lực",https://www.bbc.com/vietnamese/articles/c0350gg8egro,0
Vị thế của Tổng Bí thư Nguyễn Phú Trọng đối với Mỹ,https://www.bbc.com/vietnamese/articles/cjk3vxnpk0xo,0
"Tổng Bí thư Nguyễn Phú Trọng: 'Ông Tập không tự ái', 'Chán đảng, khô Đoàn' và những phát biểu khác",https://www.bbc.com/vietnamese/articles/c4ng3xxz840o,0
Tổng Bí thư Nguyễn Phú Trọng từ trần: Cuộc đời - Sự nghiệp - Di sản,https://www.bbc.com/vietnamese/articles/ckdgky4pnrko,0
CEO Quốc Cường Gia Lai Nguyễn Thị Như Loan bị bắt,https://www.bbc.com/vietnamese/articles/c724vx94zpwo,0
Tổng Bí thư Nguyễn Phú Trọng và di sản chưa hoàn tất cho Đảng Cộng sản Việt Nam,https://www.bbc.com/vietnamese/articles/cv2grzjr2kyo,0
Tổng Bí thư Nguyễn Phú Trọng yếu đến mức nào mà Chủ tịch nước Tô Lâm phải điều hành Đảng?,https://www.bbc.com/vietnamese/articles/cd1rnney711o,0
"Tổng Bí thư Nguyễn Phú Trọng điều trị bệnh, ông Tô Lâm điều hành Đảng",https://www.bbc.com/vietnamese/articles/cmj2v776z72o,0
Việt Nam nộp đệ trình Ranh giới thềm lục địa mở rộng ở khu vực giữa Biển Đông,https://www.bbc.com/vietnamese/articles/cevwj0wk2lyo,0
Bà Bùi Thị Minh Hoài làm bí thư Thành ủy Hà Nội,https://www.bbc.com/vietnamese/articles/c4ngpgzpydko,0
Tập đoàn của tỷ phú Ấn Độ Gautam Adani 'có kế hoạch xây cảng ở Đà Nẵng',https://www.bbc.com/vietnamese/articles/cx723l3j26yo,0
Người Việt Nam trong bức tranh toàn cảnh vượt biển vào Anh,https://www.bbc.com/vietnamese/articles/ced3j7pxky1o,0
Thủ tướng Hun Manet bác thông tin cho công ty taxi điện Việt Nam hoạt động tại Campuchia,https://www.bbc.com/vietnamese/articles/c10l8gpmrn8o,0
"Chủ tịch nước Tô Lâm thăm Lào và Campuchia, điều gì đáng chú ý?",https://www.bbc.com/vietnamese/articles/cgr5zdjg94go,0
Đại biểu Quốc hội Lê Thanh Vân bị bắt 'liên quan vụ ông Lưu Bình Nhưỡng',https://www.bbc.com/vietnamese/articles/cnd05j0eg0lo,0
Tổng Bí thư Nguyễn Phú Trọng liên tục vắng mặt trong nhiều sự kiện quan trọng,https://www.bbc.com/vietnamese/articles/cyj4eee2nlpo,0
Tổ chức tôn giáo Mỹ: 11 tù nhân Kitô giáo Việt Nam mất tích,https://www.bbc.com/vietnamese/articles/c4nge2qlnelo,0
"Ủng hộ Palestine, chủ tiệm cà phê ở Hà Nội xua đuổi người Do Thái",https://www.bbc.com/vietnamese/articles/c0xjzvjvwvzo,0
"Hội nghị Trung ương Đảng 10: Bàn về nhân sự Đại hội 14, có gì chú ý?",https://www.bbc.com/vietnamese/articles/c06kx51ppk5o,0
'Mắt thần' Trung Quốc trong mỗi gia đình Việt Nam: Hệ lụy nào từ camera giám sát?,https://www.bbc.com/vietnamese/articles/cj777041er2o,0
Thượng tọa Thích Chân Quang: khi ‘sư phụ’ trù đệ tử ‘đọa làm cầm thú’,https://www.bbc.com/vietnamese/articles/c6p2g8e8lpno,0
Ông Nguyễn Phú Trọng nói gì với lực lượng công an ‘còn Đảng thì còn mình’?,https://www.bbc.com/vietnamese/articles/c3g0mv61le1o,0
Việt Nam để tuột mất hàng tỷ đô la đầu tư do thiếu ưu đãi,https://www.bbc.com/vietnamese/articles/cd1x2ynq1jlo,0
Việt Nam: Bộ Chính trị và vấn đề 'hồng' hơn 'chuyên',https://www.bbc.com/vietnamese/articles/c2558j44lego,0
Căn cứ quân sự Ream của Campuchia quan trọng thế nào nếu Việt Nam rơi vào xung đột quân sự? (bài 3),https://www.bbc.com/vietnamese/articles/c72pepdqyk4o,0
Quốc tế kêu gọi Thái Lan không dẫn độ ông Y Quynh Bđăp về Việt Nam,https://www.bbc.com/vietnamese/articles/cyj4m0ek80xo,0
Trung Quốc đang làm gì tại căn cứ quân sự Ream của Campuchia? (bài 2),https://www.bbc.com/vietnamese/articles/c296xk57w25o,0
Các dòng tiền trong vụ việc liên quan con trai ‘vua rác’ David Dương,https://www.bbc.com/vietnamese/articles/c725wd75yv5o,0
Căn cứ Ream của Campuchia thay đổi như thế nào từ năm 2019 đến nay? (bài 1),https://www.bbc.com/vietnamese/articles/c3g940r7p0no,0
Việt Nam nhận 15 tỷ USD để giảm điện than nhưng xây thêm nhà máy: Mỹ ‘sẽ giám sát chặt’,https://www.bbc.com/vietnamese/articles/cxe2nr2y958o,0
Philippines 'sẵn sàng đối thoại với Việt Nam' về Biển Đông,https://www.bbc.com/vietnamese/articles/cxx2ndrze43o,0
Ông Hun Sen kêu gọi cả nước bắn pháo hoa ngày động thổ kênh đào Phù Nam Techo,https://www.bbc.com/vietnamese/articles/c72480dd480o,0
"Thủ tướng Phạm Minh Chính thăm Hàn Quốc, có gì đáng chú ý?",https://www.bbc.com/vietnamese/articles/c0xjwxpv21no,0
"Việt Nam bán ra hơn 5 tỷ USD, bình ổn tỷ giá được không?",https://www.bbc.com/vietnamese/articles/cn087vv9qxwo,0
Ông Nguyễn Văn Yên bị bắt: Ông Phan Đình Trạc có 'chịu trách nhiệm người đứng đầu'?,https://www.bbc.com/vietnamese/articles/c1334r5pd6zo,0
"Đối phó Trung Quốc trên Biển Đông: Việt Nam cần 'rõ ràng, sòng phẳng' như Philippines?",https://www.bbc.com/vietnamese/articles/cy994v5pn0qo,0
"Luận án tiến sĩ luật của nhà sư Thích Chân Quang bị mổ xẻ, giải mã vụ tốt nghiệp 'thần tốc'",https://www.bbc.com/vietnamese/articles/cyjj4wyrew2o,0
Vietnam Airlines đối mặt với nguy cơ vỡ nợ như thế nào?,https://www.bbc.com/vietnamese/articles/cqqql740zrwo,0
Bí thư Thành ủy Hà Nội: Ai thay ông Đinh Tiến Dũng?,https://www.bbc.com/vietnamese/articles/cw000yw8jn6o,0
Buôn người: Mỹ nâng hạng Việt Nam dù lo ngại 'sự đồng lõa của quan chức chính phủ',https://www.bbc.com/vietnamese/articles/cv22gw73ep9o,0
Người Việt Nam bị 'lừa' bởi hàng loạt sản phẩm dán nhãn Hàn Quốc,https://www.bbc.com/vietnamese/articles/c9ee90vxreeo,0
Cựu Phó Trưởng ban Nội chính Trung ương Nguyễn Văn Yên bị bắt,https://www.bbc.com/vietnamese/articles/ce77897z565o,0
"Biển Đông: Va chạm tàu Trung Quốc ở Bãi Cỏ Mây, vì sao tổng thống Philippines ‘chậm trễ’ lên tiếng?",https://www.bbc.com/vietnamese/articles/clkkkderxdzo,0
Việt Nam và Campuchia còn là 'láng giềng đặc biệt' sau 57 năm thiết lập quan hệ ngoại giao?,https://www.bbc.com/vietnamese/articles/cz777rl8lleo,0
Tổng Bí thư tiếp tục ra sách: Truyền bá 'Tư tưởng Nguyễn Phú Trọng'?,https://www.bbc.com/vietnamese/articles/c72225eyzp9o,0
Người theo đạo ở Việt Nam tăng bất chấp tỷ lệ vô thần tăng ở Đông Á,https://www.bbc.com/vietnamese/articles/crgggqgyrj7o,0
Doanh nhân Phạm Văn Tam vừa bị khởi tố là ai?,https://www.bbc.com/vietnamese/articles/cv22rrmmll6o,0
"Biển Đông căng thẳng, Việt Nam muốn nói chuyện với Philippines",https://www.bbc.com/vietnamese/articles/cnll4nwqelko,0
Tự do học thuật ở Việt Nam: khi giáo dục đi liền với chính trị,https://www.bbc.com/vietnamese/articles/clkklem4rz9o,0
"FBI khám nhà con của doanh nhân David Dương và thị trưởng Sheng Thao, tại sao?",https://www.bbc.com/vietnamese/articles/cyeezrnd2wzo,0
"Ông Đinh Tiến Dũng mất chức, điều gì đang xảy ra tại Bộ Chính trị?",https://www.bbc.com/vietnamese/articles/cw99zze3p8zo,0
Việt Nam bị cáo buộc đưa thông tin sai lệch về nạn buôn người cho Mỹ,https://www.bbc.com/vietnamese/articles/c511e7xe39xo,0
Việt Nam tiếp tục bận rộn cân bằng ngoại giao với hai cường quốc Nga và Mỹ,https://www.bbc.com/vietnamese/articles/cv22y3e3l9yo,0
Tổng thống Putin thăm Việt Nam: Châu Âu phản ứng khác Mỹ,https://www.bbc.com/vietnamese/articles/cv22yk13wzyo,0
Ông Putin tới Việt Nam: Quốc tế nói gì khác với báo chí Việt Nam?,https://www.bbc.com/vietnamese/articles/c977wpz35dgo,0
"Nhiều người Việt bất chấp nguy hiểm để nhập cư lậu vào châu Âu, Mỹ, vì sao?",https://www.bbc.com/vietnamese/articles/cw44zlx12llo,0
'Vong nhập' trong khóa tu mùa hè ở chùa Ba Vàng: Thế hệ trẻ học được gì từ người tu hành?,https://www.bbc.com/vietnamese/articles/ckmm3k43kvmo,0
Ông Putin đến Hà Nội: Việt Nam quan trọng như thế nào với Nga?,https://www.bbc.com/vietnamese/articles/c4nn3y6mpmdo,0
"Ông Nguyễn Văn Yên bị cách tất cả các chức vụ, tại sao?",https://www.bbc.com/vietnamese/articles/c3gg06yx7wqo,0
Thượng tọa Thích Chân Quang bị cấm thuyết giảng hai năm: nhìn lại các vụ việc nổi cộm,https://www.bbc.com/vietnamese/articles/cgxx5l4xnwko,0
"Tổng thống Putin thăm Việt Nam, mục đích chính là gì?",https://www.bbc.com/vietnamese/articles/c033qpy3663o,0
"Ông Putin thăm Việt Nam: Tổng Bí thư Nguyễn Phú Trọng chứ không phải Chủ tịch nước Tô Lâm mời, tại sao?",https://www.bbc.com/vietnamese/articles/cd11l1en1neo,0
"Đất hiếm Việt Nam: Thua Trung Quốc, mất lợi thế khi Brazil vào cuộc đua?",https://www.bbc.com/vietnamese/articles/cv2250zd378o,0
Hàng loạt cán bộ Viện Pháp y tâm thần Biên Hòa bị bắt giữ: Có hay không việc tiếp tay chạy án?,https://www.bbc.com/vietnamese/articles/cgll6n8n5l6o,0
Tổng thống Nga Vladimir Putin sẽ thăm chính thức Việt Nam - Chương trình nghị sự có gì?,https://www.bbc.com/vietnamese/articles/cpddl7v48gro,0
Thượng đỉnh Hòa bình Ukraine: Vì sao Việt Nam được mời nhưng không tham dự?,https://www.bbc.com/vietnamese/articles/c044ydd34dlo,0
"Việt Nam sắp tiếp đón Tổng thống Nga Vladimir Putin, Mỹ lên tiếng chỉ trích?",https://www.bbc.com/vietnamese/articles/cxrrw5161qqo,0
"Bộ Chính trị ra quyết định mới về kỷ luật đảng viên cấp cao, cho thấy điều gì?",https://www.bbc.com/vietnamese/articles/c6ppe1kdkejo,0
"Bí thư Thành ủy Hà Nội Đinh Tiến Dũng bị đề nghị kỷ luật, tiếp theo là gì?",https://www.bbc.com/vietnamese/articles/c4nn7er411no,0
Sư Thích Minh Tuệ sẽ ra sao trước dòng người đổ về nơi ông 'ẩn tu'?,https://www.bbc.com/vietnamese/articles/cv2233z90nzo,0
Quốc tế lo ngại Thái Lan dẫn độ ông Y Quynh Bđăp về Việt Nam,https://www.bbc.com/vietnamese/articles/c1667kjygzzo,0
'Đừng giỡn mặt với Hun Sen': Lãnh đạo Campuchia đã gặp sếp CIA?,https://www.bbc.com/vietnamese/articles/cd11lx5l79zo,0
"Bầu cử ở châu Âu, Việt Nam chịu tác động như thế nào?",https://www.bbc.com/vietnamese/articles/cz770rg1gw7o,0
BRICS cạnh tranh với G7: Việt Nam hưởng lợi từ khối nào hơn?,https://www.bbc.com/vietnamese/articles/cpee27dzjq3o,0
Chỉ thị mật 24 của Việt Nam khiến nhóm tư vấn EU quan ngại,https://www.bbc.com/vietnamese/articles/cjlld9grw6no,0
Chủ tịch nước Tô Lâm đã nói gì với Đại sứ Hùng Ba của Trung Quốc?,https://www.bbc.com/vietnamese/articles/cglled5r3rko,0
Người Việt Nam trong nhóm 'ăn nhựa' nhiều nhất thế giới,https://www.bbc.com/vietnamese/articles/cgxxe5e1qk1o,0
Thượng tướng Lương Tam Quang làm Bí thư Đảng ủy Công an Trung ương khi không thuộc Bộ Chính trị,https://www.bbc.com/vietnamese/articles/c72204vej5vo,0
Những đứa con bất hạnh trong Chiến tranh Việt Nam,https://www.bbc.com/vietnamese/articles/cl55eq5q5nxo,0
Tổng thống Putin thăm Việt Nam tuần tới trong bối cảnh có đủ 'Tứ Trụ'?,https://www.bbc.com/vietnamese/articles/c6pp082q7n6o,0
"Thượng đỉnh Hòa bình Ukraine: Trung Quốc, Campuchia không tham gia ‘vì thiếu Nga’, Việt Nam thì sao?",https://www.bbc.com/vietnamese/articles/cw881e6l170o,0
Bà Trương Mỹ Lan và vụ lừa trái phiếu SCB: 'Cô gửi tiết kiệm sao thành ra trái phiếu thế này?',https://www.bbc.com/vietnamese/articles/cd11kp499p5o,0
Sư Thích Minh Tuệ: Phóng sự của VTV làm dấy lên nghi ngờ,https://www.bbc.com/vietnamese/articles/c1ww49d1eg1o,0
"Nhức nhối nạn kết hôn giả, 'mua vợ' Việt Nam",https://www.bbc.com/vietnamese/articles/c9779e828z1o,0
'Cao mới được làm sếp': Tranh cãi quanh tiêu chí xét tuyển của Trường Quản trị và Kinh doanh,https://www.bbc.com/vietnamese/articles/c4nn38z74n1o,0
Nhà báo Huy Đức bị bắt: Các tổ chức quốc tế kêu gọi trả tự do 'ngay lập tức',https://www.bbc.com/vietnamese/articles/cyjjxdpv087o,0
"Sư Thích Minh Tuệ đến từ đâu, tại sao phải dừng?",https://www.bbc.com/vietnamese/articles/c3ggv58pzz2o,0
"Nhà báo Huy Đức bị bắt về tội 'lợi dụng tự do, dân chủ'",https://www.bbc.com/vietnamese/articles/ce5531vl6mgo,0
"Bộ trưởng Công an Lương Tam Quang không thuộc Bộ Chính trị, quyền lực thế nào?",https://www.bbc.com/vietnamese/articles/cyeeyg0z63jo,0
Phó thủ tướng và phó chủ tịch Quốc hội mới có lý lịch như thế nào?,https://www.bbc.com/vietnamese/articles/cmmmenmj094o,0
Thượng tướng Lương Tam Quang làm  bộ trưởng Bộ Công an,https://www.bbc.com/vietnamese/articles/c72285jy16ro,0
"Bà Trương Mỹ Lan đối mặt thêm ba tội danh, bị cáo buộc chuyển hơn 4,5 tỉ USD qua biên giới",https://www.bbc.com/vietnamese/articles/c3ggvrdd5w4o,0
"Kênh đào Phù Nam Techo: Campuchia khởi công ngày 5/8, Việt Nam lép vế trên mặt trận truyền thông",https://www.bbc.com/vietnamese/articles/cn0033y2xeno,0
Trung Quốc hưởng lợi từ bất ổn chính trị ở Việt Nam?,https://www.bbc.com/vietnamese/articles/cq55ze79gd0o,0
"Biên giới Mỹ-Mexico 'quá tải', số người Việt di cư tăng, luật sư nói gì?",https://www.bbc.com/vietnamese/articles/cj55797njl5o,0
Sư Thích Minh Tuệ 'ẩn tu' giữa lúc chính quyền thắt chặt quản lý tăng sĩ?,https://www.bbc.com/vietnamese/articles/cv22vlr9nreo,0
"Video, Sư Thích Minh Tuệ dừng bước và chuyện sư Thích Minh Đạo bị kiểm điểm, Thời lượng 16,19",https://www.bbc.com/vietnamese/articles/c9eegmdgm51o,0
"Quốc hội bổ sung công tác nhân sự, phê chuẩn bộ trưởng Công an?",https://www.bbc.com/vietnamese/articles/cz99plgllv4o,0
"Nhà báo Huy Đức đã đi đâu, có thể bị 'tạm giữ' trong bao lâu?",https://www.bbc.com/vietnamese/articles/cv22pqvx5r2o,0
Đất hiếm Việt Nam: phá vỡ thế độc tôn của Trung Quốc?,https://www.bbc.com/vietnamese/articles/c888d9rprggo,0
"Sư Thích Minh Tuệ ‘tự nguyện dừng đi bộ khất thực’, tại sao?",https://www.bbc.com/vietnamese/articles/cv2248zzj9zo,0
Tướng công an Nguyễn Duy Ngọc làm chánh Văn phòng Trung ương Đảng,https://www.bbc.com/vietnamese/articles/c511kde5r5jo,0
Nhà báo Huy Đức 'biến mất' giữa lúc có thông tin ông bị bắt,https://www.bbc.com/vietnamese/articles/c0vvp79d0n5o,0
"Bộ Công an: Thu hồi 300 tỉ đồng, 2 triệu USD, 500 lượng vàng, 1.000 sổ đỏ vụ án Phúc Sơn",https://www.bbc.com/vietnamese/articles/cgxx70341npo,0
112 nước bãi bỏ hình phạt tử hình: Việt Nam thế nào?,https://www.bbc.com/vietnamese/articles/ce992qz0q8vo,0
"Việt Nam bỏ đấu thầu, chuyển sang bán vàng thông qua ngân hàng quốc doanh: Thuốc đặc trị hay giải pháp tạm thời?",https://www.bbc.com/vietnamese/articles/cjllr2zpy68o,0
Chế Linh trong cuộc tranh chấp Đoạn buồn đêm mưa,https://www.bbc.com/vietnamese/articles/c100mlg8qdlo,0
"Đảng Cộng sản Việt Nam họp về chống tham nhũng, nói 'không đấu đá nội bộ'",https://www.bbc.com/vietnamese/articles/czvv0lg40kko,0
"Ngăn lũ tràn sang Việt Nam, kênh đào Phù Nam Techo khiến miền Tây mất dần mùa nước nổi?",https://www.bbc.com/vietnamese/articles/clddzx2ypn5o,0
Việt Nam: lạm phát tăng cao nhất trong vòng 16 tháng,https://www.bbc.com/vietnamese/articles/crggnnydlvlo,0
"Khen sư Thích Minh Tuệ, sư Thích Minh Đạo bị kiểm điểm: 'Cây muốn lặng mà gió chẳng đừng'",https://www.bbc.com/vietnamese/articles/c9een8k8yxdo,0
Việt Nam tiếp tục khủng hoảng điện do thủ tướng 'vội vàng'?,https://www.bbc.com/vietnamese/articles/cprr2l3579lo,0
"Việt Nam: giờ làm cao, năng suất có cao?",https://www.bbc.com/vietnamese/articles/cd119xzz5kro,0
Kênh đào Phù Nam Techo: ông Hun Sen lên tiếng về thời điểm khởi công,https://www.bbc.com/vietnamese/articles/c9eeygkpdgpo,0
Cán bộ sợ trách nhiệm: hệ quả của chiến dịch 'đốt lò'?,https://www.bbc.com/vietnamese/articles/cg337j7l14do,0
Chủ tịch nước Tô Lâm: Ghế tổng bí thư có dễ dàng?,https://www.bbc.com/vietnamese/articles/ckkky02p617o,0
Việt Nam dịch chuyển sang hệ vũ khí NATO để giảm phụ thuộc Nga?,https://www.bbc.com/vietnamese/articles/c2xx7j38z0xo,0
Từ hiện tượng sư Thích Minh Tuệ: Thế nào mới là tu?,https://www.bbc.com/vietnamese/articles/cedd1q378wyo,0
Tố Việt Nam bồi đắp trái phép: Chiêu hỏa mù của Trung Quốc?,https://www.bbc.com/vietnamese/articles/c800pk911qdo,0
"Trung Quốc ra quy định bắt người, Việt Nam lên tiếng nhưng không rõ ràng",https://www.bbc.com/vietnamese/articles/cy77j3vd8v5o,0
Bộ trưởng Công an Việt Nam cần những tiêu chuẩn gì?,https://www.bbc.com/vietnamese/articles/cgll1jn321xo,0
Thượng tướng Trần Quốc Tỏ điều hành Bộ Công an: Em trai ông Trần Đại Quang có thể làm bộ trưởng?,https://www.bbc.com/vietnamese/articles/ce44x9rqr4po,0
"Việt Nam vừa trấn an, vừa kêu gọi 'đại bàng' FDI tự nguyện giảm tiêu thụ điện?",https://www.bbc.com/vietnamese/articles/c255j29jvxzo,0
"Đại tướng Tô Lâm làm chủ tịch nước, hứa 'đoàn kết' trong ban lãnh đạo Đảng",https://www.bbc.com/vietnamese/articles/cd1816966m9o,0
"Quốc hội miễn nhiệm Bộ trưởng Công an Tô Lâm, ai sẽ thay?",https://www.bbc.com/vietnamese/articles/c066jr544nlo,0
Cựu Thủ tướng Campuchia Hun Sen yêu cầu điều tra những người mạt sát ông bằng tiếng Việt trên TikTok,https://www.bbc.com/vietnamese/articles/cxeemxyyngno,0
"Việt Nam bắt thêm một nhà cải cách công đoàn, ông Vũ Minh Tiến?",https://www.bbc.com/vietnamese/articles/cpeewjz8n4yo,0
Công an và Quốc phòng: Bộ nào có 'quyền lực chính trị' hơn?,https://www.bbc.com/vietnamese/articles/ck5kgd6l47eo,0
Chủ tịch Quốc hội Trần Thanh Mẫn: quyền lực mới hay phương án tạm thời?,https://www.bbc.com/vietnamese/articles/cjmkmgl4wrxo,0
Đại tướng Tô Lâm làm chủ tịch nước kiêm bộ trưởng Công an?,https://www.bbc.com/vietnamese/articles/ckddwe5k9pjo,0
"Bà Trương Thị Mai mất chức, chính trường nhiễu động, từ góc nhìn quốc tế",https://www.bbc.com/vietnamese/articles/c9xx47n0de0o,0
Đại tướng Tô Lâm và ông Trần Thanh Mẫn được Đảng chốt vào 'Tứ Trụ',https://www.bbc.com/vietnamese/articles/c51ny4ky6qwo,0
"Bế mạc Hội nghị Trung ương 9: chọn chủ tịch nước, chủ tịch Quốc hội và chốt nhiều nhân sự cấp cao",https://www.bbc.com/vietnamese/articles/clw0ywqqg2no,0
"Viện nghiên cứu Trung Quốc nói Việt Nam bồi đắp các đảo 'chiếm đóng trái phép', báo Việt Nam phản công",https://www.bbc.com/vietnamese/articles/cd1q10vr3zwo,0
Putin tới thăm Trung Quốc: Những yếu tố Việt Nam cần quan tâm,https://www.bbc.com/vietnamese/articles/czvjvqrvd92o,0
"Trung ương Đảng họp: người thăng tiến, kẻ bị trừng phạt và những điểm đáng lưu ý",https://www.bbc.com/vietnamese/articles/c6py2792nelo,0
Ông Lê Thanh Hải bị tước hết tất cả các chức vụ trong Đảng,https://www.bbc.com/vietnamese/articles/cv2x275w5kvo,0
Bốn gương mặt được bổ sung vào Bộ Chính trị gồm những ai?,https://www.bbc.com/vietnamese/articles/cxx8x5e5geeo,0
"Thủ tướng Slovakia vừa bị bắn là người 'chống Ukraine, muốn thân Việt Nam'?",https://www.bbc.com/vietnamese/articles/c3gqg2901w7o,0
Đại tướng Lương Cường: Tân thường trực Ban Bí Thư thay bà Trương Thị Mai là ai?,https://www.bbc.com/vietnamese/articles/c72p2g45p96o,0
Bà Trương Thị Mai từ chức: Tại sao?,https://www.bbc.com/vietnamese/articles/cp6g6k0wy92o,0
Hội nghị Trung ương 9 khai mạc: Điểm 'lạ' dự báo chuyển biến nhân sự,https://www.bbc.com/vietnamese/articles/c88z89rmkxeo,0
Xáo trộn chính trị khiến ông Putin không đến Việt Nam sau chuyến thăm Trung Quốc?,https://www.bbc.com/vietnamese/articles/cv2x211yxnno,0
"Chọn 'Tứ Trụ': quy trình Đảng quyết, Quốc hội thông qua như thế nào?",https://www.bbc.com/vietnamese/articles/cd1817p0e16o,0
Trung Quốc có thể lách thuế xe điện của Mỹ thông qua Việt Nam?,https://www.bbc.com/vietnamese/articles/c84z4wnn1eno,0
Chủ tịch nước và chủ tịch Quốc hội: quyền hạn tới đâu và ai sẽ làm?,https://www.bbc.com/vietnamese/articles/c8vzvpl6l7jo,0
"Trung Quốc, Campuchia tập trận lớn, Việt Nam lo ngại gì?",https://www.bbc.com/vietnamese/articles/cnkee109nw9o,0
"Ông Lê Thanh Hải: Bộ Chính trị đề nghị kỷ luật, tiếp theo là gì?",https://www.bbc.com/vietnamese/articles/c6pyy4z9r97o,0
Ai có thể làm Bộ trưởng Công an nếu ông Tô Lâm nhận nhiệm vụ mới?,https://www.bbc.com/vietnamese/articles/c84zz1v9eq2o,0
Việt Nam sẽ gia nhập BRICS hay chần chừ vì ngoại giao 'cây tre'?,https://www.bbc.com/vietnamese/articles/cz96z680ydgo,0
"Tàu chiến Ấn Độ cập quân cảng Cam Ranh, tăng cường quan hệ quốc phòng",https://www.bbc.com/vietnamese/articles/cv27y772j30o,0
Trung ương Đảng họp: bố trí nhân sự cho 'Tứ Trụ'?,https://www.bbc.com/vietnamese/articles/c034r055m3ro,0
Tổng thống Vladimir Putin sẽ thăm Việt Nam vào lúc nào?,https://www.bbc.com/vietnamese/articles/cz96zyg5z4ro,0
"Chính trị Việt Nam xáo động, tại sao Trung Quốc được nhắc tới?",https://www.bbc.com/vietnamese/articles/c87z6g6ymgyo,0
"Giá vàng 'điên loạn', phải bỏ độc quyền nhà nước mới hết?",https://www.bbc.com/vietnamese/articles/c296k6gr76zo,0
Trung Quốc nói đã 'đuổi' tàu khu trục Mỹ áp sát Hoàng Sa,https://www.bbc.com/vietnamese/articles/cl5klp0q78wo,0
Việt Nam sắp đón ông Putin hay bận gì mà từ chối tiếp quan chức EU?,https://www.bbc.com/vietnamese/articles/cld0rp9eg9eo,0
Vì sao Việt Nam ráo riết vận động hành lang để Mỹ cho ra khỏi danh sách ‘nền kinh tế phi thị trường’?,https://www.bbc.com/vietnamese/articles/cd1844xn4vxo,0
Họp Quốc hội: Bầu chủ tịch nước và chủ tịch Quốc hội cho đủ ‘Tứ Trụ’?,https://www.bbc.com/vietnamese/articles/cv297qnwdepo,0
Vụ trưởng Nguyễn Văn Bình là ai mà bị bắt trước phiên điều trần của Mỹ với Việt Nam?,https://www.bbc.com/vietnamese/articles/cw590x62170o,0
"Cây xanh Công Minh bị điều tra, hé lộ vụ án 'đặc biệt nghiêm trọng'?",https://www.bbc.com/vietnamese/articles/ckr5pg0yez2o,0
Ông Lê Thanh Hải bị báo Đảng gọi tên: Tại sao và có ý nghĩa gì?,https://www.bbc.com/vietnamese/articles/c72pylen8yjo,0
"Thu hồi vaccine Covid-19 AstraZeneca trên toàn cầu, Việt Nam thì sao?",https://www.bbc.com/vietnamese/articles/c9xz24w3833o,0
Ả đào: 'Cuộc cách mạng tình dục' và những góc khuất được soi rọi,https://www.bbc.com/vietnamese/articles/cpwg5dld5pgo,0
"Kênh Phù Nam Techo: Việt Nam 'rất quan tâm', Campuchia tuyên bố đanh thép",https://www.bbc.com/vietnamese/articles/cn0v3dnvexpo,0
Đảng Cộng sản Việt Nam: công tác nhân sự thất bại?,https://www.bbc.com/vietnamese/articles/c4n1501np39o,0
"Biển Đông: 'Trung Quốc âm mưu chia rẽ, Việt Nam và Philippines nên đoàn kết'",https://www.bbc.com/vietnamese/articles/c060rl3j77mo,0
Siêu dự án Đại Ninh hơn 25.000 tỷ đồng là gì mà khiến nhiều 'quan to vào lò'?,https://www.bbc.com/vietnamese/articles/c1wxqdlvv1po,0
Kênh đào Phù Nam Techo ‘sẽ đem về 88 triệu USD mỗi năm’,https://www.bbc.com/vietnamese/articles/cv2r07ek3vgo,0
"Việt Nam tưng bừng kỷ niệm 70 năm  chiến thắng Điện Biên Phủ, 'lần đầu mời Pháp tham dự'",https://www.bbc.com/vietnamese/articles/c19drjde4j9o,0
"Hàng không lãi đậm, Bộ Giao thông Vận tải yêu cầu rà soát giá vé máy bay tăng cao",https://www.bbc.com/vietnamese/articles/c9xzgrj335wo,0
"Đại sứ quán Hàn Quốc tại Việt Nam nâng mức cảnh báo nguy cơ khủng bố, vì sao?",https://www.bbc.com/vietnamese/articles/c6pydz2pqe4o,0
Việt Nam thuộc nhóm 3 nước giam giữ nhiều người viết nhất thế giới,https://www.bbc.com/vietnamese/articles/c163kgrzdkxo,0
Địa chấn chính trị Việt Nam: Dồn dập đến bao giờ?,https://www.bbc.com/vietnamese/articles/cyxedn2wwnqo,0
Tranh chấp lao động: Một bản án bất lợi cho người lao động trở thành 'án lệ',https://www.bbc.com/vietnamese/articles/c19dlw12x0eo,0
"Ông Trần Thanh Mẫn, người được phân công điều hành Quốc hội, là ai?",https://www.bbc.com/vietnamese/articles/czkvpedx2kdo,0
Ông Vương Đình Huệ bị miễn nhiệm chức chủ tịch Quốc hội,https://www.bbc.com/vietnamese/articles/c6pyrg5e9p3o,0
Báo cáo LHQ: Việt Nam là điểm đến hàng đầu của rác thải,https://www.bbc.com/vietnamese/articles/c99zg0ndrn1o,0
"Lấy Việt Nam làm trung tâm, nhìn từ hội thảo tại Đại học Berkeley",https://www.bbc.com/vietnamese/articles/cd1342k1dpxo,0
Quốc hội họp bất thường: Miễn nhiệm ông Vương Đình Huệ và gì nữa?,https://www.bbc.com/vietnamese/articles/cle0x0w01eqo,0
Kênh đào Phù Nam Techo: Tác giả Campuchia chỉ trích Việt Nam ‘tưởng tượng’ về chiến tranh với Trung Quốc,https://www.bbc.com/vietnamese/articles/cw4rjpgwwzvo,0
'Tứ Trụ' Việt Nam: Cơ hội của bà Trương Thị Mai và tham vọng của Đại tướng Tô Lâm,https://www.bbc.com/vietnamese/articles/cqqnkeg39xko,0
Có gì trong báo cáo nhân quyền của LHQ khiến Việt Nam phản ứng?,https://www.bbc.com/vietnamese/articles/c4n185jz77do,0
Ông Vương Đình Huệ mất chức: Còn ai ‘trong sạch như tuyết’?,https://www.bbc.com/vietnamese/articles/c51np4ygyy3o,0
Ngày 30/4: Người trẻ có tin vào hòa giải?,https://www.bbc.com/vietnamese/articles/crgye87849wo,0
Ông Vương Đình Huệ mất chức: Chiến dịch ‘đốt lò’ của ông Nguyễn Phú Trọng thất bại?,https://www.bbc.com/vietnamese/articles/c3gqnyllq01o,0
Những bài báo về phim The Sympathizer biến mất: cuộc chiến trong ký ức sau nửa thế kỷ,https://www.bbc.com/vietnamese/articles/cv2d7nl5drjo,0
Vụ ông Vương Đình Huệ từ chức dưới góc nhìn quốc tế,https://www.bbc.com/vietnamese/articles/c2x3e2ezm74o,0
Chủ tịch Quốc hội Vương Đình Huệ từ chức: thêm một cơn địa chấn chính trị,https://www.bbc.com/vietnamese/articles/c4n1wx0q0z2o,0
Đại tướng Tô Lâm: nhân vật trung tâm sau khi ông Vương Đình Huệ mất chức,https://www.bbc.com/vietnamese/articles/ck5ken9r3zdo,0
"Ông Vương Đình Huệ xin thôi chức, Đảng đồng ý",https://www.bbc.com/vietnamese/articles/cv20n0jd5d5o,0
Kênh đào Phù Nam Techo có thể cho tàu quân sự Trung Quốc tiến vào?,https://www.bbc.com/vietnamese/articles/ce9rz4rjpe4o,0
Quy định 41 của Bộ Chính trị giúp cán bộ cấp cao 'hạ cánh an toàn'?,https://www.bbc.com/vietnamese/articles/cyx6wzx5e40o,0
"Nhập cư lậu vào Anh: 10 người Việt mông lung, 5 người khác mất mạng",https://www.bbc.com/vietnamese/articles/cw07r70x48xo,0
"Trợ lý Phạm Thái Hà bị bắt, ông Vương Đình Huệ có 'chịu trách nhiệm người đứng đầu'?",https://www.bbc.com/vietnamese/articles/c6py87y2yxro,0
Việt Nam đấu thầu vàng miếng: Xóa bỏ độc quyền mới giải quyết được vấn đề?,https://www.bbc.com/vietnamese/articles/cg67vkkn3qxo,0
"Bắt Phó Chủ nhiệm Văn phòng Quốc hội Phạm Thái Hà, trợ lý của ông Vương Đình Huệ",https://www.bbc.com/vietnamese/articles/c9ez15r3x07o,0
Tại sao quân đội Mỹ và VNCH suýt bắn nhau tan nát vào giờ chót?,https://www.bbc.com/vietnamese/articles/c2lweezedzno,0
Quốc hội Việt Nam họp vào ngày 20/5: Có bầu luôn chủ tịch nước?,https://www.bbc.com/vietnamese/articles/c2vwqe9v3wjo,0
Bơm 24 tỷ USD cứu SCB: Bơm đến bao giờ? Cứu được không? Ai sẽ nhận được tiền?,https://www.bbc.com/vietnamese/articles/c103m4g2nvyo,0
"Ông Đào Ngọc Dung bị Đảng kỷ luật khiển trách, điều này có ý nghĩa gì?",https://www.bbc.com/vietnamese/articles/cmld43j8mwzo,0
"Hai tàu chiến Trung Quốc thường trực ở quân cảng Ream, Việt Nam có nên lo?",https://www.bbc.com/vietnamese/articles/czvj4ge1pnwo,0
"Kênh đào Phù Nam Techo: Mỹ nhấn mạnh phải minh bạch, Việt Nam họp tham vấn chuyên gia",https://www.bbc.com/vietnamese/articles/c3gx76rrexmo,0
"Bơm 24 tỷ cứu SCB: để làm gì, có trả cho người mua trái phiếu?",https://www.bbc.com/vietnamese/articles/c6py7y006zpo,0
Bơm 24 tỷ USD cứu SCB: Việt Nam đánh mất sự ổn định trong mắt nhà đầu tư?,https://www.bbc.com/vietnamese/articles/c84z0me1e24o,0
"Vòng kim cô 'tôn chỉ, mục đích' siết chặt trên đầu báo chí Việt Nam",https://www.bbc.com/vietnamese/articles/c4n135p78elo,0
Tập đoàn Thuận An đã làm gì và tại sao 'vào lò'?,https://www.bbc.com/vietnamese/articles/cw8qp00yyg2o,0
Người Việt nhập cư lậu vào Anh sẽ bị đưa đến Rwanda ở châu Phi?,https://www.bbc.com/vietnamese/articles/c51ner17zllo,0
Người Việt vượt biển trái phép vào Anh ‘nhiều nhất’,https://www.bbc.com/vietnamese/articles/czrx3d2j2v8o,0
Dòng tiền từ Việt Nam tậu 'hộ chiếu vàng': Tìm nơi trú ẩn vàng cho tham nhũng?,https://www.bbc.com/vietnamese/articles/c1d4rlel1j5o,0
Tướng công an Đỗ Hữu Ca lãnh án 10 năm tù,https://www.bbc.com/vietnamese/articles/cl7lwrznjd2o,0
"Kênh đào Phù Nam Techo: Campuchia quyết tâm làm, Việt Nam phản ứng",https://www.bbc.com/vietnamese/articles/cw4d9zk80e2o,0
Việt Nam làm khó hội nghị doanh nhân Đài Loan 'do áp lực từ Trung Quốc',https://www.bbc.com/vietnamese/articles/c2x3mdg605yo,0
Ông Hun Sen kịch liệt bác bỏ khả năng kênh đào Phù Nam Techo và Ream phục vụ hải quân Trung Quốc,https://www.bbc.com/vietnamese/articles/ce5l04k50l6o,0
Điện gió ngoài khơi Việt Nam: Nga muốn đầu tư nhưng còn nhiều vướng mắc,https://www.bbc.com/vietnamese/articles/cnke933qnvvo,0
Miền Tây khát: 'Nước giờ còn quý hơn vàng',https://www.bbc.com/vietnamese/articles/c9rzpyz9110o,0
Ông Tập Cận Bình khuyên ‘người anh em’ Việt Nam sử dụng ‘trí tuệ chính trị’,https://www.bbc.com/vietnamese/articles/c3gv6199j7eo,0
"Ngoại trưởng Vatican thăm Việt Nam, dọn đường cho Giáo hoàng Francis",https://www.bbc.com/vietnamese/articles/cw8qwe63p3go,0
"Thị trường vàng Việt Nam: độc quyền, giá leo thang, buôn lậu vượt kiểm soát",https://www.bbc.com/vietnamese/articles/cjq529lyjq7o,0
Chủ tịch Quốc hội Vương Đình Huệ đã nói gì với Bắc Kinh?,https://www.bbc.com/vietnamese/articles/c6pj2kr1mjmo,0
"Miền Tây khát nước sạch giữa mùa hè khốc liệt, Chính phủ Việt Nam khẩn cấp ứng phó",https://www.bbc.com/vietnamese/articles/c6pj28jp4jzo,0
"Trung Quốc tuần tra Biển Đông, cảnh báo Việt Nam về việc tham gia 'bè phái'",https://www.bbc.com/vietnamese/articles/cj7vd5e22pmo,0
"Bất chấp vụ Trịnh Xuân Thanh, Việt Nam là lựa chọn lý tưởng cho thủ tướng Slovakia?",https://www.bbc.com/vietnamese/articles/czvzvxw2z5ko,0
"Tượng Lenin ở Nghệ An, dựng lên để làm gì?",https://www.bbc.com/vietnamese/articles/ck5wknew64go,0
"Đánh bom Lãnh sự quán Iran: Việt Nam lên án, Mỹ cảnh giác cao độ",https://www.bbc.com/vietnamese/articles/cgeve4er0n7o,0
Ông Vương Đình Huệ thăm Trung Quốc làm gì và trong bối cảnh nào?,https://www.bbc.com/vietnamese/articles/cekekx775xeo,0
"Tin tặc từ Việt Nam tấn công các quốc gia châu Á, an ninh mạng tiếp tục báo động",https://www.bbc.com/vietnamese/articles/c3gm8g9l3yno,0
"FDI Việt Nam: Hàn Quốc chững lại, Trung Quốc vượt lên",https://www.bbc.com/vietnamese/articles/czkzv1e13e3o,0
"Ông Đào Ngọc Dung bị đề nghị kỷ luật, 'lò' tiếp tục nóng",https://www.bbc.com/vietnamese/articles/c06ll25mdkro,0
Báo cáo PAPI: Người Việt lo lắng về tham nhũng và thu nhập hộ gia đình,https://www.bbc.com/vietnamese/articles/crgrr10gyqno,0
Tỷ phú Forbes: Taylor Swift gia nhập; tỷ phú Việt Nam gồm những ai?,https://www.bbc.com/vietnamese/articles/cz7zzl5e04ko,0
An ninh Việt Nam liên quan 'Hội chứng Havana' khiến Phó Tổng thống Harris đến Hà Nội trễ?,https://www.bbc.com/vietnamese/articles/c1644lg63y1o,0
Bộ Ngoại giao Mỹ: án tù cho nhà hoạt động nhân quyền ở Việt Nam là bất công,https://www.bbc.com/vietnamese/articles/cjl442lzw1ko,0
"Thời trang Việt Nam chinh phục Thái Lan, liệu có thể vươn tầm quốc tế?",https://www.bbc.com/vietnamese/articles/c1e27vvklg7o,0
"Kênh Phù Nam Techo: ông Hun Sen muốn Trung Quốc hậu thuẫn, Việt Nam chưa nêu tuyên bố chính thức",https://www.bbc.com/vietnamese/articles/clejvq5e9x2o,0
Nạn nhân Việt Nam trong hoạt động buôn người ở Đông Nam Á,https://www.bbc.com/vietnamese/articles/c72d7yj7xy4o,0
Muôn vị nhân gian: khi ẩm thực là niềm hoan lạc,https://www.bbc.com/vietnamese/articles/c723krzvem7o,0
VnDirect bị tấn công: doanh nghiệp Việt Nam chưa sẵn sàng cho rủi ro an ninh mạng,https://www.bbc.com/vietnamese/articles/c3g52498zv6o,0
Dinh Độc Lập tháng 3/1975: Lệnh rời bỏ Cố đô Huế,https://www.bbc.com/vietnamese/articles/cl4kpj22361o,0
"Campuchia, Trung Quốc tăng cường hợp tác quân sự ảnh hưởng gì tới khu vực?",https://www.bbc.com/vietnamese/articles/cv2yzxmldeyo,0
"Vụ Tập đoàn Phúc Sơn, thêm lãnh đạo Đảng cấp tỉnh bị bắt giữ",https://www.bbc.com/vietnamese/articles/cpv0pzq3p59o,0
Ông Putin có thể thăm Việt Nam khi đang bị Tòa án Hình sự Quốc tế truy nã?,https://www.bbc.com/vietnamese/articles/cx7zw0dnp66o,0
"Chủ tịch nước từ chức, Việt Nam trấn an Mỹ về 'ổn định chính trị'",https://www.bbc.com/vietnamese/articles/c2jx9en7pzno,0
"Việt Nam thu thập ADN cho thẻ căn cước, rủi ro tiềm ẩn là gì?",https://www.bbc.com/vietnamese/articles/c720mlr74x2o,0
Liệu Hun Sen có thể bắt chước thành công của Lý Quang Diệu?,https://www.bbc.com/vietnamese/articles/c4nvqn02zpxo,0
Chính phủ Anh phát quảng cáo tiếng Việt nhằm ngăn nhập cư trái phép,https://www.bbc.com/vietnamese/articles/cd1721d5dkpo,0
"Oppenheimer, những người Mỹ cộng sản và Đại học Berkeley",https://www.bbc.com/vietnamese/articles/cyrzj5ydpjno,0
Giới đầu tư nước ngoài nghi ngại sau vụ ông Võ Văn Thưởng mất chức,https://www.bbc.com/vietnamese/articles/cpr0w1yvpyeo,0
Khi nào Việt Nam sẽ có tân chủ tịch nước?,https://www.bbc.com/vietnamese/articles/cg69g15pee1o,0
Chủ tịch nước kế nhiệm ông Võ Văn Thưởng sẽ là ai?,https://www.bbc.com/vietnamese/articles/c2v9ze13445o,0
Những quan chức cấp cao nào đã bị ‘Trung ương xử lý’ trong tuần này?,https://www.bbc.com/vietnamese/articles/c13dvrgvekno,0
"Bắc Hàn cử phái đoàn tới Trung Quốc, Việt Nam, Lào",https://www.bbc.com/vietnamese/articles/c13dvrn68gko,0
"Chủ tịch nước Võ Văn Thưởng bị miễn nhiệm, bà Võ Thị Ánh Xuân làm quyền chủ tịch nước",https://www.bbc.com/vietnamese/articles/cev94veenpxo,0
Ông Võ Văn Thưởng từ chức Chủ tịch nước là 'cơn địa chấn chính trị' của Việt Nam,https://www.bbc.com/vietnamese/articles/cndjgeg9w9wo,0
"Ông Võ Văn Thưởng từ chức Chủ tịch nước, Đảng đồng ý",https://www.bbc.com/vietnamese/articles/c0d3xp1eddgo,0
Tập đoàn Phúc Sơn làm gì mà khiến nhiều cán bộ rơi vào vòng lao lý?,https://www.bbc.com/vietnamese/articles/c6p4ewgwq87o,0
"Hà Nội ô nhiễm, cư dân cấm con ra đường, người nước ngoài muốn rời đi",https://www.bbc.com/vietnamese/articles/c51m4pz7l7no,0
Trung ương Đảng tổ chức hội nghị giữa tin đồn thay đổi nhân sự cấp cao,https://www.bbc.com/vietnamese/articles/c2lwp08epxgo,0
"Video, Quốc hội Việt Nam họp bất thường về nhân sự, có gì đáng chú ý?, Thời lượng 5,18",https://www.bbc.com/vietnamese/articles/cd15275w732o,0
Việt Nam: 'Vấn đề nhân sự' mà Quốc hội họp cụ thể là gì?,https://www.bbc.com/vietnamese/articles/cpr05npq3veo,0
"Siêu dự án kênh Phù Nam Techo khiến Campuchia rời xa Việt Nam, ngả về Trung Quốc?",https://www.bbc.com/vietnamese/articles/c72l7ykxyqro,0
Quốc hội Việt Nam họp bất thường về 'vấn đề nhân sự',https://www.bbc.com/vietnamese/articles/cw0z1yel4nwo,0
Vua Hà Lan 'hoàn toàn bất ngờ' và 'đáng tiếc' khi bị hoãn chuyến thăm Việt Nam,https://www.bbc.com/vietnamese/articles/cn3m4z0kepdo,0
"Vì sao Vietcetera rút khỏi sự kiện Nas Summit, ngừng hợp tác với Nas Daily?",https://www.bbc.com/vietnamese/articles/cjj5q6w0xypo,0
Vì sao một số bang của Úc từ chối học sinh bốn tỉnh Việt Nam?,https://www.bbc.com/vietnamese/articles/crg94wn7n2ko,0
Cựu đại sứ Hà Lan: Việt Nam hoãn chuyến thăm của Vua và Hoàng hậu là 'quá bất ngờ',https://www.bbc.com/vietnamese/articles/c2xvr428vr2o,0
Vua và Hoàng hậu Hà Lan hủy thăm vào phút chót 'vì chuyện nội bộ của Việt Nam',https://www.bbc.com/vietnamese/articles/c3ge9v4n91qo,0
"Một người Việt chạy trốn, báo cảnh sát Philippines hốt trọn ổ lừa đảo tình yêu",https://www.bbc.com/vietnamese/articles/cxez0v8mvjvo,0
Đường cơ sở mới của Trung Quốc 'nguy hiểm' thế nào mà Việt Nam lên tiếng?,https://www.bbc.com/vietnamese/articles/c04lde32dyko,0
Việt Nam giảm mạnh nhập khẩu vũ khí bất chấp căng thẳng khu vực,https://www.bbc.com/vietnamese/articles/c3g74gxydvlo,0
Quan hệ Việt-Mỹ: Donald Trump trở lại có thể khiến thương mại căng thẳng,https://www.bbc.com/vietnamese/articles/c25lxx93gjeo,0
Doanh nghiệp Mỹ muốn cung cấp thiết bị an ninh cho công an Việt Nam,https://www.bbc.com/vietnamese/articles/c803p8x7py8o,0
"Việt Nam có phải là nền kinh tế thị trường, tại sao cần Mỹ công nhận?",https://www.bbc.com/vietnamese/articles/c280wg3dx12o,0
Biển Đông: Trung Quốc vẽ đường cơ sở mới ảnh hưởng gì tới chủ quyền Việt Nam?,https://www.bbc.com/vietnamese/articles/c88xjp4z2eeo,0
Chỉ thị mật của Bộ Chính trị: Việt Nam không thực tâm thực thi công ước quốc tế về công đoàn,https://www.bbc.com/vietnamese/articles/czdz5gq53peo,0
109 người Việt Nam bị bắt ở Campuchia do tham gia cờ bạc trái phép,https://www.bbc.com/vietnamese/articles/cw8z73de4ego,0
"Starlink và Việt Nam: Đàm phán sụp đổ bất lợi cho an ninh, quốc phòng?",https://www.bbc.com/vietnamese/articles/cv2yp55d61zo,0
"Việt Nam áp thuế mới, doanh nghiệp nước ngoài dọa ngưng đầu tư",https://www.bbc.com/vietnamese/articles/crg6k9gn5n0o,0
Tiết lộ thú vị về tỷ phú Bill Gates và bạn gái trong buổi thưởng trà trên đỉnh Bàn Cờ,https://www.bbc.com/vietnamese/articles/c3g4pn6qezno,0
"18 công dân Việt Nam bị bắt tại Thái Lan, Đại sứ quán nói ‘chưa thấy gì’",https://www.bbc.com/vietnamese/articles/cv2y94ew6qqo,0
"Thủy thủ Việt Nam thiệt mạng trong vụ tấn công của Houthi, Hải quân Ấn Độ tiếp cận giải cứu",https://www.bbc.com/vietnamese/articles/cx8z4923d4go,0
"Trung Quốc tài trợ nâng cấp căn cứ hải quân Campuchia: Mỹ ‘quan ngại sâu sắc’, Việt Nam ảnh hưởng gì?",https://www.bbc.com/vietnamese/articles/cxxzwx2wp5po,0
"Việt Nam-Úc nâng cấp quan hệ đối tác chiến lược toàn diện, bàn về Biển Đông và hợp tác khoáng sản",https://www.bbc.com/vietnamese/articles/ced020llw2vo,0
Chính phủ Việt Nam gọi hai nhóm bất đồng chính kiến hải ngoại là ‘tổ chức khủng bố',https://www.bbc.com/vietnamese/articles/c994l1974wzo,0
"Việt Nam - Úc sẽ ký biên bản hợp tác năng lượng, ASEAN tăng cường an ninh hàng hải",https://www.bbc.com/vietnamese/articles/czqzld0lj5eo,0
‘Làn sóng mới đàn áp tiếng nói bất đồng’ khi Việt Nam lại muốn có ghế ở Hội đồng Nhân quyền LHQ?,https://www.bbc.com/vietnamese/articles/cyxzn5g810eo,0
Bầu cử 2024 và các ứng cử viên gốc Việt ở California,https://www.bbc.com/vietnamese/articles/c1dvl259zpko,0
Sông Mekong: ‘1/5 số loài cá có nguy cơ tuyệt chủng’,https://www.bbc.com/vietnamese/articles/clkm009pedzo,0
Phương ngữ miền Nam Việt Nam đang tiếp tục bị 'xâm thực'?,https://www.bbc.com/vietnamese/articles/cyrz8enjdz8o,0
"Phân cực chính trị qua Đào, phở và piano",https://www.bbc.com/vietnamese/articles/ced0wjvqgy1o,0
"Singapore độc quyền concert Taylor Swift, giới trẻ Việt Nam chi đậm đi xem thần tượng",https://www.bbc.com/vietnamese/articles/c1dv0dyk9d3o,0
"Phiên tòa nhà báo Hàn Ni, nhận tội chưa hẳn vì có tội",https://www.bbc.com/vietnamese/articles/c90e5z7jdlyo,0
Thấy gì từ tài liệu mật bị rò rỉ của Bộ Chính trị Việt Nam về ‘đảm bảo an ninh quốc gia’,https://www.bbc.com/vietnamese/articles/cz9z6y2e73lo,0
SpaceX tạm dừng thảo luận về Starlink với Việt Nam,https://www.bbc.com/vietnamese/articles/c90e5yxzn5wo,0
Vì sao người giàu Việt Nam đổ tiền đầu tư nhập tịch?,https://www.bbc.com/vietnamese/articles/clmjy7ppp5go,0
"Sau Đào, phở và piano là cơn sục sôi đấu tố",https://www.bbc.com/vietnamese/articles/c2j53gpyynko,0
'Ga tàu thủy Bạch Đằng' và sự áp đặt ngôn từ,https://www.bbc.com/vietnamese/articles/cedq37n4ny3o,0
Nhà hoạt động Nguyễn Chí Tuyến bị bắt,https://www.bbc.com/vietnamese/articles/c51eyzw9gkdo,0
Ngân hàng SCB Thái Lan mua đứt Home Credit Việt Nam,https://www.bbc.com/vietnamese/articles/c3gd62rr3rdo,0
"Video, Nguyễn Tiến Trung: 'Tại sao tôi đấu tranh? Tại sao tôi rời Việt Nam để sang Đức lúc này?', Thời lượng 6,37",https://www.bbc.com/vietnamese/articles/cw8jy2312ldo,0
Hộ chiếu Việt Nam gần cuối bảng Đông Nam Á; nhiều người 'tậu' quốc tịch thứ hai,https://www.bbc.com/vietnamese/articles/cp0783pyr07o,0
Quỹ đầu tư Trung Quốc đàm phán mua cổ phần Bách Hóa Xanh,https://www.bbc.com/vietnamese/articles/c0wk4592g50o,0
Công an ập vào rạp chiếu phim Mai 18+ để kiểm tra tuổi khán giả,https://www.bbc.com/vietnamese/articles/c89n7xg1gg9o,0
"Đường đi của xăng dầu qua Việt Nam tới Myanmar, vi phạm lệnh cấm quốc tế",https://www.bbc.com/vietnamese/articles/c80n02gwdzwo,0
"Việt Nam lên kế hoạch cải cách công đoàn, công ty nước ngoài lo lắng",https://www.bbc.com/vietnamese/articles/c80n0j7x6e7o,0
"Người Việt cúng sao giải hạn là tín ngưỡng hay mê tín, kiến giải của một nhà sư",https://www.bbc.com/vietnamese/articles/c88n8vz32m7o,0
Ngày 28/2/1975: Cuộc họp Việt-Mỹ căng thẳng nhất trong 20 năm cuộc chiến,https://www.bbc.com/vietnamese/articles/cw549yl0dpqo,0
Việt Nam cần đúc kết bài học từ chiến tranh Nga – Ukraine,https://www.bbc.com/vietnamese/articles/ce7l7dkl2r2o,0
Giải pháp nào cho những xung đột ngầm giữa Việt Nam và Campuchia,https://www.bbc.com/vietnamese/articles/c80nk4wn72do,0
"Diễn viên Đào, phở và piano người Mozambique: Muốn làm rể Việt Nam, mến Đảng Cộng sản",https://www.bbc.com/vietnamese/articles/cyxdzrzyy42o,0
Hai năm cuộc chiến Ukraine: những người Việt giữa bão lửa chiến tranh,https://www.bbc.com/vietnamese/articles/cp6xdz68229o,0
'Chính quyền tại Trung Quốc chi tiền để đột nhập website CSGT Việt Nam',https://www.bbc.com/vietnamese/articles/cedq0j9jd39o,0
VietJet phản hồi nhưng không đưa bằng chứng việc tòa Anh nói hãng ‘cản trở việc thu hồi máy bay’,https://www.bbc.com/vietnamese/articles/cx0vzgvlyy5o,0
"Thấy gì từ cơn sốt Đào, phở và piano?",https://www.bbc.com/vietnamese/articles/c72ggk3gj43o,0
Vụ Việt Á: Ông Nguyễn Thanh Long và Phan Quốc Việt xin giảm hình phạt,https://www.bbc.com/vietnamese/articles/cedqqljd5qgo,0
"Để phát triển nhanh và bền vững, đừng dựa vào bán đất hay tài sản công",https://www.bbc.com/vietnamese/articles/crg7wr54n58o,0
Tai nạn cao tốc Cam Lộ - La Sơn: Hiểm nguy rình rập trên ‘cao tốc’,https://www.bbc.com/vietnamese/articles/c51e0y29wzvo,0
‘Định luận’ thế nào về nhân vật Hoàng Văn Hoan?,https://www.bbc.com/vietnamese/articles/ce95prmz514o,0
"Thái Lan muốn lập nhóm miễn visa, Việt Nam 'không nên do dự'",https://www.bbc.com/vietnamese/articles/cqv677qnlxvo,0
Tòa án Anh yêu cầu VietJet không can thiệp việc thu hồi máy bay mà hãng thuê nhưng nợ tiền,https://www.bbc.com/vietnamese/articles/czd72jz41w7o,0
The Sympathizer: Tiểu thuyết về Chiến tranh Việt Nam có được chuyển thể ‘táo bạo’ dưới bàn tay HBO?,https://www.bbc.com/vietnamese/articles/c3g03x2l5vzo,0
"LHQ kêu gọi Việt Nam ‘ngừng ngược đãi các nhà hoạt động nhân quyền’, quan ngại trường hợp ông Đặng Đình Bách",https://www.bbc.com/vietnamese/articles/c2emd2dyelro,0
Vatican muốn dùng Việt Nam ‘như mô hình thử nghiệm để đối phó Bắc Kinh’?,https://www.bbc.com/vietnamese/articles/cw9egvz074lo,0
VTV rút tên Petrus Trương Vĩnh Ký khỏi chương trình Xuân,https://www.bbc.com/vietnamese/articles/c51evdp19vyo,0
Có một Trung Quốc rất khác,https://www.bbc.com/vietnamese/articles/c1r15g1yez3o,0
"Power Machines thắng kiện Tập đoàn Dầu khí Việt Nam 500 triệu USD, tiếp theo là gì?",https://www.bbc.com/vietnamese/articles/c6pxv0yy1d2o,0
Tết ở California: văn hóa truyền thống và thể thao,https://www.bbc.com/vietnamese/articles/cn4ngr1yde6o,0
"Người Việt Nam đổ sang Thái Lan du xuân, vì sao?",https://www.bbc.com/vietnamese/articles/cv28k8kd20lo,0
Những hình ảnh Tết con rồng năm 2000,https://www.bbc.com/vietnamese/articles/cxer5r14588o,0
'Gà rồng' quý hiếm của Việt Nam được ưa chuộng dịp Tết con rồng,https://www.bbc.com/vietnamese/articles/c1v10gdpkkzo,0
Lao động Việt tại Đài Loan: 'Luôn khắc khoải nỗi nhớ Tết quê nhà',https://www.bbc.com/vietnamese/articles/cmmgelr4j38o,0
"Video, Đón xuân Giáp Thìn ở Thái Lan: 'Không quên mình là người Việt', Thời lượng 9,23",https://www.bbc.com/vietnamese/articles/cldqk2ylg5xo,0
"Linh vật năm mới, vì đâu nghệ sĩ không có cửa?",https://www.bbc.com/vietnamese/articles/cv20k3kjj79o,0
Xuân Giáp Thìn: Tết Âm lịch vòng quanh châu Á,https://www.bbc.com/vietnamese/articles/cldq7lzw9x1o,0
Xuân Ất Mão 1975: Tại sao Sài Gòn vẫn tưng bừng ăn Tết?,https://www.bbc.com/vietnamese/articles/cy6ej71e290o,0
Gặp gỡ cuối năm ta nhớ chuyện gần chuyện xa,https://www.bbc.com/vietnamese/articles/c28lzkm3znro,0
"Video, Gặp Nguyễn Trần Duy Nhất ở Thái Lan, trải lòng về Muay Thái Việt Nam, Thời lượng 5,24",https://www.bbc.com/vietnamese/articles/c035ngyp6xpo,0
Từ phiên tòa Ngọc Trinh: bất bình đẳng trong xét xử quan chức và thường dân,https://www.bbc.com/vietnamese/articles/c131x45e2mno,0
"Không khí Hà Nội ô nhiễm nhất thế giới, mọi người cần làm gì?",https://www.bbc.com/vietnamese/articles/ckm3xg504k7o,0
Campuchia xây kênh đào Funan Techo: Việt Nam nên lo lắng?,https://www.bbc.com/vietnamese/articles/cd1vgnzkdd8o,0
"Ngọc Trinh, các bộ trưởng tham nhũng và ‘tội ác’ phơi bày bằng hình ảnh xấu trên báo chí",https://www.bbc.com/vietnamese/articles/ckm3xjgv55go,0
Nhân quyền Việt Nam: ‘Cần phi chính trị hóa’,https://www.bbc.com/vietnamese/articles/c0d71ye07w7o,0
"Philippines và Việt Nam tăng cường hợp tác Biển Đông, Trung Quốc ‘quan tâm’",https://www.bbc.com/vietnamese/articles/c131jxpz4nmo,0
Thái Lan 'vô địch' ASEAN về du khách quốc tế: Khi nào tới Việt Nam?,https://www.bbc.com/vietnamese/articles/cxem54drekpo,0
Tổng thống Philippines nói hợp tác hàng hải là trọng tâm trong chuyến thăm Việt Nam,https://www.bbc.com/vietnamese/articles/c29k3yyej9zo,0
Tuấn Ngọc: ‘Ngày nào cũng phải học hỏi’,https://www.bbc.com/vietnamese/articles/c4nx7509z2po,0
Án tử hình: Không có tội nhân nào đáng phải chết?,https://www.bbc.com/vietnamese/articles/cpdexr144p2o,0
"Ngoại giao Đức: Thương mại, nhân quyền và chuyển đổi năng lượng công bằng",https://www.bbc.com/vietnamese/articles/cw4mx30898jo,0
Đại diện thường trú đầu tiên của Vatican tại Việt Nam ‘đã hiểu đường lối người Cộng sản’,https://www.bbc.com/vietnamese/articles/c2l7dwk2x0vo,0
50 năm Hải chiến Hoàng Sa: Lễ 'quốc gia' và một tượng đài dang dở,https://www.bbc.com/vietnamese/articles/c1ryvqvp2n2o,0
Hà Nội nói Mỹ dán nhãn ‘kinh tế phi thị trường’ cho Việt Nam ‘có hại’ cho quan hệ song phương,https://www.bbc.com/vietnamese/articles/c4n6r720jl7o,0
"Bài toán máy bay chiến đấu, liệu Việt Nam đã có lời giải?",https://www.bbc.com/vietnamese/articles/c6per5qvln6o,0
Nhà hoạt động Nguyễn Bắc Truyển ở Đức: ‘Thiên đường này mơ ước bao lâu’,https://www.bbc.com/vietnamese/articles/c06y60yx045o,0
"Du lịch Hoàng Sa, hơn 300.000 lượt người Trung Quốc đã tới thăm",https://www.bbc.com/vietnamese/articles/cx8v8807334o,0
"50 năm Hải chiến Hoàng Sa: Hoàng Sa, bao giờ lấy lại?",https://www.bbc.com/vietnamese/articles/c72gljv8r32o,0
50 năm Hải chiến Hoàng Sa: Ngư dân Việt Nam tại ngư trường Hoàng Sa trước dân quân biển Trung Quốc,https://www.bbc.com/vietnamese/articles/cv25yj17gdxo,0
Hạm đội TQ suýt bị Không quân VNCH bắn chìm sau Hải chiến Hoàng Sa,https://www.bbc.com/vietnamese/articles/cjrkxvrkwn4o,0
Việt Nam: Để tăng tốc phát triển cần biết chắt chiu các nguồn lực?,https://www.bbc.com/vietnamese/articles/c3gyezn90l8o,0
Hoàng Sa giữa những phản bội và trung thành,https://www.bbc.com/vietnamese/articles/c72y2w274p1o,0
50 năm Hải chiến Hoàng Sa: Chủ quyền Hoàng Sa và luật pháp quốc tế,https://www.bbc.com/vietnamese/articles/c2vyvqz39ppo,0
50 năm Hải chiến Hoàng Sa: Việt Nam có thể làm gì với vị thế là nước yếu hơn?,https://www.bbc.com/vietnamese/articles/cv2j2y6m1rro,0
Giáo hoàng gặp đoàn chính khách Việt Nam và ‘muốn thăm Hà Nội’,https://www.bbc.com/vietnamese/articles/c0dyd3l74m3o,0
50 năm Hải chiến Hoàng Sa: Chiến thuật vùng xám của Bắc Kinh và cơ hội để đưa Trung Quốc ra tòa quốc tế,https://www.bbc.com/vietnamese/articles/c8424ev270no,0
"Video, 50 năm Hải chiến Hoàng Sa: Con gái tử sĩ VNCH nói gì?, Thời lượng 8,08",https://www.bbc.com/vietnamese/articles/c51z1ewrg3yo,0
50 năm Hải chiến Hoàng Sa: ‘Gia đình chưa bao giờ cất đi di ảnh của ba’,https://www.bbc.com/vietnamese/articles/clmej3jmmpmo,0
Nhất thiết phải có con?,https://www.bbc.com/vietnamese/articles/c72y2q1792jo,0
50 năm Hải chiến Hoàng Sa: Hành trình đi tìm gia đình tử sĩ VNCH,https://www.bbc.com/vietnamese/articles/c1ey18yl7wyo,0
50 năm Hải chiến Hoàng Sa: Chuyện từ một quán cà phê,https://www.bbc.com/vietnamese/articles/c51znl90yrzo,0
"Video, 50 năm Hải chiến Hoàng Sa: Một lịch sử đầy xung đột , Thời lượng 8,20",https://www.bbc.com/vietnamese/articles/cn490p39l96o,0
Thấy gì từ phiên tòa xét xử 100 người vụ tấn công trụ sở xã ở Đắk Lắk?,https://www.bbc.com/vietnamese/articles/cqv1n7287p3o,0
"50 năm Hải chiến Hoàng Sa: Mao Trạch Đông, Chu Ân Lai đã hành động như thế nào?",https://www.bbc.com/vietnamese/articles/cmmd3rzdd5no,0
50 năm Hải chiến Hoàng Sa: Câu chuyện ứng xử với 74 tử sĩ và các di sản VNCH,https://www.bbc.com/vietnamese/articles/c4nydnw8myeo,0
Việt Nam xét xử 98 người trong vụ tấn công hai trụ sở ủy ban ở Đắk Lắk,https://www.bbc.com/vietnamese/articles/c3gy97jypnjo,0
50 năm Hải chiến Hoàng Sa: 'Ukraine và Đài Loan là bài học cho Việt Nam',https://www.bbc.com/vietnamese/articles/cy9ezjdn9j4o,0
50 năm Hải chiến Hoàng Sa: Bài học lớn cho Việt Nam,https://www.bbc.com/vietnamese/articles/cevqqpv9z84o,0
"Jetstar xin lỗi sau lời đùa về tiền Việt Nam, nhiều người vẫn chưa chịu",https://www.bbc.com/vietnamese/articles/c9829r153j4o,0
Tổng Bí thư Nguyễn Phú Trọng dự kỳ họp bất thường của Quốc hội giữa đồn đoán về sức khỏe,https://www.bbc.com/vietnamese/articles/c3gyjn09n5do,0
50 năm Hải chiến Hoàng Sa: 'Việt Nam Cộng Hòa đã bị hy sinh',https://www.bbc.com/vietnamese/articles/cljxl89k5zzo,0
"Sức khỏe Tổng Bí thư Nguyễn Phú Trọng tiếp tục được quan tâm, công an địa phương bất ngờ bác bỏ",https://www.bbc.com/vietnamese/articles/czqv4qvgw70o,0
Nhân quyền Việt Nam: ‘Một năm u ám’,https://www.bbc.com/vietnamese/articles/c03yyr6npp3o,0
Tổng Bí thư Nguyễn Phú Trọng vắng mặt trong các sự kiện ngoại giao quan trọng làm dấy lên đồn đoán,https://www.bbc.com/vietnamese/articles/c3gyy2gdppzo,0
Máy bay Su-22 rơi đặt dấu hỏi về năng lực phòng không của Việt Nam,https://www.bbc.com/vietnamese/articles/c2jyyvxg0leo,0
Ba người Việt Nam được tìm thấy trong container đông lạnh tại Ireland,https://www.bbc.com/vietnamese/articles/cgl44zyvxx9o,0
Đại án Việt Á: Vì sao quan chức được làm mờ mặt trên báo chí nhưng người dân thì không?,https://www.bbc.com/vietnamese/articles/c9w23ngn9pdo,0
Vatican và Việt Nam sẽ thiết lập ngoại giao năm 2024?,https://www.bbc.com/vietnamese/articles/c2ly42zy0wqo,0
"John Pilger, nhà báo chống Chiến tranh Việt Nam, qua đời ở tuổi 84",https://www.bbc.com/vietnamese/articles/cljx7yj7k42o,0
CEBR: Kinh tế Việt Nam 'sẽ đứng thứ 21 thế giới' vào năm 2038,https://www.bbc.com/vietnamese/articles/c72ydrnzz3mo,0
Sự vênh nhau giữa các vị lãnh đạo ở Hội nghị Ngoại giao 32,https://www.bbc.com/vietnamese/articles/cm50md5y3g9o,0
"Video, Nhà hoạt động Nguyễn Văn Đài: Vì sao vẫn đấu tranh ‘chống Cộng’?, Thời lượng 5,18",https://www.bbc.com/vietnamese/articles/cevqdgqwj2ko,0
Vatican bổ nhiệm Tổng Giám mục Zalewski làm đại diện thường trú của Giáo hoàng tại VN,https://www.bbc.com/vietnamese/articles/cxx305wyk48o,0
Nhà hoạt động Nguyễn Văn Đài và làn gió dân chủ - nhân quyền ở Đức,https://www.bbc.com/vietnamese/articles/c0vygzn8wd7o,0
Việt Nam và 'ngoại giao cây tre' sau chuyến thăm của Chủ tịch Tập,https://www.bbc.com/vietnamese/articles/cn043y8grg0o,0
"Vì sao đài báo VN hay lo lắng 'dân Anh, Mỹ, EU đói khổ'?",https://www.bbc.com/vietnamese/articles/crg074el8edo,0
Mỹ nói cam kết quốc phòng Việt-Trung không ảnh hưởng tới quan hệ Việt-Mỹ,https://www.bbc.com/vietnamese/articles/ce9eld9gdgwo,0
Việt Nam: Nên giảm số lượng án tử hình về ma túy?,https://www.bbc.com/vietnamese/articles/cv2e60qqx41o,0
Phật giáo Việt Nam sau Thầy Nhất Hạnh và Thầy Tuệ Sỹ,https://www.bbc.com/vietnamese/articles/cn04l559wqjo,0
Cộng đồng 'chia sẻ tương lai Việt Nam-Trung Quốc' nghĩa là gì?,https://www.bbc.com/vietnamese/articles/c4nyx985yzko,0
Đại hội Công Đoàn kỳ 13 có đổi mới nhưng thiếu nhiều giải pháp cơ bản?,https://www.bbc.com/vietnamese/articles/c72702z941po,0
Chủ tịch Tập Cận Bình sang thăm để cải thiện quan hệ Trung-Việt 'vừa yêu vừa ghét',https://www.bbc.com/vietnamese/articles/c0w2435gyxpo,0
Chủ tịch Tập Cận Bình muốn thấy Việt Nam trong 'bức tranh' của trật tự Trung Hoa,https://www.bbc.com/vietnamese/articles/cgrp57mg9vgo,0
VN hưởng lợi khi TQ đầu tư vào Campuchia và Lào theo trục 'đông-tây',https://www.bbc.com/vietnamese/articles/crgpg5exkn9o,0
"Video, 'Cộng đồng chung vận mệnh' là mối bận tâm lớn của Chủ tịch Tập Cận Bình khi thăm Việt Nam?, Thời lượng 17,30",https://www.bbc.com/vietnamese/articles/c2829nk9v22o,0
Tân Hoa Xã: Chủ tịch Tập Cận Bình sẽ thăm Việt Nam từ 12 đến 13/12,https://www.bbc.com/vietnamese/articles/cg6p9dlggn9o,0
Biển Đông: Trung Quốc lại cáo buộc tàu chiến Mỹ 'xâm phạm chủ quyền' khi di chuyển 'phi pháp' vào Bãi Cỏ Mây,https://www.bbc.com/vietnamese/articles/c9832qj437lo,0
VNCH: Ông Kissinger đã nói và làm gì với hai tổng thống Nixon và Nguyễn Văn Thiệu?,https://www.bbc.com/vietnamese/articles/cd1p5ewnwd0o,0
Rải bom và hỗn loạn: 'Di sản' Henry Kissinger để lại cho Campuchia,https://www.bbc.com/vietnamese/articles/c132yey3z6yo,0
Thấy gì về vụ bắt chuyên gia năng lượng Tố Nhiên trước kế hoạch huy động tài trợ của Thủ tướng Chính?,https://www.bbc.com/vietnamese/articles/ckdpp7r78w7o,0
Hành trình 'lòng vòng' của thẻ căn cước Việt Nam cho thấy điều gì?,https://www.bbc.com/vietnamese/articles/ceqpejy52vdo,0
Hòa thượng Tuệ Sỹ còn ảnh hưởng bao nhiêu tới Phật giáo và Phật tử Việt Nam hiện nay?,https://www.bbc.com/vietnamese/articles/cn3p9ryx37do,0
"Biển Đông: Mỹ tuyên bố thách thức các hạn chế 'phi pháp' của Trung Quốc, Việt Nam và Đài Loan",https://www.bbc.com/vietnamese/articles/cnlpw2qr24go,0
Thầy Tuệ Sỹ trong vận mệnh Phật giáo Việt Nam,https://www.bbc.com/vietnamese/articles/c192pvzv7dxo,0
"Video, Công an VN nói bà Trương Mỹ Lan đã ‘rút ruột’ Ngân hàng SCB hơn 304 ngàn tỷ VND, Thời lượng 4,33",https://www.bbc.com/vietnamese/articles/cjqpzwgx1zpo,0
Hòa thượng Thích Tuệ Sỹ viên tịch,https://www.bbc.com/vietnamese/articles/cg3px1l39xzo,0
"Video, Định hướng dư luận ra sao trong vụ bắt ông Lưu Bình Nhưỡng?, Thời lượng 4,45",https://www.bbc.com/vietnamese/articles/cyx2q7e2v3po,0
"Điện tử VN, Malaysia bị Mỹ giám sát chặt hơn do vấn đề lao động cưỡng bức tại TQ",https://www.bbc.com/vietnamese/articles/ck5p192y482o,0
Vụ bắt giữ Tiến sĩ Lưu Bình Nhưỡng và cuộc tranh cãi ‘dân túy’,https://www.bbc.com/vietnamese/articles/c72v9zpkwy8o,0
Thị trường bất động sản của Việt Nam đang dư thừa loại hình sản phẩm nào?,https://www.bbc.com/vietnamese/articles/cxr1d7nnezqo,0
"Video, Những phát biểu 'dậy sóng' của Tiến sĩ Lưu Bình Nhưỡng, Thời lượng 3,47",https://www.bbc.com/vietnamese/articles/c51755v8ny0o,0
"Philippines thuyết phục Việt Nam, Malaysia soạn thảo quy tắc riêng về Biển Đông",https://www.bbc.com/vietnamese/articles/c0x2q7xv07lo,0
Hội nghị APEC và những cuộc biểu tình phản đối ở San Francisco,https://www.bbc.com/vietnamese/articles/cd1p31wreg7o,0
Việt Nam: Vụ bắt ông Lưu Bình Nhưỡng xảy ra trong môi trường tư pháp và báo chí như thế nào?,https://www.bbc.com/vietnamese/articles/cj5pm4lq498o,0
Việt Nam tăng cường bồi đắp 'ở quần đảo Trường Sa trên Biển Đông',https://www.bbc.com/vietnamese/articles/c6prdzvp00no,0
Báo cáo viên LHQ: ‘Chính phủ VN cần tuân thủ luật và không dùng nó như công cụ để nhắm vào một số người’,https://www.bbc.com/vietnamese/articles/cerpdvkvj77o,0
"Video, Tiến sĩ Lưu Bình Nhưỡng đã phát biểu gì và lý do bị bắt lúc này?, Thời lượng 3,47",https://www.bbc.com/vietnamese/articles/c03278mjdyvo,0
Hai đánh giá về việc ông Lưu Bình Nhưỡng đã phát biểu gì và lý do bị bắt lúc này,https://www.bbc.com/vietnamese/articles/c9r64r03v92o,0
Vai trò của xã hội dân sự trong việc đảm bảo để VN chuyển đổi năng lượng công bằng và minh bạch,https://www.bbc.com/vietnamese/articles/c97rggmdy90o,0
Việt Nam 'sẽ phải vật lộn để đạt mục tiêu điện gió ngoài khơi năm 2030',https://www.bbc.com/vietnamese/articles/cjlpzl0941ko,0
Dự án đô thị lấn biển Hạ Long gây bức xúc dư luận bị ngừng thi công,https://www.bbc.com/vietnamese/articles/cevp2xz7y2ko,0
Việt Nam nên làm gì để tránh khủng hoảng bất động sản như Trung Quốc?,https://www.bbc.com/vietnamese/articles/c3g2kydk05vo,0
Lợi và hại của chiến lược phát triển điện khí LNG thay thế than ở VN,https://www.bbc.com/vietnamese/articles/cye10kw032no,0
David Hutt: Chiến dịch chống tham nhũng của TBT Nguyễn Phú trọng 'nhằm hạn chế khu vực tư nhân',https://www.bbc.com/vietnamese/articles/ckmeg3zk00ko,0
Các tổ chức quốc tế kêu gọi bảo vệ nhà báo VN trước kỳ kiểm điểm nhân quyền,https://www.bbc.com/vietnamese/articles/cerkvwpkk03o,0
"Lập trường của Việt Nam về xung đột Israel-Hamas và lợi ích công nghệ, quốc phòng từ quan hệ với Israel",https://www.bbc.com/vietnamese/articles/cl4r4x52le7o,0
Kinh tế: Nhà máy chật vật tìm người vì giới trẻ VN không muốn làm công nhân,https://www.bbc.com/vietnamese/articles/cpe8xxdw909o,0
"Nhận hàng tỷ USD từ G7, Việt Nam, Indonesia chuẩn bị chuyển sang năng lượng sạch như thế nào",https://www.bbc.com/vietnamese/articles/czrwjn30lv7o,0
Việt Nam bị chậm chỗ nào để đón luồng đầu tư ra khỏi Trung Quốc?,https://www.bbc.com/vietnamese/articles/c1v91v7p593o,0
"Gói ngân sách G7 giúp Việt Nam ngưng sử dụng than: Cho vay nhiều, viện trợ ít",https://www.bbc.com/vietnamese/articles/cd1v1nvxndgo,0
Trung Quốc muốn một nước Việt Nam như thế nào trong hoàn cảnh địa chính trị mới?,https://www.bbc.com/vietnamese/articles/c907zv8llpeo,0
"Video, Các chuyên gia bình luận về triển vọng Việt Nam mua chiến đấu cơ F-16 của Hoa Kỳ, Thời lượng 13,50",https://www.bbc.com/vietnamese/articles/c907e3ewg0do,0
Quốc hội VN công bố kết quả bỏ phiếu tín nhiệm đối với 44 cán bộ cao cấp,https://www.bbc.com/vietnamese/articles/cyx1vd3wz22o,0
VN: Vì sao không nên trao thêm quyền cho các cơ quan quản lý hành chính?,https://www.bbc.com/vietnamese/articles/cnd877764wpo,0
"VN muốn học mô hình TQ để nâng cấp chỉ số chứng khoán, thúc đẩy đầu tư",https://www.bbc.com/vietnamese/articles/c2x8y8151epo,0
VN bắt các lãnh đạo ngành đất hiếm giữa kế hoạch thách thức sự thống trị của TQ,https://www.bbc.com/vietnamese/articles/cyx149lqxrvo,0
'Tôi đã khóc - nhưng chỉ sau khi 39 thi thể được xác định danh tính',https://www.bbc.com/vietnamese/articles/cz4821epjd9o,0
Tổng thống Putin nhận lời mời sớm thăm Việt Nam,https://www.bbc.com/vietnamese/articles/c51v661ygj8o,0
Ngày 20/10 nghĩ về những phụ nữ Việt chông chênh ở Đài Loan,https://www.bbc.com/vietnamese/articles/cnk3gzdg0qyo,0
"Vụ Việt Nam bị cáo buộc 'do thám điện thoại' chính khách, báo giới Mỹ và châu Âu có gây rủi ro ngoại giao?",https://www.bbc.com/vietnamese/articles/cjr0wwzr0l7o,0
Vành đai & Con đường hàng nghìn tỷ USD của Trung Quốc đã thay đổi thế giới như thế nào?,https://www.bbc.com/vietnamese/articles/c0kx9ll2x47o,0
Giới hoạt động Việt Nam bị mã độc gián điệp nghi liên kết với chính phủ tấn công,https://www.bbc.com/vietnamese/articles/crg1z91jnp7o,0
Vụ NSJ-AIC ở Quảng Ninh: Quan chức nhận hàng chục tỷ 'nghĩ là quà cảm ơn’,https://www.bbc.com/vietnamese/articles/c51wldlk5g0o,0
Từ xung đột Israel-Hamas 2023 nhìn lại cú sốc xăng dầu 1973 và số phận VNCH,https://www.bbc.com/vietnamese/articles/c72r48ymvg9o,0
Amnesty nói VN 'tìm cách cài phần mềm gián điệp vào điện thoại quan chức Mỹ và LHQ’,https://www.bbc.com/vietnamese/articles/c8vl6zmj8p0o,0
Ý kiến: Tội trốn thuế - chiêu thức chính trị hóa các vụ án ‘nhạy cảm’ quen thuộc của Việt Nam,https://www.bbc.com/vietnamese/articles/c03e0kjeek6o,0
Tại sao lại cầu cứu BBC trong giờ phút thập tử nhất sinh?,https://www.bbc.com/vietnamese/articles/cd1r2zg8d3po,0
Lời của nạn nhân sau một năm vụ Vạn Thịnh Phát 'lừa đảo 30.000 tỷ VND',https://www.bbc.com/vietnamese/articles/c3gl4yl7lzgo,0
"Kỷ luật Bí thư Bến Tre, ông Lê Đức Thọ vì ‘kê khai tài sản không trung thực’",https://www.bbc.com/vietnamese/articles/crg12q1975zo,0
Darren Blair: Gia đình đi tìm câu trả lời cho cái chết của người đàn ông ở Việt Nam,https://www.bbc.com/vietnamese/articles/cgl3z48em39o,0
Thơ Bùi Minh Quốc và bản giao hưởng số 5,https://www.bbc.com/vietnamese/articles/cg302pwj5d8o,0
Thủ tướng Phạm Minh Chính đến Mỹ để 'cụ thể hóa' quan hệ hai nước,https://www.bbc.com/vietnamese/articles/cmj1g2rez45o,0
"Video, Một Việt Nam có thể kiềm chế Trung Quốc nằm trong lợi ích của Mỹ?, Thời lượng 26,52",https://www.bbc.com/vietnamese/articles/cn0zn8l0j97o,0
GS Vuving: 'Việc nâng cấp quan hệ cho thấy Việt Nam đã tương đối tin tưởng Mỹ',https://www.bbc.com/vietnamese/articles/cjk26z6ljj6o,0
Quan hệ Mỹ-Việt: Hoa Kỳ vào Việt Nam ‘lần hai’ và các bài học cho hôm nay,https://www.bbc.com/vietnamese/articles/c9w03wlvl9xo,0
Đài Loan thắt chặt visa điện tử với công dân Việt Nam,https://www.bbc.com/vietnamese/articles/cnlzpv05549o,0
Việt Nam: Thượng tướng Nguyễn Chí Vịnh qua đời,https://www.bbc.com/vietnamese/articles/cll8p89env3o,0
Việt Nam nâng cấp quan hệ với Mỹ là 'thắng lợi kép' cho Đảng Cộng sản VN,https://www.bbc.com/vietnamese/articles/cl7zzy7rnqko,0
"Trả tự do cho ông Nguyễn Bắc Truyển, VN mở hướng mới cho Tự do Tôn giáo?",https://www.bbc.com/vietnamese/articles/cjk27261x22o,0
Kinh tế Việt Nam sẽ 'bùng nổ' thế nào sau nâng cấp quan hệ với Mỹ?,https://www.bbc.com/vietnamese/vietnam-66783956,0
Báo chí Việt Nam lược bỏ lời Tổng thống Biden về nhân quyền?,https://www.bbc.com/vietnamese/articles/c6p00pv6d42o,0
Mỹ phủ nhận Chiến tranh Lạnh với Trung Quốc trong chuyến thăm lịch sử đến Việt Nam,https://www.bbc.com/vietnamese/articles/crg88yl33k8o,0
CNN: Tổng thống Biden sẽ rất thận trọng khi gặp 'những người bạn VN',https://www.bbc.com/vietnamese/vietnam-66768185,0
TT Biden thăm Hà Nội: Hoa Kỳ và Việt Nam 'xác lập Đối tác Chiến lược Toàn diện',https://www.bbc.com/vietnamese/vietnam-66767034,0
Mỹ muốn hợp tác 'chống biến đổi khí hậu với VN' nhưng Hà Nội có thật lòng?,https://www.bbc.com/vietnamese/vietnam-66751582,0
Bất động sản Việt Nam: Nhà nước nên bãi bỏ loại hình dự án đất nền?,https://www.bbc.com/vietnamese/forum-66766456,0
Việt Nam ký hiệp định với Philippines khi giá gạo toàn cầu tăng cao,https://www.bbc.com/vietnamese/articles/ckdznxvyp4ko,0
VN có nâng cấp quan hệ với Hoa Kỳ cũng không để 'thoát Trung'?,https://www.bbc.com/vietnamese/vietnam-66740794,0
"Vì sao Hồ Duy Hải, Nguyễn Văn Chưởng không nằm trong danh sách ân giảm của Chủ tịch nước?",https://www.bbc.com/vietnamese/vietnam-66714682,0
Quan hệ Việt-Mỹ: Một Việt Nam dân chủ không có lợi cho Mỹ?,https://www.bbc.com/vietnamese/articles/cxxdrxky8d6o,0
Giáo dân Việt Nam bay sang Mông Cổ để chào đón Giáo hoàng Francis,https://www.bbc.com/vietnamese/world-66706006,0
Việt Nam tăng số ngày cư trú cho người nước ngoài nhưng thế đã đủ chưa?,https://www.bbc.com/vietnamese/articles/cn0z301d7q7o,0
Nhiều suy nghĩ trăn trở về khám nghiệm hiện trường trong vụ án Hồ Duy Hải,https://www.bbc.com/vietnamese/forum-66699607,0
Thiếu kỹ sư có thể gây hại cho kế hoạch của Mỹ biến VN thành 'đại bản doanh' sản xuất chip,https://www.bbc.com/vietnamese/vietnam-66679662,0
Việt Nam và nhiều nước giận dữ phản đối bản đồ 'đường 10 đoạn' mới của TQ trên Biển Đông,https://www.bbc.com/vietnamese/articles/c8953w4y7vlo,0
HRW kêu gọi trả tự do cho kỹ sư Trần Bang và 'Thánh rắc hành' Bùi Tuấn Lâm,https://www.bbc.com/vietnamese/vietnam-66643778,0
Thủ đô Hà Nội đang thiếu trường công nhưng thừa nhà hát?,https://www.bbc.com/vietnamese/articles/c4n4pnkq4v7o,0
Việt Nam vừa muốn mua vũ khí của Nga vừa muốn nâng cấp quan hệ với Mỹ?,https://www.bbc.com/vietnamese/vietnam-66612965,0
Liệu Việt Nam có đón Tổng thống Joe Biden để tạo niềm tin chiến lược với Hoa Kỳ?,https://www.bbc.com/vietnamese/vietnam-66612964,0
KBank Thái Lan 'đang đàm phán để mua Home Credit Vietnam trong thỏa thuận 1 tỷ USD',https://www.bbc.com/vietnamese/vietnam-66590054,0
Các công ty sản xuất nam châm đất hiếm quay sang VN trong nỗ lực thoát phụ thuộc TQ,https://www.bbc.com/vietnamese/vietnam-66581167,0
Đàm phán Đức-Việt Nam có điều gì mới về kinh tế và xã hội dân sự?,https://www.bbc.com/vietnamese/forum-66567361,0
Vụ án Hồ Duy Hải và nỗi mong của người mẹ tử tù,https://www.bbc.com/vietnamese/forum-66568385,0
Biden 'sắp ký thỏa thuận đối tác chiến lược với Việt Nam trong nỗ lực chống lại Trung Quốc',https://www.bbc.com/vietnamese/vietnam-66561894,0
"TQ vừa kêu gọi VN 'giữ vững lý tưởng cộng sản', vừa gấp rút quân sự hóa đảo Tri Tôn",https://www.bbc.com/vietnamese/vietnam-66541341,0
Quan hệ Việt-Mỹ có cơ hội vượt cấp lên ngang tầm Trung Quốc?,https://www.bbc.com/vietnamese/vietnam-66521550,0
Martin Rama: 'Hà Nội - Nàng chưa từng làm tôi thất vọng',https://www.bbc.com/vietnamese/vietnam-66470470,0
Ông Nguyễn Cảnh Bình: 'Việt Nam cần cách đào tạo lãnh đạo của riêng mình',https://www.bbc.com/vietnamese/articles/c04x7y50mndo,0
Việt Nam: Người dân băn khoăn khi đọc tin nhắn của chính quyền để nhắc nhở và xin tiền,https://www.bbc.com/vietnamese/articles/crgnrzr898no,0
Khách Nga và châu Âu vui vì được hưởng visa Việt Nam dài ngày hơn,https://www.bbc.com/vietnamese/articles/crgnr7qk5gpo,0
Vụ án Nguyễn Văn Chưởng: Các tổ chức quốc tế đồng loạt kêu gọi dừng thi hành án,https://www.bbc.com/vietnamese/66490900,0
Vụ án Nguyễn Văn Chưởng và bức màn bí mật về việc thi hành án tử ở Việt Nam,https://www.bbc.com/vietnamese/vietnam-66460494,0
Tổng thống Mỹ Joe Biden nói sẽ ‘sớm’ thăm Việt Nam,https://www.bbc.com/vietnamese/articles/c9ek8j8x5vjo,0
Hai mỏ khí đốt trên Biển Đông của VN góp phần phá vỡ thỏa thuận khí hậu Paris?,https://www.bbc.com/vietnamese/66425147,0
Con ngựa vàng mã bị từ chối 'bay' ở Việt Nam: Còn là chuyện ứng xử với di sản văn hóa?,https://www.bbc.com/vietnamese/articles/cn02qly4z2zo,0
Nhà nước nên ân xá cho Nguyễn Văn Chưởng và minh oan cho Hồ Duy Hải?,https://www.bbc.com/vietnamese/articles/c3g4ykv7xpvo,0
Giá gạo Việt Nam tăng kỷ lục sau lệnh cấm xuất khẩu của Ấn Độ,https://www.bbc.com/vietnamese/articles/c51283xj252o,0
"Video, Vì sao chuỗi cà phê Mỹ Starbucks chưa chinh phục được Việt Nam?, Thời lượng 4,13",https://www.bbc.com/vietnamese/66414078,0
Quan hệ Việt Nam-Campuchia: Bất đồng sẽ được giải quyết dưới thời ông Hun Manet?,https://www.bbc.com/vietnamese/articles/crgr8d8kk3do,0
Việt Nam nên miễn visa cho du khách từ cả 27 nước EU?,https://www.bbc.com/vietnamese/articles/czv1pewvzd4o,0
Tổng thống Biden: ‘Lãnh đạo Việt Nam muốn gặp tôi tại G20 để nâng cao quan hệ’,https://www.bbc.com/vietnamese/articles/cl4md5xr4e6o,0
Toà VN tuyên án vụ Chuyến bay giải cứu: 'Không loại ai khỏi xã hội',https://www.bbc.com/vietnamese/articles/clwz98r3qego,0
Luật sư nói về các vụ tranh chấp đất đai âm ỉ ở Tây Nguyên,https://www.bbc.com/vietnamese/articles/cy9q0vy171eo,0
Tòa thánh Vatican công bố thành lập Quỹ Đức Hồng y Nguyễn Văn Thuận,https://www.bbc.com/vietnamese/articles/cglyd3z4950o,0
Paris By Night - hành trình 40 năm,https://www.bbc.com/vietnamese/articles/c10z8g6e80go,0
Từ khóa 'Việt Nam' trong bàn cờ chính trị Campuchia ngày nay,https://www.bbc.com/vietnamese/articles/cd14052n14no,0
Đại án ‘Chuyến bay giải cứu’ mới chỉ xử lý phần nổi của tảng băng chìm?,https://www.bbc.com/vietnamese/articles/cw5rqz56rlzo,0
Nato 'Viễn Đông hóa' được một tù nhân chính trị Việt Nam tiên đoán từ 2013,https://www.bbc.com/vietnamese/articles/cyd5j757v73o,0
"Người sưu tập bản đồ cổ TQ để chứng minh Hoàng Sa, Trường Sa là của VN",https://www.bbc.com/vietnamese/vietnam-66255134,0
Tổng tuyển cử Campuchia: Sợ hãi và hân hoan trông chờ 'luồng gió mới',https://www.bbc.com/vietnamese/articles/cy9qkvp30v3o,0
VN: Khi khủng hoảng làm tăng quyền lực người dùng mạng xã hội,https://www.bbc.com/vietnamese/articles/c51drny1krro,0
"Vatican và Việt Nam sẽ đạt bước tiến quan trọng trong quan hệ ngoại giao, theo Reuters",https://www.bbc.com/vietnamese/articles/cjezyy18v1go,0
Việc xét xử đại án 'Chuyến bay giải cứu' có tính chính trị?,https://www.bbc.com/vietnamese/articles/cv2n4zxpz2eo,0
"Thành viên Việt Tân, ông Châu Văn Khảm được trả tự do về Úc",https://www.bbc.com/vietnamese/articles/c4n09kk3p0yo,0
Việt Nam: Những lý do gì khiến Zing News bị ngưng hoạt động ba tháng?,https://www.bbc.com/vietnamese/articles/c87mj0r7j80o,0
Philippines không cấm Barbie vì 'không phải đường chín đoạn': Dư luận Việt Nam đọc nhầm bản đồ?,https://www.bbc.com/vietnamese/articles/c2x57e46xe1o,0
"VN: Vì sao rộ lên làn sóng phản đối Barbie, Blackpink và Google về vấn đề Biển Đông?",https://www.bbc.com/vietnamese/articles/ckvyd3317xeo,0
"VN xử đại án 'Chuyến bay giải cứu': Chi 2,65 triệu USD 'chạy án' không thành",https://www.bbc.com/vietnamese/articles/cpv790qeq0no,0
Vướng mắc thuế bất động sản của người giàu ở Việt Nam và Trung Quốc,https://www.bbc.com/vietnamese/articles/crgkxv7edk2o,0
Biệt phủ Hà Tĩnh: Khi giai cấp vô sản lại 'vô vàn sản',https://www.bbc.com/vietnamese/articles/c13rz5l2xx4o,0
Liệu Mỹ có thể kiềm chế Trung Quốc qua nỗ lực nâng cấp quan hệ với Việt Nam?,https://www.bbc.com/vietnamese/articles/c98pgve2v03o,0
Vụ Hồ Duy Hải: Cơ quan điều tra đã trưng cầu giám định nhóm máu thay vì DNA?,https://www.bbc.com/vietnamese/articles/c4n4gn4y5yvo,0
"VN: Tẩy chay đêm nhạc Blackpink, phim Barbie vì 'đường lưỡi bò' là yêu nước?",https://www.bbc.com/vietnamese/articles/c2xk0rpp818o,0
"Video, PGS Jonathan London nói cần đào tạo tư duy phản biện cho sinh viên Việt Nam, Thời lượng 15,24",https://www.bbc.com/vietnamese/66117636,0
Người Mỹ ở Sài Gòn: 'Tôi ước mang văn hóa cà phê Việt Nam về Mỹ',https://www.bbc.com/vietnamese/articles/c4n9ne1lnqpo,0
Việt Nam: Giải mã ồn ào quanh dự án xe đạp 3D Superstrata,https://www.bbc.com/vietnamese/articles/czr0re0xkyko,0
"'VN cần giúp người dân hiểu 15,5 tỷ USD tài trợ cho năng lượng sạch được tiêu vào đâu'",https://www.bbc.com/vietnamese/vietnam-66106208,0
Đa dạng hóa nguồn vũ khí ngoài Nga nên Việt Nam tìm đến Ấn Độ?,https://www.bbc.com/vietnamese/articles/cxw3vd2j2v0o,0
Ai sẽ giám sát quá trình chuyển đổi từ than sang năng lượng sạch của VN?,https://www.bbc.com/vietnamese/vietnam-66095559,0
Việt Nam cấm phim Barbie vì có hình đường lưỡi bò trên bản đồ Biển Đông,https://www.bbc.com/vietnamese/articles/cp4kgdd2eg8o,0
Việt Nam: Hai tín đồ Phật giáo Hòa Hảo ra tù với sức khỏe 'suy kiệt',https://www.bbc.com/vietnamese/vietnam-66084459,0
Năng lượng tái tạo: Việt Nam học được gì từ các nước Châu Âu?,https://www.bbc.com/vietnamese/articles/c72v0n7rxzqo,0
"Đoàn Nhật Huyền Trân: Chán làm nail, đầu quân cho Hải quân Mỹ",https://www.bbc.com/vietnamese/articles/c519678309ko,0
"Hun Sen đưa quân tới biên giới Việt Nam, treo thưởng bắn hạ drone",https://www.bbc.com/vietnamese/articles/c2xkj1ln8n2o,0
Ngoại giao và nội trị của Việt Nam đừng lệch pha,https://www.bbc.com/vietnamese/forum-66043569,0
Vụ kiện cưỡng chế xét nghiệm Covid ở Bình Dương: 'Con kiến' thắng được 'củ khoai'?,https://www.bbc.com/vietnamese/articles/cxrgw3q9p91o,0
Việt Nam có học từ Trung Quốc cách kiểm soát xã hội?,https://www.bbc.com/vietnamese/articles/cw4v22rrerpo,0
Việt Nam liệu có tạo ra ảnh hưởng với thị trường âm nhạc quốc tế?,https://www.bbc.com/vietnamese/articles/cd1xzgnn255o,0
Niềm vui và nỗi buồn khi ba luật sư Việt Nam thoát ‘truy tìm’ để tới Mỹ an toàn,https://www.bbc.com/vietnamese/articles/crgd80vmwymo,0
Hàng không mẫu hạm Mỹ thăm VN giữa lúc Trung Quốc gây hấn ở Biển Đông,https://www.bbc.com/vietnamese/vietnam-65984551,0
"Viện Pháp tôn vinh nhà văn Dương Thu Hương, ví bà như Aleksandr Solzhenitsyn của Việt Nam",https://www.bbc.com/vietnamese/articles/cd15gqnn98po,0
Hơn 60 tổ chức nhân quyền kêu gọi Obama thúc giục VN trả tự do cho bà Minh Hồng,https://www.bbc.com/vietnamese/vietnam-65970514,0
Vụ nổ súng ở Đắk Lắk: Có phải người Tây Nguyên thành bộ phận dân số nghèo nhất?,https://www.bbc.com/vietnamese/vietnam-65886931,0
VN: Báo chí cách mạng có bị kiểm duyệt khi đưa tin bất ổn ở Đắk Lắk?,https://www.bbc.com/vietnamese/vietnam-65541756,0
Trung-Mỹ gặp nhau trước thế Chiến Quốc vừa đàm vừa đối?,https://www.bbc.com/vietnamese/forum-65965849,0
Bamboo Airways thua lỗ nhưng có đổi dàn lãnh đạo tại kỳ họp cổ đông tới?,https://www.bbc.com/vietnamese/articles/crgddly302lo,0
"Video, Người Việt ở châu Âu cần hội nhập văn hóa ra sao?, Thời lượng 6,09",https://www.bbc.com/vietnamese/media-65947299,0
Vụ hai đồn công an ở Đắk Lắk bị tấn công: 'Tức nước vỡ bờ vì mâu thuẫn đất đai và tôn giáo'?,https://www.bbc.com/vietnamese/vietnam-65886929,0
Việt Nam: Công tác quản trị ngôn luận chưa khoa học,https://www.bbc.com/vietnamese/forum-65949668,0
Việt Nam: Thiếu điện bộc lộ hạn chế về cơ cấu và bộ máy quan liêu?,https://www.bbc.com/vietnamese/articles/cll095l9jn4o,0
Người Việt kêu cứu từ 'bẫy lừa đảo' ở Myanmar,https://www.bbc.com/vietnamese/articles/cjk8zx3yygmo,0
Một số điều mới ở Hội thảo về Biển Đông ở Paris,https://www.bbc.com/vietnamese/vietnam-65907100,0
"Video, Tiến sĩ Lã Đức Trung nói về đề xuất mang tính kinh tế cho Biển Đông, Thời lượng 5,22",https://www.bbc.com/vietnamese/vietnam-65913495,0
VN: Vì sao công an 'truy tìm' ba luật sư nhân quyền bào chữa vụ Thiền Am,https://www.bbc.com/vietnamese/articles/c28pzmvvwg3o,0
"Hai đồn công an xã ở Dak Lak bị tấn công, nhiều người thiệt mạng",https://www.bbc.com/vietnamese/articles/c258xppz3p0o,0
Thêm tàu hải cảnh Trung Quốc xuất hiện ở vùng đặc quyền kinh tế của Việt Nam?,https://www.bbc.com/vietnamese/articles/c3g15dp7135o,0
Thanh tra EVN: Câu chuyện về thế độc quyền ngành điện,https://www.bbc.com/vietnamese/articles/cz9g3m46vy7o,0
Đối thoại nhân quyền EU-Việt Nam: Nhân quyền yếu thế trước các cơ hội kinh tế?,https://www.bbc.com/vietnamese/vietnam-65818174,0
Thăm lại bưu điện Cầu Voi và tìm chứng cứ ‘giải oan’ cho tử tù Hồ Duy Hải,https://www.bbc.com/vietnamese/articles/c4np0vl8v2lo,0
"Việt Nam đứng trên nhiều 'chân kiềng' quan hệ với Mỹ, Trung Quốc, Nga và EU",https://www.bbc.com/vietnamese/vietnam-65764013,0
"Việt Nam: Dân chật vật, doanh nghiệp ngưng sản xuất vì mất điện trong nắng nóng",https://www.bbc.com/vietnamese/articles/cqqkdldq96no,0
Tàu Trung Quốc rời vùng biển Việt Nam sau phản đối của Hà Nội,https://www.bbc.com/vietnamese/vietnam-65818172,0
Đảng Cộng sản Việt Nam học gì từ các chính sách của 'người đồng chí' Trung Quốc?,https://www.bbc.com/vietnamese/articles/c51j72ed52ko,0
"Ủng hộ dân chủ, đa đảng, thầy giáo dạy nhạc Đặng Đăng Phước lãnh 8 năm tù",https://www.bbc.com/vietnamese/vietnam-65818171,0
"Thăm HN, thủ tướng Úc thưởng thức bia hơi, bánh mì và chờ ngoại giao Úc-Việt nâng tầm trong 'vài tháng tới'",https://www.bbc.com/vietnamese/articles/c723j0nkp56o,0
Báo cáo an ninh 2023 của IISS nói về cách Việt Nam 'xử lý' ngoại giao với các cường quốc,https://www.bbc.com/vietnamese/articles/c72reej10qyo,0
Công văn Cục thuế TPHCM hé lộ điều gì quanh chuyện thuế của bà Minh Hồng?,https://www.bbc.com/vietnamese/vietnam-65762542,0
Muốn làm phim 'tử tế' tại Việt Nam thì phải tháo 'chiếc vòng kim cô'?,https://www.bbc.com/vietnamese/articles/crgkl7l8e57o,0
Quốc ca Việt Nam đầu tiên đã dùng nhạc Hành khúc của Franz Schubert?,https://www.bbc.com/vietnamese/culture-social-65725784,0
Hai người Việt nhận giải ở Cannes: Bên trong tổ kén chưa vàng,https://www.bbc.com/vietnamese/articles/cnl90yvj98qo,0
Đạo diễn Trần Anh Hùng và Phạm Thiên Ân thắng giải tại Cannes 2023,https://www.bbc.com/vietnamese/articles/cd1rxz0wwdpo,0
Trung Quốc phớt lờ yêu cầu rời khỏi vùng đặc quyền kinh tế của Việt Nam,https://www.bbc.com/vietnamese/articles/cxele733131o,0
"VN: Thấy gì từ việc luật sư, người nhà của 'Thánh rắc hành' bị sách nhiễu?",https://www.bbc.com/vietnamese/articles/cv27d2y714ro,0
"Di dân: Năm 2022 có 1,2 triệu người tới Anh, gồm 606 nghìn 'có ý định ở lại'",https://www.bbc.com/vietnamese/culture-social-65711287,0
"'Thánh rắc hành' - Bùi Tuấn Lâm bị tuyên 5 năm 6 tháng tù, 4 năm quản chế",https://www.bbc.com/vietnamese/articles/c80y32d1r47o,0
Vụ Đặng Đình Bách: LHQ nói 'Việt Nam vi phạm luật pháp quốc tế về giam giữ tùy tiện',https://www.bbc.com/vietnamese/vietnam-65630243,0
Việt Nam tiếp tục nền ngoại giao 'mềm mại nhưng cứng cỏi' giữa Nga và Ukraine?,https://www.bbc.com/vietnamese/articles/c4npv0v1nl7o,0
'Vị thế Việt Nam' qua lần tham dự Thượng đỉnh G7 mở rộng tại Nhật Bản,https://www.bbc.com/vietnamese/articles/c841nv3e0glo,0
Cuộc chiến VN: Bàn về chủ nghĩa dân tộc và chủ nghĩa cộng sản,https://www.bbc.com/vietnamese/articles/c6p0kxzgd1no,0
"Việt Nam phê duyệt kế hoạch tăng điện gió, LNG đến năm 2030",https://www.bbc.com/vietnamese/vietnam-65618669,0
Vì sao nhà hoạt động môi trường Đặng Đình Bách nói sẽ 'tuyệt thực đến chết' trong tù?,https://www.bbc.com/vietnamese/vietnam-65522776,0
Thị trường bất động sản Việt Nam lệch lạc từ khái niệm đến sản phẩm?,https://www.bbc.com/vietnamese/vietnam-65522778,0
'Anh hùng khí hậu' Ngụy Thị Khanh được trả tự do,https://www.bbc.com/vietnamese/65522775,0
Gia đình và luật sư nói nhà hoạt động Trần Văn Bang bị mức án 'quá nặng',https://www.bbc.com/vietnamese/articles/c8vr0dzjng4o,0
Giá điện VN tăng 3%: Chuyên gia nhận định không giải quyết được vấn đề,https://www.bbc.com/vietnamese/articles/crgxl4pm4glo,0
Ai cũng muốn kiểm soát Big Tech và mạng xã hội nhưng có làm nổi?,https://www.bbc.com/vietnamese/business-65571393,0
"Video, Việt Nam: Đảng viên cộng sản là người theo chủ nghĩa dân tộc?, Thời lượng 9,52",https://www.bbc.com/vietnamese/media-65554470,0
Việt Nam yêu cầu người dùng mạng xã hội xác minh danh tính,https://www.bbc.com/vietnamese/vietnam-65530160,0
"Việt Nam giảm mục tiêu điện gió ngoài khơi, tăng phụ thuộc than đá",https://www.bbc.com/vietnamese/vietnam-65522769,0
'Ngàn dặm trần ai' của lao động bất hợp pháp người Việt ở Đài Loan,https://www.bbc.com/vietnamese/articles/c72jdpk0gvxo,0
50 năm quan hệ Anh- Việt Nam qua tư liệu lịch sử và báo chí,https://www.bbc.com/vietnamese/world-65499119,0
Việt Nam phản đối vụ đồng 2 đô Úc có hình 'cờ vàng ba sọc' là 'phản ứng thái quá'?,https://www.bbc.com/vietnamese/articles/c4np804v5glo,0
Từ vụ Hồ Duy Hải bị can có buộc phải tham gia thực nghiệm điều tra?,https://www.bbc.com/vietnamese/forum-65494964,0
Mỹ muốn đưa VN vào nhóm 'đáng quan ngại' về tự do tôn giáo vì khởi tố một mục sư,https://www.bbc.com/vietnamese/vietnam-65370732,0
"RSF lại chỉ trích tự do báo chí ở Việt Nam, xếp hạng 178/180",https://www.bbc.com/vietnamese/vietnam-65468349,0
"Cựu Đại sứ Mỹ, Ted Osius nói về nghĩa trang Biên Hòa và quá trình hòa giải thời hậu chiến",https://www.bbc.com/vietnamese/articles/cl4z18j20r6o,0
Y tế-Môi trường: WCS nói về nguy cơ lây virus từ phân dơi ở Việt Nam,https://www.bbc.com/vietnamese/vietnam-65370730,0
30/04/1975: Ý kiến nói trên toàn cầu Hoa Kỳ 'không thua Cuộc chiến VN',https://www.bbc.com/vietnamese/forum-65444493,0
48 năm sau ngày 30/4: Cuộc chiến lần hai đang từ trong ký ức?,https://www.bbc.com/vietnamese/articles/c9rxkvlevqxo,0
30/04 nghĩ về hoà giải và tự do tư tưởng,https://www.bbc.com/vietnamese/articles/cy7pddv10rwo,0
Ngành may mặc Việt Nam chật vật khi Mỹ cấm nhập nguyên liệu từ Tân Cương,https://www.bbc.com/vietnamese/articles/cqv0gyljq85o,0
Trung Quốc cấm đánh bắt cá đơn phương: Việt Nam có nên khởi kiện?,https://www.bbc.com/vietnamese/articles/ckk43419g39o,0
Vụ Đường Văn Thái hiện ra sao sau nghi vấn 'bị bắt cóc' ở Thái Lan?,https://www.bbc.com/vietnamese/articles/cd1zdv24kd3o,0
Chỉ có Mặt trời từ trưa 30/04/1975 ở đô thành Sài Gòn hay sao?,https://www.bbc.com/vietnamese/articles/c721lpk13l0o,0
Có gì trong thư 70 nhóm tôn giáo quốc tế gửi chính quyền Biden về 'đàn áp tôn giáo ở VN'?,https://www.bbc.com/vietnamese/vietnam-65370729,0
"Nhân quyền Úc-Việt: Các vụ tù chính trị, cấm xuất nhập cảnh và tự do tôn giáo 'đều rất khó'",https://www.bbc.com/vietnamese/vietnam-65370727,0
"Việt Nam đàm phán mua vũ khí của Cộng hòa Czech, theo Reuters",https://www.bbc.com/vietnamese/articles/c3g7nj043eko,0
Nhà văn Dương Thu Hương được trao giải 'Cino del Duca 2023',https://www.bbc.com/vietnamese/articles/c3gpvljy85po,0
Bình luận: Mỹ bế tắc trong nghị trình nhân quyền với Việt Nam,https://www.bbc.com/vietnamese/articles/cmme4y395p4o,0
Báo Trung Quốc khen Việt Nam ‘chỉ chọn chính nghĩa’ trong quan hệ với Mỹ,https://www.bbc.com/vietnamese/vietnam-65360626,0
Biển Đông: Việt Nam phản đối lệnh cấm đánh bắt cá đơn phương của Trung Quốc,https://www.bbc.com/vietnamese/vietnam-65345160,0
Việt Nam: Chú khỉ trầm cảm khi cuộc đời 'bị đánh cắp',https://www.bbc.com/vietnamese/articles/c6pz22y6r1xo,0
"Video, Đem bánh mì hương vị Hội An khởi nghiệp trên đất Nhật, Thời lượng 4,52",https://www.bbc.com/vietnamese/media-65333334,0
"Vịnh Hạ Long ngập trong rác, chính quyền ở đâu?",https://www.bbc.com/vietnamese/articles/c3gr3k5x33eo,0
Dư âm chuyến thăm của ông Blinken và những mong đợi Mỹ - Việt,https://www.bbc.com/vietnamese/vietnam-65327268,0
"Giới nghệ sỹ tiếc thương nhà phê bình Đặng Tiến, báo VN bị cấm đưa tin?",https://www.bbc.com/vietnamese/vietnam-65204391,0
'Bất bình' và 'đau xót' khi đạo sắc phong Việt Nam bị rao bán ở TQ,https://www.bbc.com/vietnamese/65296200,0
Nhà hoạt động Phạm Thanh Nghiên kể về hành trình sang Mỹ tỵ nạn,https://www.bbc.com/vietnamese/vietnam-65262693,0
"Tỵ nạn ở Thái Lan, Thái Văn Đường bị 'bắt cóc' hay 'xâm nhập trái phép' về Việt Nam",https://www.bbc.com/vietnamese/articles/c3g6gdgvl3eo,0
Tìm hiểu câu chuyện linh mục Công giáo VN 'tham gia bộ máy chính quyền',https://www.bbc.com/vietnamese/vietnam-65262688,0
"Quan hệ Việt-Mỹ sẽ có chuyển biến trong 'vài tuần, vài tháng' tới?",https://www.bbc.com/vietnamese/articles/ce56lr8v3l8o,0
Will in Vietnam: Chàng trai Pháp mê các món khó ăn của người Việt,https://www.bbc.com/vietnamese/articles/cleq052q692o,0
"Trước chuyến thăm của Blinken, Mỹ và các tổ chức quốc tế lên án VN bỏ tù ông Nguyễn Lân Thắng",https://www.bbc.com/vietnamese/vietnam-65204387,0
HRW trách Mỹ 've vãn VN nhưng chỉ nói suông về nhân quyền' khi Ngoại trưởng Blinken thăm Hà Nội,https://www.bbc.com/vietnamese/vietnam-65262686,0
"Mất sách ở Viện Hán Nôm: Có cổ vật liên quan đến Hoàng Sa, Trường Sa",https://www.bbc.com/vietnamese/articles/c80rn05zllyo,0
Doanh nghiệp châu Âu thận trọng đầu tư vào Việt Nam,https://www.bbc.com/vietnamese/vietnam-65186610,0
Việt Nam điều tra TikTok: Sẽ chặn nếu không gỡ nội dung vi phạm?,https://www.bbc.com/vietnamese/articles/c729yylnw8xo,0
"Ông Nguyễn Lân Thắng bị tuyên 6 năm tù, 2 năm quản chế",https://www.bbc.com/vietnamese/articles/cmm8drnm038o,0
Ngoại trưởng Mỹ Blinken sẽ đến Việt Nam sau ngày 14/04,https://www.bbc.com/vietnamese/world-65224254,0
Đoàn Hồng Lê và chuyện 'người Hàn kiện chính phủ nước họ vì Việt Nam',https://www.bbc.com/vietnamese/forum-65231931,0
Thực tập sinh Việt Nam tại Nhật Bản: Tình hình đã được cải thiện?,https://www.bbc.com/vietnamese/articles/cyrp3k8zd2eo,0
Năng lượng VN 2023: Điện than đang thoái trào hay bùng nổ?,https://www.bbc.com/vietnamese/vietnam-65186607,0
"Trung Quốc gây sức ép với Nga, có thể tạo xung đột cao 'chưa từng có' trên Biển Đông",https://www.bbc.com/vietnamese/vietnam-65219767,0
"Hội An ngược đời: 'Bỏ tôm hùm, xúc tép riu'",https://www.bbc.com/vietnamese/articles/c9017e2zw52o,0
Tranh luận về dàn lãnh đạo Việt Nam từ chức và quan hệ Việt - Mỹ - Trung,https://www.bbc.com/vietnamese/vietnam-65204383,0
Báo quốc tế: Vụ bắt 52 cán bộ VN 'cho thấy hạn chế của chiến dịch Đốt lò',https://www.bbc.com/vietnamese/vietnam-65206469,0
Gia đình kêu gọi VN trả tự do cho ông Châu Văn Khảm nhân chuyến thăm của Toàn quyền Úc,https://www.bbc.com/vietnamese/vietnam-65186601,0
"Toàn quyền Úc gặp tứ trụ Việt Nam, hy vọng gì về vấn đề nhân quyền?",https://www.bbc.com/vietnamese/vietnam-65185640,0
'Chuyến bay giải cứu': Công an nói về 'chiêu trò' của cựu lãnh đạo Cục lãnh sự,https://www.bbc.com/vietnamese/vietnam-65191801,0
Báo Pháp nói cảnh sát Paris 'phá đường dây ma tuý Việt Nam',https://www.bbc.com/vietnamese/world-65176830,0
'Chuyến bay giải cứu': Các ‘ông lớn’ nhận tiền hối lộ triệu đô?,https://www.bbc.com/vietnamese/articles/crg0jpev7x7o,0
Toàn quyền Úc thăm Việt Nam: 'Nhân quyền sẽ không được bàn thảo',https://www.bbc.com/vietnamese/articles/c0k04jzgrr0o,0
Human Rights Watch kêu gọi Úc đề cập vấn đề vi phạm nhân quyền với Việt Nam,https://www.bbc.com/vietnamese/articles/cqqzkldvwezo,0
Trung Quốc sẽ phản ứng ra sao nếu Việt - Mỹ nâng cấp đối tác chiến lược?,https://www.bbc.com/vietnamese/articles/cjry1jx2kqko,0
Việt Nam - Hoa Kỳ có khả năng thành đối tác chiến lược trong năm nay?,https://www.bbc.com/vietnamese/vietnam-65123223,0
Stephen B. Young: 'Sự phản bội của Henry Kissinger là nguyên nhân chính khiến Việt Nam Cộng hòa sụp đổ',https://www.bbc.com/vietnamese/articles/ckkqqze57n1o,0
Việt Nam: Người nghèo rút bảo hiểm xã hội một lần còn người giàu bỏ hoang biệt thự,https://www.bbc.com/vietnamese/articles/cz4rry00gxwo,0
"Ông Ngô Đình Quỳnh: ""Tôi luôn giữ hình ảnh rực rỡ về cha tôi, Ngô Đình Nhu""",https://www.bbc.com/vietnamese/forum-65113598,0
Nhà hoạt động Trương Văn Dũng bị kết án 6 năm tù,https://www.bbc.com/vietnamese/articles/cjlxx2d6jydo,0
7 lý do vì sao Mỹ thua trong Chiến tranh Việt Nam,https://www.bbc.com/vietnamese/vietnam-65084546,0
Biển Đông: VN theo sát tàu TQ gần mỏ dầu do Nga khai thác trong EEZ,https://www.bbc.com/vietnamese/vietnam-65084545,0
Phan Kim Khánh: 'Tôi đã đọc 600 cuốn sách trong 6 năm tù',https://www.bbc.com/vietnamese/world-65048305,0
Vụ án bốn tiếp viên hàng không xách 11kg ma túy: Hai trường hợp khả dĩ,https://www.bbc.com/vietnamese/articles/cqe59jd0ldlo,0
Dự thảo luật đất đai của Việt Nam chưa nhiệt tâm về áp thuế đất?,https://www.bbc.com/vietnamese/forum-65063737,0
Việt Nam có thể từ chối nâng cấp ngoại giao với Washington giữa căng thẳng Mỹ-Trung,https://www.bbc.com/vietnamese/articles/cn034ggljl6o,0
"Việt Nam với nạn bạo hành trong gia đình, vai trò của thủ phạm, nạn nhân và công chúng",https://www.bbc.com/vietnamese/articles/c0d4r07z3yzo,0
Biển Đông trong mối quan hệ giữa Việt Nam - Trung Quốc hiện nay ra sao?,https://www.bbc.com/vietnamese/articles/cv2ve5xyd9yo,0
ICJ nói người dân VN 'không được hỏi' về chính sách doanh nghiệp,https://www.bbc.com/vietnamese/vietnam-65024840,0
Vì sao các luật sư bào chữa trong vụ Tịnh thất Bồng Lai đều đang bị triệu tập?,https://www.bbc.com/vietnamese/articles/cndr46k5kg2o,0
