title,text,author,source_domain
ÔNG THỦ TƯỚNG PHẠM MINH CHÍNH CÓ BAO NHIÊU BỒ VÀ VỢ?,"Không có một vị Thủ tướng nào trên thế giới mà lắm vợ như ông Phạm Minh Chính - Thủ tướng nước Việt Nam. Vi phạm trầm trọng Luật hôn nhân gia đình, vi phạm 19 điều cấm đảng viên không được làm. Vậy mà vẫn Quy hoạch, bổ nhiệm, cơ cấu. Đúng là đảng cộng sản Việt Nam là một trò hề thật. Theo nguồn thông tin cho biết ông Phạm Minh Chính có tới 4 bà vợ, bà vợ nào cũng có con chung với ông Chính. Tin thêm là không biết ông lấy tiền từ đâu ra mà trong đó 2 con của ông có tiền du học Mỹ, một cô con gái đã về nước làm tại Ngân hàng Nhà nước. Hiện nay ông Chính đang ở một mình, chính vì vậy nên bà Lê Thị Trân không có mặt chung trong các chuyến công tác của ông Chính cũng là lẽ thường tình. Đây là cô Nguyễn Thị Hoa sinh năm 1977, quê Thanh Hoá, hiện đang làm tại Bộ Công thương mà ngài đương kim Thủ tướng Phạm Minh chính đã xơi tái khi cô đang là bạn thân của Hồng Chinh, một cô bồ khác của ông Chính (ăn cả bồ và bạn bồ)",Thái Văn Đường,bbc.com
"KHÔNG CÓ TIỀN THÌ IN RA! IN RA! KHÔNG SỢ LẠM PHÁT! TƯ BẢN ĐẾ QUỐC IN TIỀN MỚI LẠM PHÁT CHỨ TA, CHUYÊN CHÍNH VÔ SẢN THÌ SAO LẠI LÀ LẠM PHÁT MÀ SỢ?”","Tổng bí thư Lê Duẩn với vấn đề lạm phát và chuyên chính vô sản một cách ngắn gọn. Một chiều, Duẩn phàn nàn rằng ông đã bảo Thành uỷ Hà Nội làm bàn ghế, giường tủ bán chịu cho công nhân viên, trừ lương hàng tháng hay trả dần nhưng họ không nghe. Duẩn nói: - Tôi hỏi thì nói không có tiền. Kìa, không có thì in ra! In ra! Không sợ lạm phát! Tư bản đế quốc in tiền mới lạm phát chứ ta, chuyên chính vô sản thì sao lại là lạm phát mà sợ? Tai nghe, đầu tôi cho vẽ lên ba cái dấu hỏi to thù lù… Có lẽ từ đấy trên báo, chữ lạm phát của ta được thay bằng cụm từ “thu không đủ chi”. Rồi “thất nghiệp” thay bằng “sức lao động không được huy động đúng mức”, khuyết điểm thì thay bằng “chưa theo kịp yêu cầu”, sai lầm thì thay bằng “chưa nắm bắt đúng quy luật…”. Giữ trọn được hình ảnh sáng ngời của đảng thì từ ngữ đất nước bị nhập nhằng đi mất một số. Về chuyên chính vô sản, Duẩn ngắn gọn vô cùng: - Người ta lầm là Marx đề ra đấu tranh giai cấp. Không, nhiều người đã nói cái này trước Marx rồi. Vậy phát kiến vĩ đại của Marx là gì? Là đầu tiên nêu ra chuyên chính vô sản. Thế nào là chuyên chính vô sản? Rồi Duẩn cười cười đưa cạnh bàn tay lên ngang cổ nói: - Là như Jacobins thời Đại Cách Mạng Pháp. Giết, thủ tiêu, bạo lực…. – Hai bàn tay xoè ngửa ra hai bên – Đấy, có thế thôi! Đơn giản, sòng phẳng, dứt khoát.",Chris-/Kili,bbc.com
Ông Nguyễn Cao Trí chính thức bị bắt,"Hôm nay đồng loạt báo chí đăng tải thông tin: Ông Nguyễn Cao Trí mất tư cách thành viên HĐQT #Saigonbank Theo Saigonbank cho biết ông Nguyễn Cao Trí, Thành viên HĐQT nhiệm kỳ 2019-2024, đã đương nhiên mất tư cách, không còn là thành viên HĐQT ngân hàng kể từ ngày 19/1 theo quy định tại Điều 35 Luật các Tổ chức tín dụng. Sau khi tìm hiểu check nguồn tin cho biết: Ông Nguyễn Cao Trí đã bị cơ quan cảnh sát điều tra C01, BCA bắt từ ngày 15/01/2023. Hiện đã được di lý ra Hà Nội cách đây 4 ngày, ông Cao Trí cùng team với bà Trương Mỹ Lan. Nguồn tin cho biết, lý do bị bắt liên quan đến vụ án Vạn Thịnh Phát. Ông Trí không chỉ liên quan đến Vạn Thịnh Phát, đứng tên giùm nhiều tài sản cho bà Trương Mỹ Lan mà còn là một trong những đệ tử thân tín của nguyên Chủ tịch nước Nguyễn Xuân Phúc. Ngoài Nguyễn Cao Trí thì ông Phúc còn có một số đệ tử thân tín khác cộm cán như Thân Đức Nam, Don Lam, Đặng Văn Thành, Dương Thaco . . .",nan,bbc.com
TUYÊN CÁO CỦA BỘ TRƯỞNG NGOẠI GIAO VIỆT NAM CỘNG HÒA VỀ NHỮNG HÀNH ĐỘNG GÂY HẤN CỦA TRUNG CỘNG TRONG KHU VỰC ĐẢO HOÀNG SA (NGÀY 19.1.1974),"Sau khi mạo nhận ngày 11.1.1974 chủ quyền trên hai quần đảo Hoàng - Sa và Trường-Sa của Việt Nam Cộng-Hòa, Trung cộng đã đưa Hải-quân tới khu vực Hoàng- Sa, và đổ bộ quân lính lên các đảo Cam -Tuyền, Quang -Hòa và Duy -Mộng. Lực lượng Hải -quân Trung -Cộng gồm 11 chiến đỉnh thuộc nhiều loại và trọng lượng khác nhau, kể cả một tàu loại Komar có trang bị hỏa tiễn. Để bảo vệ sự toàn vẹn lãnh thổ và nền an ninh quốc gia trước cuộc xâm lăng quân sự này, các lực lượng Hải quân Việt-Nam Cộng-Hòa trấn đóng trong khu vực này đã ra lệnh cho bọn xâm nhập phải rời khỏi khu vực. Thay vì tuân lệnh, các tàu Trung-Cộng, kể từ 18.1.1974, lại có những hành động khiêu khích như đâm thẳng vào các chiến đỉnh Việt-Nam. Sáng ngày nay, 19.1.1974 hồi 10h20, một hộ-tống hạm Trung-Cộng thuộc loại Kronstadt đã khai hỏa bắn vào khu trục hạm “Trần Khánh Dư” mang số HQ-04 của Việt-Nam Cộng-Hòa. Để tự vệ, các chiến hạm Việt-Nam đã phản pháo và gây hư hại cho hộ tống hạm Trung Cộng. Cuộc giao tranh hiện còn tiếp diễn và đang gây thiệt hại về nhân mạng và vật chất cho cả đôi bên. Các hành động quân sự của Trung Cộng là hành vi xâm phạm trắng trợn vào lãnh thổ Việt-Nam Cộng-Hòa, và một lần nữa vạch trần chánh sách bành trướng đế quốc mà Trung Cộng liên tục theo đuổi, đã được biểu lộ qua cuộc thôn tính Tây Tạng, cuộc xâm lăng Đại Hàn và Ấn Độ trước kia. Việc Trung Cộng ngày nay xâm phạm lãnh thổ Việt Nam Cộng-Hòa không những chỉ đe dọa chủ quyền an ninh của Việt Nam Cộng Hòa mà còn là một hiểm họa đối với nền hòa bình và ổn cố của Đông Nam Á và toàn thế giới. Với tư cách một nước nhỏ bị một cường quốc vô cớ tấn công. Việt Nam Cộng Hòa kêu gọi toàn thể các dân tộc yêu chuộng công lý và hòa bình trên thế giới hãy cương quyết lên án các hành vi chiến tranh thô bạo củaTrung Cộng nhằm vào một quốc gia độc lập và có chủ quyền để buộc Trung Cộng phải tức khắc chấm dứt các hành động nguy hiểm đó. Làm ngơ để cho Trung Cộng tự do tiến hành cuộc xâm lấn trắng trợn này là khuyến khích kẻ gây hấn tiếp tục theo đuổi chánh sách bành trướng của chúng và sự kiện này đe dọa sự sống còn của những nước nhỏ đặc biệt là những nước ở Á Châu. Trong suốt lịch sử, dân tộc Việt Nam đã đánh bại nhiều cuộc ngoại xâm. Ngày nay, Chánh phủ và nhân dân Việt Nam Cộng Hòa cũng nhất định bảo vệ sự toàn vẹn của lãnh thổ quốc gia. (Tài liệu ronéo của Bộ Ngoại Giao, Sài Gòn, Số 015/BNG/ TTBC/ TT) TUYÊN CÁO CỦA CHÍNH PHỦ VIỆT NAM CỘNG HÒA VỀ CHỦ QUYỀN CỦA VIỆT NAM CỘNG HÒA TRÊN NHỮNG ĐẢO Ở NGOÀI KHƠI BỜ BIỂN VIỆT NAM CỘNG HÒA Nguyên văn: Nghĩa vụ cao cả và cấp thiết của một chánh phủ là bảo vệ chủ quyền, độc lập và sự vẹn toàn lãnh thổ của quốc gia. Chánh phủ Việt Nam Cộng Hòa cương quyết làm tròn nghĩa vụ này, bất luận những khó khăn trở ngại có thể gặp phải và bất chấp những sự phản đối không căn cứ dầu phát xuất từ đâu. Trước việc Trung Cộng trắng trợn xâm chiếm bằng vũ lực quần đảo Hoàng Sa của Việt Nam Cộng Hòa, Chánh phủ Việt Nam Cộng Hòa thấy cần phải tuyên cáo long trọng trước công luận thế giới cho bạn cũng như thù biết rõ rằng: Quần đảo Hoàng Sa và quần đảo Trường Sa là những phần bất khả phân của lãnh thổ Việt Nam Cộng Hòa. Chánh phủ và nhân dân Việt Nam Cộng Hòa không bao giờ chịu khuất phục trước bạo lực mà từ bỏ tất cả hay một phần chủ quyền của mình trên những quần đảo ấy. Chừng nào còn một hòn đảo thuộc lãnh thổ ấy của Việt Nam Cộng Hòa bị nước ngoài chiếm giữ bằng bạo lực thì chừng ấy Chánh phủ và nhân dân Việt Nam Cộng Hòa còn đấu tranh để khôi phục những quyền lợi chính đáng của mình. Kẻ xâm chiếm phải chịu hoàn toàn trách nhiệm về mọi tình trạng căng thẳng có thể do đó mà có. Trong dịp này, Chánh phủ Việt Nam Cộng Hòa cũng long trọng tái xác nhận chủ quyền của Việt Nam Cộng Hòa trên những hải đảonằm ở ngoài khơi bờ biển Trung Phần và bờ biển Nam Phần Việt Nam, từ trước tới nay vẫn được coi là một phần lãnh thổ của Việt Nam Cộng Hòa căn cứ trên những dữ kiện địa lý, lịch sử, pháp lý và thực tại không chối cãi được. Chánh phủ Việt Nam Cộng Hòa cương quyết bảo vệ chủ quyền quốc gia trên những đảo ấy bằng mọi cách. Trung thành với chánh sách hòa bình cố hữu của mình, Chánh phủ Việt Nam Cộng Hòa sẵn sàng giải quyết bằng đường lối thương lượng những vụ tranh chấp quốc tế có thể xảy ra về những hải đảo ấy, nhưng nhất định không vì thế mà từ bỏ chủ quyền của Việt Nam Cộng Hòa trên những phần đất này.",nan,bbc.com
"KỶ LUẬT MAI TIẾN DŨNG, ĐCSVN LẠI CHỈ GIƠ CAO ĐÁNH KHẼ","Hôm qua, 13 Tháng Giêng 2023 theo đề nghị của Ủy Ban Kiểm tra Trung ương Đảng CSVN, Ban Bí thư đưa ra quyết định kỷ luật cảnh cáo ông Mai Tiến Dũng, nguyên Bộ trưởng- Chủ nhiệm Văn phòng Chính phủ vì ""vi phạm nguyên tắc tập trung dân chủ, quy định của Đảng, pháp luật của Nhà nước, thiếu trách nhiệm trong thực hiện nhiệm vụ tổ chức các chuyến bay đưa công dân về nước trong đại dịch Covid-19, để một số cán bộ Văn phòng Chính phủ tham mưu, đề xuất không đúng kết luận của Thủ tướng, nhận hối lộ, bị khởi tố, bắt tạm giam"". Quyết định vừa nêu được đưa ra tại cuộc họp của Ban Bí Thư tại Hà Nội dưới sự chủ trì của ông Tổng bí thư Nguyễn Phú Trọng. Ông Mai Tiến Dũng này từng được nhắc nhiều với câu phát biểu khi đang tại chức : “Chúng ta sai nhận lỗi trước dân, dân sai phải chịu trách nhiệm trước pháp luật!"". Trong lúc vi phạm lỗi lầm trên ông Mai Tiến Dũng đang giữ chức vụ Bộ trưởng Chủ nhiệm Văn phòng Chính phủ, một chức vụ khá cao trong chính phủ. Nay ông chỉ bị kỷ luật cảnh cáo cho thấy sự bất cập trong việc xử phạt cán bộ, quan chức cấp cao. Với tấm thẻ đảng và vị trí cao cấp trong chính phủ ông Mai Tiến Dũng không bị pháp luật trừng trị đúng với tội danh của ông, cấu kết có hệ thống từ bộ ngoại giao đến địa phương lợi dụng đại dịch để trục lợi trên lưng đồng bào. „Lỗi“ của ông Mai Tiến Dũng gây tác hại nghiêm trọng cho xã hội thì chỉ được đảng giơ cao đánh khẽ. Còn dân vì đói mà ăn cắp 1, 2 con vịt thì bị phạt tù vài năm. ĐCSVN chuyên hô hào công bằng xã hội nhưng chẳng bao giờ thực hiện điều đơn giản này. Chỉ kỷ luật cảnh cáo đã xóa tan lỗi lầm tày trời. Chuyện chỉ xảy ra dưới chế độ độc tài CSVN.",Ngọc Thu,bbc.com
TẤT CẢ LÀ TẠI DÂN,"Ông Mai Tiến Dũng – cựu Chủ nhiệm văn phòng Chính phủ, người vừa bị Ban chấp hành Trung ương đảng cộng sản Việt Nam kỷ luật, từng phát biểu: “Nếu chúng ta sai, chúng ta nhận lỗi trước dân, nếu dân sai thì phải chịu trách nhiệm trước pháp luật”. Đây không phải là lần đầu tiên mà một lãnh đạo đảng, chính phủ Việt Nam có phát biểu đổ lỗi cho người dân như thế. Trước đây, ông Nguyễn Sinh Hùng – cựu Chủ tịch quốc hội Việt Nam (giai đoạn 2011 – 2016) cũng có một phát biểu tương tự: “Quốc hội tức là dân, dân quyết sai thì dân chịu, chứ kỷ luật ai?” Còn trong mấy ngày gần đây, dư luận lại phẫn nộ về một phát biểu của ông Cục phó Cục đăng kiểm Việt Nam Nguyễn Tô An rằng: Người dân đưa tiền làm hư đăng kiểm viên” trước hàng loạt sai phạm của các cơ sở đăng kiểm trong cả nước. Ba ví dụ trên khác nhau về thời điểm, hoàn cảnh nhưng có một điểm chung là “lỗi là tại người dân”. Dù có chuyện gì xảy ra thì cũng là lỗi của người dân chứ lãnh đạo không có lỗi. Dân có lỗi vì ai bảo đã bầu ra cán bộ. Nếu dân sai thì dân phải chịu trách nhiệm trước pháp luật, còn cán bộ sai thì nhận lỗi trước dân. À mà không, cán bộ sai thì xin lỗi đảng chứ có thấy cán bộ xin lỗi dân bao giờ đâu? Một trong những đặc điểm của một thể chế độc tài, độc đảng, toàn trị là họ không bao giờ nhận sai. Nếu có sai thì các đồng chí họp kín, đóng cổng thanh trừng nội bộ lẫn nhau; có sai thì xin lỗi đảng, xin lỗi lãnh đạo, xin lỗi cấp trên chứ có thấy bao giờ xin lỗi nhân dân. Còn sống trong một đất nước độc tài do đảng cộng sản lãnh đạo thì mãi mãi “Tất cả là tại dân”.",Hồng Hà,bbc.com
TRUNG ÚY CÔNG AN DÙNG NH.ỤC H.ÌNH KHIẾN MỘT PHẠM NHÂN T.Ử V.ONG TRONG ĐỒN CÔNG AN,"Trung úy Võ Thành Đạt (Đội thi hành án hình sự, Công an Q.11, TP.HCM) đã bị bắt tạm giam vì tội dùng nh.ục h.ình làm một phạm nhân t.ử v.ong trong đồn công an. Phạm nhân là anh Triệu Quang Bình bị công an quận Bình Thạnh bắt vì tội trộm cắp tài sản. Sau đó được chuyển về côn an quận 11 giam giữ. Trong quá trình giam giữ, Trung úy công an Võ Thành Đạt đã dùng nh.ục hì.nh khiến phạm nhân t.ử v.ong. Tờ báo Thanh Niên đưa tin vắn tắt vụ việc này mà không có nhiều thông tin gì thêm. Chúng ta còn nhớ vụ ông Nguyễn Thanh Chấn nhận bản án chung thân, sau đó bị tù oan hơn 10 năm vì bị ép cung buộc phải nhận tội. Vụ em Đỗ Đăng Dư bị công an đánh ch.ết trong trại giam xảy ra năm 2015. Vụ tù oan sai như Hồ Duy Hải, Nguyễn Văn Trưởng rất nhiều vụ việc khác nữa đã và đang xảy ra. Chuyện ép cung, dùng nhục hình, ch.ết trong đồn công an là việc phổ biến xảy ra ở Việt Nam. Khi công an là “thanh kiếm, lá chắn” bảo vệ đảng và được đảng bảo kê lại, là một “xã hội đen” hoạt động hợp pháp thì những chuyện đánh đập, nh.ục h.ình, ép cung còn tiếp diễn. Chúng ta cần lên án những hành động trái pháp luật, lạm quyền và vô nhân tính của công an trước khi những cái ch.ết khác trong đồn công an lại tiếp tục xảy ra.",Hồng Hà,bbc.com
EM GÁI NHÀ DÌ RUỘT VÀ CHÁU RUỘT VỢ CT NGUYỄN XUÂN PHÚC BỊ BẮT VÌ VỤ GIẢI CỨU,"EM GÁI NHÀ DÌ RUỘT VÀ CHÁU RUỘT VỢ CT NGUYỄN XUÂN PHÚC BỊ BẮT VÌ VỤ GIẢI CỨU Hôm trước bắt cháu ruột vợ Chủ tịch nước Nguyễn Xuân Phúc vì Giải Cứu. Hôm qua thì bắt em con nhà dì ruột vợ Chủ tịch nước. Ôi, chít mất Chủ tịch ơi 😅 Ps: Nguyễn Bạch Thùy Linh - là em nhà dì ruột vợ Chủ tịch Phúc, mẹ bà Linh và mẹ bà Thu là hai chị em ruột. Căng phết",TVĐ,bbc.com
"NẾU MỘT QUAN CHỨC VI PHẠM THÌ ĐÓ LÀ LỖI CỦA HỌ, NHƯNG NẾU NHIỀU QUAN CHỨC VI PHẠM THÌ ĐÓ LÀ LỖI HỆ THỐNG","Ngày 27 Tháng Mười Hai, 2022, báo Tuổi Trẻ đưa tin về hội nghị tổng kết công tác năm 2022 và triển khai nhiệm vụ năm 2023 do Ủy ban Kiểm tra Trung ương tổ chức. Theo đó, năm 2022 đã thi hành kỷ luật Đảng với 38 tổ chức Đảng, 166 đảng viên và đề nghị Ban Chấp hành Trung ương, Bộ Chính trị, Ban Bí thư thi hành kỷ luật 19 tổ chức Đảng, 43 đảng viên. Đó là chưa kể hàng nghìn cán bộ đảng viên bị xử lý khác mà không thuộc diện Trung Ương quản lý. Điều này cho thấy những vi phạm của cán bộ đảng viên diễn ra từ thấp đến cao, không chỉ còn là tham nhũng vặt, quan liêu vặt nữa mà nó đã ở tầm Trung ương rồi. Rõ ràng chứng tỏ tham nhũng, cửa quyền, quan liêu, lợi ích nhóm ở nước ta đã trở thành “Quốc nạn”. Đây là việc mà không thể chỉ quyết tâm của riêng Đảng cộng sản mà có thể giải quyết được, việc này đòi hỏi sự quan tâm của người dân, của xã hội dân sự, của các tổ chức giám sát mới có thể giảm bớt những việc này. Nhưng tiếc rằng, mỗi khi người dân mở miệng lên tiếng vì một vấn đề nào đó đều bị cho là thế lực thù địch, phản động chống phá. Thế nên, nếu không có dân chủ, đa nguyên đa đảng, báo chí tự do, thì vĩnh viễn cuộc chiến chống tham nhũng tiêu cực của đảng cộng sản chỉ là cuộc chiến thanh trừng phe phái mà thôi. Điều đó chỉ giúp duy trì thêm ít năm tháng tồn tại của đảng cộng sản chứ không thể nào quay ngược bánh xe đào thải của lịch sử. Bởi một người vi phạm thì đó là lỗi của họ, nhưng nếu quá nhiều người vi phạm thì đó là lỗi của hệ thống cộng sản. Mà hệ thống lỗi thì chỉ có thể phá bỏ thay thế chứ không thể nào sửa chữa cải tạo.",Hồng Hà,bbc.com
VĂN HÓA RAU GIÁO VIÊN,"Vụ thế này trước kia tôi đã nói một lần rồi trong một bài viết. Tôi đã từng hỏi giáo viên, thực chất thì hầu như trường nào cũng có, có tùy mức độ, hoặc nơi diễn ra, có thể là trong nhà trường hoặc karaoke, nhà hàng hay là.... Nhưng trâu không uống nước thì ai mà ghì đầu được trâu. Giáo viên hiện nay ở cái xứ xhcn thì cũng có nhiều phe nhóm ở một trường, giáo viên phe hiệu trưởng, phe bị đì, phe trung lập và có rất ít phe ch.ống hiệu trưởng. Những cô giáo đi mấy vụ tiếp khách này thì có vài trường hợp cụ thể. + sợ hiệu trưởng. + cùng phe với hiệu trưởng( nịnh nọt, bợ đít). + sợ bị mất thi đua. Chế độ cnxh thích tạo ra những kiểu thi đua, để đồng cấp đua tranh từ đó dễ ganh ghét nhau và quan trọng hơn là mục đích sợ kẻ nắm quyền, từ đó có lợi cho việc cai trị. + thích rượu, bia, ham vui. Điều này cũng đúng vì các cô đa phần còn trẻ. + tìm cơ hội lên chức bà, thay chồng, hoặc đổi gió. Riêng những giáo viên có tự trọng, biết giữ mình, mạnh mẽ trước những yêu cầu sai trái của hiệu trưởng thì chẳng ai làm việc này, cơ bản một tên ma cô cũng rất khó có thể ép một nguời tiếp khách nếu như họ thực sự không muốn. Trong một xh hiện nay, tuy rằng có rất nhiều hạn chế hoặc không có các quyền cơ bản của con người. Nhưng để ép một người đi làm việc như gái bia ôm, mà còn tệ hơn cả gái bia ôm( không có boa) thì điều này là rất khó, trâu làm sao có thể ghì đầu. Tôi không hiểu sao mọi người cứ làm ầm lên, đây vốn là chuyện bình thường của xứ xhcn mà. Thực chất thì nó đã có từ rất lâu, nhưng ở trong phòng kín ấy, nó đã có nâng cấp lên như một quán bia ôm hay còn đột phá hơn bia ôm nữa. Đó là điều ít ai biết. Đừng ai trách ông bộ trưởng GD hiện nay. Vì ông ta không tạo ra nó, mà nó đã có từ lâu. Cái lâu của nó đã nâng tầm lên thành Văn Hóa, và ông ta chỉ là đang duy trì cái Văn Hóa Rau Giáo Viên này thôi.",Tran Ha,bbc.com
Hà Nội: Cán bộ Công an quận Hoàn Kiếm bị đâm gần trụ sở tử vong,"Ngày 23/12, thông tin từ VKSND TP Hà Nội, các cơ quan chức năng đang điều tra vụ án mạng xảy ra gần trụ sở Công an quận Hoàn Kiếm, ở phố Tràng Thi, quận Hoàn Kiếm, Hà Nội. Theo thông tin ban đầu, vụ việc xảy ra vào khoảng 11h cùng ngày. Nạn nhân là một chỉ huy đội nghiệp vụ Công an quận Hoàn Kiếm. Nghi phạm đã dùng một con dao bầu để ra tay. Sau khi gây án, nghi phạm rời hiện trường, vứt hung khí rồi đến trụ sở công an đầu thú. Về phía nạn nhân được đưa đi cấp cứu nhưng không qua khỏi do vết thương quá nặng.",nan,bbc.com
"Thế lực nào chống đỡ cho Bí thư huyện Đông Anh chạy án 5,7 triệu USD"," Thế lực nào chống đỡ cho Bí thư huyện Đông Anh chạy án 5,7 triệu USD Lê Trung Kiên sn 1966, quê ở xã Nguyên Khê, huyện Đông Anh, là con duy nhất trong gia đình có cha là anh hùng Lê Hữu Tựu. Hiện tại, bí thư Kiên đang sở hữu khối tài sản lên đến hơn 1.000 tỷ đồng tại Đông Anh. Giá trị là các BĐS nhờ người khác đứng tên giùm như gần 20 lô đất Khu đấu giá X7 trị giá hơn 300 tỷ đồng, khu sinh thái tiệc cưới Diệp Linh Plaza hơn 500 tỷ đồng, khu đấu giá Nguyên Khê 200 tỷ đồng. . . Sau khi vụ Đấu giá đất ở xã Tiên Dương làm thất thu ngân sách hơn 200 tỷ bị bể. Nhằm thoát tội, Lê Trung Kiên cùng Nguyễn Xuân Linh - Chủ tịch huyện đã nhanh chân mang 5,7 triệu usd đến gặp Chu An Thanh - Trưởng phòng PC03 Hà Nội để chạy án. Tới thời điểm hiện tại, cả vụ án đình đám như vậy nhưng toàn bộ ê kíp Lãnh đạo đều thoát án, thoát tội mà thay vào đó chỉ duy nhất 02 nhân viên quèn bị tốt thí đó là Trần Công Tuyên và Vương Thị Thu Thuỷ. Còn lại từ Phó Giám đốc Ban quản lý dự án cho tới Phó Chủ tịch huyện, Chủ tịch huyện và Bí thư huyện đều trắng án. Đó là kết luận của cơ quan CSĐT PC03 Hà Nội. Tại sao lại như vậy. Xin thưa. Về thân nhân Lê Trung Kiên chúng ta đã quá rõ. Vậy những ai đã chống lưng, bao che cho Bí thư Đông Anh. Chúng ta cần đánh lái sang một chút. Phó Giám đốc Ban quản lý dự án Chử Việt Anh người phụ trách trực tiếp là em trai ruột của đương kim Phó Chủ tịch UBND Thành phố Hà Nội - Chử Xuân Dũng. Mấu chốt vấn đề nó cũng từ đây mà ra. Để leo lên được cái ghế Phó Chủ tịch thành phố như ngày hôm nay, Chử Xuân Dũng đã được cựu Tổng Bí thư Nông Đức Mạnh nâng đỡ một cách trong sáng. Ông Dũng xuất thân từ giáo viên THPT huyện Sóc Sơn, sau đó chuyển sang trường Chu Văn An, tại đây ông Dũng được tiếp cận và dạy học cho cháu của ông Nông Đức Mạnh. Từ đó mối quan hệ ngày một khăng khít răng chắc . . . bền Ngoài mối quan hệ giữa Dũng với gia đình ông Nông Đức Mạnh thì Thượng tá Trần Văn Phúc - Giám đốc CA tỉnh Thái Bình vừa là cọc chèo với Trịnh Ngọc Quyên - Giám đốc CA Bình Dương đều là cháu rể ông Nông Đức Mạnh . Thượng tá Phúc trước khi điều động về làm Giám đốc CA Thái Bình từng giữ chức Cục Phó C03 - BCA và lại quê gốc xã Thuỵ Lâm, huyện Đông Anh. Đó đó, dây cà dây muống như vậy. Chính vì lẽ đó nên Bí thư Lê Trung Kiên nâng khăn sửa túi ""che đậy"" giúp cho Chử Việt Anh - Phó Giám đốc BQL dự án huyện Đông Anh hết mình ở chỗ đó. Không chỉ những vậy. Người ký Quyết định kỷ luật ""MẬT"" của UBKT huyện uỷ là Trần Đình Nam - thông gia với Lê Trung Kiên. Ông Nam từng giữ Phó Chủ tịch UBND huyện phụ trách đất đai, xây dựng giai đoạn 2010-2015. Chính vì vậy nên Lê Trung Kiên một tay che cả bầu trời Đông Anh là vầy. Kể sơ sơ xíu kẻo bà con quên mất vụ Đông Anh ",nan,bbc.com
CÁI DŨNG CỦA NGƯỜI VIẾT SỬ THỜI XƯA & CÁI ĐÊ TIỆN CỦA NGƯỜI VIẾT SỬ THỜI NAY,"Ngày 17/2/1979 cách đây 41 năm, quân Trung Quốc nổ súng tràn vào nước ta, gây bao tội ác. Lịch sử cần phải chép lại cho con cháu đời sau, ngàn đời ghi nhớ. Các bạn hãy xem 2 cách viết sử của người xưa và giáo sư sử học thời nay... ... VIẾT SỬ CỦA NGƯỜI XƯA Thời Xuân Thu Chiến Quốc, tướng quốc nước Tề là Thôi Trữ giết vua Tề là Trang Công. Thôi Trữ ra lệnh cho Thái Sử Bá (quan chép sử) phải viết rằng “Tề Trang Công chết vì bịnh nặng”. Thái sử Bá nói : - “Lịch sử không thể ghi chép hồ đồ, sai sự thật” Thái sử Bá viết : “Thôi Trữ giết vua”. Thôi Trữ yêu cầu Thái sử Bá viết khác đi, nếu không sẽ giết. Thái sử Bá lắc đầu : - “Giết thì giết, không thể viết khác”. Thôi Trữ chém đầu Thái sử Bá. Thôi Trữ gọi Thái sử Trang là em trai Thái sử Bá vào và yêu cầu viết sử theo ý mình. Thái sử Trang đáp: - “Viết sử chỉ sợ viết sai sự thật, chớ không sợ chết”. Thôi Trữ lại chém Thái sử Trang. Thái sử Thúc, em trai Thái sử Trang được gọi vào thay anh, cũng viết như hai anh mình. - “Thôi Trữ giết vua”, lại bị chém. Thái sử Quý, em trai út của ba người trên lại vào và cũng viết “Thôi Trữ giết vua”. Viết xong ông nói với Thôi Trữ - “Ông có thể giết chết Thái sử, nhưng không thể giết được sự thật”. Thôi Trữ nghe xong thở dài không dám giết tiếp. Được tha mạng đi ra, Thái sử Quý gặp Nam sử Thị chạy đến. Nam sử Thị nói : - “Ta nghe nói anh em nhà ngươi đều chết cả. Ta định chạy đến để viết cho đúng sự thật”. Quý đưa cái thẻ chép sử cho Nam sử Thị xem. Nam sử Thị mới chịu cáo từ ra về. .. Đời xưa coi trọng sự thật của sử như vậy, còn đời nay thì như thế nào? Hãy xem Giáo sư sử học Phạm Hồng Tung, chủ biên chương trình Lịch sử trong chương trình giáo dục phổ thông tổng thể, nói về cách viết sử. - “Giới sử học Việt Nam nên bàn bạc với giới sử học Trung Quốc để thống nhất quan điểm nội dung ... rồi mới dạy cho học sinh về những vấn đề có liên quan đến lịch sử Việt-Trung. Còn gì chó má hơn không",nan,bbc.com
"Đảng viên CSVN, đại gia đánh người nhập viện","“Thông tin kia là vu khống, người ta nói thêm nói bớt. Chuyện bé xé to,... CHỈ GẪY CÂY GẬY GOLF VÀ CÔ NHÂN VIÊN CHỈ NGẤT XỈU THÔI MÀ LÀM GÌ DỮ VẬY! Ông ta là Nguyễn Viết Dũng, Đại biểu hội đồng nhân dân tỉnh Quảng Nam. Khi sự việc xảy ra làm dư luận phẫn nộ, lên án hành động dùng cây gậy đánh Golf đánh nhân viên phục vụ phải nhập viện của ông Đảng viên Đại biểu tỉnh Quảng Nam. Ông ta còn xác nhận chuyện đó là có thật. Tuy nhiên ngụy biện rằng, chỉ “khẽ đụng” làm gẫy gậy đã bị “bọn thối mồm với thế lực th.ù đ.ịch” lợi dụng xuyên tạc: “bé xé ra to, vớ vẩn.” Dư luận đòi hỏi công an phải vào cuộc xử lý hành động d.ã m.an vô nhân tính của ông Đại biểu Dũng và truy tố ra tòa án hình sự.",nan,bbc.com
"[CHẾ ĐỘ NÀO, NGƯỜI VIỆT ĐÓ]","Khi phân tích về con người, một trong những sai lầm hàng đầu là chỉ nhìn từ góc độ văn hoá và địa lý rồi bỏ quên yếu tố thể chế. Con người khi sinh ra thì ai cũng như ai. Theo thời gian thì họ biến đổi theo môi trường sống. Người Việt hay bất cứ dân tộc nào cũng vậy, đều xuất phát từ con số không rồi dần dần trở thành những kết quả bởi những yếu tố ảnh hưởng. Khi nhìn đất nước và dân chúng hiện nay, quá dễ để đổ thừa tất cả những vấn đề lên những con người sinh sống. Vì họ hữu hình, ai cũng có thể trông thấy được. Cho nên khi ai đó nhận xét “Người Việt thế này, người Việt thế nọ” thì rất khó để nói khác. Nhưng đó chính là vấn đề. Chúng ta chỉ nhìn người Việt trong nước dưới thể chế hiện tại và quên rằng có nhiều “phiên bản” của người Việt khác đang tồn tại trên thế giới đã 44 năm kể từ khi cuộc chiến chấm dứt. Hãy làm chút so sánh nhé. NGƯỜI VIỆT Ở CHXHCNVN 1. Thu nhập/năm: $2,500. 2. Tài sản: $18,000. 3. Tuổi thọ: 76 năm. 4. Dân trí: thấp. 5. Tính tình: “tẩy não.” NGƯỜI VIỆT Ở NGA 1. Thu nhập/năm: $7,000. 2. Tài sản: $10,000. 3. Tuổi thọ: 71 năm. 4. Dân trí: chưa cao. 5. Tính tình: ""Bắc Kỳ"" (ở đây không nói tốt hay xấu). NGƯỜI VIỆT Ở MỸ 1. Thu nhập/năm: $60,000 (Cao hơn mức bình quân). 2. Tài sản: $187,000. 3. Tuổi thọ: 78 năm. 4. Dân trí: cao. 5. Tính tình: “tự tin.” NGƯỜI VIỆT Ở ĐỨC (CHÂU ÂU) 1. Thu nhập/năm: $49,000. 2. Tài sản: $70,000. 3. Tuổi thọ: 80 năm. 4. Dân trí: cao. 5. Tính tình: “ổn định.” NGƯỜI VIỆT Ở AUSTRALIA 1. Thu nhập/năm: $50,000. 2. Tài sản: $190,000. 3. Tuổi thọ: 82 năm. 4. Dân trí: cao. 5. Tính tình: “vui tính.” NGƯỜI VIỆT Ở NHẬT 1. Thu nhập/năm: $40,000. 2. Tài sản: $100,000. 3. Tuổi thọ: 83 năm. 4. Dân trí: trên trung bình. 5. Tính tình: “cần cù.” Không phải ai cũng vậy, nhưng nếu so sánh mức bình quân thì sự khác biệt quá chênh lệch. Hơn bốn thập niên kể từ ngày đen tối của tháng tư kia xảy ra, người Việt đã xây dựng những cộng đồng ở khắp nơi. Con cháu của họ, những thế hệ Việt Kiều 2.0, hiện tại đang trở thành số đông thay thế những cha mẹ của mình. Tuy số liệu chỉ mang tính chất tương đối và khó chính xác, nhưng có thể dùng để so sánh. Tại sao một người Việt ở trong nước chỉ có thể kiếm được $2,500 mỗi năm và có lượng tài sản chỉ tầm $18,000. Đó là con số hơi cao, đa số người dân hiện nay là nông dân cho nên giá trị thấp hơn rất nhiều. Trong khi đó, khác với những đồng bào ở trong nước, người Việt sinh sống ở các quốc gia khác lại thành công tương đương với người bản xứ hoặc hơn. Ở Mỹ, một người Mỹ gốc Việt có thu nhập bình quân $60,000/năm, hơn mức trung bình toàn nước. Ở Châu Âu thì một người Việt bình thường có tuổi thọ 80 năm với tài sản trung bình là $70,000 hoặc hơn. Người Việt ở Nga, Nhật, Hàn, Anh, Canada hay bất cứ nơi đâu đều tìm thấy thành công và xây dựng cho mình một cuộc sống tốt đẹp. Nhưng họ không có được những điều đó khi ở trong nước. Vậy sự khác biệt là gì? Có phải vì người trong nước lười biếng, còn người ngoài nước siêng năng? Khó thuyết phục trong khi một công nhân ở Âu hay Mỹ chỉ làm trung bình 40 giờ, còn trong nước thì dù tăng ca 6 ngày một tuần cũng không đủ ăn. Nếu người dân trong nước bị miêu tả là thụ động thì tại sao khi ra nước khác họ lại chủ động. Vì CNXH kìm chế họ hay vì kinh tế tư bản đã thúc đẩy nghị lực con người. Tại sao cùng một dân tộc, nói cùng thứ tiếng, cùng màu da và cùng văn hoá nhưng kết quả lại khác. Nếu không phải là cơ chế thì là gì. Thật khó để suy nghĩ khác nguyên nhân nào khác. Cho nên đừng nói với tôi là người Việt thế này, người Việt thế họ. Vì chế độ nào, người Việt đó",Cafe Ku Búa,bbc.com
"[NHÌN QUỐC HỘI, ĐOÁN CƠ CHẾ – ĐA NGUYÊN CHÍNH TRỊ]","[NHÌN QUỐC HỘI, ĐOÁN CƠ CHẾ – ĐA NGUYÊN CHÍNH TRỊ] Bạn có thể biết nhiều thứ về cơ chế chính trị một quốc gia bằng cách nhìn quốc hội của họ. Sau đây là vài ví dụ. Mỹ – Hạ Viện cũng như Thượng Viện, được thống trị bởi hai Đảng Dân Chủ và Cộng Hòa. Cơ chế lưỡng đảng của Mỹ dẫn đến sự tập trung, phân cực chính trị và rất khó để đảng thứ ba chen chân vào. UK – Hệ thống Westminster dẫn đến sự đa dạng trong đảng phái ở quốc hội. Cách thiết lập là một bên cầm quyền còn bên còn lại là đối lập. Australia – Hệ thống Westminster tương tự như Anh Quốc. Úc có sự đa dạng về tư tưởng cũng như đảng phái trong quốc hội nên ít phân cực. France – Pháp có sự phong phú về lập trường tư tưởng chính trị, bạn có thể thấy điều này bằng cách nhìn quốc hội. Không đảng nào nắm toàn quyền mà phải làm việc với nhau. Germany – Như Pháp, Đức có sự phong phú. Muốn thiết lập chính quyền thì phải có liên minh. Các đảng nhỏ luôn có tiếng nói vì đóng vai trò quyết định khi bỏ phiếu. Italy – Ý thì đa dạng hơn, không ai nắm đa số hay toàn quyền mà phải lập liên minh. Cho nên lập trường chính trị đa dạng. Hàn Quốc – Quốc hội được thống trị bởi hai đảng lớn nhất với số nhỏ lẻ bị lu mờ nhưng vẫn quan trọng. Taiwan – Quốc Dân Đảng và Dân Chủ Tiến bộ thống trị quốc hội hay thường thay phiên nhau cầm quyền. Các đảng nhỏ dù không cầm quyền nhưng luôn quan trọng. Việt Nam – Chỉ có một đảng. Tuy có vài thành viên độc lập nhưng chỉ là con rối. Từ tấm ảnh chúng ta có thể thấy rằng các quốc gia văn minh luôn có sự đa nguyên về tư tưởng. Đó là bí quyết của thịnh vượng. Khi quyền lực bị tập trung quá nhiều thì sẽ dẫn đến nạn phân cực và lạm quyền. Mục đích không phải là chọn phe hay đội như thể thao rồi trung thành mù quáng mà phải luôn giám sát để cải tiến. [23.10.2020]",Cafe Ku Búa,bbc.com
TỰ DO BÁO CHÍ – Đâu là hướng đi cho tự do thông tin ở Việt Nam?,"Sẽ là buồn cười nếu tôi bắt đầu cho bài viết về báo chí – thông tin ở Việt Nam trong ngày WORLD PRESS FREEDOM DAY bằng những chỉ trích hay bình luận về thực trạng tự do báo chí mà chúng ta đang phải đối mặt. Nhưng lại sẽ là sai sự thực, nếu chúng ta phủ nhận quan điểm này. Xét trên khía cạnh lịch sử, nền báo chí Việt Nam hình thành từ khá sớm và đặc biệt ban đầu đóng vai trò như một công cụ quảng bá chữ Quốc ngữ. Tờ báo đầu tiên “Gia Định báo” ra đời năm 1865 bằng chữ Quốc ngữ, là một cuộc cách mạng về truyền thông, mở đường cho các tờ báo tư nhân, quốc doanh nối tiếp ra đời bàn về đủ mọi nội dung từ kinh tế, chính trị, các vấn đề xã hội, có khi viết cả bằng chữ Nôm, chữ Hán hay cùng lúc song, tam ngữ… Dù đã từng bị kìm kẹp và hạn chế dưới thời thực dân-phong kiến, đã từng trở thành công cụ truyền bá tư tưởng, lừa mị dân chúng của chính quyền thực dân; nhưng có lẽ, chưa có một giai đoạn nào, nền báo chí Việt Nam lại lâm vào một tình trạng tiến thoái lưỡng nan và gặp nhiều thử thách như bây giờ. Theo chính quan điểm của chủ nghĩa Marx – Lenin, báo cơ bản có 5 vai trò:[1] - Vai trò thông tin - Vai trò giáo dục tư tưởng, cổ vũ hành động - Vai trò khai sáng và giải trí - Vai trò giám sát và phản biện xã hội - Vai trò phục vụ kinh tế và quảng cáo Trên những cơ sở sở đó, khi còn tham gia hoạt động cách mạng, chủ tịch Hồ Chí Minh đã từng lên án gay gắt sự kiểm duyệt của chính quyền thực dân đối với hoạt động báo chí Việt Nam. Báo chí lúc này do chính quyền Pháp ở Đông Dương quản lý và kiểm duyệt. Chính quyền này đã cấm ngặt những tờ báo đả động đến chuyện chính trị hoặc có liên quan đến chính trị “Trước khi đưa đi nhà in, tất cả các bài báo phải dịch ra tiếng Pháp và đưa kiểm duyệt. Cấm ngặt những tờ thông tin ấy không được đả động gì đến những vấn đề chính trị hay tôn giáo, mà chỉ được đăng những tin tức thông thường, những vấn đề xét ra có lợi cho Nhà nước”[2]. Nó cũng áp dụng chế độ kiểm duyệt báo chí gay gắt. Không phải chỉ là vấn đề chính trị mà ngay cả những chuyện kinh tế, những sinh hoạt hàng ngày cũng bị theo dõi và kiểm duyệt gắt gao: “Các bạn chớ tưởng rằng mấy tờ báo thông tin khốn khổ ấy được tự do phân tích tất cả những cái thuộc về kinh tế. Chẳng hạn, họ không được nói đến đời sống đắt đỏ, đến việc mất mùa, đến việc buôn gian bán lận của bọn con buôn người Âu, đến việc xoay xở tiền nong bất lương của bọn quan cai trị, đến những vụ đầu cơ đê tiện của bọn chủ đồn điền và chủ nhà máy người da trắng” [2]. Sau khi hòa bình, độc lập, báo chí Việt Nam tưởng chừng như sẽ thay đổi một bộ mặt mới, diện mạo mới. Những tờ Nhân văn, Giai phẩm (1955-1958) được những trí thức cấp tiến yêu nước lập nên với một xu hướng chính trị, đòi tự do dân chủ, lời lẽ phản biện khá gay gắt và thẳng thắn. Những gương mặt lớn như Phan Khôi, Trần Dần, Văn Cao, Đặng Văn Ngữ, Đào Duy Anh, Nguyễn Đình Thi, Trần Đức Thảo, Nguyễn Tuân,… đều góp mặt với tư cách là những nhà phản biện xã hội với ý thức trách nhiệm rất cao. Đi ngược lại phong trào đó, sắc lệnh số 282/SL ngày 14-12-1956 do chính chủ tịch Hồ Chí Minh ký đã dập tắt phong trào với sự trừng phạt thẳng tay đối với những nhà phản biện – những chí sĩ yêu nước tham gia phong trào này. [3] Kể từ đó đến nay, không có thêm một tờ báo tư nhân nào được ra đời nữa. Nền báo chí Việt Nam có lẽ bắt đầu một ngã rẽ mới kể từ ngày đó. Nếu như vai trò thông tin kịp thời và chính xác là một vai trò tất yếu và đặc biệt quan trọng của báo chí, thì những vấn đề như việc mất quần đảo Hoàng Sa (1974-1988), và sự đe dọa về việc mất Trường Sa diễn ra không rõ từ bao giờ trong quá khứ, thì đến tận ngày hôm nay, thế kỉ 21, những năm 2000s, người Việt Nam mới ngỡ ngàng trên mặt báo những tin tức kiểu “Để không giật mình” [4] hay “Bi hài sinh viên Việt: 'TQ gọi Trường Sa, Hoàng Sa là... đảo lưỡi bò'!” [5] và cả “Sinh viên VN không biết tàu gì của Trung Quốc lởn vởn ngoài khơi!?” nay link đã bị xóa. Đọc những tin ấy, người ta không khỏi giật mình, vậy báo chí đã làm cái gì suốt 40 năm qua? Để nên nỗi người dân giật mình thon thót về quá khứ xa xôi đến thế? Và cớ làm sao lại ngày càng có nhiều hiện tượng sau vài tiếng đăng bài, tòa báo lập tức rút bài xuống, mà không có một đính chính hay xin lỗi gì đến độc giả? Nếu như vai trò cổ vũ hành động và định hướng tư duy của báo chí, cũng được khẳng định bởi chủ nghĩa Marx-Lenin, thì nay khi người dân đi khiếu kiện tập thể để đòi lại công bằng cho bản thân, thì báo chí hùa nhau, bảo họ gây mất mỹ quan, làm xấu hình ảnh thủ đô. Người dân đi biểu tình phản đối Trung Quốc gây hấn trên biển Đông, cắt cáp tàu Việt Nam, thì báo chí hùa nhau, gọi đó là hành động được trả tiền, được giật dây bởi một cá nhân hay tổ chức “thế lực thù địch” nào đó mà không ai có thể chỉ rõ là thế lực thù địch nào. Nếu ác miệng, người ta có thể gọi là “chó cắn ma” theo tục ngữ của các cụ ta ngày xưa. Nếu như vai trò của báo chí bao gồm giải trí và khai sáng, tôi xin nhấn mạnh KHAI SÁNG, thì nay nhan nhản trên hàng trăm tờ báo-Đảng là các tin lộ ngực, lộ hàng, hiếp dâm, gây sốc, nóng bỏng, hót, xì căng đan.... của các ngôi sao-nghệ sí mới nổi nào đó. Tìm mỏi mắt mới ra một tin có hàm lượng tri thức đủ cao để đọc xong người đọc có thể nhíu mày trầm ngâm gật gù một chút. Cũng xin bới móc cùng quí độc giả, chuyên mục gây “nhíu mày nhăn trán”, trầm ngâm nhiều nhất cho tôi ấy là mục “Trò chuyện Triết học” do học giả Bùi Văn Nam Sơn phụ trách trên SGTT, đã bị đỏng cửa một cách đột ngột mà tin đồn rằng đó là kết quả của một câu nói bâng quơ từ một ông lớn ghét triết nào đó “Báo tiếp thị thì bàn gì đến chuyện triết học”. Hẳn vị này phải tư duy biện chứng lắm, mới nhận ra được sức mạnh của triết học và ra cái lệnh cấm kì khôi này. Có lẽ báo chí của ta đã và chỉ làm rất tốt vai trò quan trọng đối với sự phát triển và quảng bá thương hiệu và thúc đẩy kinh tế thông qua quảng cáo. Vậy còn những khía cạnh kinh tế khác? Có bao giờ bạn ngỡ ngàng và lúng túng khi gặp tin về thao túng trị trường vàng vừa được báo đăng sáng nay, đến chiều bỗng có ti vi công kích lại, hoặc là nhà nào đó đã gặp cảnh dở mếu dở cười khi vừa hôm trước báo nói giá đô la có khả năng hạ nhanh, vội vã bán ra, rồi tuần sau tiếc đứt ruột vì đô tăng chứ chẳng hạ. Hay nhà nông đổ xô nhổ cây này trồng cây kia hoặc thay vì trồng trọt thì nuôi đỉa hoặc nuôi rùa tai đỏ, để đến mức gây hại cho sinh thái và mùa màng. Báo chí Việt giờ đây giống như một tấm lưới bẫy người nhiều hơn là chức năng ma trận thông tin, góp phần làm phong phú thông tin và cập nhật cho người đọc xu hướng thời đại và cách phân tích, tiếp cận mới chất lượng và đúng đắn. Nếu như ai đó đã quen tai với “Tam quyền phân lập” thì hẳn sẽ thích thú với sức mạnh của QUYỀN LỰC THỨ TƯ – Quyền lực của truyền thông và báo chí, và, hẳn người đó lại sẽ cay cú với sự hèn kém và ác độc không thể hơn của báo chí Việt Nam. Quyền lực thứ tư mạnh, vì nó phản biện xã hội, và bảo vệ lẽ phải, cũng như bảo vệ quyền được lên tiếng như là sinh mạng của nó. Nhưng Quyền lực thứ tư ở Việt Nam lại sẵn sàng sa thải một nhà báo, một phóng viên hay chấp nhận để một đồng nghiệp bị bỏ tù vì dám phản biện ông Tổng Bí thư, dám phân tích sâu về bản chất một hiện tượng lũng đoạn thị trường nhà đất/vàng, dám chụp ảnh ghi hình công an ăn hối lộ... Tôi còn nhớ khi bé, tôi đã rất thích thú khi được đọc những loạt phóng sự điều tra trên An ninh thế giới; hoặc hâm mộ anh chàng nhà báo Tintin dù đó chỉ là một nhân vật hoạt hình, nhưng với lòng dũng cảm, dám xả thân để tìm đến công bằng và chân lý, đó sẽ mãi mãi là một hình ảnh đẹp về nhà báo trong lòng bất kì ai từng đọc và theo dõi những cuộc phiêu lưu Tintin. Nước ta, cũng như các nước độc tài/đảng trị khác, không tồn tại cả ba thứ quyền lực đầu [6], nữa là đòi hỏi đến một thứ quyền lực thứ tư, cho các anh nhà báo. Nhưng ở phương tây, khi internet và mạng xã hội ra đời, nó đã trở thành thứ QUYỀN LỰC THỨ NĂM, hỗ trợ cho sức mạnh của báo chí và như một dịch sởi bùng phát (mượn chữ của Fukuzawa trong Thoát Á Luận), không gì có thể ngăn cản được sức mạnh và sự lan truyền của nó. Với công cụ mới này, ai ai cũng có thể trở thành một phóng viên, một nhà báo nếu họ muốn. Vậy bây giờ, chúng ta phải làm gì? Làm gì cho sự tự do thông tin, tự do báo chí của mình, và làm gì cho nền báo chí nước nhà đang bị trói chân trói tay, che tai, che mắt, bịt miệng? Câu trả lời là sự lựa chọn của mỗi người. Bạn có quyền tiếp cận với thông tin tự do, nếu bạn muốn, và bạn có quyền từ chối nó. Bạn có quyền viết ra những điều bạn cho là phải và quảng bá nó như một sự kích thích truyền thông, bạn cũng có quyền phản biện, đả kích một luồng thông tin mà bạn cho là lệch lạc. Xã hội ngày nay, đòi hỏi con người phải nhạy bén và tinh ý để phân biệt thông tin và lựa chọn chỗ đứng cho mình trong cái mạng lưới chằng chịt của nó. Báo chí là công cụ của chính trị? Không sai, nhưng nó không phải là nô lệ của chính trị. Miến Điện, một nước độc tài năm ngoái, nay đã cởi trói, giải phóng cho truyền thông - báo chí của họ. Nhưng báo chí chính thống Việt Nam thì vẫn đang là cái loa cho chính trị, nó đã đánh mất đi cây quyền trượng của mình, và không còn khả năng phản biện xã hội nữa. Giờ đây, cây quyền trượng đó nằm trong tay các bạn, xây dựng một nền báo chí – thông tin tự do mới, hay vẫn nương vào bóng của báo chí chính thống?",TKN,bbc.com
BỘ CÔNG AN DOẠ XỬ LÝ “CÁC ĐỐI TƯỢNG TUNG TIN KÍCH ĐỘNG” NGƯỜI DÂN RÚT TIỀN KHỎI NGÂN HÀNG SCB,"BỘ CÔNG AN DOẠ XỬ LÝ “CÁC ĐỐI TƯỢNG TUNG TIN KÍCH ĐỘNG” NGƯỜI DÂN RÚT TIỀN KHỎI NGÂN HÀNG SCB Trong nhiều ngày gần đây, nhiều người dân tại nhiều nơi trên cả nước mua trái phiếu của ngân hàng SCB đã đến ngân hàng yêu cầu lấy lại tiền nhưng chưa được giải quyết. Có người gửi từ vài chục vài trăm triệu, đến có người gửi đến vài chục tỷ đồng. Trước nguy cơ mất trắng và không biết bao giờ lấy lại được tiền. Từ đó, người dân bức xúc, tập trung lại yêu cầu ngân hàng trả lại tiền nhưng không được, nên đã có tình trạng tranh cãi xảy ra. Nhiều video được quay lại và đưa lên mạng xã hội cho thấy có sự có mặt của phía công an nhưng công an đã làm ngơ, bỏ mặc người dân và phía ngân hàng xô xát với nhau. Có trường hợp người dân đi đòi tiền còn bị nhân viên phía ngân hàng SCB hành hung lại. Tại nhiều nơi, phía công an mặc sắc phục lẫn thường phục, kết hợp với nhân viên ngân hàng còn trấn áp, kéo lê, bắt những người dân đòi tiền ngân hàng SCB lên xe bus. Hành động này từ phía công an là hành động làm ngơ, bảo kê cho ngân hàng, bỏ mặc số phận, tiền của của người dân gửi tiết kiệm tại Ngân hàng SCB. Trên công thông tin Bộ Công An Việt Nam đưa tin, sau đó được một số tờ báo trong nước trích dẫn lại. Bộ Công An sẽ xử lý nghiêm các đối tượng tung tin thất thiệt, kích động người dân rút tiền ồ ạt tại Ngân hàng Thương mại cổ phần Sài Gòn (SCB). Nhưng Bộ Công An “lập lờ đánh lận con đen” không nói rõ thế nào là tiền người gửi tiết kiệm khác với người dân mua trái phiếu của Ngân hàng SCB. Bộ Công An còn tuyên bố đe dọa người dân là sẽ xử lý các đối tượng kích động người dân rút tiền tại ngân hàng SCB. Hành động này liệu có xứng đáng với khẩu hiệu luôn tuyên truyền của Bộ Công An là: “Vì Nhân Dân Phục Vụ”?",Hồng Hà,bbc.com
PHÁP LUẬT VIỆT NAM RẤT KHOAN HỒNG VỚI QUAN CHỨC,"Trong vụ án gây thiệt hại 3,8 triệu USD liên quan tới công ty Dược Cửu Long đang được đưa ra xét xử mấy ngày qua. Hôm nay, 22 Tháng Mười Một, 2022, VKSND TP.Hà Nội đề nghị tòa phạt ông Cao Minh Quang từ 30 – 36 tháng tù cho hưởng treo về tội ""Thiếu trách nhiệm gây hậu quả nghiêm trọng"". Theo đại diện VKS, tất cả những bị cáo này không có tình tiết tăng nặng và có nhiều tình tiết giảm nhẹ như có bằng khen giấy khen trong lĩnh vực Y tế, có thâm niên sinh hoạt đảng, có chứng nhận y tế về sức khoẻ yếu (cái này bị cáo làm trong ngành Y tế thì chạy phát một là có chứng nhận)... nên xem xét cho bị cáo được hưởng án treo để thể hiện tính nhân văn của pháp luật. Lại nhớ đến vụ án ngày hôm qua báo Tuổi trẻ đưa tin, ông Trần Văn Bình là Chủ tịch UBND thị trấn Hợp Châu (huyện Tam Đảo, tỉnh Vĩnh Phúc) bị Toà án Huyện Tam Đảo tuyên án cũng về tội ""Thiếu trách nhiệm gây hậu quả nghiêm trọng"" bị phạt 12 tháng cải tạo không giam giữ. Hiện nay dù bị tuyên án hình sự nhưng ông Bình vẫn tham gia điều hành, chỉ đạo, ký nhiều văn bản về hành chính. Vâng, pháp luật rất nhân văn, rất khoan hồng, nhưng mà đấy là với quan chức thôi, chứ làm gì có chuyện khoan hồng với dân đen. Dân đói quá chỉ ăn trộm ổ bánh mỳ thôi cũng đi 3 năm tù, bắt trộm con vịt cũng đi 7 năm, còn mấy vị ăn tới 3,8 triệu USD (~gần 100 tỷ đồng) thì lại hưởng án…treo. Thật nực cười.",Hồng Hà,bbc.com
"Gia đình có 10 anh em tham giá kháng chiến chống mỹ, 1 MVANH, 2 liệt sỹ giờ phải ở vỉa hè bán vé số","Facebooker Dan Huynh có tên thật là Huỳnh Văn Dần chia sẻ: “Nhà tôi có 10 anh em ruột đều tham gia kháng chiến chống Mỹ cứu nước, có 10 huân chương kháng chiến chống Mỹ, 1 mẹ Việt Nam Anh Hùng, 2 liệt sỹ, mà mẹ ra đi lại không có nơi để thờ mà phải ra vỉa hè ở thế này đây”. Được biết ông Dần là thương binh 4/4, từng là một du kích nổi tiếng ở Vĩnh Thuận thời đánh Mỹ với bí danh Mười Dần. Đó là chuyện xưa. Còn giờ, mỗi sáng, ông dạo một vòng qua Rạch Giá với cọc vé số. Sức già đâu tranh nổi đám trẻ. Bởi vậy, ngày nào cứ 3 giờ chiều ông cũng đều phải trả lại đại lý hơn phân nửa. Đến nỗi mất vốn như cơm bữa, bạn bè lại góp vốn giúp ông bán lại. Ngay đợt COVID-19, coi như ông phải bỏ luôn nghề. Nhọc nhằn với cái chòi tạm bợ bán cà phê và nón bảo hiểm. Thỉnh thoảng, đồng đội cũ ghé thăm cho ông 1-200.000 đồng mua gạo đắp đổi. Ông Dần đã nhiều lần viết đơn xin căn nhà hay miếng đất nhỏ. Nhưng ở cái Rạch Giá đắt đỏ này, không ai dám quyết cho ông cả. Họ nhận đơn, rồi cứ nói sẽ nghiên cứu để đó, vậy mà cũng bẵng mấy năm rồi. Trong khi đó, có rất nhiều người có liên quan tới nhà quan chức thì được hỗ trợ chính sách một cách nhanh chóng. Ông Dần than thở “Có ai biết nỗi khổ của người quyết tử cho tổ quốc quyết sinh, giành độc lập tự do cho đất nước mà cuối cùng phải cảnh không nhà cửa, cả trăm triệu kilomet vuông đất Việt Nam thì tôi không có được lấy 1 tất đất. Theo cách mạng thành công rồi mấy đời còn khổ hơn lúc xưa nữa”.",Hồng Hà,bbc.com
NGƯỜI TRUNG QUỐC SỞ HỮU 162.000 HECTA ĐẤT TRÊN TOÀN CÕI VIỆT NAM,"Ngày 11 Tháng Mười Một, 2021, Bộ trưởng Bộ Kế hoạch - Đầu tư Nguyễn Chí Dũng 'xin khất’ trả lời về 162.000 ha đất người Trung Quốc sở hữu. Trong đó, có 63.000 ha là đất biên giới và ven biển. Cho đến nay đã tròn 1 năm mà vẫn chưa thấy bộ trưởng trả lời về việc này. Hiện nay, Chính Phủ Việt Nam đang đánh bất động sản liên tục, luật đất đai cũng đang trong quá trình sửa đổi. Liệu sắp tới có dám đụng tới việc xử lý những BĐS do người Trung quốc sở hữu trên đất nước Việt Nam ta hay không? Người Trung Quốc sở hữu 162000 ha đất tức là 1620km2 bằng diện tích tỉnh Hậu Giang của Việt Nam, bằng cả Singapore và Hongkong cộng lại như vậy có ảnh hưởng an ninh quốc gia không? Rồi gây ra ảnh hưởng thì ông Bộ trưởng có chịu trách nhiệm hay là đến nhiệm kỳ của ông khác thì ông khác trả lời.",Hồng Hà,bbc.com
"BÀ NGUYỄN THỊ THANH NHÀN BỊ PHONG TỎA HƠN 4 TRIỆU USD, 2 BIỆT THỰ VÀ 6 CHUNG CƯ","Bà Nguyễn Thị Thanh Nhàn, cựu chủ tịch công ty AIC, bị Bộ Công An Việt Nam kê biên hai biệt thự, sáu căn chung cư tại Hà Nội và phong tỏa 107.3 tỷ đồng ($4.3 triệu) trong bốn tài khoản ngân hàng của công ty AIC. Hôm 13 Tháng Mười Một, bà Nhàn bị truy tố hai tội danh “đưa hối lộ” và “vi phạm quy định về đấu thầu gây hậu quả nghiêm trọng.” Trong lúc bà Nhàn trốn khỏi Việt Nam, Cơ Quan Điều Tra Bộ Công An Việt Nam đã tiến hành kê biên hai căn biệt thự của bà và 6 chung cư. Ngoài ra, cơ quan điều tra còn kê biên thửa đất rộng 4,000 mét vuông tại phường Xuân Đỉnh, quận Bắc Từ Liêm, Hà Nội, đã được cấp “sổ đỏ” cho công ty AIC. Bà Nhàn, 53 tuổi, được cho là “có quan hệ mật thiết” với Thủ Tướng CSVN Phạm Minh Chính từ thời ông này còn làm bí thư tỉnh Quảng Ninh.",Diễm Quỳnh,bbc.com
Chỉ biết còn Đảng thì còn mình - Lời căn dặn của cố Tổng bí thư Lê Duẩn dành cho lực lượng Công an Nhân dân.,"Chỉ biết còn Đảng thì còn mình - Lời căn dặn của cố Tổng bí thư Lê Duẩn dành cho lực lượng Công an Nhân dân. Lục tìm trong vốn từ vựng, chẳng thấy từ nào chuẩn hơn nên xin được mượn chữ của cố Tổng bí thư Lê Duẩn để đặt tên bài viết, nêu được phần nào nhiệm vụ của lực lượng Công an nhân dân (CAND) qua các thời kỳ. Đó là câu trong bài phát biểu của vị cố Tổng bí thư đáng kính tại Hội nghị Công an toàn quốc lần thứ 13, năm 1959, nguyên văn là: ""Công an là vũ khí sắc bén, là trụ cột của Đảng, Đảng giao cho Công an nhiệm vụ bảo vệ Đảng. Công an phải thấy Đảng giao vận mệnh của Đảng cho mình. Vì vậy, Đảng lựa chọn Công an trong những người trung thành nhất với Đảng, những người chỉ biết sống chết với Đảng, chỉ biết còn Đảng thì còn mình"". Đoạn văn tuy ngắn nhưng hàm nghĩa rộng lớn, sâu xa. Không nên hiểu nhiệm vụ của Công an chỉ là bảo vệ Đảng mà phải hiểu sâu sắc rằng, bảo vệ Đảng cũng chính là bảo vệ chính quyền, Cách mạng, bảo vệ Tổ quốc và bình yên cuộc sống của nhân dân!",nan,bbc.com
"THÌ RA, ĐÓ LÀ LỖI CỦA DÂN!","Vụ khó khăn cung cấp xăng dầu trong nước đang xuất hiện lời hỏi dồn với Bộ trưởng Công thương Nguyễn Hồng Diên, rằng tại sao? Ai là nguyên nhân? Vấn đề ở đâu? Ngày 5-11, Bộ Công Thương cho biết Bộ trưởng Nguyễn Hồng Diên đã ký ban hành Chỉ thị số 09/CT-BCT về việc tăng cường kiểm tra, xử lý vi phạm trong kinh doanh xăng dầu. Chỉ thị nêu rõ trong thời gian vừa qua, có hiện tượng một số doanh nghiệp kinh doanh bán lẻ xăng dầu tại một số địa phương đóng cửa, tạm ngừng kinh doanh hoặc bán hàng với số lượng hạn chế, tạo ra ảnh hưởng nhất định đến tâm lý, đời sống sinh hoạt của người dân cũng như nhu cầu sản xuất, kinh doanh của các tổ chức, doanh nghiệp. Trong đó, có chi tiết ông Diên yêu cầu xử lý nghiêm “hành vi bán xăng dầu qua các cột bơm mini, trụ bơm lắc tay, qua thùng, can, chai và các dụng cụ chứa đựng khác” trong đời sống đô thị. Nhưng câu hỏi đặt ra là, vậy chuyện cách phân phối nhỏ cho người dân qua các phương tiện phổ thông, có là phạm pháp không, nhất là khi nguồn mua chỉ có thể lấy từ Bộ Công thương? Cách ứng xử của ông Diên, làm gợi nhớ những chuyện không quá lâu. Hồi tháng 11 năm 2016, có vụ xả lũ bất ngờ từ thuỷ điện An Khê - Ka Nak, tỉnh Gia Lai. Dân ở các vùng Phú Thiện, Ayun Pa, Krông Pa... kể rằng, vào hơn 9 giờ tối, tin nhắn báo gấp vài tiếng nữa sẽ có xả lũ, được gửi vào điện thoại của dân chúng trong vùng, và yêu cầu ai nấy tự lo chuẩn bị chạy nạn gấp. 9 giờ đêm ở rừng núi. Bảo là chạy nhưng chạy đi đâu? Bao nhiêu người già trẻ nhỏ và vật nuôi nheo nhóc, làm sao để chạy? Khổ nỗi dân chúng trong những khu vực đó đa số là những người sắc tộc thiểu số, nhiều người không còn nhìn điện thoại trong giờ đó, và cũng có nhiều gia đình đã an giấc để chuẩn bị cho buổi làm việc sớm ngày mai. Các chùa và nhà thờ trong vùng nhận được tin thì hối hả đánh chuông, đánh kẻng và cho người chạy đi khắp các làng xã để hô hoán chuẩn bị chạy nạn. Nhưng chính nhà thờ và chùa cũng là nơi bị chìm trong biển nước sau đó, cũng không biết chạy về đâu. Vì dân cư mật độ sống rải rác nên việc thông báo đầy đủ cho tất cả mọi người rất khó khăn, kết quả là khi nhà máy thủy điện An Khê xả lũ kèm với mực nước dâng cao của đợt mưa lớn năm đó, ảnh hưởng đến tận cả Phú Yên, thiệt hại về người và của không biết bao nhiêu mà kể. Nhưng rồi chẳng có đền bù hay một lời xin lỗi nào. Về sau, khi thị sát và làm báo cáo lại tình hình, thì các quan chức có trách nhiệm đổ lỗi là do người dân không chịu xem tin điện thoại, và sống cách biệt với xóm làng cho nên không nghe thông báo được. Lỗi chính là do chạy không kịp. Hôm nay đọc tin của Bộ trưởng Nguyễn Hồng Diên về chuyện nghiêm cấm việc mua xăng bằng can, thùng, chai... mới hiểu là những lúc khốn cùng, tội lỗi vẫn luôn thuộc về nhân dân. Có nghĩa rằng việc thiếu thốn nguồn cung xăng trong đất nước này được xác định rõ là có phần của người dân đi mua xăng bằng những trữ liệu tự do, chứ không phải gắn liền kề cùng động cơ. Làm dịch vụ độc quyền thu lợi nhưng cung cấp tồi, logistics (hậu cần) tồi, lại đổ lỗi cho người dân về nhu cầu mua và phương thức mua, chỉ là loại suy nghĩ của kiểu lãnh đạo thời mông muội. ",Tuấn Khanh,bbc.com
CÚ LỪA NGOẠN MỤC CỦA NGÂN HÀNG SCB,"Suốt từ hôm qua đến hôm nay, nhiều người dân đã đến trước hội sở ngân hàng SCB tại TP.HCM để bày tỏ sự phẫn nộ của mình. Khi dân đem tiền vô SCB gửi thì được nhân viên ngân hàng tư vấn mua trái phiếu với lãi suất 9,5%/ năm trong khi ngân hàng là 8%. Trái phiếu ở đây an toàn khi nào muốn bán thì người dân chỉ ra SCB ) nhân viên sẽ làm lệnh bán và bên công ty sẽ thu mua lại bất cứ lúc nào. Khách thấy thấy nhân viên SCB tư vấn có lợi vậy thì an tâm mua. Khi đọc hợp đồng thì thấy ghi công TVSI bán cho dân trong khi trái phiếu là của An Đông . Hỏi thì nhân viên nói thật ra 3 cái này là cũng chung nhau nên dân cũng gật đầu ký và mua. Sau 3 tháng xảy ra vụ Vạn Thịnh Phát thì mới biết trái phiếu đó là không hợp pháp. Khi hỏi thì ngân hàng SCB trả lời không liên quan. Dân chết đứng không biết làm sao? Dân cho rằng trong khi luôn tin tưởng ngân hàng thì nhân viên ngân hàng lại tư vấn mập mờ, tìm cách dụ khách hàng bằng những thông tin mật ngọt. Hiện tại, ước tính đã có khoảng 39.000 người dân đã bị ảnh hưởng khi mua nhầm trái phiếu An Đông của công ty Vạn Thịnh Phát. Người dân cho rằng nhân viên ngân hàng chỉ nhìn vào tiền hoa hồng có được từ trái phiếu mà quên đi trách nhiệm, đạo đức nghề nghiệp, đẩy 39.000 người dân lâm vào cảnh khốn khó. Nếu không tin tưởng và không phải được nhân viên ngân hàng SCB tư vấn thì chẳng ai dám mua. Cần xem lại cách bán trái phiếu của ngân hàng SCB cũng như trách nhiệm của ngân hàng. Tuy nhiên, chiều nay SCB đã ra thư ngỏ không nhận trách nhiệm khi khẳng định rằng SCB chỉ thực hiện việc giới thiệu khách hàng cho các công ty chứng khoán chứ không thực hiện ký kết hợp đồng hay thoả thuận nào với các khách hàng liên quan đến việc mua, bán trái phiếu doanh nghiệp. SCB cho biết đang cố gắng làm việc với các công ty chứng khoán và các bên liên quan để bảo vệ quyền và lợi ích hợp pháp của khách hàng theo đúng quy định của pháp luật.",FB Mui Lexuan,bbc.com
Thời Ông Trọng còn tham nhũng nhiều hơn thời ông Ba X,"Chuyện tham nhũng ở Việt Nam là chuyện “biết rồi, khổ lắm, nói mãi,” giờ chẳng ai quan tâm nữa, nhưng câu hỏi của ông Nguyễn Phú Trọng, tổng bí thư đảng Cộng Sản Việt Nam (CSVN) kiêm trưởng Ban Chỉ Đạo Trung Ương Về Phòng Chống Tham Nhũng Tiêu Cực, khiến người ta buồn cười. Truyền thông trong nước cho hay, tại phiên họp thứ 21 của ban chỉ đạo này hôm 20 Tháng Giêng vừa qua, ông Trọng đặt câu hỏi: “Vì sao chúng ta chống tham nhũng mạnh mẽ, quyết liệt như thế nhưng những người thực hiện hành vi tham nhũng, tiêu cực không thấy xấu hổ mà vẫn trơ ra đó? Liệu có ai là chỗ dựa, có ai chống lưng cho hành vi tham nhũng tiêu cực hay không?” Tham nhũng ở Việt Nam đã trở thành “quốc nạn,” càng chống càng lan tràn như khối ung thư di căn người dân ai cũng thấy, cũng ngán ngẩm, mà sao bây giờ ông Trọng vẫn còn thắc mắc? Câu hỏi mà ông nêu lên trước hội nghị có thể chân thành, thật thà, nhưng nó bộc lộ sự kém hiểu biết đến kinh ngạc của một nhà lãnh đạo chính trị hoàn toàn xa rời thực tế cuộc sống. Cái gốc sinh ra tham nhũng không phải là lòng tham của con người mà là quyền lực. Là người, ai cũng ít nhiều có lòng tham nhưng không phải ai cũng có thể tham nhũng. Tham nhũng gắn liền với quyền lực, người không có quyền lực thì không thể tham nhũng dù rất muốn. Mà ở Việt Nam, quyền lực gắn liền với tấm thẻ đỏ của đảng viên Cộng Sản; không là đảng viên CSVN, không có thẻ đảng trong túi thì đừng mơ tới chuyện có quyền dù chỉ là chút quyền cỏn con cấp thôn xã. Quyền lực sinh ra tiền, tiền lại mua chuộc quyền lực, tạo ra sự câu kết chặt chẽ giữa đám quan chức của đảng và đám trọc phú đỏ, thành một hệ thống tội phạm thống trị và bóc lột người dân Việt Nam tới tận xương tủy. Nói đâu xa, ngay trong thời gian dịch COVID-19, đã diễn ra những vụ tham nhũng có quy mô phạm vi và tác hại khủng khiếp như vụ bộ xét nghiệm của công ty công nghệ Việt Á hoặc chương trình tổ chức những “chuyến bay giải cứu” với giá trên trời để bắt chẹt những người Việt Nam xa quê cần trở về nhà. Tội phạm trong những vụ này – mà nhiều người cho rằng mới chỉ là phần nổi của tảng băng tham nhũng khổng lồ trong cơ thể của chế độ – không ai khác hơn là đám quan chức cao cấp trong guồng máy cầm quyền; không có quyền thì chúng không thể lũng đoạn nhà nước như vậy. Ông Trọng thắc mắc sao bọn tội phạm ấy “không thấy xấu hổ mà vẫn trơ ra.” Ô hay, ông tự xưng là nhà lý luận về chủ nghĩa Cộng Sản, hẳn ông không quên câu nói của Karl Marx, ông tổ của chủ nghĩa này: “Nếu lợi nhuận lên đến 300% thì có treo cổ nhà tư bản lên, họ cũng sẽ làm.” Marx viết câu đó cách đây 170 năm, vào buổi bình minh của chủ nghĩa tư bản; bây giờ thì các nhà tư bản đã phải nhường thành tích bóc lột cho các quan chức Cộng Sản nhưng câu nói đó vẫn đúng ở chỗ khi có lợi nhuận cao thì người ta sẽ không từ thủ đoạn nào, bất kể tư bản hay Cộng Sản. Các quan chức “thẻ đỏ, tim đen” ở Việt Nam đang vơ vét lợi nhuận không chỉ 300% mà cao hơn gấp nhiều lần thì có treo cổ họ thì họ vẫn không chùn tay trước sức quyến rũ của đồng tiền. Một ví dụ, công ty Việt Á nhập lậu bộ test-kit của Trung Quốc giá chỉ 21,500 đồng (95 cent) nhưng được độc quyền bán lại cho các cơ sở y tế trong cả nước giá 470,000 đồng ($20), lợi nhuận hơn 2,000%. Một vé máy bay từ Mỹ về Việt Nam, bình thường dao động trong mức $500-$700, chính quyền của ông cấm các hãng máy bay nước ngoài để độc quyền đặt ra cái gọi là “chuyến bay giải cứu” với đủ thứ thủ tục nhiêu khê, bán vé giá $2,000-$5,000 thu lợi khoảng 400-800%. Lợi nhuận cao chất ngất như vậy thì làm sao họ xấu hổ, làm sao họ không “trơ” ra được? Chưa kể những vụ thông đồng cưỡng chế thu hồi đất của dân oan với giá bồi thường ngang với giá vài bát phở rồi bán lại cho các tư bản đỏ giá vài trăm triệu đồng, thậm chí cả tỷ bạc mỗi mét vuông như vụ đấu giá đất ở Thủ Thiêm mới đây, thì dù có bị tru di tam tộc thì các quan chức Cộng Sản cũng không ngán. Do kém hiểu biết, không nhận ra cái gốc của tham nhũng là quyền lực không kiểm soát nên ông Trọng rất nhiều lần đề cao cái gọi là “tu dưỡng đạo đức,” “phê và tự phê [bình],” “học tập và làm theo tấm gương đạo đức…” như là giải pháp chính. Tại cuộc họp nói trên, ông giải thích tình trạng tham nhũng lan tràn là do “công tác quản lý, giáo dục cán bộ, đảng viên của chúng ta vẫn chưa tốt; cơ chế, chính sách của chúng ta còn lỏng lẻo, tạo môi trường cho tham nhũng, tiêu cực…” Từ đó, “tổng bí thư yêu cầu cần phải có quyết tâm cao hơn, quyết liệt hơn, bài bản hơn, hiệu quả hơn, năm mới phải quyết tâm mới, khí thế mới trong đấu tranh phòng chống tham nhũng, tiêu cực.” Ông Trọng đã không biết, hay giả vờ không biết đảng của ông càng quyết tâm thì tham nhũng càng dữ dội, giống như xoa dầu cù là để chữa bệnh ung thư trong gan ruột. Ông phát động chiến dịch “đốt lò” từ năm 2016. Nhưng mấy năm qua, cái lò của ông lúc cháy lúc tắt, chỉ đốt được những nhánh củi bé bé, xử được một số quan chức tham nhũng cấp thấp và thực tế đã bị lạm dụng vào cuộc thanh trừng phe phái, loại trừ những ai không cùng vây cánh với ông và bao che cho những đồ đệ biết nịnh hót, cung phụng. Cái lò của ông đỏ hay tắt phụ thuộc vào tình trạng đấu đá tranh giành chức quyền giữa các phe nhóm chính trị hay nhóm lợi ích trong việc ăn chia quyền tham nhũng mà bị lộ ra cho công chúng thấy. Ông ban hành nhiều chỉ thị, nghị quyết buộc cán bộ phải kê khai tài sản nhưng trong một guồng máy đã mục nát vì đồng tiền chẳng ai thi hành chỉ thị của ông, tất cả đều bị vô hiệu hóa. “Chống tham nhũng là ta đánh ta, khó lắm,” chính ông cũng phải thừa nhận như vậy. Hầu như quốc gia nào cũng có nạn tham nhũng, ít hay nhiều, nhưng không đâu tham nhũng là quốc nạn thâm căn cố đế như ở Việt Nam. Ở các nước, người ta xử lý tham nhũng từ cái gốc của nó: phân chia và kiểm soát quyền lực sao cho người làm việc công không thể lạm dụng chức quyền để trục lợi cho bản thân, gia đình và phe cánh. Không ở đâu – trừ các nước Cộng Sản – chống tham nhũng bằng “quản lý giáo dục cán bộ đảng viên” như lời chỉ đạo của ông Trọng. Có lúc, dường như được các thầy dùi chỉ bảo, ông hùng hồn tuyên bố phải đưa ra “cái lồng nhốt quyền lực.” Nhưng cái lồng nào nhốt được quyền lực tuyệt đối của đảng CSVN – một đảng chính trị đứng trên luật pháp, cương lĩnh của đảng đặt cao hơn cả hiến pháp của đất nước như lời ông Trọng. Ông trông cậy vào vai trò “giám sát” của Quốc Hội, của cái gọi là Mặt Trận Tổ Quốc. Nhưng Quốc Hội bù nhìn có tới 95% thành viên là đảng viên CSVN, hầu hết là quan chức cao cấp của chính quyền từ các bộ ngành xuống các địa phương, thì giám sát được ai. Mặt Trận chỉ là tập hợp những đoàn thể vô công rỗi nghề tiêu tốn vô số tiền thuế của dân mà chẳng ích lợi gì ngoại trừ làm bung xung cho đảng CSVN trong mỗi kỳ bầu cử. Cuối cùng, cái lồng nhốt quyền lực của ông Trọng chỉ là một sản phẩm hoang tưởng, mị dân, không hề có trong thực tế. Chuyện “quyền lực có khuynh hướng tham nhũng, quyền lực tuyệt đối sinh ra thối nát tuyệt đối” (power tends to corrupt and absolute power corrupts absolutely) như nhận định của sử gia Lord Acton thì ai cũng biết. Nhân loại đã tốn biết bao công sức tìm ra cơ chế kiểm soát quyền lực để ngăn chặn tha hóa, biến chất mà người làm chính trị như ông nhất thiết phải biết. Có điều, qua cách phát biểu và hành xử của người đứng đầu đảng CSVN, người ta thấy ông càng ngày càng xa rời thực tiễn của đất nước và dấn sâu thêm vào mớ giáo điều lạc hậu của chủ nghĩa Cộng Sản. Để kiểm soát quyền lực người ta đã đặt ra thể chế tam quyền phân lập – ba nhánh lập pháp, tư pháp và hành pháp độc lập với nhau, kiềm chế lẫn nhau để không một nhà độc tài nào thâu tóm được quyền lực tuyệt đối mà tự tung tự tác. Đã có thể chế nhà nước pháp quyền trong đó tất cả mọi công dân, mọi tổ chức đều bình đẳng trước pháp luật. Và có cả một hệ thống các quyền tự do dân sự, trong đó quan trọng nhất là quyền tự do ngôn luận để người dân thực hiện quyền giám sát của họ qua hệ thống truyền thông độc lập không bị kiểm duyệt theo ý đồ của nhà cai trị. Cho đến bây giờ đảng CSVN vẫn tự đặt mình lên trên pháp luật, vẫn nắm quyền lãnh đạo “toàn diện và tuyệt đối,” những ai bất đồng, có ý kiến khác với đảng lập tức bị đàn áp, bắt bớ, giam cầm, tra tấn một cách man rợ. Không chấp nhận phản biện, chỉ nhắm mắt đi theo chủ nghĩa Marx-Lenin giáo điều và mô hình chuyên chế của đảng Cộng Sản Trung Quốc, đảng CSVN ngày càng tham nhũng và hủ bại. Một ổ tham nhũng như vậy đòi chống tham nhũng thì cũng như người tự nắm tóc để nhấc mình lên khỏi mặt đất, thật hoang tưởng!",NL,bbc.com
"ĐÓN XUÂN NÀY, NHỚ XUÂN XƯA","Nhớ ngày xưa, thời trước 1975, năm nào chị em chúng tôi cũng về quê ăn Tết vào ngày 28 Tháng Chạp và trở xuống Sài gòn đi học, đi làm lại vào ngày mồng 6 Tết. Còn nhớ như in trong đầu, Tết Mậu Thân 1968, chúng tôi đón xe đò về quê, ngoại thành Sài Gòn, nơi gia đình Ba Má và bà Ngoại sống hơn nhiều thập niên. Chúng tôi bận rộn cả ngày, phụ Ba dọn dẹp bàn thờ, chùi lư hương, quét dọn trong ngoài, riêng tôi và chị Ba phụ giúp Má và Ngoại nấu nướng cho buổi cúng đón Ông Bà cuối năm. Ba dựng cây nêu bằng cây tre thật dài, trên đó Ba treo rất nhiều tràng pháo dài tới đất, thỉnh thoảng chêm vào vài trái pháo đại nổ thật to điếc con ráy. Ba tôi thích đốt thật nhiều pháo vào đêm giao thừa vì ông nói tiếng pháo đêm trừ tịch sẽ xua đuổi ma quỷ đến quấy phá con người. Giờ giao thừa đã đến, Ba khấn vái và châm ngòi, tiếng pháo nổ giòn giã tưởng như không bao giờ dứt. Nhà tôi nổi tiếng đốt pháo nhiều và tiếng pháo nhà tôi sẽ lâu nhất, chấm dứt sau cùng trong cả làng. Cả nhà ngạc nhiên khi tiếng pháo nhà dứt thì vẫn còn nghe nhiều tiếng pháo khác tiếp tục nổ. Thật sự đó là tiếng đạn giao tranh giữa quân đội VNCH và Việt cộng. Chính quyền miền Bắc đã tuyên bố trước tiên, tự nguyện ngưng b.ắn từ 28 tháng Chạp đến Mùng 5 Tháng Giêng Mậu Thân. Chính quyền miền Nam VNCH sau đó cũng tuyên bố ngưng b.ắn từ mồng 1 đến Mùng 3 Tết Mậu Thân. Tối hôm đó, cả nhà tôi chui trốn dưới hầm, được đào dưới tấm ván gõ dầy hơn một tấc, đạn thường khó xuyên qua được. Cả nhà lo sợ bồn chồn vì lúc đó đã biết đó là tiếng súng khi ba tôi mở radio và biết đài phát thanh bị VC chiếm. Lo sợ và bất lực khi nghe tiếng ông Hai ở cạnh đất nhà la kêu cứu thất thanh mà má tôi ôm chặt Ba tôi lại không cho chạy ra ngoài tiếp vì sợ đ.ạn lạc. Ba má ân hận tự trách suốt mấy năm sau vì ông Hai đã ch.ết trong đêm đó. Ba tìm mọi cách sắp xếp cho chúng tôi về lại Sài gòn vì vùng quê tiếp tục giao tranh khốc liệt. Trên đường về lại Sài Gòn, nhiều hình ảnh ch.ết chóc của dân lành nằm dọc đường khiến chúng tôi hoảng sợ vô cùng. Điều đáng nói ở đây là chưa bao giờ thấy Việt Cộng hối lỗi trước các tội lỗi gi.ết đồng bào mình mà vẫn tiếp tục nói về biến cố Mậu Thân như một chiến thắng lừng lẫy để tổ chức ăn mừng hàng năm. Cái chế độ này có xứng đáng cai trị Việt Nam hay không khi bản chất của nó là gian manh, lọc lừa, gi.ết dân không thương tiếc, không chùng tay. Ngày nào còn Việt cộng, những cái Tết thanh bình, hiền hòa yên vui sẽ không bao giờ có được.",Tâm Hà,bbc.com
Vietnam Airlines lỗ lũy kế hơn 34.000 tỷ đồng,"Dù doanh thu năm 2022 phục hồi bằng hai năm dịch cộng lại, Vietnam Airlines vẫn lỗ hơn 10.000 tỷ đồng do giá nhiên liệu, tỷ giá biến động mạnh. Theo báo cáo tài chính vừa công bố, doanh thu quý IV/2022 của Tổng công ty Hàng không Việt Nam (Vietnam Airlines) đạt khoảng 19.500 tỷ đồng, tăng trên 10.000 tỷ đồng so với cùng năm 2021. Tuy nhiên, hãng hàng không quốc gia lại rơi vào tình trạng kinh doanh dưới giá vốn khi lỗ gộp gần 830 tỷ đồng trong kỳ. Quý trước đó, Vietnam Airlines lần đầu có lãi gộp từ khi bị dịch bệnh ảnh hưởng nghiêm trọng đến tình hình sản xuất kinh doanh từ năm 2020. Cả năm 2022, tổng doanh thu của Vietnam Airlines đạt gần 71.000 tỷ đồng. Con số này tương đương trên 70% mức trước dịch năm 2019 và lớn hơn cả hai năm 2020, 2021 gộp lại. Dù vậy, mức doanh thu này vẫn chưa thể giúp hãng bù đắp được những chi phí tăng mạnh trong bối cảnh giá nhiên liệu bay, tỷ giá tăng mạnh năm ngoái. Công ty ghi nhận lợi nhuận trước thuế hợp nhất vẫn âm khoảng 10.091 tỷ đồng cả năm ngoái. Tuy nhiên, mức lỗ này đã giảm 3.000 tỷ đồng so với năm 2021 và thấp hơn so với kế hoạch đề ra hồi giữa năm. Đến hết 31/12, Vietnam Airlines ghi nhận khoảng lỗ luỹ kế tăng lên gần 34.200 tỷ đồng. Vốn chủ của hãng âm khoảng 10.200 tỷ, trong khi đầu năm vẫn dương trên 500 tỷ. Từ cuối năm ngoái, thị trường quốc tế đã dần tốt lên, nên Vietnam Airlines hy vọng cả năm nay sẽ có kết quả tích cực hơn. Hiện tại, tổng công ty đã hoàn thành đề án tái cơ cấu giai đoạn 2021-2025 và đã báo cáo cổ đông, cấp có thẩm quyền phê duyệt. Vietnam Airlines cho biết sẽ tiếp tục thực hiện đồng bộ các giải pháp để khắc phục tình trạng lỗ hợp nhất và âm vốn chủ sở hữu. Hãng cũng chuẩn bị các điều kiện cần thiết để sẵn sàng triển khai phương án phát hành cổ phiếu tăng vốn chủ sở",nan,bbc.com
Hai Giám đốc trung tâm đăng kiểm ở Đồng Nai bị bắt,"Lương Minh Tú, Giám đốc Trung tâm đăng kiểm 60-04D; Nguyễn Ngọc Minh, Giám đốc Trung tâm Đăng kiểm 60.05D bị cáo buộc nhận hàng chục tỷ đồng ""lót tay"" để bỏ qua lỗi của các xe khi đăng kiểm. Ngày 20/1, Tú (43 tuổi) và hai cấp phó Lê Sơn Tuyền (50 tuổi), Trần Đức Duy (43 tuổi), cùng 6 đăng kiểm viên bị Công an Đồng Nai bắt tạm giam về hành vi Nhận hối lộ. Bị bắt về cùng tội danh có Nguyễn Ngọc Minh và 9 nhân viên Trung tâm Đăng kiểm 60.05D. Với vai trò là ""cò"" đăng kiểm, Võ Chí Giang (42 tuổi, nhân viên Trung tâm dạy lái xe Sài Gòn 3T); Lê Tiến Trung (43 tuổi, Giám đốc Công ty TNHH MTV TMDV Vận tải Vỹ Khang); Bùi Quang Thông, Nguyễn Tiến Lan bị bắt tạm giam về hành vi Đưa hối lộ. Động thái được nhà chức trách đưa ra sau nhiều ngày khám xét hai trung tâm đăng kiểm. Theo cơ quan điều tra, trong quá trình đăng kiểm phương tiện, nhiều đăng kiểm viên Trung tâm đăng kiểm 60-04D và 60.05D đã nhận tiền hối lộ của nhiều cá nhân, tổ chức để bỏ qua những lỗi về tiêu chuẩn kỹ thuật của xe, cấp Giấy chứng nhận kiểm định an toàn và bảo vệ môi trường. Trong đó, Lương Minh Tú với vai trò giám đốc đã chỉ đạo, thỏa thuận với 8 đăng kiểm viên và nhân viên có xe quen dẫn mối đến đăng kiểm tại Trung tâm 6004D. Cụ thể, ngoài số tiền đóng phí đăng kiểm, phí đường bộ theo quy định (nộp vào cho kế toán), chủ các xe vi phạm lỗi tiêu chuẩn kỹ thuật phải đưa thêm tiền. Bước đầu, nhà chức trách xác định, từ tháng 1/2022 đến tháng 12/2022, những bị can đã nhận và đưa số tiền hối lộ lên đến hàng chục tỷ đồng; riêng Tú thừa nhận đã bỏ túi hơn 3 tỷ đồng. Vụ án đang được mở rộng điều tra. Hơn một tháng qua, công an các tỉnh thành đồng loạt điều tra sai phạm trong kiểm định xe cơ giới, nhiều trung tâm phải đóng cửa. Riêng Công an TP HCM đã khám xét 13 trung tâm, khởi tố 6 vụ án với 89 bị can về các tội Nhận hối lộ, Môi giới hối lộ, Giả mạo trong công tác và Sản xuất, mua bán công cụ, phần mềm để sử dụng vào mục đích trái pháp luật. Hai người có chức vụ cao nhất trong vụ án là ông Đặng Việt Hà và ông Trần Kỳ Hình, nguyên cục trưởng Đăng kiểm Việt Nam, bị bắt về hành vi Nhận hối lộ. Tại Hà Nội, công an khởi tố 4 vụ án với 18 bị can tại 10 trung tâm đăng kiểm; tạm giữ 57 người là giám đốc, phó giám đốc và đăng kiểm viên. Sai phạm phổ biến là nhận hối lộ để bỏ qua các vi phạm về đăng kiểm với ôtô không đủ tiêu chuẩn, trung bình 1-1,5 triệu đồng mỗi xe. Bắc Ninh và Bắc Giang, mỗi tỉnh cũng khởi tố một vụ án Nhận hối lộ với 19 người đang bị điều tra...",nan,bbc.com
KHU MỘ KHỦNG KHIẾP CỦA QUAN CHỨC!,"KHU MỘ KHỦNG KHIẾP CỦA QUAN CHỨC! Ngôi mộ của ông Chủ tịch nước Trần Đại Quang được xây trên mảnh đất rộng 55.000 mét vuông. Nhìn cây xanh được trồng bao phủ xung quanh và ngôi mộ của ông Quang, nếu so sánh với ngôi mộ của các vị vua ngày xưa cũng không thể sánh bằng. Tiền lương mỗi tháng chỉ khoảng trên dưới 16 triệu/tháng. Tiền đâu mà mua mảnh đất lớn trên 5 ha và xây khu mộ ""hoành tráng"" còn hơn vua? Trong suôt 37 năm (1981-2018) phục vụ cho Đảng, phải chăng lúc còn tại chức ông Quang đã tham ô, nên mới có số tiền ""tích cóp""khủng cho con cháu xây mộ? Để có được mãnh đất trên 55 ha xây khu mộ, chắc ít nhiều cũng đã ""cướp"" nhiều mồ hôi, nước mắt... của dân? Giá mà dùng số tiền xây khu mộ của ông Quang giúp đỡ cho dân nghèo để 'tích đức' cho con cháu thì hay biết mấy. Họ không làm, mà chỉ muốn xây khu mộ cho ""hoành tráng"" để lấy tiếng, nhưng tiếc là không được ""tiếng"" mà chỉ bị ""mang tiếng"" xấu, còn lại để lộ ra vấn đề tham nhũng của ông Quang lúc còn sống. Lê Ánh Ngôi mộ của ông Chủ tịch nước Trần Đại Quang được xây trên mảnh đất rộng 55.000 mét vuông. Nhìn cây xanh được trồng bao phủ xung quanh và ngôi mộ của ông Quang, nếu so sánh với ngôi mộ của các vị vua ngày xưa cũng không thể sánh bằng. Tiền lương mỗi tháng chỉ khoảng trên dưới 16 triệu/tháng. Tiền đâu mà mua mảnh đất lớn trên 5 ha và xây khu mộ ""hoành tráng"" còn hơn vua? Trong suôt 37 năm (1981-2018) phục vụ cho Đảng, phải chăng lúc còn tại chức ông Quang đã tham ô, nên mới có số tiền ""tích cóp""khủng cho con cháu xây mộ? Để có được mãnh đất trên 55 ha xây khu mộ, chắc ít nhiều cũng đã ""cướp"" nhiều mồ hôi, nước mắt... của dân? Giá mà dùng số tiền xây khu mộ của ông Quang giúp đỡ cho dân nghèo để 'tích đức' cho con cháu thì hay biết mấy. Họ không làm, mà chỉ muốn xây khu mộ cho ""hoành tráng"" để lấy tiếng, nhưng tiếc là không được ""tiếng"" mà chỉ bị ""mang tiếng"" xấu, còn lại để lộ ra vấn đề tham nhũng của ông Quang lúc còn sống.",Lê Ánh,bbc.com
Ý NGHĨA SÂU SẮC CỦA NHỮNG CON ĐƯỜNG XUNG QUANH DINH ĐỘC LẬP,"Ý NGHĨA SÂU SẮC CỦA NHỮNG CON ĐƯỜNG XUNG QUANH DINH ĐỘC LẬP Khi đăng bộ với tư cách một quốc gia tại Liên hiệp quốc, một quốc gia phải xác định 5 trụ cột cơ bản như sau: 1) Bộ quốc hiệu-quốc kỳ-quốc ca-quốc huy; 2) Lãnh thổ (Giáp giới với các quốc gia lân cận); 3) Chủ thể (Các dân tộc tồn tại trong quốc gia); 4) Văn hóa (Bản sắc) và lịch sử; và 5) Ngôn ngữ (sử dụng chính thức). Vì lẽ ấy, xung quanh Dinh Độc Lập, trái tim của thủ đô quốc gia Việt Nam Cộng hòa và thành phố Sài Gòn, đã châu tuần các con đường phản chiếu các tinh thần trụ cột ấy. Dinh Độc Lập cùng với đường Công Lý (Nay là Nam Kỳ Khởi Nghĩa) và đường Thống Nhất (Nay là đường Lê Duẫn) đã khẳng định 3 mục tiêu quan trọng của chính thể: Độc Lập – Công Lý – Thống Nhất. *.....Bên trái Dinh Độc Lập là đường Nguyễn Du, đại thi hào dân tộc được xem là đại diện cho văn hóa Việt Nam. *.....Bên phải Dinh Độc Lập là đường Hồng Thập Tự (Nay là đường Nguyễn Thị Minh Khai). Hồng Thập Tự (Nay được gọi là Chữ Thập Đỏ). Là tên gọi Hán-Việt của Ủy ban Chữ thập đỏ quốc tế: (ICRC - International Committee of the Red) được thành lập năm 1863. Đây là tổ chức nhân đạo lâu đời nhất, lớn nhất trên thế giới hoạt động với mục đích bảo vệ sự sống và sức khỏe con người, giúp đỡ những người bị thương trong các cuộc xung đột vũ trang, không phân biệt quốc tịch, dân tộc, tôn giáo, tín ngưỡng, giai cấp hay quan điểm chính trị. Hai con đường này phản chiếu tinh thần hòa hợp văn hóa dân tộc và các giá trị phổ quát của nhân loại của quốc gia Việt Nam Cộng hòa. Sau Dinh Độc Lập là con đường Huyền Trân Công Chúa, con đường mang tên của một người phụ nữ đã có công rất lớn trong sự nghiệp Nam tiến thuở ban đầu, để từ đó lãnh thổ phương Nam của Tổ quốc đã được mở rộng cho đến mũi Cà Mau. Trước Dinh Độc Lập là hai con đường: đường Hàn Thuyên (Bên phải) và đường Alexandre de Rhodes (Bên trái) chạy song song với con đường chính, đường Thống Nhất. Đấy là những con đường văn tự của Sài Gòn, với hai đai diện tiêu biểu: một chữ Nôm và một chữ Quốc ngữ. Đường Hàn Thuyên thời Pháp thuộc, khoảng 1871 có tên là đường Hồng Kông. Đến ngày 24-2-1897 nó đổi là đường Amiral Page. Từ ngày 22-3-1955, chính quyền Sài Gòn đổi là đường Hàn Thuyên, và tên gọi đó được giữ lại cho đến nay. Hàn Thuyên (1229-?) có tên thật là Nguyễn Thuyên. Cho đến nay, người ta vẫn chưa xác định rõ quê gốc của ông, song nhiều người cho rằng ông người làng Lai Hạ, huyện Thanh Lâm, châu Nam Sách, lộ Lạng Giang (Nay thuộc tỉnh Bắc Ninh). Ông đỗ Tiến sĩ năm 1247 và làm quan tới chức Thượng thư Bộ Hình dưới thời Trần Nhân Tông. Ông là người đầu tiên dùng luật thơ Đường vào thơ Nôm, nên đời sau gọi thơ Nôm theo Đường luật là Hàn luật. Ông được xem là người phát triển và phổ biến chữ Nôm của Việt Nam. Song song với chữ Hán, chữ Nôm trở thành một phương tiện quan trong trong đời sống trước tác của tầng lớp trí thức, biểu thị cho lòng yêu văn hóa, tiếng Việt và tinh thần duy trì phẩm tính Việt trong suốt chiều dài lịch sử của quốc gia Việt Nam trong giới trí thức dân tộc. Còn về đường Alexandre de Rhodes, thực ra, thời Pháp thuộc, từ ngày 2-6-1871, đường này có tên là Rue de Paracels (Đường Hoàng Sa). Đến ngày 16-10-1871 đổi lại là đường Colombert. Từ ngày 22-3-1955, chính quyền Sài Gòn đổi là đường Alexandre de Rhodes. Đến ngày 4-4-1985 chính quyền mới lại đổi tên là đường Thái Văn Lung. Tuy nhiên, may mắn thay, đến nay Alexandre de Rhodes đã lấy lại tên cho con đường này. Alexandre de Rhodes (1591-1660) là một nhà truyền giáo Dòng Tên và một nhà ngôn ngữ học người Pháp. Ông đã góp phần quan trọng vào quá trình truyền bá Công giáo tại Việt Nam và hình thành chữ Quốc ngữ. Dù ông thừa hưởng những kết quả nghiên cứu và thực hành tiếng Việt của nhiều giáo sĩ trước ông để hệ thống hóa và xây dựng bộ chữ Quốc ngữ tương đối hoàn chỉnh cho người Việt Nam, song với hai tác phẩm ông biên soạn là Dictionarium Annamiticum Lusitanum et Latinum (Từ điển Việt–Bồ–La), và Catechismus (Phép giảng tám ngày) bằng chữ Quốc ngữ lần đầu được xuất bản tại Roma vào năm 1651 đã khiến người Việt nhiều thế hệ xem ông là người có công lớn nhất trong việc hình thành chữ Quốc ngữ, một bộ chữ viết hiện được sử dụng chính thức tại Việt Nam. Việc đặt tên đường có ý nghĩa rất quan trọng, vì để lưu giữ những giá trị truyền thống, gợi nhắc di sản tổ tiên để thế hệ sau tri ân, tiếp bước học tập và hành động. Tiếc là, hình như những người nắm giữ quyền lực trong chính quyền mới đã không có những nhận thức sơ học yếu lược như vậy để rồi sau 1975, họ bỏ, thay, hoặc đặt tên đường một cách tùy tiện (?!)...",Fb Kim Tran,bbc.com
4 Công An bắt giữ thuốc là lậu rồi đem tang vật đi bán. Công An và Côn Đồ chỉ khác nhau tấm thẻ Đảng và bộ đồ.,"HĐXX nhận định các bị cáo là người được Nhà nước giao nhiệm vụ bắt giữ và xử lý các vụ buôn bán hàng cấm là thuốc lá điếu nhập lậu. Tuy nhiên, các bị cáo đã lợi dụng chức vụ, quyền hạn được giao để làm trái quy định. Cụ thể, lẽ ra số thuốc lá điếu nhập lậu bị tịch thu, các bị cáo có trách nhiệm báo cáo người có thẩm quyền thành lập hội đồng tiêu hủy theo quy định. Nhưng các bị cáo đã đem ra thị trường bán lấy tiền chi tiêu cho Đội, trong đó có phần chi tiêu riêng cho cá nhân một số người trong Đội. Hành vi của các bị cáo đã gây thiệt hại đến lợi ích của Nhà nước, quyền và lợi ích hợp pháp của tổ chức..., ảnh hưởng đến công tác phòng chống buôn bán hàng cấm trên địa bàn, tạo điều kiện cho một số cá nhân vi phạm pháp luật, gây dư luận không tốt. Cáo trạng truy tố 4 bị cáo tội “lạm dụng chức vụ, quyền hạn chiếm đoạt tài sản”. Tuy nhiên, trong quá trình xét xử, HĐXX xét thấy chưa đủ cơ sở kết luận các bị cáo phạm tội này. Bởi lẽ số thuốc lá điếu nhập lậu các bị cáo đã lấy bán thu lợi bất chính tại thời điểm đã có quyết định tịch thu đến khi các bị cáo đem đi bán, theo quy định đây là hàng hóa phải tiêu hủy nên không thể xem là tài sản có giá trị nhằm vào để chiếm đoạt. Các bị cáo là những người được giao nhiệm vụ phát hiện, bắt giữ và xử lý nhưng đã làm trái công vụ ở giai đoạn xử lý nên hành vi của các bị cáo đã phạm vào tội “lợi dụng chức vụ, quyền hạn trong khi thi hành công vụ”.",nan,bbc.com
"Thu hồi đất với giá đền bù thấp 30 lần giá thị trường. Bà con Thôn K' Rèn, Lâm Đồng ko đồng ý. Chính Quyền đem người định đàn áp.","Vâng dự án đầu tư 1.000 tỷ nhưng bồi thường cho dân 20tr 1 xào...xin hỏi 20tr đồng bạc lẻ chúng tôi làm đc gì khi mất 1 xào đất....Đất từ thời ông bà tổ tiên để lại nuôi sống gia đình chúng tôi bao đời nay khơi khơi nhà nước thu hồi với giá rẻ mạt k thoả đáng,Dân đến 80% k đồng ý nhưng vẫn chèn ép cưỡng chế để thu hồi khi dân không đồng ý...cho tôi hỏi yêu đồng bào ở đâu ạ?Chúng tôi đang bảo vệ tài sản của chúng tôi là sai ạ? https://youtu.be/6Ohts8J7CKs Bà con Thôn K'Rèn, Lâm đồng bị cưỡng chế thu hồi đất, đe doạ người già và con nít Chính quyền xã đến từng hộ gia đình trong vụ thu hồi đất thực hiện dự án, ép mấy trẻ con người Cơ Ho kí giấy, nếu không kí ra đường nhận mặt thì sẽ gặp đâu đánh đó Chiều 17/2/2023, những cán bộ địa phương lợi dụng việc ở nhà không có người lớn ( vì phần lớn người dân đang ngoài đồng ngày đêm túc trực bảo vệ đất) họ tới từng nhà bắt ép mấy đứa con nít kí hoặc nhận 1 giấy tờ nào đó, mấy đứa nhóc không làm theo và họ văng tục ra chửi, đe dọa ra đường nhận ra mặt sẽ đánh. Vài ngày trước đó, khi đưa máy móc san mặt bằng, 1 cán bộ xã đã văng tục, xưng mày tao với người dân, đe doạ dân nếu ra đường gặp được sẽ đánh họ. Cũng trong ngày 17/2/2023, chính quyền Xã cũng đã cử hội phụ nữ vào để xoa dịu lòng dân, nhưng người dân đã ngăn cản và chất vấn làm cho những người này câm nín. Người dân tộc Cơ Ho tại Thôn K'Rèn, X. Hiệp An, Đức Trọng Lâm đồng bị cưỡng chế thu hồi đất, khi mức bồi thường mà tỉnh đưa ra hết sức rẻ mạc, trong khi người dân chưa nhận tiền bồi thường hay đất tái định cư thì họ mang xe san bằng đất của người dân tộc Cơ Ho Vài năm trở lại đây, tỉnh Lâm Đồng đưa ra dự án xây dựng hồ chứa nước nghe rất đồng bào mang tên hồ chứa nước ""Ta Hoét"", ngay chính người Cơ Ho cũng không biết tên này nghĩa là gì. Hai năm nay, chính quyền các cấp phổ biến cho người dân về việc thu hồi đất nông nghiệp thuộc địa bàn Thôn K' Rèn, X. Hiệp An, H. Đức Trọng, T. Lâm Đồng (nơi có đa số là người đồng bào dân tộc Cơ Ho sinh sống), K'Rèn cách trung tâm TP. Đà Lạt khoảng 15km, trong dự án tương lai của tỉnh, K'Rèn và các thôn lân cận có khả năng cao được sáp nhập thành 1 phường của thành phố Đà Lạt. Dự án được chính quyền địa phương phổ biến là có quy mô lớn, là dự án trọng điểm của tỉnh, có thể góp phần cho việc chứa nước hoặc những lợi ích khác mà hồ mang lại ( còn lợi ích sâu xa và bên trong thì chỉ có họ mới biết được). Trong quá trình giải toả để thu hồi đất, chính quyền đã nhiều lần đưa ra những văn bản đối với những người đứng đầu tôn giáo ở trong thôn K'Rèn (cả Công Giáo và Tin Lành) để thông qua những vị này, người dân sẽ nghe theo và chấp nhận đền bù. Trong đó, các tín đồ của Tin Lành thuộc chi hội Dơng Krieng (K'Rèn) nhiều lần lên tiếng về việc ông Mục sư quản nhiệm của họ liên tục hối thúc và thuyết phục họ nhận tiền đền bù ngay trong những bài giảng ngày Chủ Nhật, trong khi đó, ngay chính ông và họ hàng của mình là những người nhận tiền đền bù đầu tiên mặc cho đa số người dân vẫn chưa nhận tiền. Lí do họ không nhận số tiền này vì tiền được đền bù cho người dân hết sức rẻ mạt, thậm chí thấp 30 lần so với thị trường, trong quá trình đo đạc lại đất, nhiều diện tích đất của người dân bị đo hụt nhiều lần so với diện tích thực tế. Người dân không cam tâm, nên đã nhiều lần bỏ công sức tiền bạc, khiếu nại đến các các địa phương, thậm chí ra tận trung ương để khiếu nại sự việc. Ngay chính ngày 15/11/2021, ông Phan Đình Trạc, Ủy viên Bộ Chính trị, Bí thư Trung ương Đảng, Trưởng Ban Nội chính Trung ương cũng đã đến tiếp xúc cử tri tại X. Hiệp An, trong lúc đó người dân thôn K'Rèn cũng đã nêu lên vấn đề này trước buổi tiếp xúc cử tri, nhưng dường như giá đất được đền bù vẫn không khá hơn là bao. Người dân ở đây sẵn sàng giao đất của họ với điều kiện chính quyền phải đền bù hợp lí và cấp đất tái định canh cho người dân, sao cho chất lượng đất ở đó phải tương đương như đất ở K'Rèn và thuận tiện cho việc đi lại, vì trên thực tế người dân ở đây sống bằng nghề trồng trọt, nghề này nuôi sống bao thế hệ con cháu người Cơ-Ho ở K'Rèn, các vựa hoa Lay-ơn dịp tết tiêu thụ ở các tỉnh trong nước phần lớn cũng được trồng từ đất K'Rèn mà ra. Kính mong đồng bào cả nước, trong nước cũng như hải ngoại, chia sẻ sự việc để đòi lại công bằng cho người dân tộc Cơ Ho chúng tôi, xin cảm ơn tất cả.",nan,bbc.com
Đơn xin phép chở 15 ký gạo về nhà ăn,"Những ký ức một thời mà không bao giờ xóa mờ trong tâm thức tôi...nỗi ám ảnh hay là kỷ niệm buồn của một đời cơ cực và khốn khó. Trong thập niên 70-80...ngày mà chúng ta được ( giải phóng) *--Ly caphe, bát phở quốc doanh.phải xếp hàng mua phiếu...hàng giờ. *--Hợp tác xã làm cả ngày/8 điểm/ quy ra lúa khoảng gần 2 cân. *-- kinh tế mới.....nơi rừng sâu nước độc..và những cơn sốt rét...cái lạnh của rừng già...những lát sắn mì khô và cơn đói cồn cào...ko thể xóa nhòa trong tôi... Nó ám ảnh cả cuộc đời tôi....ôi! Thật đáng sợ... ( tôi đã sinh nhầm thế kỷ) *-- và rồi chiến trường phía nam- phía bắc bùng nổ như hai họng kìm...buộc thanh niên chúng tôi phải lao vào cuộc chiến...cầm súng bảo vệ mảnh đất cha ông này.... Thanh xuân chúng tôi là một màng đêm đen... Đầy bi thương và chết chóc. Giờ đất nước đã im tiếng súng, thì bọn tham quan tràn ngập khắp ba niềm...từ trung ương đến buôn làng...tiếng dân oan vang dậy cả góc trời, Chúng ăn trên cả nỗi đau thân xác của đồng bào... *-- ( chuyến bay giải cứu) *--( tét Vắcin tàu).... Loài maphia quỷ đỏ...bất lương tàn nhẫn và vô tâm...đó là nội đau cho dân tộc này...là ô nhục của lũ tà quyền đất việt.",nan,bbc.com
"""CỘT ĐIỆN Ở MỸ MÀ BIẾT ĐI SẼ VỀ VIỆT NAM"": ẢO TƯỞNG CỦA THỦ TƯỚNG!"," Đối với nhiều người Việt ở miền Nam thời gian những năm sau 1975, câu nói “Cái cột đèn nếu biết đi cũng đã bỏ nước ra đi” không lạ gì đối với họ. Mới hôm 8 tháng 6, thủ tướng Việt Nam Nguyễn Xuân Phúc trong một phát biểu tại Quốc hội Việt Nam cho rằng sau 45 năm ‘giải phóng’ và 35 năm đổi mới, từ một đất nước đói ăn, nợ nần chồng chất, Việt Nam đã vượt qua nhiều thác ghềnh để tiến bước. Ông cũng cho biết có hàng vạn người từ nước ngoài đăng ký về Việt Nam và dùng câu nói của người dân Việt về nạn bỏ nước ra đi sau 1975 để ví von ngược lại rằng, thực tại nước Mỹ những tháng qua thì nếu cột điện ở Mỹ biết đi nó sẽ về Việt Nam. Nhà báo Mạnh Kim từ Mỹ nêu nhận định của ông về việc này qua ứng dụng facebook messenger: “Câu nói như có tính “định lý” của ông thủ tướng Việt Nam cho thấy sự ngớ ngẩn vốn dĩ của ông dựa vào những phát biểu trước đó và nó cũng phi lý khi xét đến thực tế. Làm sao cộng đồng Việt kiều có thể chỉ vì dịch bệnh hoặc tình hình chính trị rối loạn tạm thời ở nước Mỹ mà bỏ hết nhà cửa - tài sản để về Việt Nam; đó là chưa kể việc ăn học của con em họ. Không chỉ chuyện tài sản, người Việt ở Mỹ cũng không thể và không bao giờ chấp nhận khước từ một nền chính trị dân chủ để trở về Việt Nam chấp nhận sống trong một chính thể độc tài mà cơ hội để họ bày tỏ chính kiến đối với chính quyền như ở Mỹ là không bao giờ có thể xảy ra. Có một sự khác biệt rõ đến mức không cần phải chứng minh về quyền lợi có được giữa một công dân Mỹ (mang quốc tịch Mỹ) và công dân Việt Nam (cầm passport CHXHCNVN); chưa kể những quyền lợi an sinh xã hội được thụ hưởng…” Năm 2014, truyền thông trong nước cảnh báo hàng triệu kiều bào có nguy cơ mất quốc tịch Việt Nam nếu đến ngày 1 tháng 7 năm 2014 không đăng ký giữ quốc tịch theo quy định ở Khoản 2 Điều 13 Luật Quốc tịch Việt Nam năm 2008 và Nghị định hướng dẫn số 78/2009/NĐ-CP. Theo số liệu của Bộ Tư Pháp Việt Nam, trong năm 2015 có 4.474 người từ bỏ quốc tịch Việt Nam. Còn theo Bộ Kinh tế và Xã hội Liên Hợp Quốc (United Nations Department of Economic and Social Affairs), ước tính từ năm 1990 đến 2015 có tới 2,6 triệu công dân Việt Nam rời đất nước đến sống ở một quốc gia phát triển hơn, tức trung bình mỗi năm có gần 100.000 người bỏ nước ra đi. Con số mà Viện Chính sách Di cư (Migration Policy Institute) thống kê cho thấy năm 1980, số người Việt Nam cư trú ở Mỹ là 231.000; năm 2000 lên đến 988.000 và năm 2017 đã là 1.343.000 người. Riêng về du học sinh, con số mới nhất được Student and Exchange Visitor Information System cập nhật vào tháng 3 năm 2019 là có 30.684 sinh viên Việt Nam học tập tại Mỹ ở tất cả các cấp, tăng 3% so với tháng 8 năm 2018. Ngoài con số 125.000 người Việt đến Mỹ tỵ nạn năm 1975, số còn lại tiếp tục đến Mỹ mấy mươi năm qua vì nhiều lý do. Cô Thanh Hà hiện định cư tại Mỹ cho rằng, cô vượt biên năm 1989 vì ở Việt Nam không có tương lai. Cô giải thích rằng, cô không có chỗ trong các trường đại học vì ‘con ông cháu cha’ chiếm hết chỗ với những ưu tiên về điểm số khi thi đại học. Sau 30 năm, cô thấy mình vẫn đúng khi được sống trong một đất nước an bình, tự do và được pháp luật bảo vệ. Nhà báo Nguyễn An Dân nêu nhận định: “Tôi nghĩ người Việt Nam thành đạt ở Mỹ chỉ về Việt Nam để chơi thì nó đúng hơn, chứ họ vẫn muốn là công dân Mỹ để được Mỹ bảo hộ luật pháp. Rõ ràng chúng ta thấy luật pháp ở Việt Nam không có. Ở đâu luật pháp không được thực thi thì người ta sẽ không đến, thành ra những người ở Mỹ về Việt Nam để giúp đất nước phát triển thì họ chờ cho đến khi Việt Nam thượng tôn pháp luật. Do Mỹ là một nước tự do thành ra lâu lâu họ có những sự kiện rối loạn đột xuất có thể ảnh hưởng đến trị an, nhưng chính phủ sẽ nhanh chóng giải quyết. Đợt bạo loạn vừa rồi tôi nghe ở Mỹ chết gần 10 người. Nếu so với luật pháp Việt Nam thì một năm oan sai chết phải gấp 10 lần như thế.” Từ sau ngày 30 tháng 4 năm 1975, toàn bộ sách báo trong nước đều dùng cụm từ “Đế quốc Mỹ” để nói về đất nước Hoa Kỳ. Thế nhưng cho đến nay, nhiều vị quan chức Việt Nam cho con cái sang Mỹ học và nhiều người tìm cách ở lại đất nước theo chũ nghĩa tư bản này. Chủ tịch Hà Nội hiện nay là ông Nguyễn Đức Chung từng công khai chuyện con trai du học Mỹ khi xảy ra đợt dịch COVID-19 với nhắn nhủ con hãy ở yên trong nhà. Với câu nói ‘cái cột điện ở Mỹ mà biết đi thì sẽ về Việt Nam’, người ta cho rằng ông Nguyễn Xuân Phúc quá ảo tưởng về hiện trạng Việt Nam. Dù rằng Việt Nam được cho là kiểm soát tốt dịch bệnh và luôn dập tắt các cuộc biểu tình, nhưng điều đó không thể kéo người Việt trở về nước. Tại một kỳ họp Quốc Hội năm 2016, đại biểu Quốc Hội Trương Trọng Nghĩa phát biểu rằng, các trí thức giỏi không về nước làm việc; doanh nhân giỏi muốn bỏ nước ra đi; cán bộ về hưu hay đương chức tìm cách cho mình hay con cháu mình ra định cư ở nước ngoài không phải vì đất nước nghèo mà vì họ cảm thấy ở Việt Nam không an toàn về pháp lý, các quyền tự do dân chủ không được đầy đủ. Điều này ai cũng thấy, cũng biết! Theo ông Nghĩa, phải bảo đảm cho người dân nếu chưa giàu thì cũng phải được tự do dân chủ, an toàn, an ninh và công lý, được xã hội quan tâm, sống với nhau có tình nghĩa, đạo đức tốt đẹp. Nhân dân tự hào về người Việt Nam, nước Việt Nam, cho dù chúng ta còn nghèo và chưa phát triển để người dân và du khách đến thăm sẽ muốn ở lại chứ không muốn ra đi. ",Đài Á Châu Tự Do -B42,bbc.com
"TƯ BẢN ĐỎ LÀ TÊN GỌI KHÁC CỦA CÁC TẬP ĐOÀN SÂN SAU CỦA CÁC QUAN CHỨC CỘNG SẢN CÙNG GIA TỘC, ĐƯỢC BẢO HỘ BỞI CHÍNH QUYỀN VÀ ĐƯỢC HƯỞNG MỌI ĐẶC ÂN, ĐẶC QUYỀN CỦA NHÀ NƯỚC NHƯ CÁC CHÍNH SÁCH VỀ THUẾ, ĐẤT ĐAI…","Bạn có thể lên internet để tìm hiểu về các tập đoàn là sân sau của các quan chức cộng sản Việt Nam và gia tộc như Nguyễn Tấn Dũng, Nguyễn Xuân Phúc, Trương Tấn Sang... tất cả đều có những móc nối với nhau tạo nên cái mà chúng ta vẫn gọi nó là ""các nhóm lợi ích"". Khái niệm diệt tham nhũng dưới chế độ cộng sản, thực chất chính là việc thanh trừng các ""nhóm lợi ích"" có sự mâu thuẫn và đấu đá lẫn nhau , nhóm lợi ích này chết đi thì sẽ có nhóm lợi ích khác lên thay, thi nhau tham nhũng và bóc lột nhân dân. Đơn cử, trước đại hội XII của Đảng, hai nhóm lợi ích lớn nhất trong nội bộ Đảng là của Thủ Tướng Nguyễn Tấn Dũng và Cụ Tổng, cuối cùng, Cụ Tổng dưới sự ủng hộ của ""Thiên Triều"" đã đánh bật được phe nhóm của Nguyễn Tấn Dũng, sau đó lại tiến hành cái gọi là ""đốt lò"", một mặt là để diệt sạch tàn dư của Nguyễn Tấn dũng như Đinh La Thăng, Trịnh Xuân Thanh..., mặt khác cũng lừa được nhân dân rằng Đảng trong sạch, hơn thế nữa còn tăng uy tín của bản thân Cụ Tổng. Một mũi tên trúng 3 đích, nhưng nhân dân vẫn không nhận được bất cứ lợi ích nào, vẫn là bị áp bức, bóc lột như xưa, và trở nên bần cùng hoá với vô số thứ thuế vô lý, chi phí cuộc sống cũng tăng lên hàng ngày. Cửu Bình phân tích như sau: Ngày nay, trong số con cái và họ hàng thân quyến của những người lãnh đạo ĐCSTQ, nhiều người là những nhà tư bản mới giàu có, và nhiều đảng viên đang gắng hết sức để tham gia vào nhóm những người mới giàu lên này. ĐCSTQ đã tiêu diệt các địa chủ và các nhà tư bản dưới danh nghĩa cách mạng và cướp đoạt tài sản của họ. Giờ đây, “hoàng tộc” mới của ĐCSTQ thậm chí còn trở thành những nhà tư bản giàu có hơn nhờ biển thủ và tham nhũng. Những người đã theo Đảng từ đầu cuộc cách mạng bây giờ thở dài “Nếu tôi biết tình trạng hiện nay thì tôi đã không đi theo nó”. Sau nhiều thập kỷ đấu tranh đẫm máu và mồ hôi, nay họ mới biết rằng mình đơn giản là đã hiến dâng tài sản của ông cha và cả cuộc đời mình cho tà giáo ĐCSTQ. ĐCSTQ nói về cơ sở hạ tầng kinh tế quyết định thượng tầng kiến trúc, trên thực tế, đó là cơ sở hạ tầng kinh tế quan liêu của các quan chức tham nhũng hủ bại của ĐCSTQ quyết định “thượng tầng kiến trúc cao áp” – một thượng tầng kiến trúc dựa trên các áp lực cao để tồn tại. Áp bức nhân dân vì thế đã trở thành chính sách căn bản của ĐCSTQ. Một đặc tính lưu manh nữa của ĐCSTQ được thể hiện trong việc thay đổi định nghĩa của các khái niệm về văn hóa, và sau đó dùng chính các định nghĩa đã bị thay đổi này để phê phán và kiểm soát nhân dân. Khái niệm “đảng” là một ví dụ như vậy. Từ lúc khởi thủy, nhiều đảng đã được thành lập ở cả trong và ngoài nước. Chỉ có Đảng Cộng sản là thực thi quyền hành vượt quá phạm vi của tập thể đảng. Nếu bạn vào Đảng, nó sẽ kiểm soát tất cả mọi khía cạnh của cuộc sống của bạn, bao gồm cả lương tâm, sinh kế, và cuộc sống riêng tư của bạn. Trong khi cầm quyền, ĐCSTQ kiểm soát tất cả xã hội, chính quyền và bộ máy nhà nước ở tất cả các cấp. Nó độc tài quyết định tất cả các vấn đề từ việc quan trọng như ai sẽ là Chủ tịch nước hay Bộ trưởng Quốc phòng, hay đưa ra những qui định và luật lệ gì, cho đến tận cả những việc nhỏ như một người nên sống ở đâu, được phép kết hôn với ai, và chỉ được phép đẻ mấy con. ĐCSTQ đã thâu tóm tất cả các biện pháp kiểm soát có thể tưởng tượng được.",nan,bbc.com
TRUNG QUỐC VS VIỆT NAM - 30 ĐIỀU GIỐNG NHAU,"Sau đây là những điều cả hai nước đều có chung với nhau. 1. Cả hai đều theo lý tưởng CNXH dù chẳng biết nó là gì, cũng không biết chừng nào đạt được. 2. Mô hình chính trị đảng cử dân bầu. Tất cả quyết định đều nằm trong tay Bộ Chính Trị. 3. Cờ hai nước đều là màu đỏ sao vàng. 4. Công An Trị - Công An là lực lượng giám sát người dân. 5. Hộ Khẩu - Dân bị khóa chân bởi Hộ Khẩu, không thể tự do đi lại. 6. Tầng lớp siêu giàu được hình thành bởi tư bản đỏ. 7. Thờ lãnh tụ là một nét văn hóa chính trị. 8. Khổng Giáo ảnh hưởng tư duy và tưởng của hai dân tộc hàng ngìn năm nay. 9. Dân của hai nước đều bị ngu vì bị tẩy não quá lâu. 10. Chính quyền hiện tại được thành lập sau khi lật đổ chính quyền quốc gia chính nghĩa. 11. Dân Trung Quốc và Việt Nam đi tỵ nạn khắp nơi trên thế giới. Nên ở đâu cũng thấy. 12. Hai nước đều kiểm duyệt thông tin trên internet. Luật An Ninh Mạng là hai như một. 13. Đa số người giàu đến từ đầu cơ bất động sản, đó là cách kiếm tiền dễ và nhanh nhất. 14. Dù nước nghèo nhưng rất chảnh, người nước ngoài phải xin visa mới được nhập cảnh. 15. Cả hai dân tộc xấu xí đều bị thế giới ghét và coi thường. 16. Người dân thì muốn xuất ngoại để trốn chạy bằng cách đi du học, visa đầu tư hay buôn lậu. 17. Môi trường của hai nước đều bị ô nhiễm trầm trọng. 18. Truyền hình hai nước tràn ngập các gameshow yêu đương, hẹn hò nhảm nhí. 19. Học sinh sinh viên hai nước học rất giỏi nhưng bị tẩy não nên vừa giỏi vừa ngu. 20. Hai nước là hãng xưởng gia công của thế giới. 21. Trung Quốc dùng Hán Ngữ, Việt Nam cũng dùng Hán Việt. 22. Chị em phụ nữ nghiện truyện và phim ngôn tình. Sách về tình yêu bán rất chạy. 23. Người Trung Quốc và Việt Nam đều ăn cơm là chính, dụng cụ là đũa và chén. 24. Chính phủ hai nước đều nuôi lực lượng Dư Luận Viên để định hướng dư luận. 25. Quan chức hai nước đều cho con cháu qua bên nước tư bản sống. 26. Khách du lịch Trung Quốc và Việt Nam nổi tiếng là ồn ào, lộn xộn và bất lịch sự. 27. Cờ bạc và điều không thể thiếu trong đời sống hàng ngày. 28. Cha mẹ đều ép con mình phải học nhiều, vì đó là cách thoát nghèo nhanh nhất. 29. Cả hai đều gian dối và lưu manh. 30. Gái Trung Quốc và Bắc Kỳ đều xinh bà cố. Ku Búa đều yêu cả hai. Các bạn thấy chưa. Cứ chửi Trung Quốc mà lại có quá nhiều điểm tương đồng. Từ mô hình chính trị cho tới tư duy con người. Cho nên đừng quá bất ngờ khi lãnh đạo cho rằng Trung Quốc và Việt Nam là hai anh em. Khác ở chỗ là Trung Quốc là thằng anh, còn Việt Nam là thằng em ăn bám theo thằng anh để được bảo kê. Trung Quốc và Việt Nam, tuy hai mà một, tuy một mà hai.",Cafe Ku Búa,bbc.com
Việt Nam đang bước vào khủng hoảng tài chính,"Việt Nam đang bước vào khủng hoảng tài chính Dự trữ ngoại hối cạn kiệt. Dữ liệu dự trữ ngoại hối lần cuối cập nhật là vào tháng 6. Có lẽ vì thiếu ngoại hối nên không thể nhập xăng dẫn đến tình trạng thiếu xăng dầu trên diện rộng. Việc Hoa Kỳ tăng lãi suất khiến dòng tiền trên thế giới đổ về Hoa Kỳ, làm tăng giá đồng đô la. Tại Việt Nam dòng tiền dịch chuyển từ thị trường chứng khoán sang tiền mặt và âm thầm chuyển khỏi Việt Nam dưới dạng ngoại tệ. Chính quyền thực hiện chính sách tiền tệ neo giữ giá trị tiền Đồng trong biên độ với đồng đô la. Để giữ giá trị tiền đồng trong khi đồng đô la Mỹ lên giá, Ngân hàng Nhà nước (NHNN) buộc phải can thiệp bằng cách bán ra đồng đô la. Chính sách này khiến dự trữ ngoại tệ nhanh chóng bốc hơi. Còn nếu NHNN không bán ngoại tệ ra sẽ dẫn đến tình trạng áp lực phá giá tiền đồng và lạm phát tăng vọt ngay lập tức tạo ra bất ổn vĩ mô. Bằng cách bán ra đồng đô la Mỹ để giữ giá tiền đồng, NHNN đang mua thời gian để tránh một cuộc khủng hoảng sớm. Nhưng giờ đây NHNN đối mặt với một cuộc khủng hoảng khác đó là thiếu dự trữ ngoại hối. Vì thiếu ngoại hối và đứng trước áp lực tăng giá của đồng đô la nên cuối cùng NHNN mới mở biên độ lãi suất lên +/-5% so với biên độ +/-3% trước kia và đẩy tỉ giá lên gần 25.000VND ăn 1 đô la. Mức dự trữ thấp nhất của một quốc gia để tránh trường hợp khủng hoảng là từ 3 đến 6 tháng nhập khẩu. Vào tháng 2 năm nay, mức dự trữ ngoại hối là 4,2 tháng. Tuy vậy cùng với việc bán ra đồng đô la để ghìm giữ tỉ giá, lượng dự trữ nhanh chóng bốc hơi. Vào tháng 5 vừa rồi, mức dự trữ ngoại hối chỉ còn tương đương 3,2 tháng nhập khẩu, và vào tháng 6 giảm xuống chỉ còn 3,1 tháng nhập khẩu. Từ tháng 6 đến nay, NHNN không còn công bố lượng dự trữ ngoại hối, vào theo ước tính nó đã xuống dưới mức 3 tháng nhập khẩu và một cách không chính thức Việt Nam đang bước vào một cuộc khủng hoảng. Việc không công bố lượng dự trữ ngoại tệ cạn kiệt nhằm tránh sự hoảng loạn của các tác nhân kinh tế — bởi vì khi mọi người biết rằng ngoại tệ không còn nữa và NHNN không còn cách nào khác là phải tiếp tục phá giá tiền đồng thì họ sẽ đổ xô đi mua và tích trữ đô la nhiều hơn để bảo vệ tài sản của mình. Với lượng dự trữ ngoại tệ cạn kiệt, đang trong trạng thái khủng hoảng, NHNN còn phải đối phó với các khoản nợ ngắn hạn, tức nợ phải trả trong vòng một năm. Mức nợ ngắn hạn năm nay nằm trong khoảng 30% lượng dự trữ. Trừ khi các khoản nợ được thương thảo để lùi thời điểm trả nợ, việc phải hoàn tất khoản nợ trong thời điểm hiện nay là bất khả đối với chính quyền Việt Nam. Đối phó với làn sóng ngoại tệ chạy khỏi Việt Nam, NHNN cho tăng lãi suất. Nhưng khi lãi suất tăng quá cao nó sẽ bóp chết các doanh nghiệp. Hệ thống tài chính còn phải đối diện với một vấn đề nguy hiểm nữa đó là mức thanh khoản đã không còn. Nhưng NHNN không dám nhanh chóng bơm thanh khoản vào hệ thống vì nó sẽ gây áp lực phá giá tiền đồng thêm nữa.",Nguyễn Huy Vũ,bbc.com
Mao Trạch Đông chỉ đạo đánh chiếm Hoàng Sa năm 1974,"(GDVN) - Thực chất bài báo này của Tân Hoa Xã là một sự thừa nhận công khai, Mao Trạch Đông chỉ đạo quân Trung Quốc đánh chiếm quần đảo Hoàng Sa của Việt Nam năm 1974. Ngày 6/8 vừa qua, Tân Hoa Xã dẫn nguồn tin tờ Nhật báo Tế Nam giật tít: “Quyết định đánh trận cuối cùng trong đời Mao Trạch Đông: Đồng ý đánh Hoàng Sa” nói thẳng, việc đánh chiếm quần đảo Hoàng Sa của Việt Nam năm 1974 là quyết định “đánh trận cuối cùng” của Mao Trạch Đông và là quyết định “đánh trận đầu tiên” của Đặng Tiểu Bình khi được phục chức. Tân Hoa Xã: Mao Trạch Đông chỉ đạo đánh chiếm Hoàng Sa năm 1974 ảnh 1 Ảnh chụp màn hình bài báo ""Quyết định đánh trận cuối cùng trong đời Mao Trạch Đông: Đồng ý đánh Hoàng Sa"" Tân Hoa Xã xuất bản ngày 6/8 vừa qua dẫn nguồn Nhật báo Tế Nam. Hình ảnh phía dưới là Đặng Tiểu Bình (bên phải) chỉ huy tác chiến đánh chiếm quần đảo Hoàng Sa của Việt Nam năm 1974 Trong thời điểm Biển Đông liên tục căng thẳng do những động thái leo thang lấn lướt trên thực địa Bắc Kinh đã và đang gây ra, phía Trung Quốc còn tiếp tục đẩy mạnh chiến dịch truyền thông bóp méo sự thật về cái gọi là ""chủ quyền"" của Trung Quốc ở Biển Đông. Thực chất bài báo này của Tân Hoa Xã là một sự thừa nhận công khai, Mao Trạch Đông chỉ đạo quân Trung Quốc đánh chiếm quần đảo Hoàng Sa của Việt Nam năm 1974. Nhằm rộng đường dư luận và cung cấp đến độc giả thông tin về các hoạt động tuyên truyền bóp méo sự thật về Biển Đông của truyền thông nhà nước Trung Quốc, xin trân trọng đăng tải một số nội dung chính trong bài báo này của Tân Hoa Xã. Theo Tân Hoa Xã, năm 1974 Mao Trạch Đông, Chu Ân Lai, Diệp Kiếm Anh, Đặng Tiểu Bình đã nhóm họp bàn mưu đánh chiếm quần đảo Hoàng Sa của Việt Nam mà hiện nay giới truyền thông nhà nước Trung Quốc vẫn đang bóp méo sự thật lịch sử với tên gọi “cuộc chiến phản kích tự vệ trên biển”?! Tân Hoa Xã: Mao Trạch Đông chỉ đạo đánh chiếm Hoàng Sa năm 1974 ảnh 2 Mao Trạch Đông chỉ đạo quân Trung Quốc đánh chiếm quần đảo Hoàng Sa của Việt Nam năm 1974 Lúc này Mao Trạch Đông đã 81 tuổi, ông ta cũng tự thấy sức khỏe yếu hơn trước nhưng theo Tân Hoa Xã, đầu óc vẫn còn tỉnh táo và chính Mao Trạch Đông là người ra quyết định đánh chiếm quần đảo Hoàng Sa. Tân Hoa Xã tuyên truyền, ngày 11/1/1974 Bộ Ngoại giao Trung Quốc đưa ra cảnh cáo (phi lý, phi pháp – PV) đối với chính quyền miền nam Việt Nam là thực thể đang quản lý, thực thi chủ quyền của Việt Nam đối với quần đảo Hoàng Sa và Trường Sa. Theo đó, phía Trung Quốc nhận vơ Hoàng Sa, Trường Sa là của mình. Chính thể miền nam Việt Nam lúc đó đã bác bỏ thẳng thừng những cáo buộc phi lý, vô hiệu của Bắc Kinh. Trước âm mưu của Bắc Kinh xâm chiếm quần đảo Hoàng Sa ngày càng lộ rõ, theo tài liệu tuyên truyền của Tân Hoa Xã, ngày 15/1/1974 chính thể miền nam Việt Nam lúc đó đã phái 3 tàu khu trục và một tàu hộ vệ ra nhóm đảo Lưỡi Liềm (gồm Trăng Khuyết và Nguyệt Thiềm) mà phía Trung Quốc gọi là Vĩnh Lạc thuộc quần đảo Hoàng Sa để tăng cường phòng thủ và dội pháo vào đảo Hữu Nhật (phía Trung Quốc gọi là Cam Tuyền), nơi phía Trung Quốc vừa cắm trộm cờ. Tân Hoa Xã: Mao Trạch Đông chỉ đạo đánh chiếm Hoàng Sa năm 1974 ảnh 3 Tàu chiến Trung Quốc kéo ra đánh chiếm quần đảo Hoàng Sa của Việt Nam năm 1974 (ảnh tư liệu được giới truyền thông Trung Quốc sử dụng tuyên truyền bóp méo sự thật về Biển Đông) Ngày 17/1/1974, các chiến hạm của miền nam Việt Nam đã giành lại quyền kiểm soát đảo Hữu Nhật và Quang Ảnh (phía Trung Quốc gọi là Kim Ngân). Ngay trong đêm 17/1/1974, Chu Ân Lai nhận báo cáo tình hình từ Trường Lý Lực, Cục phó Cục tác chiến Bộ Tổng tham mưu quân Trung Quốc, sau đó cùng với Diệp Kiếm Anh viết báo cáo gửi Mao Trạch Đông đề nghị phái quân ra quần đảo Hoàng Sa. Mao Trạch Đông phê vào bản báo cáo của Chu Ân Lai, Diệp Kiếm Anh: “Đồng ý!”, đồng thời nói thêm, “trận này không thể không đánh”. Mao Trạch Đông giao cho Diệp Kiếm Anh và Đặng Tiểu Bình trực tiếp chỉ huy quân Trung Quốc đánh chiếm quần đảo Hoàng Sa. Thời điểm này Đặng Tiểu Bình mới được phục chức sau 7 năm đi ""cải tạo"" đã lập tức bắt tay vào chỉ huy đánh chiếm Hoàng Sa. 10 giờ 25 phút sáng 19/1 quân Trung Quốc nổ súng đánh chiếm quần đảo Hoàng Sa. 11 giờ 32 phút cùng ngày, quân Trung Quốc tăng viện và bắn chìm chiến hạm hải quân miền nam Việt Nam. Tân Hoa Xã: Mao Trạch Đông chỉ đạo đánh chiếm Hoàng Sa năm 1974 ảnh 4 Tàu chiến Trung Quốc tấn công quần đảo Hoàng Sa của Việt Nam năm 1974 (ảnh tư liệu truyền thông Trung Quốc sử dụng để tuyên truyền bóp méo sự thật lịch sử Biển Đông) Theo tuyên truyền của Tân Hoa Xã, trong trận hải chiến này 4 chiến hạm Trung Quốc bị bắn trúng, 18 lính Trung Quốc bị bắn chết, 67 lính bị thương. Đặng Tiểu Bình được Tân Hoa Xã miêu tả, lúc đó đang “ngồi hút thuốc thơm” tại sở chỉ huy Bắc Kinh, sau khi nghe báo cáo tình hình đã chỉ thị cho đại quân khu Quảng Châu tiếp tục đánh chiếm các đảo Hoàng Sa, Hữu Nhật và Quang Ảnh. Cũng trong bài báo này, Tân Hoa Xã cho biết, sáng sớm ngày 14/3/1988 quân Trung Quốc đã bất ngờ tấn công Đá Gạc Ma trong quần đảo Trường Sa thuộc chủ quyền Việt Nam và chiếm đoạt bãi đá này. Từ năm 1988 đến nay, quân Trung Quốc đặt lực lượng chốt giữ tại đây để phục vụ âm mưu độc chiếm biển Đông thành ao nhà. ",Hồng Thủy,bbc.com
BỞI SỰ THẬT KHÔNG PHẢI NHƯ TRÊN PHIM…,"BỞI SỰ THẬT KHÔNG PHẢI NHƯ TRÊN PHIM… Đoạn stt ngắn của diễn viên Tùng Dương (facebook Nguyễn Đỗ Tùng Dương) đã phần nào giúp người dân nhận thức được lịch sử đất nước đã bị bẻ cong bởi những kẻ tuyên truyền hòng định hướng dư luận. “Hàng năm cứ đến ngày 30/4, mình lại nhớ tới vai diễn quá tàn ác này mà mình đã từng đóng trong sự nghiệp diễn xuất, và cảm thấy day dứt không thể nào nguôi. Chiến tranh là nồi da xáo thịt, là chết chóc, là đau thương, mất mát… Nếu có thể quay ngược lại thời gian, thì mình sẽ không nhận vai diễn này. Nó cứ ám ảnh mình trong suốt cuộc đời…” Rất ít khi xem chương trình của anh, cũng không biết nhiều về anh, nhưng qua đoạn stt này, mình có thể nhận ra anh là một diễn viên chân chính. Cảm ơn Tùng Dương, một người miền Bắc đã nhìn nhận đúng vấn đề. Dưới đây là những hình ảnh trong bộ phim mà Tùng Dương đề cập, một bộ phim tuyên truyền của CS mang tên “Dòng sông phẳng lặng”, nói về sự kiện “Tết Mậu Thân”, trong đó diễn viên Tùng Dương đóng vai “phản diện”, vai sĩ quan Việt Nam Cộng Hoà tên Trần Long.",nan,bbc.com
ĐÃ CÓ QUYẾT ĐỊNH BỔ NHIỆM DÀN LÃNH ĐẠO MỚI CỦA SCB,"ĐÃ CÓ QUYẾT ĐỊNH BỔ NHIỆM DÀN LÃNH ĐẠO MỚI CỦA SCB Đã có quyết định bổ nhiệm dàn lãnh đạo mới của SCB: Giám đốc Vietinbank thành phố HCM Vũ Anh Đức đã thế chân ông Bùi Anh Dũng trở thành Chủ tịch và là đại diện pháp luật của SCB. 5 thành viên mới của Hội đồng quản trị cũng đã được đưa vào, như vậy càng củng cố giả thuyết và tin đồn về những cái chết bất thường trong những ngày qua. Ngân hàng tư nhân lớn nhất Việt Nam hiện đã bị đặt trong tình trạng Kiểm soát đặc biệt. Việc quản lý điều hành đã được sắp đặt mới và coi như sắp hoàn tất. Tuy nhiên cuộc chơi theo luật giang hồ đầy mùi tanh của máu người vẫn đang tiếp diễn khốc liệt. Tiền, tiền và tiền! Dân Sicily ở Ý nói: 3M, nghĩa là ""Mafia Means Money"". Bao nhiêu điều thâm cung bí sử k.inh h.ồn vẫn đang diễn ra, tiếc rằng dân chúng chỉ còn cách ""đồn và dự đoán"". Tin thêm: một phóng viên vừa bị ""phạt"" vì dám đề cập đến SCB trên mạng xã hội và các văn bản dưới đây được tung ra lúc 12h đêm.",Lê Quốc Quân,bbc.com
DÂN OAN LÀ AI?,"Trong những năm vừa qua, ở Việt nam đã xuất hiện một số người dân ở các địa phương tập trung về Hà Nội thực hiện việc khiếu kiện đòi hỏi quyền lợi cho bản thân và gia đình. Đó là việc khiếu kiện của người dân ở cấp cao nhất (mà nhà cầm quyền Việt Nam hay gọi là khiếu kiện vượt cấp): Chính phủ, Quốc Hội, Tổng Thanh tra nhà nước, Văn phòng trung ưởng đảng CSVN... Những năm trước, số người khiếu kiện còn ít và cũng chưa có sự quan tâm của dư luận xã hội. Chỉ trong vòng hơn 10 năm trở lại đây, những người khiếu kiện này đã tăng theo cấp số nhân, trở thành một tầng lớp hiện hữu trong xã hội Cộng sản Việt nam với cái tên gọi ngắn gọn và dễ hiểu: DÂN OAN! Dân Oan là những người bị xâm hại quyền lợi chính đáng do các đại diện quyền lực các cấp sử dụng các chính sách và thủ đoạn bất minh dựa trên quyền lực độc tôn và tuyệt đối của đảng cộng sản Việt Nam. Tuyệt đại đa số Dân Oan là những người bị xâm hại quyền lợi về đất đai, nhà cửa. Chỉ có một số nhỏ những người bị xâm hại quyền lợi ngoài lĩnh vực đất đai, nhà cửa như bị trù dập do đấu tranh chống tiêu cực, hoặc bị xâm hại quyền lợi do hành vi lạm quyền của các lực lượng công quyền. Hai chính sách cơ bản để những kẻ cầm quyền sử dụng trục lợi, xâm hại quyền lợi của người dân đó là sở hữu toàn dân về đất đai, và chính sách phát triển kinh tế địa phương thông qua các chính sách quy hoạch mới về đô thị và khu công nghiệp. Sử dụng hai chính sách này, những kẻ có quyền và có tiền đã tiến hành thu hồi đất đai và nhà cửa của người dân với giá cả rất rẻ mạt, nhưng bán lại với giá rất cao để trục lợi. Hàng ngàn, hàng chục ngàn người dân đã trở thành Dân Oan vì hai chính sách này của nhà nước Việt Nam. Những người Dân Oan đã khiếu kiện tại các địa phương, nơi trực tiếp xâm hại quyền lợi của họ. Nhưng, với tư duy độc tài, không quen sự chống đối, cộng với việc bao che cho nhau vì có sự dính líu lợi ích, các chính quyền địa phương đã nhắm mắt làm ngơ, thậm chí còn trù dập, hiếp đáp và đàn áp những con người đau khổ này. Chính vì vậy, những người Dân Oan đã quyết tâm theo đuổi tới cùng việc khiếu kiện, tập trung về thủ đô Hà Nội. Nhiều người trong số Dân Oan, họ không còn gì để mất, vì đã mất tất cả sau sự cưỡng đoạt của các lực lượng công quyền địa phương. Việc những người Dân Oan theo đuổi công lý, đòi hỏi quyền lợi chính đáng của mình trong bối cảnh hiện nay phần nhiều là vô vọng. Bởi vì, nhà cầm quyền Việt nam dựa vào hai chính sách cơ bản về sở hữu toàn dân về đất đai và các chương trình phát triển kinh tế địa phương, cộng thêm sự dính líu lợi ích dẫn tới việc bao che cho nhau không thành tâm giải quyết các oan trái cho người dân. Mặt khác, việc hoàn trả quyền lợi cho người dân cũng không thể thực hiện được vì số lượng quá lớn (đối với từng dự án, và đối với tất cả) cộng với bối cảnh khủng hoảng kinh tế trầm trọng, các dự án bất động sản bị ế đọng và phá sản rất nhiều. Nhưng những người Dân Oan vẫn theo đuổi tới cùng, vì họ đã bị tước đoạt hết không còn điều kiện để tự mưu sinh nữa, họ chỉ còn lại sự oan khuất và khổ đau! Cuộc sống của những người Dân Oan, của tầng lớp Dân Oan hiện nay vô cùng cực khổ. Khi theo đuổi việc khiếu kiện tại Hà Nội, họ không có chỗ ở, không có tiền để sinh sống, con cái không được học hành, cảnh “màn trời chiếu đất” diễn ra rất thường xuyên. Nhưng trong sự cùng khổ đó, những người Dân Oan đã gặp được những người dân tốt bụng,có tấm lòng nhân ái. Và đặc biệt họ gặp được những người yêu nước, họ dám đối mặt với sự gian ác của chế độ độc tài.Những người này đã quan tâm tới họ và có sự cảm thông, giúp đỡ họ trong bước đường đấu tranh đòi quyền lợi chính đáng của mình. Ban đầu, sự quan tâm trợ giúp của những tấm lòng nhân ái và những người yêu nước chỉ xuất phát từ sự thương cảm, các hoạt động thường đơn lẻ và hạn chế. Nhưng càng ngày, những người yêu nước càng tăng cường sự giúp đỡ những người Dân Oan trên nhiều khía cạnh. Họ phổ biến thông tin của các Dân Oan trên các phương tiện thông tin, trên các diễn đàn mạng, thậm chí đưa cả thông tin ra nước ngoài. Song song với việc đó, những người yêu nước đã kêu gọi sự giúp đỡ mọi mặt về kinh tế, chỗ ở và hướng dẫn bà con Dân Oan sắp xếp cuộc sống nơi đô thị. Mối liên hệ giữa những người yêu nước với tầng lớp Dân Oan đi từ tự phát đến tự giác, từ sự giúp đỡ có tính chất cá nhân, đơn lẻ tới các phong trào, tổ chức và liên minh, quỹ….Chúng ta vui mừng vì sự liên đới xã hội trong việc trợ giúp những người Dân Oan, để những người Dân Oan nói lên tiếng nói, nỗi oan khuất của mình, đồng thời chia sẻ bớt những khó khăn, cực nhọc của những người Dân Oan trong công cuộc đấu tranh đòi lại quyền lợi của họ. Trong công cuộc đấu tranh đòi lại quyền lợi chính đáng của mình, cùng với sự trợ giúp hướng dẫn của những người yêu nước Việt nam, những người Dân Oan đã có những thức tỉnh quan trọng trong nhận thức và hành động. Trước hết, họ ý thức được rằng, nguyên nhân gốc rễ và bao trùm cho nỗi oan khuất, cực khổ của họ là do bản chất chế độ cộng sản Việt nam tạo ra, chứ không chỉ do hành vi tham nhũng, sai trái của bộ phận cán bộ, công chức địa phương họ. Họ cũng hiểu ra rằng, không thể đòi lại quyền lợi chính đáng của bản thân trong chế độ cộng sản hiện nay khi những quyền cơ bản của con người nói chung trong xã hội vẫn đang bị trà đạp. Có nhiều người Dân oan đã chuyển cuộc đấu tranh cho quyền lợi của cá nhân họ và gia đình thành cuộc đấu tranh cho tự do và dân chủ. Họ thực sự là những người yêu nước Việt nam, từ khởi điểm xuất phát là Dân Oan. Điển hình trong số đó, chúng ta thấy có chị Bùi Thị Minh Hằng, Dân Oan Trần Thị Hài, Trần Ngọc Anh, Nguyễn Thị Huần, Cấn Thị Thêu, Trịnh Bá Khiêm…Đây là những người Dân oan đã hiểu ra một chân lý đơn giản, và hành động theo chân lý đó: Chỉ có thể hết oan khuất cho người dân Việt nam khi quyền tự do của con người được tôn trọng, khi đất nước có dân chủ và đó là khi chế độ độc tài Việt nam hoàn toàn bị xóa bỏ. Chúng ta cảm ơn những tấm lòng nhân ái trong và ngoài nước, những nhóm dân sự trong xã hội và phong trào yêu nước Việt nam đã quan tâm, ủng hộ và hỗ trợ, giúp đỡ những người Dân Oan trong tranh đấu cho quyền lợi cá nhân của họ và các quyền con người nói chung. Đôi điều chia sẻ về Dân Oan để những ai đang tìm hiểu về Dân Oan, những ai chưa biết về Dân Oan, những ai thờ ơ với Dân Oan, những ai ghét Dân oan. Hãy Hiểu và thương cảm Dân oan! Nếu các bạn đồng tình? xin hãy chia sẻ! để người người, nhà nhà biết thế nào là Dân Oan & hiểu rõ hơn về chế độ độc tài.",nan,bbc.com
Lá thư đã được viết 42 năm rồi cậu bé lớp 3 ngày xưa giờ cũng đã tuổi 50,Lá thư đã được viết 42 năm rồi cậu bé lớp 3 ngày xưa giờ cũng đã tuổi 50 ...cậu viết cho ba khi ba bị bắt đi tù vào tháng 4 đen tối đó ... và được người ta gọi là đi cải tạo... vì ba của cậu bé là một lính của miền nam trước 75 bức thư rất đơn sơ mộc mạc và rất thật của một cậu lớp 3 ... nhưng nó cũng là một phần nhân chứng của lịch sử đầy đau thương của miền nam sau năm 75... ( phú lộc thuộc tỉnh Thừa thiên...Huế ),nan,bbc.com
TỔNG LÃNH SỰ VIỆT NAM Ở NHẬT BỊ BẮT VÌ LIÊN QUAN ĐẾN VỤ “CHUYẾN BAY GIẢI CỨU”,"Liên quan đến cuộc điều tra về các “chuyến bay giải cứu” mới đây, Bộ Công An VN vừa bắt thêm 3 người, trong đó có tổng lãnh sự Việt Nam tại Nhật Bản và một cán bộ sứ quán tại Malaysia. Ngày 4 Tháng Mười, 2022, ông Nguyễn Hồng Hà - nguyên Tổng lãnh sự Việt Nam tại Osaka, Nhật Bản đã bị khởi tố và bắt tạm giam về tội “Nhận hối lộ” theo Điều 354 BLHS. Ông ﻿Nguyễn Hồng Hà là Tổng lãnh sự Việt Nam tại Osaka từ năm 2021. Người thứ nhì bị bắt tạm giam bà Nguyễn Lê Ngọc Anh - nguyên cán bộ Đại sứ quán Việt Nam tại Malaysia - về tội Lợi dụng chức vụ, quyền hạn trong khi thi hành công vụ liên quan đến các “chuyến bay giải cứu”. Người thứ ba bị khởi tố và bắt tạm giam là ông Hoàng Anh Kiếm về tội đưa hối lộ. Đáng chú ý là ngày 27 Tháng Chín, Bộ Công an đã khởi tố, bắt giam ông Nguyễn Quang Linh - trợ lý Phó thủ tướng thường trực Chính phủ Phạm Bình Minh - theo điều 354 BLHS. Ông Linh dính líu đến các khâu chỉ đạo và cấp phép cho các chuyến bay, tức những khâu quan trọng nhất. Không có lệnh của Phạm Bình Minh, chắc gì ông Linh đã dám làm chuyện đó!? Được biết, đã có khoảng 2.000 chuyến bay “giải cứu” được thực hiện trong thời đại dịch với mức thu lên đến “hàng chục tỷ đồng và hàng trăm nghìn đô la”. Tuy nhiên chỉ mới có 22 người bị khởi tố, một số trong đó là nhân viên Văn phòng Chính phủ của Thủ tướng Phạm Minh Chính. Hãy chờ xem chừng nào thì Tô Ân Xô mới hài tội Phạm Minh Chính và Phạm Bình Minh. Chắc còn lâu mới dám",Diễm Quỳnh,bbc.com
HẰNG NĂM CSVN ĂN MỪNG CHIẾN THẮNG TRÊN XÁC ĐỒNG ĐỘI VÀ NGƯỜI DÂN VÔ TỘI,"TẾT MẬU THÂN 1968 TỔNG TẤN CÔNG VÀ NỔI DẬY CỦA VIỆT CỘNG HẰNG NĂM CSVN ĂN MỪNG CHIẾN THẮNG TRÊN XÁC ĐỒNG ĐỘI VÀ NGƯỜI DÂN VÔ TỘI Bài trên báo Tuổi trẻ: Cán binh việt cộng Ngô Công Chiến nói rằng, tiểu đoàn (?) 267 của ông khi kéo vào đánh Tân Sơn Nhất trong trận Mầu thân có 1.200 người. Khi rút ra chỉ còn gần 200 người. Lê Công Chiến chỉ là 1 cán binh nên có lẽ ông ta không phân biệt được tiểu đoàn hay trung đoàn. Nhiều phần đơn vị của ông là trung đoàn (tiểu đoàn vi xi chỉ có khoảng 400 người là tối đa). Chỉ là cán binh thì ông Ngô Công Chiến biết như vậy, nhưng ở cấp chỉ huy như ông Võ Văn Kiệt thì ông biết rõ hơn, như đoạn trích dưới đây: “Trong Chiến dịch Mậu Thân, ông Võ Văn Kiệt đã vào sâu tận nội thành Sài Gòn, chiều mùng Một Tết, ông đã có mặt ở một xóm nhỏ gần đình Bình Đông, Quận Tám. Tiền phương của Sài Gòn cũng nhận được những lệnh liên tiếp tập kích vào đô thị để “giành thắng lợi tối đa”. Những người trực tiếp ở chiến trường như ông đã phải chứng kiến sự hy sinh quá lớn. Ông nói: “Lúc đó tôi đau đến mức nhiều lần bật khóc”. Hơn 11 vạn quân giải phóng đã hy sinh trên toàn chiến trường, còn thương vong của dân chúng thì không thể nào tính được. Phần lớn căn cứ địa Quân Giải phóng ở nông thôn đã trở thành “đất trắng”. Chưa bao giờ quân Giải phóng ở trong tình trạng như vậy, có những sỹ quan chỉ huy cấp sư đoàn cũng chịu không nổi, phải ra đầu hàng chính quyền Sài Gòn. Ngày 9-2-1999, khi nói chuyện với các tướng lĩnh làm Tổng kết Chiến tranh, Tướng Giáp nói: “Có đồng chí chỉ huy gửi điện cho tôi nói rõ tình hình bộ đội tan tác, ẩn nấp trong rừng mặn ngập nước ở phía Đông Nam Sài Gòn, tướng không chỉ huy được quân nữa. Ở Huế, anh Trần Văn Quang gửi tôi một bức điện dài 16 trang, xin rút. Tôi đồng ý và viết điện trả lời. Sáng hôm sau giao ban thấy bức điện vẫn để nguyên trên bàn, tôi hỏi tại sao chưa gửi thì anh Văn Tiến Dũng trả lời: ‘Việc này hệ trọng phải đem ra bàn bạc trong tập thể Quân ủy đã, mình anh quyết định sao được’. May mà lúc đó ở dưới, anh em đã rút. Đồng chí Tư Chu, chỉ huy Biệt Động Sài Gòn, cũng có kể cho tôi nghe thực cảnh bộ đội sau năm 1968. Thiệt hại to lớn quá. Giá đắt quá!”",Huy Đức,bbc.com
CÔNG AN NHẬN HỐI LỘ TỪ NHÓM TỘI PHẠM MA TÚY,"Theo thông tin từ báo Lao Động cho biết hôm 7 Tháng Mười Hai, 2020, liên quan đến vụ việc một số cán bộ Công an phường Phú Thọ Hoà, quận Tân Phú nhận tiền nhóm tội phạm mua bán ma túy, Công an TPHCM đã tạm đình chỉ 25 cán bộ công an, đồng thời khởi tố vụ án một số bị can có liên quan. Nhiều người nói rằng, đây chỉ là một trong nhiều vụ án mới bị phát hiện. Chắc chắn trong quá khứ đã có nhiều trường hợp nhận hối lộ nhưng chưa bị phát giác trong nhiều năm qua. Có thể nói ngành công an Việt Nam là một trong những bộ phận bị “tai tiếng” nhiều nhất về việc nhận hối lộ, tham nhũng. Thời gian qua, có nhiều “đại án” tham nhũng liên quan đến nhiều cán bộ lãnh đạo công an đã bị phát hiện và một số quan chức công an đã bị khởi tố. Thế mà trước đó ông Trung tá Huỳnh Trung Phong, phó Phòng CSGT-Tp HCM huênh hoang tự hào tuyên bố: “100% cán bộ chúng tôi không bao giờ nhận hối lộ”.",Lê Ánh,bbc.com
PHIM TRUYỆN CÓ THỂ HƯ CẤU NHƯNG LỊCH SỬ PHẢI LÀ SỰ THẬT Ở ĐỜI,"Mới đây, trên Kênh Truyền hình Hàn Quốc và dịch vụ xem video trực tuyến Netflix đã tiếp tục công chiếu bộ phim “Ba chị em” (Little Women) đang gây xôn xao trên mạng xã hội. Bộ phim có nhiều lần nhắc đến cuộc chiến Việt Nam với nội dung xuyên tạc lịch sử. Cụ thể, tại tập 5 của bộ phim này, những người Hàn Quốc xâm lược Việt Nam được coi là anh hùng trong chiến tranh Việt Nam và phải được biết ơn; chưa hết, lời thoại trong phim còn trơ tráo cho rằng “lính Hàn Quốc đã giúp người dân Việt Nam chống lại sự độc tài, họ đã hy sinh anh dũng cho công cuộc canh tân đất nước, vì tự do của người Việt Nam, người Việt Nam cần cảm ơn, cúi đầu trước người Hàn Quốc”. Điều đáng nói hơn, bộ phim này thu hút được sự đón nhận khá lớn của người hâm mộ Việt Nam và dường như một bộ phận không nhỏ những “fan phim chân chính” đã bỏ qua những chi tiết xuyên tạc lịch sử này, liên tục ca ngợi bộ phim có nội dung hay, diễn viên đẹp mà quên đi lịch sử dân tộc. Các bạn có quyền yêu phim, nhưng việc xem phim cũng cần có chọn lọc và tuyệt đối không được phép lãng quên lịch sử dân tộc, quên đi bao xương máu của cha ông ta đã cống hiến để giành lấy độc lập, quên đi những vụ thảm sát đẫm máu cướp đi tính mạng của hàng nghìn người dân Việt Nam do quân lính Hàn Quốc đã gây ra tại Thái Bình, Diên Niên- Phước Bình, Bình Hòa, Bình An,… Không chỉ riêng những người Việt Nam yêu phim mà chính nhà làm phim “Ba chị em”, người dân Hàn Quốc và bạn bè quốc tế cũng cần phải nhìn nhận rõ ràng rằng: người dân, quân đội Hàn Quốc hoàn toàn có quyền tự hào về sự anh dũng, tài giỏi của cha ông họ, nhưng không đồng nghĩa với việc hình tượng hóa hình ảnh những vị tướng ấy bằng cách xuyên tạc lịch sử của quốc gia khác, xúc phạm dân tộc, lịch sử của đất nước khác. Tội ác mà lính Hàn Quốc gây ra trong chiến tranh Việt Nam là thật, đau đớn mà người dân Việt Nam phải gánh chịu cũng là thật. Bộ phim này đã làm cho không ít người, nhất là người dân Hàn Quốc hiểu sai về lịch sử, về tính chất cuộc chiến tranh Việt Nam mà Hàn Quốc tham chiến, gây ảnh hưởng nghiêm trọng đến hình ảnh người dân Việt Nam và mối quan hệ Việt – Hàn đang ngày càng tốt đẹp. Hơn hết, là những người dân thông minh và yêu nước, bộ phim “Ba chị em” cần phải được ngừng cung cấp dịch vụ đến người sử dụng tại Việt Nam, không thể để những cái sai ngang nhiên tồn tại trước mắt người dân, lâu dần sẽ dẫn đến những nhận thức sai lầm về lịch sử. Phim truyện có thể là hư cấu, nhưng lịch sử phải là sự thật, nhân dân Việt Nam, Quân đội Việt Nam không chấp nhận việc lịch sử dân tộc bị xuyên tạc, hình ảnh con người Việt Nam bị bôi nhọ chỉ vì mục đích làm nền cho việc đề cao dân tộc Hàn Quốc, tướng lĩnh Hàn Quốc.",nan,bbc.com
Trương Mỹ Lan - Chủ Tịch tập đoàn Vạn Thịnh Phát bị bắt,"Tiếp theo 2 cái ch..ết bất thường trong 4 ngày liên quan đến vụ Vạn Thịnh Phát là cô Nguyễn Phương Hồng và ông Nguyễn Tiến Thành, nay đến lượt tin rằng ông Diệp Bảo Châu, phó tổng giám đốc Ngân hàng SCB và ông Lưu Quốc Thắng, trưởng ban kiểm soát cũng đã qua đời tại nhà riêng? Chúng ta đều biết rằng bà Trương Mỹ Lan và nhóm Vạn Thịnh Phát là cổ đông lớn của Ngân hàng Thương Mại cổ phần Sài Gòn (SCB). Cùng thời điểm, Ban tuyên giáo đã chỉ đạo tất cả các báo chí như sau: “Liên quan đến ngân hàng SCB, đề nghị báo chí chấp hành nghiêm chỉ đạo, định hướng thông tin. Người đứng đầu cơ quan phải duyệt và chịu trách nhiệm về nội dung này. Đặc biệt cần lưu ý liều lượng, tần suất thông tin. Tuyệt đối không thông tin phỏng đoán, dự báo, bình luận gây hoang mang, lo lắng”.",nan,bbc.com
"Tính ra từ ngày đại diện VTC tuyên bố mạng Việt Nam sẽ ”lật đổ Facebook trong 6 tháng”, đến nay đã hơn 12 năm rồi.","Chẳng ai còn nhớ Go . vn là gì, đặc biệt là không biết vị quan chức nào ở Bộ Thông tin và Truyền thông phải chịu trách nhiệm về sự sụp đổ này? === Ông Nguyễn Mạnh Hùng, Bộ trưởng Bộ Thông tin và Truyền thông, đã nhiều lần cam đoan là mạng Lotus sẽ phát triển. Trong phiên chất vấn ngày 6 Tháng Mười Một, 2020, ông Nguyễn Mạnh Hùng còn lớn giọng tuyên bố rằng Lotus đã có sự phát triển đột phá: ""Năm 2018, mạng xã hội Việt Nam mới có 47 triệu tài khoản, tức là chỉ bằng khoảng 50% so với các mạng lớn của nước ngoài là Facebook và YouTube, thì nay đã đạt 96 triệu tài khoản, tức là tương đương với 2 mạng xã hội trên. Chúng ta đã từng bước cân bằng với các mạng xã hội nước ngoài."" Ông Nguyễn Mạnh Hùng còn khẳng định: ""Việt Nam là một trong số không nhiều nước trên thế giới có mạng xã hội nội địa tương đương với mạng xã hội nước ngoài"". Tuy nhiên, thực tế đến nay mạng này vẫn khá im hơi lặng tiếng. Lotus chẳng còn lại gì ngoài lời hứa suông từ ông Bộ trưởng.",nan,bbc.com
